date,open,high,low,close,source
1967-01-05,,,,92.48,011.idv.tw (close only)
1967-01-06,,,,92.48,011.idv.tw (close only)
1967-01-07,,,,92.68,011.idv.tw (close only)
1967-01-09,,,,92.82,011.idv.tw (close only)
1967-01-10,,,,92.83,011.idv.tw (close only)
1967-01-11,,,,93.17,011.idv.tw (close only)
1967-01-12,,,,92.70,011.idv.tw (close only)
1967-01-13,,,,93.46,011.idv.tw (close only)
1967-01-14,,,,94.13,011.idv.tw (close only)
1967-01-16,,,,95.37,011.idv.tw (close only)
1967-01-17,,,,94.60,011.idv.tw (close only)
1967-01-18,,,,94.94,011.idv.tw (close only)
1967-01-19,,,,94.83,011.idv.tw (close only)
1967-01-20,,,,94.17,011.idv.tw (close only)
1967-01-21,,,,93.80,011.idv.tw (close only)
1967-01-23,,,,93.85,011.idv.tw (close only)
1967-01-24,,,,94.83,011.idv.tw (close only)
1967-01-25,,,,94.24,011.idv.tw (close only)
1967-01-26,,,,93.49,011.idv.tw (close only)
1967-01-27,,,,94.05,011.idv.tw (close only)
1967-01-28,,,,94.18,011.idv.tw (close only)
1967-01-30,,,,93.38,011.idv.tw (close only)
1967-01-31,,,,94.14,011.idv.tw (close only)
1967-02-01,,,,93.65,011.idv.tw (close only)
1967-02-02,,,,94.19,011.idv.tw (close only)
1967-02-03,,,,93.80,011.idv.tw (close only)
1967-02-04,,,,94.08,011.idv.tw (close only)
1967-02-06,,,,94.39,011.idv.tw (close only)
1967-02-07,,,,95.17,011.idv.tw (close only)
1967-02-13,,,,95.25,011.idv.tw (close only)
1967-02-14,,,,95.70,011.idv.tw (close only)
1967-02-15,,,,96.18,011.idv.tw (close only)
1967-02-16,,,,96.08,011.idv.tw (close only)
1967-02-17,,,,96.36,011.idv.tw (close only)
1967-02-18,,,,96.36,011.idv.tw (close only)
1967-02-20,,,,95.59,011.idv.tw (close only)
1967-02-21,,,,96.15,011.idv.tw (close only)
1967-02-22,,,,94.47,011.idv.tw (close only)
1967-02-23,,,,94.19,011.idv.tw (close only)
1967-02-24,,,,94.47,011.idv.tw (close only)
1967-02-25,,,,93.63,011.idv.tw (close only)
1967-02-27,,,,95.10,011.idv.tw (close only)
1967-02-28,,,,95.20,011.idv.tw (close only)
1967-03-01,,,,95.90,011.idv.tw (close only)
1967-03-02,,,,97.27,011.idv.tw (close only)
1967-03-03,,,,96.87,011.idv.tw (close only)
1967-03-04,,,,96.46,011.idv.tw (close only)
1967-03-06,,,,95.70,011.idv.tw (close only)
1967-03-07,,,,94.98,011.idv.tw (close only)
1967-03-08,,,,94.40,011.idv.tw (close only)
1967-03-09,,,,93.09,011.idv.tw (close only)
1967-03-10,,,,93.08,011.idv.tw (close only)
1967-03-11,,,,92.95,011.idv.tw (close only)
1967-03-13,,,,92.98,011.idv.tw (close only)
1967-03-14,,,,92.50,011.idv.tw (close only)
1967-03-15,,,,92.93,011.idv.tw (close only)
1967-03-16,,,,92.53,011.idv.tw (close only)
1967-03-17,,,,92.94,011.idv.tw (close only)
1967-03-18,,,,93.60,011.idv.tw (close only)
1967-03-20,,,,93.98,011.idv.tw (close only)
1967-03-21,,,,93.95,011.idv.tw (close only)
1967-03-22,,,,93.55,011.idv.tw (close only)
1967-03-23,,,,94.93,011.idv.tw (close only)
1967-03-24,,,,94.76,011.idv.tw (close only)
1967-03-25,,,,94.62,011.idv.tw (close only)
1967-03-27,,,,94.93,011.idv.tw (close only)
1967-03-28,,,,95.26,011.idv.tw (close only)
1967-03-30,,,,96.75,011.idv.tw (close only)
1967-03-31,,,,96.69,011.idv.tw (close only)
1967-04-01,,,,97.13,011.idv.tw (close only)
1967-04-03,,,,97.46,011.idv.tw (close only)
1967-04-04,,,,98.76,011.idv.tw (close only)
1967-04-05,,,,100.15,011.idv.tw (close only)
1967-04-06,,,,99.37,011.idv.tw (close only)
1967-04-07,,,,99.59,011.idv.tw (close only)
1967-04-08,,,,99.50,011.idv.tw (close only)
1967-04-10,,,,100.51,011.idv.tw (close only)
1967-04-11,,,,101.95,011.idv.tw (close only)
1967-04-12,,,,101.89,011.idv.tw (close only)
1967-04-13,,,,102.39,011.idv.tw (close only)
1967-04-14,,,,102.57,011.idv.tw (close only)
1967-04-15,,,,103.87,011.idv.tw (close only)
1967-04-17,,,,104.29,011.idv.tw (close only)
1967-04-18,,,,104.03,011.idv.tw (close only)
1967-04-19,,,,102.75,011.idv.tw (close only)
1967-04-20,,,,101.67,011.idv.tw (close only)
1967-04-21,,,,101.05,011.idv.tw (close only)
1967-04-22,,,,100.23,011.idv.tw (close only)
1967-04-24,,,,101.10,011.idv.tw (close only)
1967-04-25,,,,100.88,011.idv.tw (close only)
1967-04-26,,,,101.36,011.idv.tw (close only)
1967-04-27,,,,101.12,011.idv.tw (close only)
1967-04-28,,,,100.96,011.idv.tw (close only)
1967-04-29,,,,101.16,011.idv.tw (close only)
1967-05-01,,,,100.33,011.idv.tw (close only)
1967-05-02,,,,99.98,011.idv.tw (close only)
1967-05-03,,,,99.85,011.idv.tw (close only)
1967-05-04,,,,99.95,011.idv.tw (close only)
1967-05-05,,,,101.51,011.idv.tw (close only)
1967-05-06,,,,100.97,011.idv.tw (close only)
1967-05-08,,,,100.67,011.idv.tw (close only)
1967-05-09,,,,100.57,011.idv.tw (close only)
1967-05-10,,,,101.50,011.idv.tw (close only)
1967-05-11,,,,101.43,011.idv.tw (close only)
1967-05-12,,,,101.70,011.idv.tw (close only)
1967-05-13,,,,101.94,011.idv.tw (close only)
1967-05-15,,,,102.08,011.idv.tw (close only)
1967-05-16,,,,102.01,011.idv.tw (close only)
1967-05-17,,,,101.45,011.idv.tw (close only)
1967-05-18,,,,101.78,011.idv.tw (close only)
1967-05-19,,,,101.34,011.idv.tw (close only)
1967-05-20,,,,101.37,011.idv.tw (close only)
1967-05-22,,,,101.06,011.idv.tw (close only)
1967-05-23,,,,100.57,011.idv.tw (close only)
1967-05-24,,,,99.83,011.idv.tw (close only)
1967-05-25,,,,99.91,011.idv.tw (close only)
1967-05-26,,,,99.87,011.idv.tw (close only)
1967-05-27,,,,99.92,011.idv.tw (close only)
1967-05-29,,,,99.31,011.idv.tw (close only)
1967-05-30,,,,99.02,011.idv.tw (close only)
1967-05-31,,,,99.48,011.idv.tw (close only)
1967-06-01,,,,99.46,011.idv.tw (close only)
1967-06-02,,,,99.31,011.idv.tw (close only)
1967-06-03,,,,99.47,011.idv.tw (close only)
1967-06-05,,,,99.73,011.idv.tw (close only)
1967-06-06,,,,98.96,011.idv.tw (close only)
1967-06-07,,,,93.38,011.idv.tw (close only)
1967-06-08,,,,98.38,011.idv.tw (close only)
1967-06-09,,,,98.89,011.idv.tw (close only)
1967-06-10,,,,99.12,011.idv.tw (close only)
1967-06-12,,,,99.39,011.idv.tw (close only)
1967-06-13,,,,99.53,011.idv.tw (close only)
1967-06-14,,,,99.44,011.idv.tw (close only)
1967-06-15,,,,99.25,011.idv.tw (close only)
1967-06-16,,,,96.34,011.idv.tw (close only)
1967-06-17,,,,99.31,011.idv.tw (close only)
1967-06-19,,,,99.00,011.idv.tw (close only)
1967-06-20,,,,98.48,011.idv.tw (close only)
1967-06-21,,,,99.34,011.idv.tw (close only)
1967-06-22,,,,99.39,011.idv.tw (close only)
1967-06-23,,,,99.27,011.idv.tw (close only)
1967-06-24,,,,99.21,011.idv.tw (close only)
1967-06-26,,,,98.88,011.idv.tw (close only)
1967-06-27,,,,99.07,011.idv.tw (close only)
1967-06-28,,,,99.34,011.idv.tw (close only)
1967-06-29,,,,99.35,011.idv.tw (close only)
1967-06-30,,,,100.06,011.idv.tw (close only)
1967-07-04,,,,100.01,011.idv.tw (close only)
1967-07-05,,,,99.60,011.idv.tw (close only)
1967-07-06,,,,99.31,011.idv.tw (close only)
1967-07-07,,,,98.75,011.idv.tw (close only)
1967-07-08,,,,98.65,011.idv.tw (close only)
1967-07-10,,,,98.58,011.idv.tw (close only)
1967-07-11,,,,98.98,011.idv.tw (close only)
1967-07-12,,,,99.44,011.idv.tw (close only)
1967-07-13,,,,99.48,011.idv.tw (close only)
1967-07-14,,,,99.64,011.idv.tw (close only)
1967-07-15,,,,99.94,011.idv.tw (close only)
1967-07-17,,,,100.63,011.idv.tw (close only)
1967-07-18,,,,101.31,011.idv.tw (close only)
1967-07-19,,,,101.04,011.idv.tw (close only)
1967-07-20,,,,100.89,011.idv.tw (close only)
1967-07-21,,,,100.88,011.idv.tw (close only)
1967-07-22,,,,101.28,011.idv.tw (close only)
1967-07-24,,,,101.35,011.idv.tw (close only)
1967-07-25,,,,101.89,011.idv.tw (close only)
1967-07-26,,,,102.21,011.idv.tw (close only)
1967-07-27,,,,102.13,011.idv.tw (close only)
1967-07-28,,,,101.10,011.idv.tw (close only)
1967-07-29,,,,100.69,011.idv.tw (close only)
1967-07-31,,,,100.88,011.idv.tw (close only)
1967-08-01,,,,100.77,011.idv.tw (close only)
1967-08-02,,,,100.92,011.idv.tw (close only)
1967-08-03,,,,100.81,011.idv.tw (close only)
1967-08-04,,,,100.98,011.idv.tw (close only)
1967-08-05,,,,101.52,011.idv.tw (close only)
1967-08-07,,,,102.21,011.idv.tw (close only)
1967-08-08,,,,101.72,011.idv.tw (close only)
1967-08-09,,,,101.50,011.idv.tw (close only)
1967-08-10,,,,101.92,011.idv.tw (close only)
1967-08-11,,,,101.36,011.idv.tw (close only)
1967-08-12,,,,101.46,011.idv.tw (close only)
1967-08-14,,,,100.97,011.idv.tw (close only)
1967-08-15,,,,100.52,011.idv.tw (close only)
1967-08-16,,,,100.33,011.idv.tw (close only)
1967-08-17,,,,100.62,011.idv.tw (close only)
1967-08-18,,,,100.30,011.idv.tw (close only)
1967-08-19,,,,100.94,011.idv.tw (close only)
1967-08-21,,,,100.44,011.idv.tw (close only)
1967-08-22,,,,100.34,011.idv.tw (close only)
1967-08-23,,,,100.24,011.idv.tw (close only)
1967-08-24,,,,100.07,011.idv.tw (close only)
1967-08-25,,,,99.78,011.idv.tw (close only)
1967-08-26,,,,99.74,011.idv.tw (close only)
1967-08-28,,,,99.69,011.idv.tw (close only)
1967-08-29,,,,99.92,011.idv.tw (close only)
1967-08-30,,,,99.81,011.idv.tw (close only)
1967-08-31,,,,99.72,011.idv.tw (close only)
1967-09-01,,,,99.51,011.idv.tw (close only)
1967-09-02,,,,99.61,011.idv.tw (close only)
1967-09-04,,,,99.53,011.idv.tw (close only)
1967-09-05,,,,99.71,011.idv.tw (close only)
1967-09-06,,,,99.82,011.idv.tw (close only)
1967-09-07,,,,99.73,011.idv.tw (close only)
1967-09-08,,,,99.72,011.idv.tw (close only)
1967-09-09,,,,99.75,011.idv.tw (close only)
1967-09-11,,,,99.89,011.idv.tw (close only)
1967-09-12,,,,99.87,011.idv.tw (close only)
1967-09-13,,,,99.86,011.idv.tw (close only)
1967-09-14,,,,99.92,011.idv.tw (close only)
1967-09-15,,,,100.04,011.idv.tw (close only)
1967-09-16,,,,99.01,011.idv.tw (close only)
1967-09-18,,,,100.16,011.idv.tw (close only)
1967-09-19,,,,100.43,011.idv.tw (close only)
1967-09-20,,,,100.16,011.idv.tw (close only)
1967-09-21,,,,99.89,011.idv.tw (close only)
1967-09-22,,,,99.07,011.idv.tw (close only)
1967-09-23,,,,99.35,011.idv.tw (close only)
1967-09-25,,,,99.20,011.idv.tw (close only)
1967-09-26,,,,98.76,011.idv.tw (close only)
1967-09-27,,,,98.28,011.idv.tw (close only)
1967-09-29,,,,97.94,011.idv.tw (close only)
1967-09-30,,,,98.15,011.idv.tw (close only)
1967-10-02,,,,98.08,011.idv.tw (close only)
1967-10-03,,,,98.16,011.idv.tw (close only)
1967-10-04,,,,98.10,011.idv.tw (close only)
1967-10-05,,,,97.58,011.idv.tw (close only)
1967-10-06,,,,96.73,011.idv.tw (close only)
1967-10-07,,,,97.41,011.idv.tw (close only)
1967-10-09,,,,97.69,011.idv.tw (close only)
1967-10-11,,,,97.71,011.idv.tw (close only)
1967-10-12,,,,98.07,011.idv.tw (close only)
1967-10-13,,,,97.94,011.idv.tw (close only)
1967-10-14,,,,97.07,011.idv.tw (close only)
1967-10-16,,,,97.56,011.idv.tw (close only)
1967-10-17,,,,97.55,011.idv.tw (close only)
1967-10-18,,,,97.32,011.idv.tw (close only)
1967-10-19,,,,97.36,011.idv.tw (close only)
1967-10-20,,,,97.25,011.idv.tw (close only)
1967-10-21,,,,97.21,011.idv.tw (close only)
1967-10-23,,,,97.04,011.idv.tw (close only)
1967-10-24,,,,97.17,011.idv.tw (close only)
1967-10-26,,,,97.78,011.idv.tw (close only)
1967-10-27,,,,97.02,011.idv.tw (close only)
1967-10-28,,,,97.25,011.idv.tw (close only)
1967-10-30,,,,97.12,011.idv.tw (close only)
1967-10-31,,,,97.25,011.idv.tw (close only)
1967-11-01,,,,97.21,011.idv.tw (close only)
1967-11-02,,,,97.34,011.idv.tw (close only)
1967-11-03,,,,97.36,011.idv.tw (close only)
1967-11-04,,,,97.56,011.idv.tw (close only)
1967-11-06,,,,97.80,011.idv.tw (close only)
1967-11-07,,,,98.08,011.idv.tw (close only)
1967-11-08,,,,98.93,011.idv.tw (close only)
1967-11-09,,,,99.86,011.idv.tw (close only)
1967-11-10,,,,101.13,011.idv.tw (close only)
1967-11-11,,,,100.07,011.idv.tw (close only)
1967-11-13,,,,100.04,011.idv.tw (close only)
1967-11-14,,,,100.25,011.idv.tw (close only)
1967-11-15,,,,100.20,011.idv.tw (close only)
1967-11-16,,,,99.96,011.idv.tw (close only)
1967-11-17,,,,100.05,011.idv.tw (close only)
1967-11-18,,,,99.92,011.idv.tw (close only)
1967-11-20,,,,99.89,011.idv.tw (close only)
1967-11-21,,,,99.58,011.idv.tw (close only)
1967-11-22,,,,98.68,011.idv.tw (close only)
1967-11-23,,,,99.97,011.idv.tw (close only)
1967-11-24,,,,100.46,011.idv.tw (close only)
1967-11-25,,,,100.58,011.idv.tw (close only)
1967-11-27,,,,100.56,011.idv.tw (close only)
1967-11-28,,,,100.03,011.idv.tw (close only)
1967-11-29,,,,100.39,011.idv.tw (close only)
1967-11-30,,,,100.38,011.idv.tw (close only)
1967-12-01,,,,100.33,011.idv.tw (close only)
1967-12-02,,,,100.16,011.idv.tw (close only)
1967-12-04,,,,100.72,011.idv.tw (close only)
1967-12-05,,,,100.88,011.idv.tw (close only)
1967-12-06,,,,100.86,011.idv.tw (close only)
1967-12-07,,,,100.63,011.idv.tw (close only)
1967-12-08,,,,100.55,011.idv.tw (close only)
1967-12-09,,,,100.87,011.idv.tw (close only)
1967-12-11,,,,101.03,011.idv.tw (close only)
1967-12-12,,,,101.29,011.idv.tw (close only)
1967-12-13,,,,101.59,011.idv.tw (close only)
1967-12-14,,,,102.31,011.idv.tw (close only)
1967-12-15,,,,102.49,011.idv.tw (close only)
1967-12-16,,,,102.87,011.idv.tw (close only)
1967-12-18,,,,103.66,011.idv.tw (close only)
1967-12-19,,,,103.39,011.idv.tw (close only)
1967-12-21,,,,104.04,011.idv.tw (close only)
1967-12-22,,,,104.39,011.idv.tw (close only)
1967-12-23,,,,105.05,011.idv.tw (close only)
1967-12-26,,,,105.04,011.idv.tw (close only)
1967-12-27,,,,103.99,011.idv.tw (close only)
1967-12-28,,,,105.03,011.idv.tw (close only)
1967-12-29,,,,105.76,011.idv.tw (close only)
1968-01-04,,,,106.39,011.idv.tw (close only)
1968-01-05,,,,107.51,011.idv.tw (close only)
1968-01-06,,,,108.14,011.idv.tw (close only)
1968-01-08,,,,107.33,011.idv.tw (close only)
1968-01-09,,,,106.28,011.idv.tw (close only)
1968-01-10,,,,107.27,011.idv.tw (close only)
1968-01-11,,,,106.93,011.idv.tw (close only)
1968-01-12,,,,108.05,011.idv.tw (close only)
1968-01-13,,,,107.60,011.idv.tw (close only)
1968-01-15,,,,107.48,011.idv.tw (close only)
1968-01-16,,,,107.07,011.idv.tw (close only)
1968-01-17,,,,107.16,011.idv.tw (close only)
1968-01-18,,,,106.95,011.idv.tw (close only)
1968-01-19,,,,107.30,011.idv.tw (close only)
1968-01-20,,,,107.61,011.idv.tw (close only)
1968-01-22,,,,107.87,011.idv.tw (close only)
1968-01-23,,,,108.06,011.idv.tw (close only)
1968-01-24,,,,108.28,011.idv.tw (close only)
1968-01-25,,,,108.20,011.idv.tw (close only)
1968-01-26,,,,108.78,011.idv.tw (close only)
1968-01-27,,,,108.87,011.idv.tw (close only)
1968-02-03,,,,108.65,011.idv.tw (close only)
1968-02-05,,,,108.29,011.idv.tw (close only)
1968-02-06,,,,109.13,011.idv.tw (close only)
1968-02-07,,,,108.86,011.idv.tw (close only)
1968-02-08,,,,108.84,011.idv.tw (close only)
1968-02-09,,,,107.73,011.idv.tw (close only)
1968-02-10,,,,107.71,011.idv.tw (close only)
1968-02-12,,,,107.40,011.idv.tw (close only)
1968-02-13,,,,107.48,011.idv.tw (close only)
1968-02-14,,,,107.78,011.idv.tw (close only)
1968-02-15,,,,107.79,011.idv.tw (close only)
1968-02-16,,,,107.30,011.idv.tw (close only)
1968-02-17,,,,107.94,011.idv.tw (close only)
1968-02-19,,,,106.57,011.idv.tw (close only)
1968-02-20,,,,106.01,011.idv.tw (close only)
1968-02-21,,,,106.31,011.idv.tw (close only)
1968-02-22,,,,106.04,011.idv.tw (close only)
1968-02-23,,,,106.21,011.idv.tw (close only)
1968-02-24,,,,106.35,011.idv.tw (close only)
1968-02-26,,,,105.94,011.idv.tw (close only)
1968-02-27,,,,106.15,011.idv.tw (close only)
1968-02-28,,,,106.29,011.idv.tw (close only)
1968-02-29,,,,106.68,011.idv.tw (close only)
1968-03-01,,,,106.65,011.idv.tw (close only)
1968-03-02,,,,107.27,011.idv.tw (close only)
1968-03-04,,,,105.63,011.idv.tw (close only)
1968-03-05,,,,105.93,011.idv.tw (close only)
1968-03-06,,,,105.61,011.idv.tw (close only)
1968-03-07,,,,106.01,011.idv.tw (close only)
1968-03-08,,,,105.84,011.idv.tw (close only)
1968-03-09,,,,109.91,011.idv.tw (close only)
1968-03-11,,,,106.13,011.idv.tw (close only)
1968-03-12,,,,106.17,011.idv.tw (close only)
1968-03-13,,,,106.59,011.idv.tw (close only)
1968-03-14,,,,107.04,011.idv.tw (close only)
1968-03-15,,,,108.63,011.idv.tw (close only)
1968-03-16,,,,109.31,011.idv.tw (close only)
1968-03-18,,,,111.75,011.idv.tw (close only)
1968-03-19,,,,111.29,011.idv.tw (close only)
1968-03-20,,,,110.34,011.idv.tw (close only)
1968-03-21,,,,110.30,011.idv.tw (close only)
1968-03-22,,,,109.57,011.idv.tw (close only)
1968-03-23,,,,108.18,011.idv.tw (close only)
1968-03-25,,,,108.12,011.idv.tw (close only)
1968-03-26,,,,108.16,011.idv.tw (close only)
1968-03-27,,,,108.36,011.idv.tw (close only)
1968-03-28,,,,109.01,011.idv.tw (close only)
1968-03-30,,,,108.71,011.idv.tw (close only)
1968-04-01,,,,108.04,011.idv.tw (close only)
1968-04-02,,,,105.92,011.idv.tw (close only)
1968-04-03,,,,107.50,011.idv.tw (close only)
1968-04-04,,,,106.52,011.idv.tw (close only)
1968-04-05,,,,107.04,011.idv.tw (close only)
1968-04-06,,,,105.16,011.idv.tw (close only)
1968-04-08,,,,106.68,011.idv.tw (close only)
1968-04-09,,,,107.05,011.idv.tw (close only)
1968-04-10,,,,107.44,011.idv.tw (close only)
1968-04-11,,,,107.05,011.idv.tw (close only)
1968-04-12,,,,106.98,011.idv.tw (close only)
1968-04-13,,,,106.69,011.idv.tw (close only)
1968-04-15,,,,106.84,011.idv.tw (close only)
1968-04-16,,,,106.73,011.idv.tw (close only)
1968-04-17,,,,106.39,011.idv.tw (close only)
1968-04-18,,,,105.70,011.idv.tw (close only)
1968-04-19,,,,105.56,011.idv.tw (close only)
1968-04-22,,,,105.66,011.idv.tw (close only)
1968-04-23,,,,105.41,011.idv.tw (close only)
1968-04-24,,,,104.32,011.idv.tw (close only)
1968-04-25,,,,104.13,011.idv.tw (close only)
1968-04-26,,,,104.30,011.idv.tw (close only)
1968-04-27,,,,103.49,011.idv.tw (close only)
1968-04-29,,,,102.70,011.idv.tw (close only)
1968-04-30,,,,103.38,011.idv.tw (close only)
1968-05-01,,,,102.94,011.idv.tw (close only)
1968-05-02,,,,103.19,011.idv.tw (close only)
1968-05-03,,,,103.80,011.idv.tw (close only)
1968-05-04,,,,103.64,011.idv.tw (close only)
1968-05-06,,,,103.09,011.idv.tw (close only)
1968-05-07,,,,102.90,011.idv.tw (close only)
1968-05-08,,,,102.73,011.idv.tw (close only)
1968-05-09,,,,102.82,011.idv.tw (close only)
1968-05-10,,,,103.33,011.idv.tw (close only)
1968-05-11,,,,104.44,011.idv.tw (close only)
1968-05-13,,,,106.06,011.idv.tw (close only)
1968-05-14,,,,105.50,011.idv.tw (close only)
1968-05-15,,,,106.41,011.idv.tw (close only)
1968-05-16,,,,104.68,011.idv.tw (close only)
1968-05-17,,,,105.64,011.idv.tw (close only)
1968-05-18,,,,105.66,011.idv.tw (close only)
1968-05-20,,,,104.96,011.idv.tw (close only)
1968-05-21,,,,105.00,011.idv.tw (close only)
1968-05-22,,,,104.75,011.idv.tw (close only)
1968-05-23,,,,104.80,011.idv.tw (close only)
1968-05-24,,,,105.59,011.idv.tw (close only)
1968-05-25,,,,105.14,011.idv.tw (close only)
1968-05-27,,,,104.64,011.idv.tw (close only)
1968-05-28,,,,103.90,011.idv.tw (close only)
1968-05-29,,,,104.26,011.idv.tw (close only)
1968-05-30,,,,104.81,011.idv.tw (close only)
1968-05-31,,,,104.76,011.idv.tw (close only)
1968-06-01,,,,105.86,011.idv.tw (close only)
1968-06-03,,,,107.22,011.idv.tw (close only)
1968-06-04,,,,105.76,011.idv.tw (close only)
1968-06-05,,,,105.22,011.idv.tw (close only)
1968-06-06,,,,108.08,011.idv.tw (close only)
1968-06-07,,,,105.55,011.idv.tw (close only)
1968-06-08,,,,105.48,011.idv.tw (close only)
1968-06-10,,,,105.33,011.idv.tw (close only)
1968-06-11,,,,104.81,011.idv.tw (close only)
1968-06-12,,,,104.96,011.idv.tw (close only)
1968-06-13,,,,105.29,011.idv.tw (close only)
1968-06-14,,,,105.51,011.idv.tw (close only)
1968-06-15,,,,105.29,011.idv.tw (close only)
1968-06-17,,,,105.23,011.idv.tw (close only)
1968-06-18,,,,105.14,011.idv.tw (close only)
1968-06-19,,,,105.15,011.idv.tw (close only)
1968-06-20,,,,105.14,011.idv.tw (close only)
1968-06-21,,,,104.63,011.idv.tw (close only)
1968-06-22,,,,104.70,011.idv.tw (close only)
1968-06-24,,,,104.59,011.idv.tw (close only)
1968-06-25,,,,104.71,011.idv.tw (close only)
1968-06-26,,,,104.31,011.idv.tw (close only)
1968-06-27,,,,103.64,011.idv.tw (close only)
1968-06-28,,,,103.89,011.idv.tw (close only)
1968-06-29,,,,104.40,011.idv.tw (close only)
1968-07-03,,,,104.16,011.idv.tw (close only)
1968-07-04,,,,103.80,011.idv.tw (close only)
1968-07-05,,,,104.25,011.idv.tw (close only)
1968-07-06,,,,104.00,011.idv.tw (close only)
1968-07-08,,,,104.14,011.idv.tw (close only)
1968-07-09,,,,104.55,011.idv.tw (close only)
1968-07-10,,,,104.39,011.idv.tw (close only)
1968-07-11,,,,104.50,011.idv.tw (close only)
1968-07-12,,,,103.85,011.idv.tw (close only)
1968-07-13,,,,104.50,011.idv.tw (close only)
1968-07-15,,,,104.50,011.idv.tw (close only)
1968-07-16,,,,104.59,011.idv.tw (close only)
1968-07-17,,,,104.88,011.idv.tw (close only)
1968-07-18,,,,104.62,011.idv.tw (close only)
1968-07-19,,,,104.13,011.idv.tw (close only)
1968-07-20,,,,104.29,011.idv.tw (close only)
1968-07-22,,,,104.20,011.idv.tw (close only)
1968-07-23,,,,104.73,011.idv.tw (close only)
1968-07-24,,,,104.38,011.idv.tw (close only)
1968-07-25,,,,104.00,011.idv.tw (close only)
1968-07-26,,,,104.07,011.idv.tw (close only)
1968-07-27,,,,103.63,011.idv.tw (close only)
1968-07-29,,,,103.11,011.idv.tw (close only)
1968-07-30,,,,103.15,011.idv.tw (close only)
1968-07-31,,,,103.67,011.idv.tw (close only)
1968-08-01,,,,103.61,011.idv.tw (close only)
1968-08-02,,,,103.49,011.idv.tw (close only)
1968-08-03,,,,103.49,011.idv.tw (close only)
1968-08-05,,,,103.17,011.idv.tw (close only)
1968-08-06,,,,102.82,011.idv.tw (close only)
1968-08-07,,,,103.10,011.idv.tw (close only)
1968-08-08,,,,102.77,011.idv.tw (close only)
1968-08-09,,,,102.57,011.idv.tw (close only)
1968-08-10,,,,101.52,011.idv.tw (close only)
1968-08-12,,,,100.56,011.idv.tw (close only)
1968-08-13,,,,100.85,011.idv.tw (close only)
1968-08-14,,,,100.42,011.idv.tw (close only)
1968-08-15,,,,100.96,011.idv.tw (close only)
1968-08-16,,,,101.45,011.idv.tw (close only)
1968-08-17,,,,102.41,011.idv.tw (close only)
1968-08-19,,,,102.03,011.idv.tw (close only)
1968-08-20,,,,102.03,011.idv.tw (close only)
1968-08-21,,,,102.18,011.idv.tw (close only)
1968-08-22,,,,101.88,011.idv.tw (close only)
1968-08-23,,,,101.97,011.idv.tw (close only)
1968-08-24,,,,101.82,011.idv.tw (close only)
1968-08-26,,,,101.52,011.idv.tw (close only)
1968-08-27,,,,101.65,011.idv.tw (close only)
1968-08-28,,,,101.50,011.idv.tw (close only)
1968-08-29,,,,101.61,011.idv.tw (close only)
1968-08-30,,,,101.76,011.idv.tw (close only)
1968-08-31,,,,102.27,011.idv.tw (close only)
1968-09-02,,,,102.27,011.idv.tw (close only)
1968-09-03,,,,103.00,011.idv.tw (close only)
1968-09-04,,,,103.20,011.idv.tw (close only)
1968-09-05,,,,102.23,011.idv.tw (close only)
1968-09-06,,,,101.82,011.idv.tw (close only)
1968-09-07,,,,102.15,011.idv.tw (close only)
1968-09-09,,,,103.30,011.idv.tw (close only)
1968-09-10,,,,103.26,011.idv.tw (close only)
1968-09-11,,,,101.89,011.idv.tw (close only)
1968-09-12,,,,102.00,011.idv.tw (close only)
1968-09-13,,,,102.25,011.idv.tw (close only)
1968-09-14,,,,101.89,011.idv.tw (close only)
1968-09-16,,,,101.57,011.idv.tw (close only)
1968-09-17,,,,100.71,011.idv.tw (close only)
1968-09-18,,,,100.76,011.idv.tw (close only)
1968-09-19,,,,100.87,011.idv.tw (close only)
1968-09-20,,,,100.84,011.idv.tw (close only)
1968-09-21,,,,100.73,011.idv.tw (close only)
1968-09-23,,,,100.36,011.idv.tw (close only)
1968-09-24,,,,100.84,011.idv.tw (close only)
1968-09-25,,,,101.81,011.idv.tw (close only)
1968-09-26,,,,101.72,011.idv.tw (close only)
1968-09-27,,,,102.06,011.idv.tw (close only)
1968-09-30,,,,102.00,011.idv.tw (close only)
1968-10-01,,,,101.60,011.idv.tw (close only)
1968-10-02,,,,100.91,011.idv.tw (close only)
1968-10-03,,,,101.42,011.idv.tw (close only)
1968-10-04,,,,101.28,011.idv.tw (close only)
1968-10-05,,,,101.90,011.idv.tw (close only)
1968-10-07,,,,101.66,011.idv.tw (close only)
1968-10-08,,,,101.45,011.idv.tw (close only)
1968-10-09,,,,101.76,011.idv.tw (close only)
1968-10-11,,,,101.95,011.idv.tw (close only)
1968-10-12,,,,101.72,011.idv.tw (close only)
1968-10-14,,,,101.79,011.idv.tw (close only)
1968-10-15,,,,101.62,011.idv.tw (close only)
1968-10-16,,,,101.66,011.idv.tw (close only)
1968-10-17,,,,101.61,011.idv.tw (close only)
1968-10-18,,,,101.99,011.idv.tw (close only)
1968-10-19,,,,102.02,011.idv.tw (close only)
1968-10-21,,,,101.44,011.idv.tw (close only)
1968-10-22,,,,101.51,011.idv.tw (close only)
1968-10-23,,,,101.24,011.idv.tw (close only)
1968-10-24,,,,101.38,011.idv.tw (close only)
1968-10-26,,,,101.28,011.idv.tw (close only)
1968-10-28,,,,100.95,011.idv.tw (close only)
1968-10-29,,,,100.88,011.idv.tw (close only)
1968-10-30,,,,100.91,011.idv.tw (close only)
1968-10-31,,,,101.33,011.idv.tw (close only)
1968-11-01,,,,101.77,011.idv.tw (close only)
1968-11-02,,,,102.53,011.idv.tw (close only)
1968-11-04,,,,102.99,011.idv.tw (close only)
1968-11-05,,,,103.20,011.idv.tw (close only)
1968-11-06,,,,104.00,011.idv.tw (close only)
1968-11-07,,,,104.65,011.idv.tw (close only)
1968-11-08,,,,105.11,011.idv.tw (close only)
1968-11-09,,,,105.93,011.idv.tw (close only)
1968-11-11,,,,106.42,011.idv.tw (close only)
1968-11-13,,,,105.87,011.idv.tw (close only)
1968-11-14,,,,105.15,011.idv.tw (close only)
1968-11-15,,,,102.76,011.idv.tw (close only)
1968-11-16,,,,105.45,011.idv.tw (close only)
1968-11-18,,,,104.85,011.idv.tw (close only)
1968-11-19,,,,105.12,011.idv.tw (close only)
1968-11-20,,,,105.29,011.idv.tw (close only)
1968-11-21,,,,105.13,011.idv.tw (close only)
1968-11-22,,,,105.11,011.idv.tw (close only)
1968-11-23,,,,105.69,011.idv.tw (close only)
1968-11-25,,,,105.43,011.idv.tw (close only)
1968-11-26,,,,105.84,011.idv.tw (close only)
1968-11-27,,,,105.97,011.idv.tw (close only)
1968-11-28,,,,106.47,011.idv.tw (close only)
1968-11-29,,,,105.97,011.idv.tw (close only)
1968-11-30,,,,106.14,011.idv.tw (close only)
1968-12-02,,,,106.40,011.idv.tw (close only)
1968-12-03,,,,106.55,011.idv.tw (close only)
1968-12-04,,,,106.47,011.idv.tw (close only)
1968-12-05,,,,106.19,011.idv.tw (close only)
1968-12-06,,,,106.48,011.idv.tw (close only)
1968-12-07,,,,106.66,011.idv.tw (close only)
1968-12-09,,,,105.96,011.idv.tw (close only)
1968-12-10,,,,105.75,011.idv.tw (close only)
1968-12-11,,,,105.87,011.idv.tw (close only)
1968-12-12,,,,106.15,011.idv.tw (close only)
1968-12-13,,,,106.12,011.idv.tw (close only)
1968-12-14,,,,106.24,011.idv.tw (close only)
1968-12-16,,,,106.28,011.idv.tw (close only)
1968-12-17,,,,105.81,011.idv.tw (close only)
1968-12-18,,,,105.60,011.idv.tw (close only)
1968-12-19,,,,105.55,011.idv.tw (close only)
1968-12-21,,,,105.72,011.idv.tw (close only)
1968-12-23,,,,105.45,011.idv.tw (close only)
1968-12-24,,,,106.53,011.idv.tw (close only)
1968-12-26,,,,106.45,011.idv.tw (close only)
1968-12-27,,,,106.47,011.idv.tw (close only)
1968-12-28,,,,106.22,011.idv.tw (close only)
1968-12-30,,,,106.63,011.idv.tw (close only)
1969-01-04,,,,106.77,011.idv.tw (close only)
1969-01-06,,,,107.13,011.idv.tw (close only)
1969-01-07,,,,106.31,011.idv.tw (close only)
1969-01-08,,,,106.26,011.idv.tw (close only)
1969-01-09,,,,105.86,011.idv.tw (close only)
1969-01-10,,,,105.71,011.idv.tw (close only)
1969-01-11,,,,106.22,011.idv.tw (close only)
1969-01-13,,,,105.53,011.idv.tw (close only)
1969-01-14,,,,105.62,011.idv.tw (close only)
1969-01-15,,,,105.47,011.idv.tw (close only)
1969-01-16,,,,105.53,011.idv.tw (close only)
1969-01-17,,,,104.82,011.idv.tw (close only)
1969-01-18,,,,104.58,011.idv.tw (close only)
1969-01-20,,,,104.19,011.idv.tw (close only)
1969-01-21,,,,104.76,011.idv.tw (close only)
1969-01-22,,,,104.15,011.idv.tw (close only)
1969-01-23,,,,104.27,011.idv.tw (close only)
1969-01-24,,,,103.67,011.idv.tw (close only)
1969-01-25,,,,108.47,011.idv.tw (close only)
1969-01-27,,,,103.84,011.idv.tw (close only)
1969-01-28,,,,103.95,011.idv.tw (close only)
1969-01-29,,,,103.64,011.idv.tw (close only)
1969-01-30,,,,103.95,011.idv.tw (close only)
1969-01-31,,,,103.75,011.idv.tw (close only)
1969-02-01,,,,104.47,011.idv.tw (close only)
1969-02-03,,,,104.00,011.idv.tw (close only)
1969-02-04,,,,104.23,011.idv.tw (close only)
1969-02-05,,,,104.05,011.idv.tw (close only)
1969-02-06,,,,103.98,011.idv.tw (close only)
1969-02-07,,,,103.55,011.idv.tw (close only)
1969-02-08,,,,103.82,011.idv.tw (close only)
1969-02-10,,,,104.38,011.idv.tw (close only)
1969-02-11,,,,104.29,011.idv.tw (close only)
1969-02-12,,,,104.46,011.idv.tw (close only)
1969-02-13,,,,105.17,011.idv.tw (close only)
1969-02-14,,,,105.60,011.idv.tw (close only)
1969-02-21,,,,105.62,011.idv.tw (close only)
1969-02-22,,,,106.35,011.idv.tw (close only)
1969-02-24,,,,106.25,011.idv.tw (close only)
1969-02-25,,,,106.32,011.idv.tw (close only)
1969-02-26,,,,105.89,011.idv.tw (close only)
1969-02-27,,,,105.95,011.idv.tw (close only)
1969-02-28,,,,105.80,011.idv.tw (close only)
1969-03-01,,,,105.99,011.idv.tw (close only)
1969-03-03,,,,106.07,011.idv.tw (close only)
1969-03-04,,,,105.51,011.idv.tw (close only)
1969-03-05,,,,105.55,011.idv.tw (close only)
1969-03-06,,,,105.37,011.idv.tw (close only)
1969-03-07,,,,104.98,011.idv.tw (close only)
1969-03-08,,,,104.69,011.idv.tw (close only)
1969-03-10,,,,102.91,011.idv.tw (close only)
1969-03-11,,,,101.01,011.idv.tw (close only)
1969-03-12,,,,100.88,011.idv.tw (close only)
1969-03-13,,,,100.46,011.idv.tw (close only)
1969-03-14,,,,100.29,011.idv.tw (close only)
1969-03-15,,,,100.85,011.idv.tw (close only)
1969-03-17,,,,100.30,011.idv.tw (close only)
1969-03-18,,,,100.54,011.idv.tw (close only)
1969-03-19,,,,101.09,011.idv.tw (close only)
1969-03-20,,,,100.00,011.idv.tw (close only)
1969-03-21,,,,99.99,011.idv.tw (close only)
1969-03-22,,,,100.26,011.idv.tw (close only)
1969-03-24,,,,99.72,011.idv.tw (close only)
1969-03-25,,,,99.56,011.idv.tw (close only)
1969-03-26,,,,99.24,011.idv.tw (close only)
1969-03-27,,,,99.34,011.idv.tw (close only)
1969-03-28,,,,99.14,011.idv.tw (close only)
1969-03-31,,,,99.18,011.idv.tw (close only)
1969-04-01,,,,99.54,011.idv.tw (close only)
1969-04-02,,,,99.49,011.idv.tw (close only)
1969-04-03,,,,99.12,011.idv.tw (close only)
1969-04-04,,,,98.97,011.idv.tw (close only)
1969-04-05,,,,99.00,011.idv.tw (close only)
1969-04-07,,,,98.95,011.idv.tw (close only)
1969-04-08,,,,98.47,011.idv.tw (close only)
1969-04-09,,,,98.34,011.idv.tw (close only)
1969-04-10,,,,98.39,011.idv.tw (close only)
1969-04-11,,,,98.98,011.idv.tw (close only)
1969-04-12,,,,98.78,011.idv.tw (close only)
1969-04-14,,,,98.58,011.idv.tw (close only)
1969-04-15,,,,99.05,011.idv.tw (close only)
1969-04-16,,,,99.61,011.idv.tw (close only)
1969-04-17,,,,99.30,011.idv.tw (close only)
1969-04-18,,,,99.38,011.idv.tw (close only)
1969-04-19,,,,98.36,011.idv.tw (close only)
1969-04-21,,,,97.67,011.idv.tw (close only)
1969-04-22,,,,96.77,011.idv.tw (close only)
1969-04-23,,,,96.77,011.idv.tw (close only)
1969-04-24,,,,95.31,011.idv.tw (close only)
1969-04-25,,,,94.77,011.idv.tw (close only)
1969-04-26,,,,95.63,011.idv.tw (close only)
1969-04-28,,,,95.58,011.idv.tw (close only)
1969-04-29,,,,95.73,011.idv.tw (close only)
1969-04-30,,,,95.10,011.idv.tw (close only)
1969-05-01,,,,95.61,011.idv.tw (close only)
1969-05-02,,,,94.96,011.idv.tw (close only)
1969-05-03,,,,95.65,011.idv.tw (close only)
1969-05-05,,,,95.52,011.idv.tw (close only)
1969-05-06,,,,95.17,011.idv.tw (close only)
1969-05-07,,,,95.33,011.idv.tw (close only)
1969-05-08,,,,94.87,011.idv.tw (close only)
1969-05-09,,,,94.97,011.idv.tw (close only)
1969-05-10,,,,95.09,011.idv.tw (close only)
1969-05-12,,,,94.60,011.idv.tw (close only)
1969-05-13,,,,94.60,011.idv.tw (close only)
1969-05-14,,,,94.69,011.idv.tw (close only)
1969-05-15,,,,95.16,011.idv.tw (close only)
1969-05-16,,,,94.93,011.idv.tw (close only)
1969-05-17,,,,95.01,011.idv.tw (close only)
1969-05-19,,,,95.21,011.idv.tw (close only)
1969-05-20,,,,95.45,011.idv.tw (close only)
1969-05-21,,,,95.39,011.idv.tw (close only)
1969-05-22,,,,95.45,011.idv.tw (close only)
1969-05-23,,,,95.36,011.idv.tw (close only)
1969-05-24,,,,95.14,011.idv.tw (close only)
1969-05-26,,,,95.11,011.idv.tw (close only)
1969-05-27,,,,94.97,011.idv.tw (close only)
1969-05-28,,,,95.03,011.idv.tw (close only)
1969-05-29,,,,94.61,011.idv.tw (close only)
1969-05-30,,,,94.47,011.idv.tw (close only)
1969-05-31,,,,94.40,011.idv.tw (close only)
1969-06-02,,,,94.28,011.idv.tw (close only)
1969-06-03,,,,94.16,011.idv.tw (close only)
1969-06-04,,,,93.97,011.idv.tw (close only)
1969-06-05,,,,94.02,011.idv.tw (close only)
1969-06-06,,,,94.11,011.idv.tw (close only)
1969-06-07,,,,94.54,011.idv.tw (close only)
1969-06-09,,,,96.94,011.idv.tw (close only)
1969-06-10,,,,96.79,011.idv.tw (close only)
1969-06-11,,,,96.49,011.idv.tw (close only)
1969-06-12,,,,96.72,011.idv.tw (close only)
1969-06-13,,,,96.20,011.idv.tw (close only)
1969-06-14,,,,96.09,011.idv.tw (close only)
1969-06-16,,,,96.44,011.idv.tw (close only)
1969-06-17,,,,97.26,011.idv.tw (close only)
1969-06-18,,,,97.06,011.idv.tw (close only)
1969-06-19,,,,97.38,011.idv.tw (close only)
1969-06-21,,,,97.77,011.idv.tw (close only)
1969-06-23,,,,98.91,011.idv.tw (close only)
1969-06-24,,,,98.35,011.idv.tw (close only)
1969-06-25,,,,97.69,011.idv.tw (close only)
1969-06-26,,,,98.47,011.idv.tw (close only)
1969-06-27,,,,99.04,011.idv.tw (close only)
1969-06-28,,,,98.97,011.idv.tw (close only)
1969-06-30,,,,99.13,011.idv.tw (close only)
1969-07-03,,,,101.40,011.idv.tw (close only)
1969-07-04,,,,103.48,011.idv.tw (close only)
1969-07-05,,,,103.39,011.idv.tw (close only)
1969-07-07,,,,104.07,011.idv.tw (close only)
1969-07-08,,,,104.22,011.idv.tw (close only)
1969-07-09,,,,105.97,011.idv.tw (close only)
1969-07-10,,,,105.50,011.idv.tw (close only)
1969-07-11,,,,106.42,011.idv.tw (close only)
1969-07-12,,,,106.62,011.idv.tw (close only)
1969-07-14,,,,107.12,011.idv.tw (close only)
1969-07-15,,,,106.20,011.idv.tw (close only)
1969-07-16,,,,106.48,011.idv.tw (close only)
1969-07-17,,,,105.55,011.idv.tw (close only)
1969-07-18,,,,103.91,011.idv.tw (close only)
1969-07-19,,,,104.47,011.idv.tw (close only)
1969-07-21,,,,103.88,011.idv.tw (close only)
1969-07-22,,,,103.80,011.idv.tw (close only)
1969-07-23,,,,104.11,011.idv.tw (close only)
1969-07-24,,,,105.14,011.idv.tw (close only)
1969-07-25,,,,104.93,011.idv.tw (close only)
1969-07-26,,,,105.08,011.idv.tw (close only)
1969-07-28,,,,104.64,011.idv.tw (close only)
1969-07-29,,,,104.14,011.idv.tw (close only)
1969-07-30,,,,104.22,011.idv.tw (close only)
1969-07-31,,,,104.64,011.idv.tw (close only)
1969-08-01,,,,104.11,011.idv.tw (close only)
1969-08-02,,,,104.26,011.idv.tw (close only)
1969-08-04,,,,104.03,011.idv.tw (close only)
1969-08-05,,,,103.78,011.idv.tw (close only)
1969-08-06,,,,103.87,011.idv.tw (close only)
1969-08-07,,,,104.12,011.idv.tw (close only)
1969-08-08,,,,104.98,011.idv.tw (close only)
1969-08-09,,,,105.32,011.idv.tw (close only)
1969-08-11,,,,104.67,011.idv.tw (close only)
1969-08-12,,,,104.71,011.idv.tw (close only)
1969-08-13,,,,104.70,011.idv.tw (close only)
1969-08-14,,,,104.58,011.idv.tw (close only)
1969-08-15,,,,104.78,011.idv.tw (close only)
1969-08-16,,,,104.84,011.idv.tw (close only)
1969-08-18,,,,104.10,011.idv.tw (close only)
1969-08-19,,,,104.05,011.idv.tw (close only)
1969-08-20,,,,104.26,011.idv.tw (close only)
1969-08-21,,,,103.83,011.idv.tw (close only)
1969-08-22,,,,104.38,011.idv.tw (close only)
1969-08-23,,,,104.43,011.idv.tw (close only)
1969-08-25,,,,104.55,011.idv.tw (close only)
1969-08-26,,,,104.15,011.idv.tw (close only)
1969-08-27,,,,103.06,011.idv.tw (close only)
1969-08-28,,,,102.74,011.idv.tw (close only)
1969-08-29,,,,103.42,011.idv.tw (close only)
1969-08-30,,,,103.36,011.idv.tw (close only)
1969-09-01,,,,103.99,011.idv.tw (close only)
1969-09-02,,,,104.69,011.idv.tw (close only)
1969-09-03,,,,102.56,011.idv.tw (close only)
1969-09-04,,,,102.44,011.idv.tw (close only)
1969-09-05,,,,102.57,011.idv.tw (close only)
1969-09-06,,,,102.54,011.idv.tw (close only)
1969-09-08,,,,101.70,011.idv.tw (close only)
1969-09-09,,,,102.07,011.idv.tw (close only)
1969-09-10,,,,102.29,011.idv.tw (close only)
1969-09-11,,,,102.12,011.idv.tw (close only)
1969-09-12,,,,102.47,011.idv.tw (close only)
1969-09-13,,,,102.92,011.idv.tw (close only)
1969-09-15,,,,103.74,011.idv.tw (close only)
1969-09-16,,,,103.12,011.idv.tw (close only)
1969-09-17,,,,102.94,011.idv.tw (close only)
1969-09-18,,,,103.05,011.idv.tw (close only)
1969-09-19,,,,102.95,011.idv.tw (close only)
1969-09-20,,,,103.23,011.idv.tw (close only)
1969-09-22,,,,103.14,011.idv.tw (close only)
1969-09-23,,,,103.07,011.idv.tw (close only)
1969-09-24,,,,103.15,011.idv.tw (close only)
1969-09-25,,,,103.09,011.idv.tw (close only)
1969-09-26,,,,103.18,011.idv.tw (close only)
1969-09-30,,,,103.02,011.idv.tw (close only)
1969-10-01,,,,103.15,011.idv.tw (close only)
1969-10-02,,,,103.01,011.idv.tw (close only)
1969-10-06,,,,102.71,011.idv.tw (close only)
1969-10-07,,,,102.71,011.idv.tw (close only)
1969-10-08,,,,103.46,011.idv.tw (close only)
1969-10-09,,,,103.00,011.idv.tw (close only)
1969-10-11,,,,104.74,011.idv.tw (close only)
1969-10-13,,,,106.69,011.idv.tw (close only)
1969-10-14,,,,107.19,011.idv.tw (close only)
1969-10-15,,,,107.44,011.idv.tw (close only)
1969-10-16,,,,107.44,011.idv.tw (close only)
1969-10-17,,,,108.53,011.idv.tw (close only)
1969-10-18,,,,107.80,011.idv.tw (close only)
1969-10-20,,,,107.40,011.idv.tw (close only)
1969-10-21,,,,107.84,011.idv.tw (close only)
1969-10-22,,,,108.33,011.idv.tw (close only)
1969-10-23,,,,109.08,011.idv.tw (close only)
1969-10-24,,,,110.03,011.idv.tw (close only)
1969-10-27,,,,109.86,011.idv.tw (close only)
1969-10-28,,,,109.81,011.idv.tw (close only)
1969-10-29,,,,110.05,011.idv.tw (close only)
1969-10-30,,,,109.28,011.idv.tw (close only)
1969-10-31,,,,109.28,011.idv.tw (close only)
1969-11-01,,,,109.98,011.idv.tw (close only)
1969-11-03,,,,110.16,011.idv.tw (close only)
1969-11-04,,,,110.12,011.idv.tw (close only)
1969-11-05,,,,111.73,011.idv.tw (close only)
1969-11-06,,,,111.65,011.idv.tw (close only)
1969-11-07,,,,113.87,011.idv.tw (close only)
1969-11-08,,,,114.54,011.idv.tw (close only)
1969-11-10,,,,113.98,011.idv.tw (close only)
1969-11-11,,,,113.88,011.idv.tw (close only)
1969-11-13,,,,113.51,011.idv.tw (close only)
1969-11-14,,,,113.67,011.idv.tw (close only)
1969-11-15,,,,113.69,011.idv.tw (close only)
1969-11-17,,,,113.98,011.idv.tw (close only)
1969-11-18,,,,113.07,011.idv.tw (close only)
1969-11-19,,,,113.24,011.idv.tw (close only)
1969-11-20,,,,113.23,011.idv.tw (close only)
1969-11-21,,,,113.56,011.idv.tw (close only)
1969-11-22,,,,113.41,011.idv.tw (close only)
1969-11-24,,,,113.07,011.idv.tw (close only)
1969-11-25,,,,113.20,011.idv.tw (close only)
1969-11-26,,,,114.42,011.idv.tw (close only)
1969-11-27,,,,112.11,011.idv.tw (close only)
1969-11-28,,,,111.64,011.idv.tw (close only)
1969-11-29,,,,111.56,011.idv.tw (close only)
1969-12-01,,,,110.74,011.idv.tw (close only)
1969-12-02,,,,111.19,011.idv.tw (close only)
1969-12-03,,,,110.86,011.idv.tw (close only)
1969-12-04,,,,110.62,011.idv.tw (close only)
1969-12-05,,,,110.06,011.idv.tw (close only)
1969-12-06,,,,109.12,011.idv.tw (close only)
1969-12-08,,,,108.72,011.idv.tw (close only)
1969-12-09,,,,108.23,011.idv.tw (close only)
1969-12-10,,,,108.12,011.idv.tw (close only)
1969-12-11,,,,108.64,011.idv.tw (close only)
1969-12-12,,,,109.41,011.idv.tw (close only)
1969-12-13,,,,109.27,011.idv.tw (close only)
1969-12-15,,,,108.64,011.idv.tw (close only)
1969-12-16,,,,108.13,011.idv.tw (close only)
1969-12-17,,,,107.51,011.idv.tw (close only)
1969-12-18,,,,107.67,011.idv.tw (close only)
1969-12-19,,,,108.43,011.idv.tw (close only)
1969-12-22,,,,108.64,011.idv.tw (close only)
1969-12-23,,,,109.32,011.idv.tw (close only)
1969-12-24,,,,110.04,011.idv.tw (close only)
1969-12-26,,,,109.10,011.idv.tw (close only)
1969-12-27,,,,109.32,011.idv.tw (close only)
1969-12-29,,,,110.30,011.idv.tw (close only)
1969-12-30,,,,110.30,011.idv.tw (close only)
1970-01-05,,,,110.64,011.idv.tw (close only)
1970-01-06,,,,110.05,011.idv.tw (close only)
1970-01-07,,,,110.86,011.idv.tw (close only)
1970-01-08,,,,110.24,011.idv.tw (close only)
1970-01-09,,,,112.00,011.idv.tw (close only)
1970-01-10,,,,111.70,011.idv.tw (close only)
1970-01-12,,,,111.07,011.idv.tw (close only)
1970-01-13,,,,111.50,011.idv.tw (close only)
1970-01-14,,,,111.61,011.idv.tw (close only)
1970-01-15,,,,111.81,011.idv.tw (close only)
1970-01-16,,,,111.45,011.idv.tw (close only)
1970-01-17,,,,111.67,011.idv.tw (close only)
1970-01-19,,,,112.57,011.idv.tw (close only)
1970-01-20,,,,112.59,011.idv.tw (close only)
1970-01-21,,,,112.43,011.idv.tw (close only)
1970-01-22,,,,113.18,011.idv.tw (close only)
1970-01-23,,,,114.12,011.idv.tw (close only)
1970-01-24,,,,114.06,011.idv.tw (close only)
1970-01-26,,,,114.39,011.idv.tw (close only)
1970-01-27,,,,115.86,011.idv.tw (close only)
1970-01-28,,,,115.00,011.idv.tw (close only)
1970-01-29,,,,114.91,011.idv.tw (close only)
1970-01-30,,,,114.22,011.idv.tw (close only)
1970-01-31,,,,113.98,011.idv.tw (close only)
1970-02-02,,,,116.52,011.idv.tw (close only)
1970-02-03,,,,117.13,011.idv.tw (close only)
1970-02-04,,,,118.37,011.idv.tw (close only)
1970-02-10,,,,119.43,011.idv.tw (close only)
1970-02-11,,,,121.47,011.idv.tw (close only)
1970-02-12,,,,120.38,011.idv.tw (close only)
1970-02-13,,,,120.91,011.idv.tw (close only)
1970-02-14,,,,120.51,011.idv.tw (close only)
1970-02-16,,,,119.71,011.idv.tw (close only)
1970-02-17,,,,119.36,011.idv.tw (close only)
1970-02-18,,,,119.84,011.idv.tw (close only)
1970-02-19,,,,119.85,011.idv.tw (close only)
1970-02-20,,,,119.43,011.idv.tw (close only)
1970-02-21,,,,120.23,011.idv.tw (close only)
1970-02-23,,,,120.63,011.idv.tw (close only)
1970-02-24,,,,120.72,011.idv.tw (close only)
1970-02-25,,,,120.64,011.idv.tw (close only)
1970-02-26,,,,120.66,011.idv.tw (close only)
1970-02-27,,,,121.34,011.idv.tw (close only)
1970-02-28,,,,122.03,011.idv.tw (close only)
1970-03-02,,,,125.41,011.idv.tw (close only)
1970-03-03,,,,125.61,011.idv.tw (close only)
1970-03-04,,,,124.34,011.idv.tw (close only)
1970-03-05,,,,125.03,011.idv.tw (close only)
1970-03-06,,,,125.03,011.idv.tw (close only)
1970-03-07,,,,124.84,011.idv.tw (close only)
1970-03-09,,,,125.35,011.idv.tw (close only)
1970-03-10,,,,127.41,011.idv.tw (close only)
1970-03-11,,,,126.12,011.idv.tw (close only)
1970-03-12,,,,127.56,011.idv.tw (close only)
1970-03-13,,,,128.58,011.idv.tw (close only)
1970-03-14,,,,129.00,011.idv.tw (close only)
1970-03-16,,,,128.37,011.idv.tw (close only)
1970-03-17,,,,126.57,011.idv.tw (close only)
1970-03-18,,,,126.62,011.idv.tw (close only)
1970-03-19,,,,126.96,011.idv.tw (close only)
1970-03-20,,,,127.25,011.idv.tw (close only)
1970-03-21,,,,127.26,011.idv.tw (close only)
1970-03-23,,,,125.90,011.idv.tw (close only)
1970-03-24,,,,125.01,011.idv.tw (close only)
1970-03-25,,,,124.39,011.idv.tw (close only)
1970-03-26,,,,124.55,011.idv.tw (close only)
1970-03-27,,,,124.94,011.idv.tw (close only)
1970-03-28,,,,124.58,011.idv.tw (close only)
1970-03-31,,,,122.89,011.idv.tw (close only)
1970-04-01,,,,123.69,011.idv.tw (close only)
1970-04-02,,,,124.95,011.idv.tw (close only)
1970-04-03,,,,127.04,011.idv.tw (close only)
1970-04-04,,,,127.45,011.idv.tw (close only)
1970-04-06,,,,127.91,011.idv.tw (close only)
1970-04-07,,,,127.26,011.idv.tw (close only)
1970-04-08,,,,127.10,011.idv.tw (close only)
1970-04-09,,,,127.23,011.idv.tw (close only)
1970-04-10,,,,125.17,011.idv.tw (close only)
1970-04-11,,,,126.48,011.idv.tw (close only)
1970-04-13,,,,124.49,011.idv.tw (close only)
1970-04-14,,,,124.22,011.idv.tw (close only)
1970-04-15,,,,124.89,011.idv.tw (close only)
1970-04-16,,,,124.50,011.idv.tw (close only)
1970-04-17,,,,124.51,011.idv.tw (close only)
1970-04-18,,,,123.84,011.idv.tw (close only)
1970-04-20,,,,122.80,011.idv.tw (close only)
1970-04-21,,,,122.29,011.idv.tw (close only)
1970-04-22,,,,122.94,011.idv.tw (close only)
1970-04-23,,,,120.74,011.idv.tw (close only)
1970-04-24,,,,119.45,011.idv.tw (close only)
1970-04-25,,,,119.06,011.idv.tw (close only)
1970-04-27,,,,119.84,011.idv.tw (close only)
1970-04-28,,,,120.63,011.idv.tw (close only)
1970-04-29,,,,122.68,011.idv.tw (close only)
1970-04-30,,,,122.89,011.idv.tw (close only)
1970-05-01,,,,121.08,011.idv.tw (close only)
1970-05-02,,,,121.03,011.idv.tw (close only)
1970-05-04,,,,122.05,011.idv.tw (close only)
1970-05-05,,,,122.13,011.idv.tw (close only)
1970-05-06,,,,121.37,011.idv.tw (close only)
1970-05-07,,,,121.80,011.idv.tw (close only)
1970-05-08,,,,121.32,011.idv.tw (close only)
1970-05-09,,,,121.40,011.idv.tw (close only)
1970-05-11,,,,121.69,011.idv.tw (close only)
1970-05-12,,,,121.47,011.idv.tw (close only)
1970-05-13,,,,121.54,011.idv.tw (close only)
1970-05-14,,,,121.84,011.idv.tw (close only)
1970-05-15,,,,121.90,011.idv.tw (close only)
1970-05-16,,,,122.80,011.idv.tw (close only)
1970-05-18,,,,123.44,011.idv.tw (close only)
1970-05-19,,,,123.49,011.idv.tw (close only)
1970-05-20,,,,122.51,011.idv.tw (close only)
1970-05-21,,,,123.04,011.idv.tw (close only)
1970-05-22,,,,122.30,011.idv.tw (close only)
1970-05-23,,,,122.55,011.idv.tw (close only)
1970-05-25,,,,121.89,011.idv.tw (close only)
1970-05-26,,,,120.94,011.idv.tw (close only)
1970-05-27,,,,120.22,011.idv.tw (close only)
1970-05-28,,,,120.36,011.idv.tw (close only)
1970-05-29,,,,118.93,011.idv.tw (close only)
1970-05-30,,,,119.31,011.idv.tw (close only)
1970-06-01,,,,116.10,011.idv.tw (close only)
1970-06-02,,,,114.57,011.idv.tw (close only)
1970-06-03,,,,115.65,011.idv.tw (close only)
1970-06-04,,,,116.56,011.idv.tw (close only)
1970-06-05,,,,118.20,011.idv.tw (close only)
1970-06-06,,,,118.51,011.idv.tw (close only)
1970-06-08,,,,117.60,011.idv.tw (close only)
1970-06-09,,,,117.69,011.idv.tw (close only)
1970-06-10,,,,117.75,011.idv.tw (close only)
1970-06-11,,,,118.13,011.idv.tw (close only)
1970-06-12,,,,117.69,011.idv.tw (close only)
1970-06-13,,,,117.80,011.idv.tw (close only)
1970-06-15,,,,118.74,011.idv.tw (close only)
1970-06-16,,,,118.38,011.idv.tw (close only)
1970-06-17,,,,119.00,011.idv.tw (close only)
1970-06-18,,,,119.93,011.idv.tw (close only)
1970-06-19,,,,121.38,011.idv.tw (close only)
1970-06-22,,,,121.70,011.idv.tw (close only)
1970-06-23,,,,121.68,011.idv.tw (close only)
1970-06-24,,,,121.26,011.idv.tw (close only)
1970-06-25,,,,121.22,011.idv.tw (close only)
1970-06-26,,,,121.45,011.idv.tw (close only)
1970-06-27,,,,121.42,011.idv.tw (close only)
1970-06-29,,,,121.66,011.idv.tw (close only)
1970-06-30,,,,123.86,011.idv.tw (close only)
1970-07-03,,,,125.10,011.idv.tw (close only)
1970-07-04,,,,125.90,011.idv.tw (close only)
1970-07-06,,,,125.26,011.idv.tw (close only)
1970-07-07,,,,126.46,011.idv.tw (close only)
1970-07-08,,,,127.67,011.idv.tw (close only)
1970-07-09,,,,127.14,011.idv.tw (close only)
1970-07-10,,,,125.93,011.idv.tw (close only)
1970-07-11,,,,125.86,011.idv.tw (close only)
1970-07-13,,,,125.33,011.idv.tw (close only)
1970-07-14,,,,124.66,011.idv.tw (close only)
1970-07-15,,,,122.81,011.idv.tw (close only)
1970-07-16,,,,123.15,011.idv.tw (close only)
1970-07-17,,,,125.74,011.idv.tw (close only)
1970-07-18,,,,123.09,011.idv.tw (close only)
1970-07-20,,,,122.71,011.idv.tw (close only)
1970-07-21,,,,123.39,011.idv.tw (close only)
1970-07-22,,,,122.74,011.idv.tw (close only)
1970-07-23,,,,121.65,011.idv.tw (close only)
1970-07-24,,,,122.17,011.idv.tw (close only)
1970-07-25,,,,121.98,011.idv.tw (close only)
1970-07-27,,,,121.38,011.idv.tw (close only)
1970-07-28,,,,121.06,011.idv.tw (close only)
1970-07-29,,,,121.27,011.idv.tw (close only)
1970-07-30,,,,120.57,011.idv.tw (close only)
1970-07-31,,,,120.02,011.idv.tw (close only)
1970-08-01,,,,121.55,011.idv.tw (close only)
1970-08-03,,,,122.38,011.idv.tw (close only)
1970-08-04,,,,121.36,011.idv.tw (close only)
1970-08-05,,,,121.71,011.idv.tw (close only)
1970-08-06,,,,122.02,011.idv.tw (close only)
1970-08-07,,,,122.00,011.idv.tw (close only)
1970-08-08,,,,121.97,011.idv.tw (close only)
1970-08-10,,,,121.00,011.idv.tw (close only)
1970-08-11,,,,121.10,011.idv.tw (close only)
1970-08-12,,,,121.43,011.idv.tw (close only)
1970-08-13,,,,120.18,011.idv.tw (close only)
1970-08-14,,,,120.49,011.idv.tw (close only)
1970-08-15,,,,120.61,011.idv.tw (close only)
1970-08-17,,,,121.18,011.idv.tw (close only)
1970-08-18,,,,120.50,011.idv.tw (close only)
1970-08-19,,,,120.37,011.idv.tw (close only)
1970-08-20,,,,119.95,011.idv.tw (close only)
1970-08-21,,,,117.95,011.idv.tw (close only)
1970-08-22,,,,118.12,011.idv.tw (close only)
1970-08-24,,,,118.25,011.idv.tw (close only)
1970-08-25,,,,117.56,011.idv.tw (close only)
1970-08-26,,,,117.26,011.idv.tw (close only)
1970-08-27,,,,118.05,011.idv.tw (close only)
1970-08-28,,,,118.64,011.idv.tw (close only)
1970-08-29,,,,117.90,011.idv.tw (close only)
1970-08-31,,,,117.85,011.idv.tw (close only)
1970-09-01,,,,117.14,011.idv.tw (close only)
1970-09-02,,,,115.50,011.idv.tw (close only)
1970-09-03,,,,115.71,011.idv.tw (close only)
1970-09-04,,,,115.66,011.idv.tw (close only)
1970-09-05,,,,116.15,011.idv.tw (close only)
1970-09-07,,,,116.19,011.idv.tw (close only)
1970-09-08,,,,116.78,011.idv.tw (close only)
1970-09-09,,,,116.70,011.idv.tw (close only)
1970-09-10,,,,117.75,011.idv.tw (close only)
1970-09-11,,,,118.29,011.idv.tw (close only)
1970-09-12,,,,117.94,011.idv.tw (close only)
1970-09-14,,,,117.90,011.idv.tw (close only)
1970-09-15,,,,117.52,011.idv.tw (close only)
1970-09-16,,,,117.23,011.idv.tw (close only)
1970-09-17,,,,116.09,011.idv.tw (close only)
1970-09-18,,,,116.35,011.idv.tw (close only)
1970-09-19,,,,116.46,011.idv.tw (close only)
1970-09-21,,,,116.42,011.idv.tw (close only)
1970-09-22,,,,116.76,011.idv.tw (close only)
1970-09-23,,,,116.09,011.idv.tw (close only)
1970-09-24,,,,116.65,011.idv.tw (close only)
1970-09-25,,,,116.60,011.idv.tw (close only)
1970-09-26,,,,116.62,011.idv.tw (close only)
1970-09-29,,,,116.62,011.idv.tw (close only)
1970-09-30,,,,116.59,011.idv.tw (close only)
1970-10-01,,,,116.36,011.idv.tw (close only)
1970-10-02,,,,116.94,011.idv.tw (close only)
1970-10-03,,,,115.81,011.idv.tw (close only)
1970-10-05,,,,116.73,011.idv.tw (close only)
1970-10-06,,,,117.11,011.idv.tw (close only)
1970-10-07,,,,116.89,011.idv.tw (close only)
1970-10-08,,,,117.60,011.idv.tw (close only)
1970-10-09,,,,116.14,011.idv.tw (close only)
1970-10-12,,,,116.14,011.idv.tw (close only)
1970-10-13,,,,116.57,011.idv.tw (close only)
1970-10-14,,,,119.37,011.idv.tw (close only)
1970-10-15,,,,116.97,011.idv.tw (close only)
1970-10-16,,,,117.33,011.idv.tw (close only)
1970-10-17,,,,117.56,011.idv.tw (close only)
1970-10-19,,,,117.63,011.idv.tw (close only)
1970-10-20,,,,118.57,011.idv.tw (close only)
1970-10-21,,,,117.65,011.idv.tw (close only)
1970-10-22,,,,118.20,011.idv.tw (close only)
1970-10-23,,,,118.66,011.idv.tw (close only)
1970-10-24,,,,118.41,011.idv.tw (close only)
1970-10-27,,,,119.93,011.idv.tw (close only)
1970-10-28,,,,119.99,011.idv.tw (close only)
1970-10-29,,,,119.93,011.idv.tw (close only)
1970-10-30,,,,120.23,011.idv.tw (close only)
1970-10-31,,,,120.23,011.idv.tw (close only)
1970-11-02,,,,120.97,011.idv.tw (close only)
1970-11-03,,,,120.27,011.idv.tw (close only)
1970-11-04,,,,119.80,011.idv.tw (close only)
1970-11-05,,,,120.47,011.idv.tw (close only)
1970-11-06,,,,119.83,011.idv.tw (close only)
1970-11-07,,,,119.39,011.idv.tw (close only)
1970-11-09,,,,119.52,011.idv.tw (close only)
1970-11-10,,,,119.93,011.idv.tw (close only)
1970-11-11,,,,120.67,011.idv.tw (close only)
1970-11-13,,,,121.09,011.idv.tw (close only)
1970-11-14,,,,121.14,011.idv.tw (close only)
1970-11-16,,,,119.92,011.idv.tw (close only)
1970-11-17,,,,120.65,011.idv.tw (close only)
1970-11-18,,,,120.91,011.idv.tw (close only)
1970-11-19,,,,121.01,011.idv.tw (close only)
1970-11-20,,,,121.01,011.idv.tw (close only)
1970-11-21,,,,120.56,011.idv.tw (close only)
1970-11-23,,,,119.20,011.idv.tw (close only)
1970-11-24,,,,119.37,011.idv.tw (close only)
1970-11-25,,,,118.18,011.idv.tw (close only)
1970-11-26,,,,117.95,011.idv.tw (close only)
1970-11-27,,,,118.82,011.idv.tw (close only)
1970-11-28,,,,119.94,011.idv.tw (close only)
1970-11-30,,,,119.04,011.idv.tw (close only)
1970-12-01,,,,119.48,011.idv.tw (close only)
1970-12-02,,,,121.52,011.idv.tw (close only)
1970-12-03,,,,123.68,011.idv.tw (close only)
1970-12-04,,,,122.94,011.idv.tw (close only)
1970-12-05,,,,124.87,011.idv.tw (close only)
1970-12-07,,,,123.25,011.idv.tw (close only)
1970-12-08,,,,123.57,011.idv.tw (close only)
1970-12-09,,,,122.62,011.idv.tw (close only)
1970-12-10,,,,123.45,011.idv.tw (close only)
1970-12-11,,,,123.30,011.idv.tw (close only)
1970-12-12,,,,123.56,011.idv.tw (close only)
1970-12-14,,,,122.74,011.idv.tw (close only)
1970-12-15,,,,122.97,011.idv.tw (close only)
1970-12-16,,,,122.07,011.idv.tw (close only)
1970-12-17,,,,122.14,011.idv.tw (close only)
1970-12-18,,,,122.20,011.idv.tw (close only)
1970-12-19,,,,121.88,011.idv.tw (close only)
1970-12-21,,,,121.19,011.idv.tw (close only)
1970-12-22,,,,120.63,011.idv.tw (close only)
1970-12-23,,,,120.57,011.idv.tw (close only)
1970-12-24,,,,121.09,011.idv.tw (close only)
1970-12-26,,,,122.90,011.idv.tw (close only)
1970-12-28,,,,122.84,011.idv.tw (close only)
1970-12-29,,,,122.29,011.idv.tw (close only)
1970-12-30,,,,123.38,011.idv.tw (close only)
1971-01-05,,,,123.28,011.idv.tw (close only)
1971-01-06,,,,122.93,011.idv.tw (close only)
1971-01-07,,,,122.51,011.idv.tw (close only)
1971-01-08,,,,121.94,011.idv.tw (close only)
1971-01-09,,,,121.13,011.idv.tw (close only)
1971-01-11,,,,122.04,011.idv.tw (close only)
1971-01-12,,,,122.41,011.idv.tw (close only)
1971-01-13,,,,122.38,011.idv.tw (close only)
1971-01-14,,,,121.88,011.idv.tw (close only)
1971-01-15,,,,123.03,011.idv.tw (close only)
1971-01-16,,,,122.77,011.idv.tw (close only)
1971-01-18,,,,122.87,011.idv.tw (close only)
1971-01-19,,,,124.22,011.idv.tw (close only)
1971-01-20,,,,124.59,011.idv.tw (close only)
1971-01-21,,,,124.43,011.idv.tw (close only)
1971-01-22,,,,125.77,011.idv.tw (close only)
1971-01-23,,,,126.49,011.idv.tw (close only)
1971-01-25,,,,126.89,011.idv.tw (close only)
1971-02-01,,,,128.26,011.idv.tw (close only)
1971-02-02,,,,127.90,011.idv.tw (close only)
1971-02-03,,,,128.02,011.idv.tw (close only)
1971-02-04,,,,128.96,011.idv.tw (close only)
1971-02-05,,,,129.75,011.idv.tw (close only)
1971-02-06,,,,129.89,011.idv.tw (close only)
1971-02-08,,,,130.04,011.idv.tw (close only)
1971-02-09,,,,131.40,011.idv.tw (close only)
1971-02-10,,,,130.81,011.idv.tw (close only)
1971-02-11,,,,132.25,011.idv.tw (close only)
1971-02-12,,,,132.05,011.idv.tw (close only)
1971-02-13,,,,131.55,011.idv.tw (close only)
1971-02-15,,,,131.46,011.idv.tw (close only)
1971-02-16,,,,130.34,011.idv.tw (close only)
1971-02-17,,,,130.53,011.idv.tw (close only)
1971-02-18,,,,130.04,011.idv.tw (close only)
1971-02-19,,,,129.41,011.idv.tw (close only)
1971-02-20,,,,128.70,011.idv.tw (close only)
1971-02-22,,,,127.69,011.idv.tw (close only)
1971-02-23,,,,128.71,011.idv.tw (close only)
1971-02-24,,,,129.39,011.idv.tw (close only)
1971-02-25,,,,128.63,011.idv.tw (close only)
1971-02-26,,,,128.63,011.idv.tw (close only)
1971-02-27,,,,128.48,011.idv.tw (close only)
1971-03-01,,,,127.97,011.idv.tw (close only)
1971-03-02,,,,127.92,011.idv.tw (close only)
1971-03-03,,,,128.55,011.idv.tw (close only)
1971-03-04,,,,127.82,011.idv.tw (close only)
1971-03-05,,,,127.94,011.idv.tw (close only)
1971-03-06,,,,128.99,011.idv.tw (close only)
1971-03-08,,,,128.25,011.idv.tw (close only)
1971-03-09,,,,126.69,011.idv.tw (close only)
1971-03-10,,,,125.71,011.idv.tw (close only)
1971-03-11,,,,124.99,011.idv.tw (close only)
1971-03-12,,,,124.80,011.idv.tw (close only)
1971-03-13,,,,125.25,011.idv.tw (close only)
1971-03-15,,,,124.85,011.idv.tw (close only)
1971-03-16,,,,124.17,011.idv.tw (close only)
1971-03-17,,,,124.30,011.idv.tw (close only)
1971-03-18,,,,123.99,011.idv.tw (close only)
1971-03-19,,,,129.41,011.idv.tw (close only)
1971-03-20,,,,128.70,011.idv.tw (close only)
1971-03-22,,,,122.65,011.idv.tw (close only)
1971-03-23,,,,122.76,011.idv.tw (close only)
1971-03-24,,,,122.37,011.idv.tw (close only)
1971-03-25,,,,122.44,011.idv.tw (close only)
1971-03-26,,,,121.16,011.idv.tw (close only)
1971-03-27,,,,120.61,011.idv.tw (close only)
1971-03-30,,,,118.01,011.idv.tw (close only)
1971-03-31,,,,117.78,011.idv.tw (close only)
1971-04-01,,,,118.48,011.idv.tw (close only)
1971-04-02,,,,119.87,011.idv.tw (close only)
1971-04-03,,,,120.04,011.idv.tw (close only)
1971-04-05,,,,119.09,011.idv.tw (close only)
1971-04-06,,,,118.96,011.idv.tw (close only)
1971-04-07,,,,118.72,011.idv.tw (close only)
1971-04-08,,,,118.43,011.idv.tw (close only)
1971-04-09,,,,118.27,011.idv.tw (close only)
1971-04-10,,,,118.58,011.idv.tw (close only)
1971-04-12,,,,118.06,011.idv.tw (close only)
1971-04-13,,,,118.16,011.idv.tw (close only)
1971-04-14,,,,118.57,011.idv.tw (close only)
1971-04-15,,,,118.12,011.idv.tw (close only)
1971-04-16,,,,117.48,011.idv.tw (close only)
1971-04-17,,,,116.95,011.idv.tw (close only)
1971-04-19,,,,116.76,011.idv.tw (close only)
1971-04-20,,,,116.48,011.idv.tw (close only)
1971-04-21,,,,117.02,011.idv.tw (close only)
1971-04-22,,,,117.06,011.idv.tw (close only)
1971-04-23,,,,117.80,011.idv.tw (close only)
1971-04-24,,,,118.20,011.idv.tw (close only)
1971-04-26,,,,117.94,011.idv.tw (close only)
1971-04-27,,,,117.84,011.idv.tw (close only)
1971-04-28,,,,118.73,011.idv.tw (close only)
1971-04-29,,,,118.11,011.idv.tw (close only)
1971-04-30,,,,118.15,011.idv.tw (close only)
1971-05-01,,,,117.56,011.idv.tw (close only)
1971-05-03,,,,118.11,011.idv.tw (close only)
1971-05-04,,,,118.35,011.idv.tw (close only)
1971-05-05,,,,118.34,011.idv.tw (close only)
1971-05-06,,,,118.16,011.idv.tw (close only)
1971-05-07,,,,119.04,011.idv.tw (close only)
1971-05-08,,,,119.19,011.idv.tw (close only)
1971-05-10,,,,119.71,011.idv.tw (close only)
1971-05-11,,,,119.50,011.idv.tw (close only)
1971-05-12,,,,118.78,011.idv.tw (close only)
1971-05-13,,,,118.89,011.idv.tw (close only)
1971-05-14,,,,119.29,011.idv.tw (close only)
1971-05-15,,,,119.43,011.idv.tw (close only)
1971-05-17,,,,121.59,011.idv.tw (close only)
1971-05-18,,,,121.12,011.idv.tw (close only)
1971-05-19,,,,122.31,011.idv.tw (close only)
1971-05-20,,,,123.62,011.idv.tw (close only)
1971-05-21,,,,124.71,011.idv.tw (close only)
1971-05-22,,,,126.30,011.idv.tw (close only)
1971-05-24,,,,127.26,011.idv.tw (close only)
1971-05-25,,,,127.14,011.idv.tw (close only)
1971-05-26,,,,129.18,011.idv.tw (close only)
1971-05-27,,,,126.37,011.idv.tw (close only)
1971-05-28,,,,128.57,011.idv.tw (close only)
1971-05-29,,,,129.03,011.idv.tw (close only)
1971-05-31,,,,130.24,011.idv.tw (close only)
1971-06-01,,,,132.60,011.idv.tw (close only)
1971-06-02,,,,134.14,011.idv.tw (close only)
1971-06-03,,,,131.66,011.idv.tw (close only)
1971-06-04,,,,131.31,011.idv.tw (close only)
1971-06-05,,,,133.23,011.idv.tw (close only)
1971-06-07,,,,136.28,011.idv.tw (close only)
1971-06-08,,,,139.80,011.idv.tw (close only)
1971-06-09,,,,139.08,011.idv.tw (close only)
1971-06-10,,,,137.23,011.idv.tw (close only)
1971-06-11,,,,139.39,011.idv.tw (close only)
1971-06-12,,,,137.94,011.idv.tw (close only)
1971-06-14,,,,136.81,011.idv.tw (close only)
1971-06-15,,,,137.85,011.idv.tw (close only)
1971-06-16,,,,137.60,011.idv.tw (close only)
1971-06-17,,,,140.62,011.idv.tw (close only)
1971-06-18,,,,141.28,011.idv.tw (close only)
1971-06-19,,,,140.75,011.idv.tw (close only)
1971-06-21,,,,137.09,011.idv.tw (close only)
1971-06-22,,,,138.10,011.idv.tw (close only)
1971-06-23,,,,139.43,011.idv.tw (close only)
1971-06-24,,,,139.20,011.idv.tw (close only)
1971-06-25,,,,139.34,011.idv.tw (close only)
1971-06-26,,,,139.99,011.idv.tw (close only)
1971-06-28,,,,140.36,011.idv.tw (close only)
1971-06-29,,,,140.29,011.idv.tw (close only)
1971-06-30,,,,141.14,011.idv.tw (close only)
1971-07-02,,,,143.94,011.idv.tw (close only)
1971-07-03,,,,144.20,011.idv.tw (close only)
1971-07-05,,,,149.61,011.idv.tw (close only)
1971-07-06,,,,149.72,011.idv.tw (close only)
1971-07-07,,,,149.39,011.idv.tw (close only)
1971-07-08,,,,148.39,011.idv.tw (close only)
1971-07-09,,,,147.23,011.idv.tw (close only)
1971-07-10,,,,149.20,011.idv.tw (close only)
1971-07-12,,,,147.35,011.idv.tw (close only)
1971-07-13,,,,149.04,011.idv.tw (close only)
1971-07-14,,,,149.93,011.idv.tw (close only)
1971-07-15,,,,148.62,011.idv.tw (close only)
1971-07-16,,,,144.66,011.idv.tw (close only)
1971-07-17,,,,141.46,011.idv.tw (close only)
1971-07-19,,,,143.44,011.idv.tw (close only)
1971-07-20,,,,138.99,011.idv.tw (close only)
1971-07-21,,,,140.25,011.idv.tw (close only)
1971-07-22,,,,135.56,011.idv.tw (close only)
1971-07-23,,,,135.98,011.idv.tw (close only)
1971-07-24,,,,134.98,011.idv.tw (close only)
1971-07-27,,,,135.75,011.idv.tw (close only)
1971-07-28,,,,135.95,011.idv.tw (close only)
1971-07-29,,,,132.42,011.idv.tw (close only)
1971-07-30,,,,131.66,011.idv.tw (close only)
1971-07-31,,,,131.30,011.idv.tw (close only)
1971-08-02,,,,126.91,011.idv.tw (close only)
1971-08-03,,,,129.08,011.idv.tw (close only)
1971-08-04,,,,129.25,011.idv.tw (close only)
1971-08-05,,,,131.27,011.idv.tw (close only)
1971-08-06,,,,130.28,011.idv.tw (close only)
1971-08-07,,,,129.27,011.idv.tw (close only)
1971-08-09,,,,127.04,011.idv.tw (close only)
1971-08-10,,,,126.48,011.idv.tw (close only)
1971-08-11,,,,124.12,011.idv.tw (close only)
1971-08-12,,,,120.15,011.idv.tw (close only)
1971-08-13,,,,122.09,011.idv.tw (close only)
1971-08-14,,,,125.36,011.idv.tw (close only)
1971-08-16,,,,121.61,011.idv.tw (close only)
1971-08-17,,,,117.68,011.idv.tw (close only)
1971-08-18,,,,121.17,011.idv.tw (close only)
1971-08-19,,,,120.73,011.idv.tw (close only)
1971-08-20,,,,119.60,011.idv.tw (close only)
1971-08-21,,,,119.51,011.idv.tw (close only)
1971-08-23,,,,120.33,011.idv.tw (close only)
1971-08-24,,,,118.28,011.idv.tw (close only)
1971-08-25,,,,119.56,011.idv.tw (close only)
1971-08-26,,,,119.48,011.idv.tw (close only)
1971-08-27,,,,119.69,011.idv.tw (close only)
1971-08-28,,,,121.01,011.idv.tw (close only)
1971-08-30,,,,120.62,011.idv.tw (close only)
1971-08-31,,,,120.87,011.idv.tw (close only)
1971-09-01,,,,120.56,011.idv.tw (close only)
1971-09-02,,,,124.73,011.idv.tw (close only)
1971-09-03,,,,124.17,011.idv.tw (close only)
1971-09-04,,,,124.88,011.idv.tw (close only)
1971-09-06,,,,124.34,011.idv.tw (close only)
1971-09-07,,,,124.31,011.idv.tw (close only)
1971-09-08,,,,127.21,011.idv.tw (close only)
1971-09-09,,,,127.24,011.idv.tw (close only)
1971-09-10,,,,128.26,011.idv.tw (close only)
1971-09-11,,,,127.95,011.idv.tw (close only)
1971-09-13,,,,126.94,011.idv.tw (close only)
1971-09-14,,,,127.47,011.idv.tw (close only)
1971-09-15,,,,126.87,011.idv.tw (close only)
1971-09-16,,,,126.66,011.idv.tw (close only)
1971-09-17,,,,126.41,011.idv.tw (close only)
1971-09-18,,,,125.43,011.idv.tw (close only)
1971-09-20,,,,122.00,011.idv.tw (close only)
1971-09-21,,,,121.08,011.idv.tw (close only)
1971-09-22,,,,122.08,011.idv.tw (close only)
1971-09-24,,,,124.89,011.idv.tw (close only)
1971-09-25,,,,124.87,011.idv.tw (close only)
1971-09-27,,,,125.15,011.idv.tw (close only)
1971-09-29,,,,124.99,011.idv.tw (close only)
1971-09-30,,,,124.50,011.idv.tw (close only)
1971-10-01,,,,125.48,011.idv.tw (close only)
1971-10-02,,,,125.00,011.idv.tw (close only)
1971-10-04,,,,124.10,011.idv.tw (close only)
1971-10-05,,,,124.79,011.idv.tw (close only)
1971-10-06,,,,124.09,011.idv.tw (close only)
1971-10-07,,,,123.87,011.idv.tw (close only)
1971-10-08,,,,123.59,011.idv.tw (close only)
1971-10-09,,,,123.98,011.idv.tw (close only)
1971-10-12,,,,123.58,011.idv.tw (close only)
1971-10-13,,,,123.61,011.idv.tw (close only)
1971-10-14,,,,123.02,011.idv.tw (close only)
1971-10-15,,,,121.86,011.idv.tw (close only)
1971-10-16,,,,122.56,011.idv.tw (close only)
1971-10-18,,,,124.16,011.idv.tw (close only)
1971-10-19,,,,124.72,011.idv.tw (close only)
1971-10-20,,,,125.24,011.idv.tw (close only)
1971-10-21,,,,125.00,011.idv.tw (close only)
1971-10-22,,,,126.02,011.idv.tw (close only)
1971-10-23,,,,128.74,011.idv.tw (close only)
1971-10-26,,,,124.09,011.idv.tw (close only)
1971-10-27,,,,122.38,011.idv.tw (close only)
1971-10-28,,,,121.55,011.idv.tw (close only)
1971-10-29,,,,120.68,011.idv.tw (close only)
1971-10-30,,,,118.80,011.idv.tw (close only)
1971-11-01,,,,120.04,011.idv.tw (close only)
1971-11-02,,,,119.13,011.idv.tw (close only)
1971-11-03,,,,120.82,011.idv.tw (close only)
1971-11-04,,,,121.01,011.idv.tw (close only)
1971-11-05,,,,122.43,011.idv.tw (close only)
1971-11-06,,,,122.29,011.idv.tw (close only)
1971-11-08,,,,125.48,011.idv.tw (close only)
1971-11-09,,,,125.29,011.idv.tw (close only)
1971-11-10,,,,123.35,011.idv.tw (close only)
1971-11-11,,,,123.70,011.idv.tw (close only)
1971-11-13,,,,122.63,011.idv.tw (close only)
1971-11-15,,,,123.06,011.idv.tw (close only)
1971-11-16,,,,123.84,011.idv.tw (close only)
1971-11-17,,,,123.61,011.idv.tw (close only)
1971-11-18,,,,123.92,011.idv.tw (close only)
1971-11-19,,,,123.62,011.idv.tw (close only)
1971-11-20,,,,123.05,011.idv.tw (close only)
1971-11-22,,,,122.80,011.idv.tw (close only)
1971-11-23,,,,122.55,011.idv.tw (close only)
1971-11-24,,,,121.48,011.idv.tw (close only)
1971-11-25,,,,121.82,011.idv.tw (close only)
1971-11-26,,,,120.80,011.idv.tw (close only)
1971-11-27,,,,121.30,011.idv.tw (close only)
1971-11-29,,,,121.53,011.idv.tw (close only)
1971-11-30,,,,121.37,011.idv.tw (close only)
1971-12-01,,,,120.83,011.idv.tw (close only)
1971-12-02,,,,121.05,011.idv.tw (close only)
1971-12-03,,,,121.36,011.idv.tw (close only)
1971-12-04,,,,122.87,011.idv.tw (close only)
1971-12-06,,,,123.89,011.idv.tw (close only)
1971-12-07,,,,123.82,011.idv.tw (close only)
1971-12-08,,,,123.47,011.idv.tw (close only)
1971-12-09,,,,125.04,011.idv.tw (close only)
1971-12-10,,,,126.13,011.idv.tw (close only)
1971-12-11,,,,126.14,011.idv.tw (close only)
1971-12-13,,,,127.87,011.idv.tw (close only)
1971-12-14,,,,127.89,011.idv.tw (close only)
1971-12-15,,,,127.94,011.idv.tw (close only)
1971-12-16,,,,129.26,011.idv.tw (close only)
1971-12-17,,,,129.91,011.idv.tw (close only)
1971-12-18,,,,130.13,011.idv.tw (close only)
1971-12-21,,,,134.73,011.idv.tw (close only)
1971-12-22,,,,133.30,011.idv.tw (close only)
1971-12-23,,,,133.10,011.idv.tw (close only)
1971-12-24,,,,135.31,011.idv.tw (close only)
1971-12-27,,,,135.02,011.idv.tw (close only)
1971-12-28,,,,135.66,011.idv.tw (close only)
1971-12-29,,,,134.49,011.idv.tw (close only)
1971-12-30,,,,134.49,011.idv.tw (close only)
1971-12-31,,,,135.13,011.idv.tw (close only)
1972-01-05,,,,134.82,011.idv.tw (close only)
1972-01-06,,,,130.12,011.idv.tw (close only)
1972-01-07,,,,131.43,011.idv.tw (close only)
1972-01-08,,,,130.91,011.idv.tw (close only)
1972-01-10,,,,129.23,011.idv.tw (close only)
1972-01-11,,,,129.62,011.idv.tw (close only)
1972-01-12,,,,127.98,011.idv.tw (close only)
1972-01-13,,,,128.64,011.idv.tw (close only)
1972-01-14,,,,128.42,011.idv.tw (close only)
1972-01-15,,,,120.05,011.idv.tw (close only)
1972-01-17,,,,127.56,011.idv.tw (close only)
1972-01-18,,,,128.03,011.idv.tw (close only)
1972-01-19,,,,128.69,011.idv.tw (close only)
1972-01-20,,,,128.15,011.idv.tw (close only)
1972-01-21,,,,128.44,011.idv.tw (close only)
1972-01-22,,,,127.56,011.idv.tw (close only)
1972-01-24,,,,126.10,011.idv.tw (close only)
1972-01-25,,,,126.54,011.idv.tw (close only)
1972-01-26,,,,126.39,011.idv.tw (close only)
1972-01-27,,,,126.68,011.idv.tw (close only)
1972-01-28,,,,125.91,011.idv.tw (close only)
1972-01-29,,,,126.65,011.idv.tw (close only)
1972-01-31,,,,127.29,011.idv.tw (close only)
1972-02-01,,,,127.34,011.idv.tw (close only)
1972-02-02,,,,127.04,011.idv.tw (close only)
1972-02-03,,,,127.12,011.idv.tw (close only)
1972-02-04,,,,128.40,011.idv.tw (close only)
1972-02-05,,,,127.76,011.idv.tw (close only)
1972-02-07,,,,128.17,011.idv.tw (close only)
1972-02-08,,,,128.03,011.idv.tw (close only)
1972-02-09,,,,126.30,011.idv.tw (close only)
1972-02-10,,,,128.78,011.idv.tw (close only)
1972-02-11,,,,129.02,011.idv.tw (close only)
1972-02-12,,,,129.30,011.idv.tw (close only)
1972-02-19,,,,127.68,011.idv.tw (close only)
1972-02-21,,,,126.16,011.idv.tw (close only)
1972-02-22,,,,127.61,011.idv.tw (close only)
1972-02-23,,,,127.92,011.idv.tw (close only)
1972-02-24,,,,128.41,011.idv.tw (close only)
1972-02-25,,,,130.20,011.idv.tw (close only)
1972-02-26,,,,130.03,011.idv.tw (close only)
1972-02-28,,,,128.14,011.idv.tw (close only)
1972-02-29,,,,128.56,011.idv.tw (close only)
1972-03-01,,,,131.97,011.idv.tw (close only)
1972-03-02,,,,132.67,011.idv.tw (close only)
1972-03-03,,,,132.49,011.idv.tw (close only)
1972-03-04,,,,132.77,011.idv.tw (close only)
1972-03-06,,,,132.80,011.idv.tw (close only)
1972-03-07,,,,133.00,011.idv.tw (close only)
1972-03-08,,,,135.00,011.idv.tw (close only)
1972-03-09,,,,135.67,011.idv.tw (close only)
1972-03-10,,,,128.78,011.idv.tw (close only)
1972-03-11,,,,136.43,011.idv.tw (close only)
1972-03-13,,,,136.38,011.idv.tw (close only)
1972-03-14,,,,135.49,011.idv.tw (close only)
1972-03-15,,,,135.65,011.idv.tw (close only)
1972-03-16,,,,134.48,011.idv.tw (close only)
1972-03-17,,,,135.53,011.idv.tw (close only)
1972-03-18,,,,137.02,011.idv.tw (close only)
1972-03-20,,,,136.08,011.idv.tw (close only)
1972-03-21,,,,137.08,011.idv.tw (close only)
1972-03-22,,,,137.14,011.idv.tw (close only)
1972-03-23,,,,134.42,011.idv.tw (close only)
1972-03-24,,,,133.39,011.idv.tw (close only)
1972-03-25,,,,133.90,011.idv.tw (close only)
1972-03-27,,,,134.80,011.idv.tw (close only)
1972-03-28,,,,134.92,011.idv.tw (close only)
1972-03-30,,,,134.13,011.idv.tw (close only)
1972-03-31,,,,135.93,011.idv.tw (close only)
1972-04-01,,,,136.43,011.idv.tw (close only)
1972-04-03,,,,136.92,011.idv.tw (close only)
1972-04-04,,,,137.91,011.idv.tw (close only)
1972-04-06,,,,140.62,011.idv.tw (close only)
1972-04-07,,,,139.73,011.idv.tw (close only)
1972-04-08,,,,139.87,011.idv.tw (close only)
1972-04-10,,,,139.21,011.idv.tw (close only)
1972-04-11,,,,141.09,011.idv.tw (close only)
1972-04-12,,,,140.98,011.idv.tw (close only)
1972-04-13,,,,141.19,011.idv.tw (close only)
1972-04-14,,,,143.29,011.idv.tw (close only)
1972-04-15,,,,144.21,011.idv.tw (close only)
1972-04-17,,,,146.87,011.idv.tw (close only)
1972-04-18,,,,146.42,011.idv.tw (close only)
1972-04-19,,,,148.30,011.idv.tw (close only)
1972-04-20,,,,145.89,011.idv.tw (close only)
1972-04-21,,,,146.76,011.idv.tw (close only)
1972-04-22,,,,146.19,011.idv.tw (close only)
1972-04-24,,,,144.99,011.idv.tw (close only)
1972-04-25,,,,146.92,011.idv.tw (close only)
1972-04-26,,,,146.68,011.idv.tw (close only)
1972-04-27,,,,146.90,011.idv.tw (close only)
1972-04-28,,,,147.76,011.idv.tw (close only)
1972-04-29,,,,149.12,011.idv.tw (close only)
1972-05-01,,,,150.48,011.idv.tw (close only)
1972-05-02,,,,155.93,011.idv.tw (close only)
1972-05-03,,,,155.73,011.idv.tw (close only)
1972-05-04,,,,155.53,011.idv.tw (close only)
1972-05-05,,,,155.76,011.idv.tw (close only)
1972-05-06,,,,156.50,011.idv.tw (close only)
1972-05-08,,,,157.79,011.idv.tw (close only)
1972-05-09,,,,159.86,011.idv.tw (close only)
1972-05-10,,,,158.34,011.idv.tw (close only)
1972-05-11,,,,158.95,011.idv.tw (close only)
1972-05-12,,,,160.64,011.idv.tw (close only)
1972-05-13,,,,161.38,011.idv.tw (close only)
1972-05-15,,,,163.69,011.idv.tw (close only)
1972-05-16,,,,162.42,011.idv.tw (close only)
1972-05-17,,,,164.06,011.idv.tw (close only)
1972-05-18,,,,167.06,011.idv.tw (close only)
1972-05-19,,,,166.01,011.idv.tw (close only)
1972-05-20,,,,164.37,011.idv.tw (close only)
1972-05-22,,,,159.70,011.idv.tw (close only)
1972-05-23,,,,163.94,011.idv.tw (close only)
1972-05-24,,,,162.42,011.idv.tw (close only)
1972-05-25,,,,162.91,011.idv.tw (close only)
1972-05-26,,,,162.16,011.idv.tw (close only)
1972-05-27,,,,161.34,011.idv.tw (close only)
1972-05-29,,,,157.90,011.idv.tw (close only)
1972-05-30,,,,156.29,011.idv.tw (close only)
1972-05-31,,,,158.90,011.idv.tw (close only)
1972-06-01,,,,159.88,011.idv.tw (close only)
1972-06-02,,,,162.67,011.idv.tw (close only)
1972-06-03,,,,162.96,011.idv.tw (close only)
1972-06-05,,,,163.92,011.idv.tw (close only)
1972-06-06,,,,163.68,011.idv.tw (close only)
1972-06-07,,,,164.49,011.idv.tw (close only)
1972-06-08,,,,166.42,011.idv.tw (close only)
1972-06-09,,,,164.19,011.idv.tw (close only)
1972-06-10,,,,164.92,011.idv.tw (close only)
1972-06-12,,,,163.73,011.idv.tw (close only)
1972-06-13,,,,164.20,011.idv.tw (close only)
1972-06-14,,,,165.64,011.idv.tw (close only)
1972-06-15,,,,162.33,011.idv.tw (close only)
1972-06-16,,,,161.80,011.idv.tw (close only)
1972-06-17,,,,162.57,011.idv.tw (close only)
1972-06-19,,,,162.84,011.idv.tw (close only)
1972-06-21,,,,161.84,011.idv.tw (close only)
1972-06-22,,,,163.17,011.idv.tw (close only)
1972-06-23,,,,163.85,011.idv.tw (close only)
1972-06-24,,,,164.15,011.idv.tw (close only)
1972-06-26,,,,163.83,011.idv.tw (close only)
1972-06-27,,,,164.64,011.idv.tw (close only)
1972-06-28,,,,165.74,011.idv.tw (close only)
1972-06-29,,,,165.54,011.idv.tw (close only)
1972-06-30,,,,167.24,011.idv.tw (close only)
1972-07-03,,,,165.70,011.idv.tw (close only)
1972-07-04,,,,165.68,011.idv.tw (close only)
1972-07-05,,,,166.89,011.idv.tw (close only)
1972-07-06,,,,167.26,011.idv.tw (close only)
1972-07-07,,,,168.82,011.idv.tw (close only)
1972-07-08,,,,168.31,011.idv.tw (close only)
1972-07-10,,,,168.45,011.idv.tw (close only)
1972-07-11,,,,169.37,011.idv.tw (close only)
1972-07-12,,,,169.49,011.idv.tw (close only)
1972-07-13,,,,169.61,011.idv.tw (close only)
1972-07-14,,,,169.53,011.idv.tw (close only)
1972-07-15,,,,169.85,011.idv.tw (close only)
1972-07-17,,,,172.17,011.idv.tw (close only)
1972-07-18,,,,172.85,011.idv.tw (close only)
1972-07-19,,,,172.57,011.idv.tw (close only)
1972-07-20,,,,171.41,011.idv.tw (close only)
1972-07-21,,,,171.57,011.idv.tw (close only)
1972-07-22,,,,172.15,011.idv.tw (close only)
1972-07-24,,,,170.15,011.idv.tw (close only)
1972-07-25,,,,169.23,011.idv.tw (close only)
1972-07-26,,,,169.89,011.idv.tw (close only)
1972-07-27,,,,167.86,011.idv.tw (close only)
1972-07-28,,,,168.37,011.idv.tw (close only)
1972-07-29,,,,165.60,011.idv.tw (close only)
1972-07-31,,,,165.61,011.idv.tw (close only)
1972-08-01,,,,168.35,011.idv.tw (close only)
1972-08-02,,,,167.89,011.idv.tw (close only)
1972-08-03,,,,167.62,011.idv.tw (close only)
1972-08-04,,,,165.28,011.idv.tw (close only)
1972-08-05,,,,165.29,011.idv.tw (close only)
1972-08-07,,,,163.19,011.idv.tw (close only)
1972-08-08,,,,162.39,011.idv.tw (close only)
1972-08-09,,,,161.66,011.idv.tw (close only)
1972-08-10,,,,156.76,011.idv.tw (close only)
1972-08-11,,,,155.87,011.idv.tw (close only)
1972-08-12,,,,156.94,011.idv.tw (close only)
1972-08-14,,,,158.40,011.idv.tw (close only)
1972-08-15,,,,158.13,011.idv.tw (close only)
1972-08-16,,,,156.69,011.idv.tw (close only)
1972-08-18,,,,155.16,011.idv.tw (close only)
1972-08-19,,,,156.44,011.idv.tw (close only)
1972-08-21,,,,158.71,011.idv.tw (close only)
1972-08-22,,,,158.39,011.idv.tw (close only)
1972-08-23,,,,159.21,011.idv.tw (close only)
1972-08-24,,,,160.53,011.idv.tw (close only)
1972-08-25,,,,160.71,011.idv.tw (close only)
1972-08-26,,,,160.67,011.idv.tw (close only)
1972-08-28,,,,161.40,011.idv.tw (close only)
1972-08-29,,,,161.39,011.idv.tw (close only)
1972-08-30,,,,160.89,011.idv.tw (close only)
1972-08-31,,,,160.56,011.idv.tw (close only)
1972-09-01,,,,158.69,011.idv.tw (close only)
1972-09-02,,,,160.06,011.idv.tw (close only)
1972-09-04,,,,159.87,011.idv.tw (close only)
1972-09-05,,,,159.77,011.idv.tw (close only)
1972-09-06,,,,157.86,011.idv.tw (close only)
1972-09-07,,,,157.86,011.idv.tw (close only)
1972-09-08,,,,158.95,011.idv.tw (close only)
1972-09-09,,,,158.74,011.idv.tw (close only)
1972-09-11,,,,158.69,011.idv.tw (close only)
1972-09-12,,,,158.64,011.idv.tw (close only)
1972-09-13,,,,158.39,011.idv.tw (close only)
1972-09-14,,,,158.16,011.idv.tw (close only)
1972-09-15,,,,159.25,011.idv.tw (close only)
1972-09-16,,,,160.24,011.idv.tw (close only)
1972-09-18,,,,160.07,011.idv.tw (close only)
1972-09-19,,,,161.38,011.idv.tw (close only)
1972-09-20,,,,161.64,011.idv.tw (close only)
1972-09-21,,,,159.64,011.idv.tw (close only)
1972-09-22,,,,159.63,011.idv.tw (close only)
1972-09-23,,,,158.44,011.idv.tw (close only)
1972-09-25,,,,159.83,011.idv.tw (close only)
1972-09-26,,,,159.52,011.idv.tw (close only)
1972-09-27,,,,160.48,011.idv.tw (close only)
1972-09-29,,,,162.51,011.idv.tw (close only)
1972-09-30,,,,163.79,011.idv.tw (close only)
1972-10-02,,,,165.74,011.idv.tw (close only)
1972-10-03,,,,166.22,011.idv.tw (close only)
1972-10-04,,,,169.10,011.idv.tw (close only)
1972-10-05,,,,168.05,011.idv.tw (close only)
1972-10-06,,,,170.14,011.idv.tw (close only)
1972-10-07,,,,171.94,011.idv.tw (close only)
1972-10-09,,,,170.52,011.idv.tw (close only)
1972-10-11,,,,168.47,011.idv.tw (close only)
1972-10-12,,,,173.54,011.idv.tw (close only)
1972-10-13,,,,173.38,011.idv.tw (close only)
1972-10-14,,,,171.82,011.idv.tw (close only)
1972-10-16,,,,172.62,011.idv.tw (close only)
1972-10-17,,,,171.45,011.idv.tw (close only)
1972-10-18,,,,172.94,011.idv.tw (close only)
1972-10-19,,,,173.64,011.idv.tw (close only)
1972-10-20,,,,174.78,011.idv.tw (close only)
1972-10-21,,,,174.66,011.idv.tw (close only)
1972-10-23,,,,176.35,011.idv.tw (close only)
1972-10-24,,,,176.48,011.idv.tw (close only)
1972-10-26,,,,180.36,011.idv.tw (close only)
1972-10-27,,,,178.80,011.idv.tw (close only)
1972-10-28,,,,178.76,011.idv.tw (close only)
1972-10-30,,,,177.96,011.idv.tw (close only)
1972-10-31,,,,178.03,011.idv.tw (close only)
1972-11-01,,,,180.90,011.idv.tw (close only)
1972-11-02,,,,181.87,011.idv.tw (close only)
1972-11-03,,,,183.55,011.idv.tw (close only)
1972-11-04,,,,183.14,011.idv.tw (close only)
1972-11-06,,,,185.40,011.idv.tw (close only)
1972-11-07,,,,185.25,011.idv.tw (close only)
1972-11-08,,,,185.77,011.idv.tw (close only)
1972-11-09,,,,189.65,011.idv.tw (close only)
1972-11-10,,,,185.48,011.idv.tw (close only)
1972-11-11,,,,192.27,011.idv.tw (close only)
1972-11-14,,,,195.90,011.idv.tw (close only)
1972-11-15,,,,194.20,011.idv.tw (close only)
1972-11-16,,,,198.18,011.idv.tw (close only)
1972-11-17,,,,195.11,011.idv.tw (close only)
1972-11-18,,,,195.73,011.idv.tw (close only)
1972-11-20,,,,192.60,011.idv.tw (close only)
1972-11-21,,,,196.90,011.idv.tw (close only)
1972-11-22,,,,196.76,011.idv.tw (close only)
1972-11-23,,,,199.44,011.idv.tw (close only)
1972-11-24,,,,202.75,011.idv.tw (close only)
1972-11-25,,,,203.86,011.idv.tw (close only)
1972-11-27,,,,204.51,011.idv.tw (close only)
1972-11-28,,,,207.08,011.idv.tw (close only)
1972-11-29,,,,202.13,011.idv.tw (close only)
1972-11-30,,,,203.49,011.idv.tw (close only)
1972-12-01,,,,208.28,011.idv.tw (close only)
1972-12-02,,,,207.82,011.idv.tw (close only)
1972-12-04,,,,208.17,011.idv.tw (close only)
1972-12-05,,,,209.23,011.idv.tw (close only)
1972-12-06,,,,209.37,011.idv.tw (close only)
1972-12-07,,,,211.41,011.idv.tw (close only)
1972-12-08,,,,207.74,011.idv.tw (close only)
1972-12-09,,,,203.02,011.idv.tw (close only)
1972-12-11,,,,206.70,011.idv.tw (close only)
1972-12-12,,,,206.53,011.idv.tw (close only)
1972-12-13,,,,208.99,011.idv.tw (close only)
1972-12-14,,,,209.45,011.idv.tw (close only)
1972-12-15,,,,215.25,011.idv.tw (close only)
1972-12-16,,,,216.95,011.idv.tw (close only)
1972-12-18,,,,224.42,011.idv.tw (close only)
1972-12-19,,,,224.41,011.idv.tw (close only)
1972-12-21,,,,226.24,011.idv.tw (close only)
1972-12-22,,,,218.79,011.idv.tw (close only)
1972-12-23,,,,223.38,011.idv.tw (close only)
1972-12-26,,,,222.49,011.idv.tw (close only)
1972-12-27,,,,224.74,011.idv.tw (close only)
1972-12-28,,,,224.64,011.idv.tw (close only)
1972-12-29,,,,228.03,011.idv.tw (close only)
1973-01-04,,,,232.65,011.idv.tw (close only)
1973-01-05,,,,233.12,011.idv.tw (close only)
1973-01-06,,,,232.91,011.idv.tw (close only)
1973-01-08,,,,229.09,011.idv.tw (close only)
1973-01-09,,,,229.82,011.idv.tw (close only)
1973-01-10,,,,227.98,011.idv.tw (close only)
1973-01-11,,,,225.70,011.idv.tw (close only)
1973-01-12,,,,230.06,011.idv.tw (close only)
1973-01-13,,,,231.66,011.idv.tw (close only)
1973-01-15,,,,234.03,011.idv.tw (close only)
1973-01-16,,,,234.42,011.idv.tw (close only)
1973-01-17,,,,238.50,011.idv.tw (close only)
1973-01-18,,,,237.32,011.idv.tw (close only)
1973-01-19,,,,239.19,011.idv.tw (close only)
1973-01-20,,,,240.63,011.idv.tw (close only)
1973-01-22,,,,237.86,011.idv.tw (close only)
1973-01-23,,,,240.18,011.idv.tw (close only)
1973-01-24,,,,236.97,011.idv.tw (close only)
1973-01-25,,,,236.69,011.idv.tw (close only)
1973-01-26,,,,240.28,011.idv.tw (close only)
1973-01-27,,,,240.46,011.idv.tw (close only)
1973-01-29,,,,243.48,011.idv.tw (close only)
1973-01-30,,,,246.34,011.idv.tw (close only)
1973-01-31,,,,247.56,011.idv.tw (close only)
1973-02-07,,,,251.11,011.idv.tw (close only)
1973-02-08,,,,254.28,011.idv.tw (close only)
1973-02-09,,,,263.20,011.idv.tw (close only)
1973-02-10,,,,257.64,011.idv.tw (close only)
1973-02-12,,,,252.70,011.idv.tw (close only)
1973-02-13,,,,260.42,011.idv.tw (close only)
1973-02-16,,,,269.92,011.idv.tw (close only)
1973-02-17,,,,271.08,011.idv.tw (close only)
1973-02-19,,,,266.54,011.idv.tw (close only)
1973-02-20,,,,272.22,011.idv.tw (close only)
1973-02-21,,,,271.65,011.idv.tw (close only)
1973-02-22,,,,265.85,011.idv.tw (close only)
1973-02-23,,,,254.28,011.idv.tw (close only)
1973-02-24,,,,253.65,011.idv.tw (close only)
1973-02-26,,,,257.64,011.idv.tw (close only)
1973-02-27,,,,267.65,011.idv.tw (close only)
1973-02-28,,,,271.00,011.idv.tw (close only)
1973-03-01,,,,279.02,011.idv.tw (close only)
1973-03-02,,,,279.35,011.idv.tw (close only)
1973-03-03,,,,290.58,011.idv.tw (close only)
1973-03-05,,,,294.75,011.idv.tw (close only)
1973-03-06,,,,297.43,011.idv.tw (close only)
1973-03-07,,,,292.94,011.idv.tw (close only)
1973-03-08,,,,295.17,011.idv.tw (close only)
1973-03-09,,,,296.21,011.idv.tw (close only)
1973-03-10,,,,296.37,011.idv.tw (close only)
1973-03-12,,,,291.29,011.idv.tw (close only)
1973-03-13,,,,281.42,011.idv.tw (close only)
1973-03-14,,,,285.41,011.idv.tw (close only)
1973-03-15,,,,283.13,011.idv.tw (close only)
1973-03-16,,,,282.60,011.idv.tw (close only)
1973-03-17,,,,287.91,011.idv.tw (close only)
1973-03-19,,,,293.26,011.idv.tw (close only)
1973-03-20,,,,290.73,011.idv.tw (close only)
1973-03-21,,,,294.54,011.idv.tw (close only)
1973-03-22,,,,294.69,011.idv.tw (close only)
1973-03-23,,,,298.03,011.idv.tw (close only)
1973-03-24,,,,298.15,011.idv.tw (close only)
1973-03-26,,,,303.30,011.idv.tw (close only)
1973-03-27,,,,303.74,011.idv.tw (close only)
1973-03-28,,,,307.52,011.idv.tw (close only)
1973-03-30,,,,312.79,011.idv.tw (close only)
1973-03-31,,,,315.91,011.idv.tw (close only)
1973-04-02,,,,318.92,011.idv.tw (close only)
1973-04-03,,,,324.34,011.idv.tw (close only)
1973-04-04,,,,330.41,011.idv.tw (close only)
1973-04-06,,,,335.61,011.idv.tw (close only)
1973-04-07,,,,333.84,011.idv.tw (close only)
1973-04-09,,,,346.51,011.idv.tw (close only)
1973-04-10,,,,355.13,011.idv.tw (close only)
1973-04-11,,,,340.82,011.idv.tw (close only)
1973-04-12,,,,350.20,011.idv.tw (close only)
1973-04-13,,,,348.37,011.idv.tw (close only)
1973-04-14,,,,350.62,011.idv.tw (close only)
1973-04-16,,,,360.22,011.idv.tw (close only)
1973-04-17,,,,365.52,011.idv.tw (close only)
1973-04-18,,,,371.72,011.idv.tw (close only)
1973-04-19,,,,369.12,011.idv.tw (close only)
1973-04-20,,,,369.31,011.idv.tw (close only)
1973-04-21,,,,371.55,011.idv.tw (close only)
1973-04-23,,,,364.09,011.idv.tw (close only)
1973-04-24,,,,350.38,011.idv.tw (close only)
1973-04-25,,,,342.67,011.idv.tw (close only)
1973-04-26,,,,328.67,011.idv.tw (close only)
1973-04-27,,,,323.53,011.idv.tw (close only)
1973-04-28,,,,323.62,011.idv.tw (close only)
1973-04-30,,,,337.31,011.idv.tw (close only)
1973-05-01,,,,340.05,011.idv.tw (close only)
1973-05-02,,,,336.51,011.idv.tw (close only)
1973-05-03,,,,323.93,011.idv.tw (close only)
1973-05-04,,,,327.73,011.idv.tw (close only)
1973-05-05,,,,323.72,011.idv.tw (close only)
1973-05-07,,,,312.22,011.idv.tw (close only)
1973-05-08,,,,312.25,011.idv.tw (close only)
1973-05-09,,,,311.57,011.idv.tw (close only)
1973-05-10,,,,321.53,011.idv.tw (close only)
1973-05-11,,,,319.73,011.idv.tw (close only)
1973-05-12,,,,318.41,011.idv.tw (close only)
1973-05-14,,,,320.24,011.idv.tw (close only)
1973-05-15,,,,324.49,011.idv.tw (close only)
1973-05-16,,,,334.37,011.idv.tw (close only)
1973-05-17,,,,329.93,011.idv.tw (close only)
1973-05-18,,,,333.53,011.idv.tw (close only)
1973-05-19,,,,335.02,011.idv.tw (close only)
1973-05-21,,,,334.06,011.idv.tw (close only)
1973-05-22,,,,335.11,011.idv.tw (close only)
1973-05-23,,,,340.12,011.idv.tw (close only)
1973-05-24,,,,339.25,011.idv.tw (close only)
1973-05-25,,,,341.00,011.idv.tw (close only)
1973-05-26,,,,345.74,011.idv.tw (close only)
1973-05-28,,,,357.27,011.idv.tw (close only)
1973-05-29,,,,356.84,011.idv.tw (close only)
1973-05-30,,,,364.21,011.idv.tw (close only)
1973-05-31,,,,361.84,011.idv.tw (close only)
1973-06-01,,,,362.95,011.idv.tw (close only)
1973-06-02,,,,362.70,011.idv.tw (close only)
1973-06-04,,,,358.88,011.idv.tw (close only)
1973-06-05,,,,365.09,011.idv.tw (close only)
1973-06-06,,,,368.26,011.idv.tw (close only)
1973-06-07,,,,369.26,011.idv.tw (close only)
1973-06-08,,,,363.05,011.idv.tw (close only)
1973-06-09,,,,365.30,011.idv.tw (close only)
1973-06-11,,,,373.72,011.idv.tw (close only)
1973-06-12,,,,377.33,011.idv.tw (close only)
1973-06-13,,,,382.12,011.idv.tw (close only)
1973-06-14,,,,384.29,011.idv.tw (close only)
1973-06-15,,,,389.78,011.idv.tw (close only)
1973-06-16,,,,391.37,011.idv.tw (close only)
1973-06-18,,,,395.04,011.idv.tw (close only)
1973-06-19,,,,395.88,011.idv.tw (close only)
1973-06-21,,,,391.35,011.idv.tw (close only)
1973-06-22,,,,394.42,011.idv.tw (close only)
1973-06-23,,,,403.41,011.idv.tw (close only)
1973-06-25,,,,410.76,011.idv.tw (close only)
1973-06-26,,,,410.02,011.idv.tw (close only)
1973-06-27,,,,407.79,011.idv.tw (close only)
1973-06-28,,,,408.06,011.idv.tw (close only)
1973-06-29,,,,409.12,011.idv.tw (close only)
1973-06-30,,,,401.31,011.idv.tw (close only)
1973-07-03,,,,404.64,011.idv.tw (close only)
1973-07-04,,,,409.35,011.idv.tw (close only)
1973-07-05,,,,412.81,011.idv.tw (close only)
1973-07-06,,,,414.13,011.idv.tw (close only)
1973-07-07,,,,409.37,011.idv.tw (close only)
1973-07-09,,,,417.20,011.idv.tw (close only)
1973-07-10,,,,416.83,011.idv.tw (close only)
1973-07-11,,,,419.93,011.idv.tw (close only)
1973-07-12,,,,406.14,011.idv.tw (close only)
1973-07-13,,,,406.24,011.idv.tw (close only)
1973-07-14,,,,407.97,011.idv.tw (close only)
1973-07-16,,,,407.20,011.idv.tw (close only)
1973-07-17,,,,398.06,011.idv.tw (close only)
1973-07-18,,,,399.47,011.idv.tw (close only)
1973-07-19,,,,397.73,011.idv.tw (close only)
1973-07-20,,,,404.35,011.idv.tw (close only)
1973-07-21,,,,402.45,011.idv.tw (close only)
1973-07-23,,,,394.92,011.idv.tw (close only)
1973-07-24,,,,395.48,011.idv.tw (close only)
1973-07-25,,,,391.99,011.idv.tw (close only)
1973-07-26,,,,394.92,011.idv.tw (close only)
1973-07-27,,,,393.38,011.idv.tw (close only)
1973-07-28,,,,391.14,011.idv.tw (close only)
1973-07-30,,,,380.05,011.idv.tw (close only)
1973-07-31,,,,380.00,011.idv.tw (close only)
1973-08-01,,,,384.81,011.idv.tw (close only)
1973-08-02,,,,381.65,011.idv.tw (close only)
1973-08-03,,,,381.24,011.idv.tw (close only)
1973-08-04,,,,376.72,011.idv.tw (close only)
1973-08-06,,,,367.54,011.idv.tw (close only)
1973-08-07,,,,367.49,011.idv.tw (close only)
1973-08-08,,,,373.20,011.idv.tw (close only)
1973-08-09,,,,371.21,011.idv.tw (close only)
1973-08-10,,,,372.08,011.idv.tw (close only)
1973-08-11,,,,376.28,011.idv.tw (close only)
1973-08-13,,,,385.18,011.idv.tw (close only)
1973-08-14,,,,386.95,011.idv.tw (close only)
1973-08-15,,,,388.76,011.idv.tw (close only)
1973-08-16,,,,382.71,011.idv.tw (close only)
1973-08-17,,,,389.19,011.idv.tw (close only)
1973-08-18,,,,388.98,011.idv.tw (close only)
1973-08-20,,,,389.40,011.idv.tw (close only)
1973-08-21,,,,395.93,011.idv.tw (close only)
1973-08-22,,,,397.73,011.idv.tw (close only)
1973-08-23,,,,399.64,011.idv.tw (close only)
1973-08-24,,,,395.60,011.idv.tw (close only)
1973-08-25,,,,398.23,011.idv.tw (close only)
1973-08-27,,,,401.13,011.idv.tw (close only)
1973-08-28,,,,396.63,011.idv.tw (close only)
1973-08-29,,,,396.99,011.idv.tw (close only)
1973-08-30,,,,393.34,011.idv.tw (close only)
1973-08-31,,,,394.00,011.idv.tw (close only)
1973-09-01,,,,397.87,011.idv.tw (close only)
1973-09-03,,,,399.15,011.idv.tw (close only)
1973-09-04,,,,394.44,011.idv.tw (close only)
1973-09-05,,,,392.11,011.idv.tw (close only)
1973-09-06,,,,393.92,011.idv.tw (close only)
1973-09-07,,,,392.94,011.idv.tw (close only)
1973-09-08,,,,394.09,011.idv.tw (close only)
1973-09-10,,,,399.33,011.idv.tw (close only)
1973-09-11,,,,401.38,011.idv.tw (close only)
1973-09-12,,,,400.41,011.idv.tw (close only)
1973-09-13,,,,402.91,011.idv.tw (close only)
1973-09-14,,,,404.55,011.idv.tw (close only)
1973-09-15,,,,404.58,011.idv.tw (close only)
1973-09-17,,,,407.38,011.idv.tw (close only)
1973-09-18,,,,413.08,011.idv.tw (close only)
1973-09-19,,,,411.29,011.idv.tw (close only)
1973-09-20,,,,410.54,011.idv.tw (close only)
1973-09-21,,,,413.04,011.idv.tw (close only)
1973-09-22,,,,415.05,011.idv.tw (close only)
1973-09-24,,,,418.29,011.idv.tw (close only)
1973-09-25,,,,422.95,011.idv.tw (close only)
1973-09-26,,,,424.72,011.idv.tw (close only)
1973-09-27,,,,427.97,011.idv.tw (close only)
1973-09-29,,,,421.04,011.idv.tw (close only)
1973-10-01,,,,411.63,011.idv.tw (close only)
1973-10-02,,,,420.55,011.idv.tw (close only)
1973-10-03,,,,422.97,011.idv.tw (close only)
1973-10-04,,,,420.45,011.idv.tw (close only)
1973-10-05,,,,424.56,011.idv.tw (close only)
1973-10-06,,,,426.60,011.idv.tw (close only)
1973-10-08,,,,425.02,011.idv.tw (close only)
1973-10-09,,,,426.51,011.idv.tw (close only)
1973-10-11,,,,426.10,011.idv.tw (close only)
1973-10-12,,,,427.49,011.idv.tw (close only)
1973-10-13,,,,428.83,011.idv.tw (close only)
1973-10-15,,,,425.95,011.idv.tw (close only)
1973-10-16,,,,428.78,011.idv.tw (close only)
1973-10-17,,,,432.18,011.idv.tw (close only)
1973-10-18,,,,430.00,011.idv.tw (close only)
1973-10-19,,,,431.48,011.idv.tw (close only)
1973-10-20,,,,431.76,011.idv.tw (close only)
1973-10-22,,,,437.06,011.idv.tw (close only)
1973-10-23,,,,440.88,011.idv.tw (close only)
1973-10-24,,,,441.45,011.idv.tw (close only)
1973-10-26,,,,445.53,011.idv.tw (close only)
1973-10-27,,,,453.07,011.idv.tw (close only)
1973-10-29,,,,448.84,011.idv.tw (close only)
1973-10-30,,,,453.84,011.idv.tw (close only)
1973-10-31,,,,452.24,011.idv.tw (close only)
1973-11-01,,,,455.96,011.idv.tw (close only)
1973-11-02,,,,460.89,011.idv.tw (close only)
1973-11-03,,,,463.34,011.idv.tw (close only)
1973-11-05,,,,463.66,011.idv.tw (close only)
1973-11-06,,,,464.03,011.idv.tw (close only)
1973-11-07,,,,454.01,011.idv.tw (close only)
1973-11-08,,,,456.29,011.idv.tw (close only)
1973-11-09,,,,459.84,011.idv.tw (close only)
1973-11-10,,,,460.24,011.idv.tw (close only)
1973-11-13,,,,457.14,011.idv.tw (close only)
1973-11-14,,,,462.80,011.idv.tw (close only)
1973-11-15,,,,469.55,011.idv.tw (close only)
1973-11-16,,,,457.26,011.idv.tw (close only)
1973-11-17,,,,471.76,011.idv.tw (close only)
1973-11-19,,,,482.05,011.idv.tw (close only)
1973-11-20,,,,490.34,011.idv.tw (close only)
1973-11-21,,,,493.53,011.idv.tw (close only)
1973-11-22,,,,486.18,011.idv.tw (close only)
1973-11-23,,,,484.90,011.idv.tw (close only)
1973-11-24,,,,485.04,011.idv.tw (close only)
1973-11-26,,,,494.54,011.idv.tw (close only)
1973-11-27,,,,496.66,011.idv.tw (close only)
1973-11-28,,,,493.49,011.idv.tw (close only)
1973-11-29,,,,496.57,011.idv.tw (close only)
1973-11-30,,,,499.22,011.idv.tw (close only)
1973-12-01,,,,496.77,011.idv.tw (close only)
1973-12-03,,,,495.28,011.idv.tw (close only)
1973-12-04,,,,498.08,011.idv.tw (close only)
1973-12-05,,,,501.61,011.idv.tw (close only)
1973-12-06,,,,505.17,011.idv.tw (close only)
1973-12-07,,,,506.29,011.idv.tw (close only)
1973-12-08,,,,506.77,011.idv.tw (close only)
1973-12-10,,,,511.31,011.idv.tw (close only)
1973-12-11,,,,513.46,011.idv.tw (close only)
1973-12-12,,,,514.85,011.idv.tw (close only)
1973-12-13,,,,506.43,011.idv.tw (close only)
1973-12-14,,,,511.83,011.idv.tw (close only)
1973-12-15,,,,510.88,011.idv.tw (close only)
1973-12-17,,,,510.58,011.idv.tw (close only)
1973-12-18,,,,507.25,011.idv.tw (close only)
1973-12-19,,,,502.31,011.idv.tw (close only)
1973-12-21,,,,485.64,011.idv.tw (close only)
1973-12-22,,,,495.57,011.idv.tw (close only)
1973-12-24,,,,507.97,011.idv.tw (close only)
1973-12-26,,,,498.71,011.idv.tw (close only)
1973-12-27,,,,495.51,011.idv.tw (close only)
1973-12-28,,,,495.45,011.idv.tw (close only)
1974-01-04,,,,498.23,011.idv.tw (close only)
1974-01-05,,,,488.80,011.idv.tw (close only)
1974-01-07,,,,472.05,011.idv.tw (close only)
1974-01-08,,,,461.78,011.idv.tw (close only)
1974-01-09,,,,481.18,011.idv.tw (close only)
1974-01-10,,,,479.56,011.idv.tw (close only)
1974-01-11,,,,478.25,011.idv.tw (close only)
1974-01-12,,,,472.10,011.idv.tw (close only)
1974-01-14,,,,466.14,011.idv.tw (close only)
1974-01-15,,,,474.09,011.idv.tw (close only)
1974-01-16,,,,480.83,011.idv.tw (close only)
1974-01-17,,,,480.84,011.idv.tw (close only)
1974-01-18,,,,482.27,011.idv.tw (close only)
1974-01-19,,,,496.55,011.idv.tw (close only)
1974-01-28,,,,493.97,011.idv.tw (close only)
1974-01-29,,,,484.08,011.idv.tw (close only)
1974-01-30,,,,488.37,011.idv.tw (close only)
1974-01-31,,,,487.62,011.idv.tw (close only)
1974-02-01,,,,482.92,011.idv.tw (close only)
1974-02-02,,,,480.34,011.idv.tw (close only)
1974-02-04,,,,469.52,011.idv.tw (close only)
1974-02-05,,,,463.23,011.idv.tw (close only)
1974-02-06,,,,451.08,011.idv.tw (close only)
1974-02-07,,,,449.75,011.idv.tw (close only)
1974-02-08,,,,455.40,011.idv.tw (close only)
1974-02-09,,,,461.33,011.idv.tw (close only)
1974-02-11,,,,463.36,011.idv.tw (close only)
1974-02-12,,,,451.87,011.idv.tw (close only)
1974-02-13,,,,455.60,011.idv.tw (close only)
1974-02-14,,,,438.36,011.idv.tw (close only)
1974-02-15,,,,434.96,011.idv.tw (close only)
1974-02-16,,,,418.87,011.idv.tw (close only)
1974-02-18,,,,399.78,011.idv.tw (close only)
1974-02-19,,,,400.71,011.idv.tw (close only)
1974-02-20,,,,417.63,011.idv.tw (close only)
1974-02-21,,,,429.53,011.idv.tw (close only)
1974-02-22,,,,426.90,011.idv.tw (close only)
1974-02-23,,,,422.87,011.idv.tw (close only)
1974-02-25,,,,419.64,011.idv.tw (close only)
1974-02-26,,,,416.93,011.idv.tw (close only)
1974-02-27,,,,418.13,011.idv.tw (close only)
1974-02-28,,,,414.59,011.idv.tw (close only)
1974-03-01,,,,411.06,011.idv.tw (close only)
1974-03-02,,,,408.21,011.idv.tw (close only)
1974-03-04,,,,405.83,011.idv.tw (close only)
1974-03-05,,,,403.61,011.idv.tw (close only)
1974-03-06,,,,400.88,011.idv.tw (close only)
1974-03-07,,,,397.79,011.idv.tw (close only)
1974-03-08,,,,395.19,011.idv.tw (close only)
1974-03-09,,,,392.83,011.idv.tw (close only)
1974-03-11,,,,392.54,011.idv.tw (close only)
1974-03-12,,,,398.28,011.idv.tw (close only)
1974-03-13,,,,408.50,011.idv.tw (close only)
1974-03-14,,,,409.15,011.idv.tw (close only)
1974-03-15,,,,408.68,011.idv.tw (close only)
1974-03-16,,,,407.81,011.idv.tw (close only)
1974-03-18,,,,411.81,011.idv.tw (close only)
1974-03-19,,,,419.36,011.idv.tw (close only)
1974-03-20,,,,425.89,011.idv.tw (close only)
1974-03-21,,,,436.83,011.idv.tw (close only)
1974-03-22,,,,438.88,011.idv.tw (close only)
1974-03-23,,,,438.96,011.idv.tw (close only)
1974-03-25,,,,442.26,011.idv.tw (close only)
1974-03-26,,,,443.07,011.idv.tw (close only)
1974-03-27,,,,442.24,011.idv.tw (close only)
1974-03-28,,,,440.76,011.idv.tw (close only)
1974-03-30,,,,440.10,011.idv.tw (close only)
1974-04-01,,,,439.45,011.idv.tw (close only)
1974-04-02,,,,438.67,011.idv.tw (close only)
1974-04-03,,,,438.06,011.idv.tw (close only)
1974-04-04,,,,437.30,011.idv.tw (close only)
1974-04-06,,,,436.03,011.idv.tw (close only)
1974-04-08,,,,435.32,011.idv.tw (close only)
1974-04-09,,,,434.82,011.idv.tw (close only)
1974-04-10,,,,434.42,011.idv.tw (close only)
1974-04-11,,,,434.26,011.idv.tw (close only)
1974-04-12,,,,433.87,011.idv.tw (close only)
1974-04-13,,,,433.37,011.idv.tw (close only)
1974-04-15,,,,432.40,011.idv.tw (close only)
1974-04-16,,,,430.99,011.idv.tw (close only)
1974-04-17,,,,429.76,011.idv.tw (close only)
1974-04-18,,,,428.33,011.idv.tw (close only)
1974-04-19,,,,426.27,011.idv.tw (close only)
1974-04-20,,,,424.34,011.idv.tw (close only)
1974-04-22,,,,422.54,011.idv.tw (close only)
1974-04-23,,,,420.28,011.idv.tw (close only)
1974-04-24,,,,418.30,011.idv.tw (close only)
1974-04-25,,,,416.19,011.idv.tw (close only)
1974-04-26,,,,414.00,011.idv.tw (close only)
1974-04-27,,,,411.57,011.idv.tw (close only)
1974-04-29,,,,406.97,011.idv.tw (close only)
1974-04-30,,,,409.97,011.idv.tw (close only)
1974-05-01,,,,406.30,011.idv.tw (close only)
1974-05-02,,,,404.86,011.idv.tw (close only)
1974-05-03,,,,402.81,011.idv.tw (close only)
1974-05-04,,,,400.23,011.idv.tw (close only)
1974-05-06,,,,399.16,011.idv.tw (close only)
1974-05-07,,,,397.40,011.idv.tw (close only)
1974-05-08,,,,397.03,011.idv.tw (close only)
1974-05-09,,,,396.23,011.idv.tw (close only)
1974-05-10,,,,394.05,011.idv.tw (close only)
1974-05-11,,,,393.29,011.idv.tw (close only)
1974-05-13,,,,393.19,011.idv.tw (close only)
1974-05-14,,,,392.07,011.idv.tw (close only)
1974-05-15,,,,390.05,011.idv.tw (close only)
1974-05-16,,,,387.85,011.idv.tw (close only)
1974-05-17,,,,386.08,011.idv.tw (close only)
1974-05-18,,,,384.01,011.idv.tw (close only)
1974-05-20,,,,381.73,011.idv.tw (close only)
1974-05-21,,,,372.42,011.idv.tw (close only)
1974-05-22,,,,368.04,011.idv.tw (close only)
1974-05-23,,,,368.39,011.idv.tw (close only)
1974-05-24,,,,363.58,011.idv.tw (close only)
1974-05-25,,,,359.56,011.idv.tw (close only)
1974-05-27,,,,351.91,011.idv.tw (close only)
1974-05-28,,,,344.38,011.idv.tw (close only)
1974-05-29,,,,336.52,011.idv.tw (close only)
1974-05-30,,,,330.38,011.idv.tw (close only)
1974-05-31,,,,323.44,011.idv.tw (close only)
1974-06-01,,,,325.09,011.idv.tw (close only)
1974-06-03,,,,331.41,011.idv.tw (close only)
1974-06-04,,,,335.57,011.idv.tw (close only)
1974-06-05,,,,343.01,011.idv.tw (close only)
1974-06-06,,,,336.92,011.idv.tw (close only)
1974-06-07,,,,343.07,011.idv.tw (close only)
1974-06-08,,,,346.88,011.idv.tw (close only)
1974-06-10,,,,355.17,011.idv.tw (close only)
1974-06-11,,,,363.82,011.idv.tw (close only)
1974-06-12,,,,373.07,011.idv.tw (close only)
1974-06-13,,,,382.48,011.idv.tw (close only)
1974-06-14,,,,374.22,011.idv.tw (close only)
1974-06-15,,,,383.20,011.idv.tw (close only)
1974-06-17,,,,394.52,011.idv.tw (close only)
1974-06-18,,,,394.59,011.idv.tw (close only)
1974-06-19,,,,387.85,011.idv.tw (close only)
1974-06-21,,,,380.16,011.idv.tw (close only)
1974-06-22,,,,390.76,011.idv.tw (close only)
1974-06-24,,,,390.12,011.idv.tw (close only)
1974-06-25,,,,391.49,011.idv.tw (close only)
1974-06-26,,,,384.11,011.idv.tw (close only)
1974-06-27,,,,369.51,011.idv.tw (close only)
1974-06-28,,,,375.92,011.idv.tw (close only)
1974-06-29,,,,374.44,011.idv.tw (close only)
1974-07-03,,,,369.75,011.idv.tw (close only)
1974-07-04,,,,375.24,011.idv.tw (close only)
1974-07-05,,,,376.37,011.idv.tw (close only)
1974-07-06,,,,374.15,011.idv.tw (close only)
1974-07-08,,,,377.60,011.idv.tw (close only)
1974-07-09,,,,386.30,011.idv.tw (close only)
1974-07-10,,,,382.72,011.idv.tw (close only)
1974-07-11,,,,385.99,011.idv.tw (close only)
1974-07-12,,,,387.60,011.idv.tw (close only)
1974-07-13,,,,389.56,011.idv.tw (close only)
1974-07-15,,,,389.12,011.idv.tw (close only)
1974-07-16,,,,384.94,011.idv.tw (close only)
1974-07-17,,,,386.92,011.idv.tw (close only)
1974-07-18,,,,391.84,011.idv.tw (close only)
1974-07-19,,,,387.30,011.idv.tw (close only)
1974-07-20,,,,388.15,011.idv.tw (close only)
1974-07-22,,,,382.28,011.idv.tw (close only)
1974-07-23,,,,378.29,011.idv.tw (close only)
1974-07-24,,,,381.33,011.idv.tw (close only)
1974-07-25,,,,377.95,011.idv.tw (close only)
1974-07-26,,,,374.46,011.idv.tw (close only)
1974-07-27,,,,370.71,011.idv.tw (close only)
1974-07-29,,,,369.96,011.idv.tw (close only)
1974-07-30,,,,378.70,011.idv.tw (close only)
1974-07-31,,,,376.77,011.idv.tw (close only)
1974-08-01,,,,377.62,011.idv.tw (close only)
1974-08-02,,,,374.51,011.idv.tw (close only)
1974-08-03,,,,372.82,011.idv.tw (close only)
1974-08-05,,,,365.57,011.idv.tw (close only)
1974-08-06,,,,356.36,011.idv.tw (close only)
1974-08-07,,,,362.04,011.idv.tw (close only)
1974-08-08,,,,352.30,011.idv.tw (close only)
1974-08-09,,,,351.41,011.idv.tw (close only)
1974-08-10,,,,357.42,011.idv.tw (close only)
1974-08-12,,,,352.05,011.idv.tw (close only)
1974-08-13,,,,352.07,011.idv.tw (close only)
1974-08-14,,,,344.76,011.idv.tw (close only)
1974-08-15,,,,334.96,011.idv.tw (close only)
1974-08-16,,,,338.50,011.idv.tw (close only)
1974-08-17,,,,328.48,011.idv.tw (close only)
1974-08-19,,,,317.17,011.idv.tw (close only)
1974-08-20,,,,319.06,011.idv.tw (close only)
1974-08-21,,,,310.30,011.idv.tw (close only)
1974-08-22,,,,315.69,011.idv.tw (close only)
1974-08-23,,,,319.58,011.idv.tw (close only)
1974-08-24,,,,329.68,011.idv.tw (close only)
1974-08-26,,,,327.16,011.idv.tw (close only)
1974-08-27,,,,316.73,011.idv.tw (close only)
1974-08-28,,,,317.55,011.idv.tw (close only)
1974-08-29,,,,307.15,011.idv.tw (close only)
1974-08-30,,,,305.83,011.idv.tw (close only)
1974-08-31,,,,303.28,011.idv.tw (close only)
1974-09-02,,,,294.27,011.idv.tw (close only)
1974-09-03,,,,293.32,011.idv.tw (close only)
1974-09-04,,,,287.97,011.idv.tw (close only)
1974-09-05,,,,282.86,011.idv.tw (close only)
1974-09-06,,,,286.48,011.idv.tw (close only)
1974-09-07,,,,291.77,011.idv.tw (close only)
1974-09-09,,,,283.69,011.idv.tw (close only)
1974-09-10,,,,280.20,011.idv.tw (close only)
1974-09-11,,,,286.70,011.idv.tw (close only)
1974-09-12,,,,296.44,011.idv.tw (close only)
1974-09-13,,,,298.19,011.idv.tw (close only)
1974-09-14,,,,291.88,011.idv.tw (close only)
1974-09-16,,,,289.69,011.idv.tw (close only)
1974-09-17,,,,293.60,011.idv.tw (close only)
1974-09-18,,,,298.10,011.idv.tw (close only)
1974-09-19,,,,290.16,011.idv.tw (close only)
1974-09-20,,,,295.03,011.idv.tw (close only)
1974-09-21,,,,295.07,011.idv.tw (close only)
1974-09-23,,,,297.75,011.idv.tw (close only)
1974-09-24,,,,297.04,011.idv.tw (close only)
1974-09-25,,,,297.80,011.idv.tw (close only)
1974-09-26,,,,303.54,011.idv.tw (close only)
1974-09-27,,,,302.53,011.idv.tw (close only)
1974-10-01,,,,301.79,011.idv.tw (close only)
1974-10-02,,,,295.21,011.idv.tw (close only)
1974-10-03,,,,294.77,011.idv.tw (close only)
1974-10-04,,,,289.48,011.idv.tw (close only)
1974-10-05,,,,285.63,011.idv.tw (close only)
1974-10-07,,,,283.00,011.idv.tw (close only)
1974-10-08,,,,287.14,011.idv.tw (close only)
1974-10-09,,,,279.25,011.idv.tw (close only)
1974-10-11,,,,269.58,011.idv.tw (close only)
1974-10-12,,,,267.81,011.idv.tw (close only)
1974-10-14,,,,270.76,011.idv.tw (close only)
1974-10-15,,,,263.09,011.idv.tw (close only)
1974-10-16,,,,254.35,011.idv.tw (close only)
1974-10-17,,,,255.66,011.idv.tw (close only)
1974-10-18,,,,245.55,011.idv.tw (close only)
1974-10-19,,,,236.14,011.idv.tw (close only)
1974-10-21,,,,225.02,011.idv.tw (close only)
1974-10-22,,,,221.57,011.idv.tw (close only)
1974-10-23,,,,212.94,011.idv.tw (close only)
1974-10-24,,,,220.09,011.idv.tw (close only)
1974-10-26,,,,229.19,011.idv.tw (close only)
1974-10-28,,,,231.22,011.idv.tw (close only)
1974-10-29,,,,222.05,011.idv.tw (close only)
1974-10-30,,,,229.27,011.idv.tw (close only)
1974-10-31,,,,220.95,011.idv.tw (close only)
1974-11-01,,,,214.46,011.idv.tw (close only)
1974-11-02,,,,214.17,011.idv.tw (close only)
1974-11-04,,,,206.51,011.idv.tw (close only)
1974-11-05,,,,198.41,011.idv.tw (close only)
1974-11-06,,,,203.26,011.idv.tw (close only)
1974-11-07,,,,197.27,011.idv.tw (close only)
1974-11-08,,,,191.39,011.idv.tw (close only)
1974-11-09,,,,192.04,011.idv.tw (close only)
1974-11-11,,,,199.39,011.idv.tw (close only)
1974-11-13,,,,207.54,011.idv.tw (close only)
1974-11-14,,,,207.19,011.idv.tw (close only)
1974-11-15,,,,215.79,011.idv.tw (close only)
1974-11-16,,,,218.97,011.idv.tw (close only)
1974-11-18,,,,210.23,011.idv.tw (close only)
1974-11-19,,,,205.29,011.idv.tw (close only)
1974-11-20,,,,208.92,011.idv.tw (close only)
1974-11-21,,,,206.32,011.idv.tw (close only)
1974-11-22,,,,210.30,011.idv.tw (close only)
1974-11-23,,,,214.73,011.idv.tw (close only)
1974-11-25,,,,223.36,011.idv.tw (close only)
1974-11-26,,,,225.64,011.idv.tw (close only)
1974-11-27,,,,217.83,011.idv.tw (close only)
1974-11-28,,,,209.33,011.idv.tw (close only)
1974-11-29,,,,216.71,011.idv.tw (close only)
1974-11-30,,,,214.46,011.idv.tw (close only)
1974-12-02,,,,212.64,011.idv.tw (close only)
1974-12-03,,,,212.70,011.idv.tw (close only)
1974-12-04,,,,214.33,011.idv.tw (close only)
1974-12-05,,,,212.19,011.idv.tw (close only)
1974-12-06,,,,208.19,011.idv.tw (close only)
1974-12-07,,,,209.11,011.idv.tw (close only)
1974-12-09,,,,211.61,011.idv.tw (close only)
1974-12-10,,,,215.03,011.idv.tw (close only)
1974-12-11,,,,211.51,011.idv.tw (close only)
1974-12-12,,,,212.01,011.idv.tw (close only)
1974-12-13,,,,208.31,011.idv.tw (close only)
1974-12-14,,,,202.73,011.idv.tw (close only)
1974-12-16,,,,201.15,011.idv.tw (close only)
1974-12-17,,,,197.95,011.idv.tw (close only)
1974-12-18,,,,198.74,011.idv.tw (close only)
1974-12-19,,,,194.70,011.idv.tw (close only)
1974-12-21,,,,188.74,011.idv.tw (close only)
1974-12-23,,,,190.12,011.idv.tw (close only)
1974-12-24,,,,189.40,011.idv.tw (close only)
1974-12-26,,,,194.85,011.idv.tw (close only)
1974-12-27,,,,188.83,011.idv.tw (close only)
1974-12-28,,,,190.68,011.idv.tw (close only)
1974-12-30,,,,193.06,011.idv.tw (close only)
1975-01-04,,,,190.80,011.idv.tw (close only)
1975-01-06,,,,190.18,011.idv.tw (close only)
1975-01-07,,,,194.31,011.idv.tw (close only)
1975-01-08,,,,195.16,011.idv.tw (close only)
1975-01-09,,,,202.16,011.idv.tw (close only)
1975-01-10,,,,203.42,011.idv.tw (close only)
1975-01-11,,,,206.74,011.idv.tw (close only)
1975-01-13,,,,213.79,011.idv.tw (close only)
1975-01-14,,,,209.06,011.idv.tw (close only)
1975-01-15,,,,207.10,011.idv.tw (close only)
1975-01-16,,,,214.13,011.idv.tw (close only)
1975-01-17,,,,214.27,011.idv.tw (close only)
1975-01-18,,,,214.48,011.idv.tw (close only)
1975-01-20,,,,219.76,011.idv.tw (close only)
1975-01-21,,,,218.55,011.idv.tw (close only)
1975-01-22,,,,224.18,011.idv.tw (close only)
1975-01-23,,,,232.74,011.idv.tw (close only)
1975-01-24,,,,237.32,011.idv.tw (close only)
1975-01-25,,,,233.17,011.idv.tw (close only)
1975-01-27,,,,239.37,011.idv.tw (close only)
1975-01-28,,,,249.62,011.idv.tw (close only)
1975-01-29,,,,259.63,011.idv.tw (close only)
1975-01-30,,,,256.14,011.idv.tw (close only)
1975-01-31,,,,248.70,011.idv.tw (close only)
1975-02-01,,,,244.44,011.idv.tw (close only)
1975-02-03,,,,254.51,011.idv.tw (close only)
1975-02-04,,,,260.91,011.idv.tw (close only)
1975-02-05,,,,252.43,011.idv.tw (close only)
1975-02-06,,,,258.41,011.idv.tw (close only)
1975-02-07,,,,265.21,011.idv.tw (close only)
1975-02-15,,,,268.78,011.idv.tw (close only)
1975-02-17,,,,268.02,011.idv.tw (close only)
1975-02-18,,,,266.96,011.idv.tw (close only)
1975-02-19,,,,278.76,011.idv.tw (close only)
1975-02-20,,,,280.94,011.idv.tw (close only)
1975-02-21,,,,281.84,011.idv.tw (close only)
1975-02-22,,,,281.12,011.idv.tw (close only)
1975-02-24,,,,272.35,011.idv.tw (close only)
1975-02-25,,,,272.09,011.idv.tw (close only)
1975-02-26,,,,274.28,011.idv.tw (close only)
1975-02-27,,,,266.36,011.idv.tw (close only)
1975-02-28,,,,266.67,011.idv.tw (close only)
1975-03-01,,,,261.78,011.idv.tw (close only)
1975-03-03,,,,260.16,011.idv.tw (close only)
1975-03-04,,,,264.56,011.idv.tw (close only)
1975-03-05,,,,271.47,011.idv.tw (close only)
1975-03-06,,,,270.64,011.idv.tw (close only)
1975-03-07,,,,266.97,011.idv.tw (close only)
1975-03-08,,,,273.20,011.idv.tw (close only)
1975-03-10,,,,267.87,011.idv.tw (close only)
1975-03-11,,,,267.70,011.idv.tw (close only)
1975-03-12,,,,262.55,011.idv.tw (close only)
1975-03-13,,,,263.12,011.idv.tw (close only)
1975-03-14,,,,261.15,011.idv.tw (close only)
1975-03-15,,,,267.26,011.idv.tw (close only)
1975-03-17,,,,265.12,011.idv.tw (close only)
1975-03-18,,,,264.74,011.idv.tw (close only)
1975-03-19,,,,267.49,011.idv.tw (close only)
1975-03-20,,,,264.36,011.idv.tw (close only)
1975-03-21,,,,265.70,011.idv.tw (close only)
1975-03-22,,,,263.99,011.idv.tw (close only)
1975-03-24,,,,254.63,011.idv.tw (close only)
1975-03-25,,,,253.02,011.idv.tw (close only)
1975-03-26,,,,244.62,011.idv.tw (close only)
1975-03-27,,,,251.83,011.idv.tw (close only)
1975-03-28,,,,248.96,011.idv.tw (close only)
1975-03-31,,,,243.92,011.idv.tw (close only)
1975-04-01,,,,247.72,011.idv.tw (close only)
1975-04-02,,,,244.56,011.idv.tw (close only)
1975-04-03,,,,248.07,011.idv.tw (close only)
1975-04-04,,,,257.08,011.idv.tw (close only)
1975-04-07,,,,255.95,011.idv.tw (close only)
1975-04-08,,,,253.07,011.idv.tw (close only)
1975-04-09,,,,255.87,011.idv.tw (close only)
1975-04-10,,,,258.70,011.idv.tw (close only)
1975-04-11,,,,260.61,011.idv.tw (close only)
1975-04-12,,,,268.72,011.idv.tw (close only)
1975-04-14,,,,272.92,011.idv.tw (close only)
1975-04-15,,,,270.40,011.idv.tw (close only)
1975-04-17,,,,281.83,011.idv.tw (close only)
1975-04-18,,,,280.04,011.idv.tw (close only)
1975-04-19,,,,283.12,011.idv.tw (close only)
1975-04-21,,,,275.89,011.idv.tw (close only)
1975-04-22,,,,272.62,011.idv.tw (close only)
1975-04-23,,,,271.23,011.idv.tw (close only)
1975-04-24,,,,273.80,011.idv.tw (close only)
1975-04-25,,,,268.69,011.idv.tw (close only)
1975-04-26,,,,272.48,011.idv.tw (close only)
1975-04-28,,,,278.24,011.idv.tw (close only)
1975-04-29,,,,276.13,011.idv.tw (close only)
1975-04-30,,,,284.36,011.idv.tw (close only)
1975-05-01,,,,283.05,011.idv.tw (close only)
1975-05-02,,,,288.92,011.idv.tw (close only)
1975-05-03,,,,288.93,011.idv.tw (close only)
1975-05-05,,,,295.26,011.idv.tw (close only)
1975-05-06,,,,298.59,011.idv.tw (close only)
1975-05-07,,,,294.51,011.idv.tw (close only)
1975-05-08,,,,298.39,011.idv.tw (close only)
1975-05-09,,,,300.81,011.idv.tw (close only)
1975-05-10,,,,304.24,011.idv.tw (close only)
1975-05-12,,,,305.28,011.idv.tw (close only)
1975-05-13,,,,304.50,011.idv.tw (close only)
1975-05-14,,,,307.99,011.idv.tw (close only)
1975-05-15,,,,307.05,011.idv.tw (close only)
1975-05-16,,,,303.29,011.idv.tw (close only)
1975-05-17,,,,305.00,011.idv.tw (close only)
1975-05-19,,,,315.24,011.idv.tw (close only)
1975-05-20,,,,316.94,011.idv.tw (close only)
1975-05-21,,,,327.02,011.idv.tw (close only)
1975-05-22,,,,324.96,011.idv.tw (close only)
1975-05-23,,,,330.73,011.idv.tw (close only)
1975-05-24,,,,338.78,011.idv.tw (close only)
1975-05-26,,,,337.58,011.idv.tw (close only)
1975-05-27,,,,343.73,011.idv.tw (close only)
1975-05-28,,,,345.28,011.idv.tw (close only)
1975-05-29,,,,348.87,011.idv.tw (close only)
1975-05-30,,,,358.78,011.idv.tw (close only)
1975-05-31,,,,372.38,011.idv.tw (close only)
1975-06-02,,,,389.10,011.idv.tw (close only)
1975-06-03,,,,406.91,011.idv.tw (close only)
1975-06-04,,,,396.21,011.idv.tw (close only)
1975-06-05,,,,394.98,011.idv.tw (close only)
1975-06-06,,,,407.34,011.idv.tw (close only)
1975-06-07,,,,422.01,011.idv.tw (close only)
1975-06-09,,,,429.02,011.idv.tw (close only)
1975-06-10,,,,418.11,011.idv.tw (close only)
1975-06-11,,,,419.31,011.idv.tw (close only)
1975-06-12,,,,403.28,011.idv.tw (close only)
1975-06-13,,,,389.22,011.idv.tw (close only)
1975-06-16,,,,390.38,011.idv.tw (close only)
1975-06-17,,,,390.10,011.idv.tw (close only)
1975-06-18,,,,401.58,011.idv.tw (close only)
1975-06-19,,,,394.72,011.idv.tw (close only)
1975-06-20,,,,378.78,011.idv.tw (close only)
1975-06-21,,,,377.16,011.idv.tw (close only)
1975-06-23,,,,363.80,011.idv.tw (close only)
1975-06-24,,,,369.46,011.idv.tw (close only)
1975-06-25,,,,355.68,011.idv.tw (close only)
1975-06-26,,,,342.87,011.idv.tw (close only)
1975-06-27,,,,356.18,011.idv.tw (close only)
1975-06-28,,,,358.03,011.idv.tw (close only)
1975-06-30,,,,357.88,011.idv.tw (close only)
1975-07-03,,,,373.25,011.idv.tw (close only)
1975-07-04,,,,379.67,011.idv.tw (close only)
1975-07-05,,,,377.97,011.idv.tw (close only)
1975-07-07,,,,383.15,011.idv.tw (close only)
1975-07-08,,,,370.64,011.idv.tw (close only)
1975-07-09,,,,372.41,011.idv.tw (close only)
1975-07-10,,,,370.61,011.idv.tw (close only)
1975-07-11,,,,376.62,011.idv.tw (close only)
1975-07-12,,,,358.09,011.idv.tw (close only)
1975-07-14,,,,359.19,011.idv.tw (close only)
1975-07-15,,,,351.82,011.idv.tw (close only)
1975-07-16,,,,352.84,011.idv.tw (close only)
1975-07-17,,,,352.84,011.idv.tw (close only)
1975-07-18,,,,343.44,011.idv.tw (close only)
1975-07-19,,,,352.17,011.idv.tw (close only)
1975-07-21,,,,350.63,011.idv.tw (close only)
1975-07-22,,,,346.34,011.idv.tw (close only)
1975-07-23,,,,343.83,011.idv.tw (close only)
1975-07-24,,,,354.15,011.idv.tw (close only)
1975-07-25,,,,349.71,011.idv.tw (close only)
1975-07-26,,,,350.69,011.idv.tw (close only)
1975-07-28,,,,364.03,011.idv.tw (close only)
1975-07-29,,,,361.97,011.idv.tw (close only)
1975-07-30,,,,365.47,011.idv.tw (close only)
1975-07-31,,,,369.73,011.idv.tw (close only)
1975-08-01,,,,371.55,011.idv.tw (close only)
1975-08-02,,,,372.34,011.idv.tw (close only)
1975-08-04,,,,377.39,011.idv.tw (close only)
1975-08-05,,,,379.21,011.idv.tw (close only)
1975-08-06,,,,372.93,011.idv.tw (close only)
1975-08-07,,,,372.24,011.idv.tw (close only)
1975-08-08,,,,376.68,011.idv.tw (close only)
1975-08-09,,,,374.99,011.idv.tw (close only)
1975-08-11,,,,378.94,011.idv.tw (close only)
1975-08-12,,,,382.60,011.idv.tw (close only)
1975-08-13,,,,392.82,011.idv.tw (close only)
1975-08-14,,,,393.85,011.idv.tw (close only)
1975-08-15,,,,389.38,011.idv.tw (close only)
1975-08-16,,,,393.74,011.idv.tw (close only)
1975-08-18,,,,392.21,011.idv.tw (close only)
1975-08-19,,,,378.16,011.idv.tw (close only)
1975-08-20,,,,378.96,011.idv.tw (close only)
1975-08-21,,,,369.15,011.idv.tw (close only)
1975-08-22,,,,369.12,011.idv.tw (close only)
1975-08-23,,,,375.38,011.idv.tw (close only)
1975-08-25,,,,374.39,011.idv.tw (close only)
1975-08-26,,,,377.81,011.idv.tw (close only)
1975-08-27,,,,380.29,011.idv.tw (close only)
1975-08-28,,,,378.36,011.idv.tw (close only)
1975-08-29,,,,379.64,011.idv.tw (close only)
1975-08-30,,,,387.37,011.idv.tw (close only)
1975-09-01,,,,387.05,011.idv.tw (close only)
1975-09-02,,,,385.67,011.idv.tw (close only)
1975-09-03,,,,382.14,011.idv.tw (close only)
1975-09-04,,,,380.18,011.idv.tw (close only)
1975-09-05,,,,380.39,011.idv.tw (close only)
1975-09-06,,,,381.82,011.idv.tw (close only)
1975-09-08,,,,376.65,011.idv.tw (close only)
1975-09-09,,,,369.28,011.idv.tw (close only)
1975-09-10,,,,369.23,011.idv.tw (close only)
1975-09-11,,,,365.21,011.idv.tw (close only)
1975-09-12,,,,359.28,011.idv.tw (close only)
1975-09-13,,,,365.77,011.idv.tw (close only)
1975-09-15,,,,364.29,011.idv.tw (close only)
1975-09-16,,,,359.03,011.idv.tw (close only)
1975-09-17,,,,348.07,011.idv.tw (close only)
1975-09-18,,,,362.20,011.idv.tw (close only)
1975-09-19,,,,368.56,011.idv.tw (close only)
1975-09-22,,,,360.87,011.idv.tw (close only)
1975-09-23,,,,369.44,011.idv.tw (close only)
1975-09-24,,,,368.35,011.idv.tw (close only)
1975-09-25,,,,369.82,011.idv.tw (close only)
1975-09-26,,,,375.17,011.idv.tw (close only)
1975-09-27,,,,365.64,011.idv.tw (close only)
1975-09-30,,,,358.92,011.idv.tw (close only)
1975-10-01,,,,355.40,011.idv.tw (close only)
1975-10-02,,,,353.41,011.idv.tw (close only)
1975-10-03,,,,356.05,011.idv.tw (close only)
1975-10-04,,,,357.27,011.idv.tw (close only)
1975-10-06,,,,356.27,011.idv.tw (close only)
1975-10-07,,,,352.40,011.idv.tw (close only)
1975-10-08,,,,348.47,011.idv.tw (close only)
1975-10-09,,,,342.55,011.idv.tw (close only)
1975-10-13,,,,336.38,011.idv.tw (close only)
1975-10-14,,,,336.43,011.idv.tw (close only)
1975-10-15,,,,342.32,011.idv.tw (close only)
1975-10-16,,,,340.91,011.idv.tw (close only)
1975-10-17,,,,348.04,011.idv.tw (close only)
1975-10-18,,,,349.32,011.idv.tw (close only)
1975-10-20,,,,347.92,011.idv.tw (close only)
1975-10-21,,,,346.57,011.idv.tw (close only)
1975-10-22,,,,352.18,011.idv.tw (close only)
1975-10-23,,,,354.01,011.idv.tw (close only)
1975-10-24,,,,355.74,011.idv.tw (close only)
1975-10-27,,,,349.46,011.idv.tw (close only)
1975-10-28,,,,345.37,011.idv.tw (close only)
1975-10-29,,,,345.51,011.idv.tw (close only)
1975-10-30,,,,339.41,011.idv.tw (close only)
1975-11-01,,,,337.63,011.idv.tw (close only)
1975-11-03,,,,340.67,011.idv.tw (close only)
1975-11-04,,,,333.27,011.idv.tw (close only)
1975-11-05,,,,335.59,011.idv.tw (close only)
1975-11-06,,,,333.63,011.idv.tw (close only)
1975-11-07,,,,333.46,011.idv.tw (close only)
1975-11-08,,,,336.49,011.idv.tw (close only)
1975-11-10,,,,342.76,011.idv.tw (close only)
1975-11-11,,,,339.47,011.idv.tw (close only)
1975-11-13,,,,329.90,011.idv.tw (close only)
1975-11-14,,,,329.36,011.idv.tw (close only)
1975-11-15,,,,325.80,011.idv.tw (close only)
1975-11-17,,,,322.25,011.idv.tw (close only)
1975-11-18,,,,318.24,011.idv.tw (close only)
1975-11-19,,,,318.85,011.idv.tw (close only)
1975-11-20,,,,315.06,011.idv.tw (close only)
1975-11-21,,,,305.68,011.idv.tw (close only)
1975-11-22,,,,299.25,011.idv.tw (close only)
1975-11-24,,,,311.80,011.idv.tw (close only)
1975-11-25,,,,305.95,011.idv.tw (close only)
1975-11-26,,,,311.89,011.idv.tw (close only)
1975-11-27,,,,312.61,011.idv.tw (close only)
1975-11-28,,,,302.78,011.idv.tw (close only)
1975-11-29,,,,302.78,011.idv.tw (close only)
1975-12-01,,,,311.32,011.idv.tw (close only)
1975-12-02,,,,310.27,011.idv.tw (close only)
1975-12-03,,,,308.22,011.idv.tw (close only)
1975-12-04,,,,317.17,011.idv.tw (close only)
1975-12-05,,,,315.43,011.idv.tw (close only)
1975-12-06,,,,312.36,011.idv.tw (close only)
1975-12-08,,,,311.85,011.idv.tw (close only)
1975-12-09,,,,306.61,011.idv.tw (close only)
1975-12-10,,,,300.00,011.idv.tw (close only)
1975-12-11,,,,299.59,011.idv.tw (close only)
1975-12-12,,,,293.62,011.idv.tw (close only)
1975-12-13,,,,293.10,011.idv.tw (close only)
1975-12-15,,,,292.03,011.idv.tw (close only)
1975-12-16,,,,296.92,011.idv.tw (close only)
1975-12-17,,,,295.83,011.idv.tw (close only)
1975-12-18,,,,302.19,011.idv.tw (close only)
1975-12-19,,,,306.22,011.idv.tw (close only)
1975-12-20,,,,307.30,011.idv.tw (close only)
1975-12-22,,,,305.03,011.idv.tw (close only)
1975-12-23,,,,316.56,011.idv.tw (close only)
1975-12-24,,,,313.81,011.idv.tw (close only)
1975-12-26,,,,319.52,011.idv.tw (close only)
1975-12-27,,,,323.67,011.idv.tw (close only)
1975-12-29,,,,330.34,011.idv.tw (close only)
1975-12-30,,,,330.08,011.idv.tw (close only)
1976-01-05,,,,338.77,011.idv.tw (close only)
1976-01-06,,,,339.72,011.idv.tw (close only)
1976-01-07,,,,341.95,011.idv.tw (close only)
1976-01-08,,,,351.47,011.idv.tw (close only)
1976-01-09,,,,354.11,011.idv.tw (close only)
1976-01-10,,,,354.22,011.idv.tw (close only)
1976-01-12,,,,367.35,011.idv.tw (close only)
1976-01-13,,,,367.33,011.idv.tw (close only)
1976-01-14,,,,352.96,011.idv.tw (close only)
1976-01-15,,,,355.14,011.idv.tw (close only)
1976-01-16,,,,358.58,011.idv.tw (close only)
1976-01-17,,,,362.23,011.idv.tw (close only)
1976-01-19,,,,362.96,011.idv.tw (close only)
1976-01-20,,,,358.78,011.idv.tw (close only)
1976-01-21,,,,370.69,011.idv.tw (close only)
1976-01-22,,,,371.55,011.idv.tw (close only)
1976-01-23,,,,372.31,011.idv.tw (close only)
1976-01-24,,,,375.02,011.idv.tw (close only)
1976-01-26,,,,379.09,011.idv.tw (close only)
1976-01-27,,,,385.30,011.idv.tw (close only)
1976-01-28,,,,388.00,011.idv.tw (close only)
1976-02-04,,,,376.55,011.idv.tw (close only)
1976-02-05,,,,386.44,011.idv.tw (close only)
1976-02-06,,,,384.06,011.idv.tw (close only)
1976-02-07,,,,375.26,011.idv.tw (close only)
1976-02-09,,,,366.95,011.idv.tw (close only)
1976-02-10,,,,365.23,011.idv.tw (close only)
1976-02-11,,,,370.09,011.idv.tw (close only)
1976-02-12,,,,367.59,011.idv.tw (close only)
1976-02-13,,,,373.56,011.idv.tw (close only)
1976-02-14,,,,371.64,011.idv.tw (close only)
1976-02-16,,,,374.52,011.idv.tw (close only)
1976-02-17,,,,377.11,011.idv.tw (close only)
1976-02-18,,,,376.52,011.idv.tw (close only)
1976-02-19,,,,377.73,011.idv.tw (close only)
1976-02-20,,,,377.74,011.idv.tw (close only)
1976-02-21,,,,375.17,011.idv.tw (close only)
1976-02-23,,,,366.07,011.idv.tw (close only)
1976-02-24,,,,366.23,011.idv.tw (close only)
1976-02-25,,,,366.88,011.idv.tw (close only)
1976-02-26,,,,369.26,011.idv.tw (close only)
1976-02-27,,,,370.34,011.idv.tw (close only)
1976-02-28,,,,366.57,011.idv.tw (close only)
1976-03-01,,,,359.64,011.idv.tw (close only)
1976-03-02,,,,361.16,011.idv.tw (close only)
1976-03-03,,,,371.16,011.idv.tw (close only)
1976-03-04,,,,370.76,011.idv.tw (close only)
1976-03-05,,,,370.53,011.idv.tw (close only)
1976-03-06,,,,375.89,011.idv.tw (close only)
1976-03-08,,,,384.71,011.idv.tw (close only)
1976-03-09,,,,384.22,011.idv.tw (close only)
1976-03-10,,,,394.10,011.idv.tw (close only)
1976-03-11,,,,393.17,011.idv.tw (close only)
1976-03-12,,,,394.75,011.idv.tw (close only)
1976-03-13,,,,394.64,011.idv.tw (close only)
1976-03-15,,,,387.82,011.idv.tw (close only)
1976-03-16,,,,395.12,011.idv.tw (close only)
1976-03-17,,,,395.83,011.idv.tw (close only)
1976-03-18,,,,397.20,011.idv.tw (close only)
1976-03-19,,,,400.50,011.idv.tw (close only)
1976-03-20,,,,400.17,011.idv.tw (close only)
1976-03-22,,,,406.53,011.idv.tw (close only)
1976-03-23,,,,407.66,011.idv.tw (close only)
1976-03-24,,,,408.71,011.idv.tw (close only)
1976-03-25,,,,406.23,011.idv.tw (close only)
1976-03-26,,,,403.47,011.idv.tw (close only)
1976-03-27,,,,409.84,011.idv.tw (close only)
1976-03-30,,,,412.93,011.idv.tw (close only)
1976-03-31,,,,415.64,011.idv.tw (close only)
1976-04-01,,,,416.47,011.idv.tw (close only)
1976-04-02,,,,416.34,011.idv.tw (close only)
1976-04-03,,,,417.00,011.idv.tw (close only)
1976-04-06,,,,416.52,011.idv.tw (close only)
1976-04-07,,,,415.98,011.idv.tw (close only)
1976-04-08,,,,412.69,011.idv.tw (close only)
1976-04-09,,,,405.65,011.idv.tw (close only)
1976-04-10,,,,400.29,011.idv.tw (close only)
1976-04-12,,,,401.36,011.idv.tw (close only)
1976-04-13,,,,392.28,011.idv.tw (close only)
1976-04-14,,,,397.53,011.idv.tw (close only)
1976-04-15,,,,396.41,011.idv.tw (close only)
1976-04-16,,,,394.23,011.idv.tw (close only)
1976-04-17,,,,391.71,011.idv.tw (close only)
1976-04-19,,,,392.61,011.idv.tw (close only)
1976-04-20,,,,401.01,011.idv.tw (close only)
1976-04-21,,,,405.43,011.idv.tw (close only)
1976-04-22,,,,403.40,011.idv.tw (close only)
1976-04-23,,,,400.91,011.idv.tw (close only)
1976-04-24,,,,396.35,011.idv.tw (close only)
1976-04-26,,,,387.40,011.idv.tw (close only)
1976-04-27,,,,387.14,011.idv.tw (close only)
1976-04-28,,,,389.83,011.idv.tw (close only)
1976-04-29,,,,378.32,011.idv.tw (close only)
1976-04-30,,,,379.05,011.idv.tw (close only)
1976-05-01,,,,383.11,011.idv.tw (close only)
1976-05-03,,,,371.95,011.idv.tw (close only)
1976-05-04,,,,374.53,011.idv.tw (close only)
1976-05-05,,,,380.58,011.idv.tw (close only)
1976-05-06,,,,380.21,011.idv.tw (close only)
1976-05-07,,,,376.75,011.idv.tw (close only)
1976-05-08,,,,374.42,011.idv.tw (close only)
1976-05-10,,,,379.54,011.idv.tw (close only)
1976-05-11,,,,368.60,011.idv.tw (close only)
1976-05-12,,,,369.23,011.idv.tw (close only)
1976-05-13,,,,373.58,011.idv.tw (close only)
1976-05-14,,,,366.90,011.idv.tw (close only)
1976-05-15,,,,357.25,011.idv.tw (close only)
1976-05-17,,,,347.09,011.idv.tw (close only)
1976-05-18,,,,350.27,011.idv.tw (close only)
1976-05-19,,,,364.69,011.idv.tw (close only)
1976-05-20,,,,362.12,011.idv.tw (close only)
1976-05-21,,,,359.86,011.idv.tw (close only)
1976-05-22,,,,366.48,011.idv.tw (close only)
1976-05-24,,,,362.68,011.idv.tw (close only)
1976-05-25,,,,357.01,011.idv.tw (close only)
1976-05-26,,,,362.16,011.idv.tw (close only)
1976-05-27,,,,361.17,011.idv.tw (close only)
1976-05-28,,,,368.17,011.idv.tw (close only)
1976-05-29,,,,384.66,011.idv.tw (close only)
1976-05-31,,,,396.81,011.idv.tw (close only)
1976-06-01,,,,388.72,011.idv.tw (close only)
1976-06-03,,,,389.58,011.idv.tw (close only)
1976-06-04,,,,383.47,011.idv.tw (close only)
1976-06-05,,,,380.06,011.idv.tw (close only)
1976-06-07,,,,377.32,011.idv.tw (close only)
1976-06-08,,,,381.14,011.idv.tw (close only)
1976-06-09,,,,371.42,011.idv.tw (close only)
1976-06-10,,,,371.61,011.idv.tw (close only)
1976-06-11,,,,372.75,011.idv.tw (close only)
1976-06-12,,,,376.08,011.idv.tw (close only)
1976-06-14,,,,375.88,011.idv.tw (close only)
1976-06-15,,,,373.21,011.idv.tw (close only)
1976-06-16,,,,367.86,011.idv.tw (close only)
1976-06-17,,,,365.12,011.idv.tw (close only)
1976-06-18,,,,367.08,011.idv.tw (close only)
1976-06-19,,,,362.56,011.idv.tw (close only)
1976-06-21,,,,363.22,011.idv.tw (close only)
1976-06-22,,,,369.78,011.idv.tw (close only)
1976-06-23,,,,365.64,011.idv.tw (close only)
1976-06-24,,,,366.01,011.idv.tw (close only)
1976-06-25,,,,359.05,011.idv.tw (close only)
1976-06-26,,,,358.72,011.idv.tw (close only)
1976-06-28,,,,354.53,011.idv.tw (close only)
1976-06-29,,,,356.72,011.idv.tw (close only)
1976-06-30,,,,360.16,011.idv.tw (close only)
1976-07-05,,,,355.82,011.idv.tw (close only)
1976-07-06,,,,356.72,011.idv.tw (close only)
1976-07-07,,,,356.74,011.idv.tw (close only)
1976-07-08,,,,348.91,011.idv.tw (close only)
1976-07-09,,,,341.03,011.idv.tw (close only)
1976-07-10,,,,343.32,011.idv.tw (close only)
1976-07-12,,,,332.46,011.idv.tw (close only)
1976-07-13,,,,328.28,011.idv.tw (close only)
1976-07-14,,,,340.64,011.idv.tw (close only)
1976-07-15,,,,331.74,011.idv.tw (close only)
1976-07-16,,,,331.45,011.idv.tw (close only)
1976-07-17,,,,335.02,011.idv.tw (close only)
1976-07-19,,,,324.58,011.idv.tw (close only)
1976-07-20,,,,325.13,011.idv.tw (close only)
1976-07-21,,,,323.71,011.idv.tw (close only)
1976-07-22,,,,326.05,011.idv.tw (close only)
1976-07-23,,,,316.45,011.idv.tw (close only)
1976-07-24,,,,312.41,011.idv.tw (close only)
1976-07-26,,,,305.53,011.idv.tw (close only)
1976-07-27,,,,309.47,011.idv.tw (close only)
1976-07-28,,,,301.04,011.idv.tw (close only)
1976-07-29,,,,299.88,011.idv.tw (close only)
1976-07-30,,,,305.70,011.idv.tw (close only)
1976-07-31,,,,309.57,011.idv.tw (close only)
1976-08-02,,,,319.87,011.idv.tw (close only)
1976-08-03,,,,322.45,011.idv.tw (close only)
1976-08-04,,,,322.70,011.idv.tw (close only)
1976-08-05,,,,329.35,011.idv.tw (close only)
1976-08-06,,,,332.87,011.idv.tw (close only)
1976-08-07,,,,339.71,011.idv.tw (close only)
1976-08-09,,,,327.69,011.idv.tw (close only)
1976-08-11,,,,320.18,011.idv.tw (close only)
1976-08-12,,,,321.03,011.idv.tw (close only)
1976-08-13,,,,314.74,011.idv.tw (close only)
1976-08-14,,,,308.68,011.idv.tw (close only)
1976-08-16,,,,309.44,011.idv.tw (close only)
1976-08-17,,,,319.97,011.idv.tw (close only)
1976-08-18,,,,316.72,011.idv.tw (close only)
1976-08-19,,,,324.77,011.idv.tw (close only)
1976-08-20,,,,324.98,011.idv.tw (close only)
1976-08-21,,,,314.62,011.idv.tw (close only)
1976-08-23,,,,309.44,011.idv.tw (close only)
1976-08-24,,,,309.23,011.idv.tw (close only)
1976-08-25,,,,307.06,011.idv.tw (close only)
1976-08-26,,,,309.18,011.idv.tw (close only)
1976-08-27,,,,312.91,011.idv.tw (close only)
1976-08-28,,,,310.00,011.idv.tw (close only)
1976-08-30,,,,306.13,011.idv.tw (close only)
1976-08-31,,,,308.26,011.idv.tw (close only)
1976-09-01,,,,310.31,011.idv.tw (close only)
1976-09-02,,,,311.75,011.idv.tw (close only)
1976-09-03,,,,310.94,011.idv.tw (close only)
1976-09-04,,,,310.35,011.idv.tw (close only)
1976-09-06,,,,313.40,011.idv.tw (close only)
1976-09-07,,,,310.73,011.idv.tw (close only)
1976-09-09,,,,311.63,011.idv.tw (close only)
1976-09-10,,,,311.53,011.idv.tw (close only)
1976-09-11,,,,313.80,011.idv.tw (close only)
1976-09-13,,,,314.91,011.idv.tw (close only)
1976-09-14,,,,319.28,011.idv.tw (close only)
1976-09-15,,,,319.85,011.idv.tw (close only)
1976-09-16,,,,313.79,011.idv.tw (close only)
1976-09-17,,,,315.09,011.idv.tw (close only)
1976-09-18,,,,307.55,011.idv.tw (close only)
1976-09-20,,,,306.75,011.idv.tw (close only)
1976-09-21,,,,304.24,011.idv.tw (close only)
1976-09-22,,,,303.72,011.idv.tw (close only)
1976-09-23,,,,300.23,011.idv.tw (close only)
1976-09-24,,,,294.50,011.idv.tw (close only)
1976-09-25,,,,296.37,011.idv.tw (close only)
1976-09-27,,,,288.90,011.idv.tw (close only)
1976-09-29,,,,288.25,011.idv.tw (close only)
1976-09-30,,,,287.17,011.idv.tw (close only)
1976-10-01,,,,284.90,011.idv.tw (close only)
1976-10-02,,,,287.00,011.idv.tw (close only)
1976-10-04,,,,278.09,011.idv.tw (close only)
1976-10-05,,,,270.66,011.idv.tw (close only)
1976-10-06,,,,278.37,011.idv.tw (close only)
1976-10-07,,,,274.83,011.idv.tw (close only)
1976-10-08,,,,278.28,011.idv.tw (close only)
1976-10-09,,,,275.34,011.idv.tw (close only)
1976-10-12,,,,268.07,011.idv.tw (close only)
1976-10-13,,,,266.01,011.idv.tw (close only)
1976-10-14,,,,265.32,011.idv.tw (close only)
1976-10-15,,,,268.41,011.idv.tw (close only)
1976-10-16,,,,265.11,011.idv.tw (close only)
1976-10-18,,,,260.39,011.idv.tw (close only)
1976-10-19,,,,262.91,011.idv.tw (close only)
1976-10-20,,,,258.49,011.idv.tw (close only)
1976-10-21,,,,257.55,011.idv.tw (close only)
1976-10-22,,,,268.31,011.idv.tw (close only)
1976-10-23,,,,279.83,011.idv.tw (close only)
1976-10-26,,,,284.14,011.idv.tw (close only)
1976-10-27,,,,291.02,011.idv.tw (close only)
1976-10-28,,,,298.96,011.idv.tw (close only)
1976-10-29,,,,299.57,011.idv.tw (close only)
1976-10-30,,,,299.85,011.idv.tw (close only)
1976-11-02,,,,293.50,011.idv.tw (close only)
1976-11-03,,,,296.33,011.idv.tw (close only)
1976-11-04,,,,308.20,011.idv.tw (close only)
1976-11-05,,,,317.05,011.idv.tw (close only)
1976-11-06,,,,309.91,011.idv.tw (close only)
1976-11-08,,,,307.45,011.idv.tw (close only)
1976-11-09,,,,307.57,011.idv.tw (close only)
1976-11-10,,,,303.18,011.idv.tw (close only)
1976-11-11,,,,297.33,011.idv.tw (close only)
1976-11-13,,,,297.08,011.idv.tw (close only)
1976-11-15,,,,288.16,011.idv.tw (close only)
1976-11-16,,,,293.87,011.idv.tw (close only)
1976-11-17,,,,290.67,011.idv.tw (close only)
1976-11-18,,,,297.56,011.idv.tw (close only)
1976-11-19,,,,293.95,011.idv.tw (close only)
1976-11-20,,,,298.13,011.idv.tw (close only)
1976-11-22,,,,297.73,011.idv.tw (close only)
1976-11-23,,,,292.35,011.idv.tw (close only)
1976-11-24,,,,290.83,011.idv.tw (close only)
1976-11-25,,,,288.93,011.idv.tw (close only)
1976-11-26,,,,287.14,011.idv.tw (close only)
1976-11-27,,,,288.18,011.idv.tw (close only)
1976-11-29,,,,290.04,011.idv.tw (close only)
1976-11-30,,,,293.76,011.idv.tw (close only)
1976-12-01,,,,293.88,011.idv.tw (close only)
1976-12-02,,,,292.53,011.idv.tw (close only)
1976-12-03,,,,292.83,011.idv.tw (close only)
1976-12-04,,,,298.53,011.idv.tw (close only)
1976-12-06,,,,302.68,011.idv.tw (close only)
1976-12-07,,,,310.43,011.idv.tw (close only)
1976-12-08,,,,305.96,011.idv.tw (close only)
1976-12-09,,,,304.53,011.idv.tw (close only)
1976-12-10,,,,316.22,011.idv.tw (close only)
1976-12-11,,,,316.05,011.idv.tw (close only)
1976-12-13,,,,321.37,011.idv.tw (close only)
1976-12-14,,,,319.06,011.idv.tw (close only)
1976-12-15,,,,327.37,011.idv.tw (close only)
1976-12-16,,,,329.42,011.idv.tw (close only)
1976-12-17,,,,327.52,011.idv.tw (close only)
1976-12-18,,,,317.91,011.idv.tw (close only)
1976-12-20,,,,329.09,011.idv.tw (close only)
1976-12-21,,,,337.44,011.idv.tw (close only)
1976-12-22,,,,334.69,011.idv.tw (close only)
1976-12-23,,,,346.89,011.idv.tw (close only)
1976-12-24,,,,348.40,011.idv.tw (close only)
1976-12-27,,,,349.52,011.idv.tw (close only)
1976-12-28,,,,350.83,011.idv.tw (close only)
1976-12-29,,,,365.44,011.idv.tw (close only)
1976-12-30,,,,372.20,011.idv.tw (close only)
1977-01-05,,,,389.46,011.idv.tw (close only)
1977-01-06,,,,386.65,011.idv.tw (close only)
1977-01-07,,,,387.15,011.idv.tw (close only)
1977-01-08,,,,367.82,011.idv.tw (close only)
1977-01-10,,,,373.50,011.idv.tw (close only)
1977-01-11,,,,389.80,011.idv.tw (close only)
1977-01-12,,,,381.85,011.idv.tw (close only)
1977-01-13,,,,376.89,011.idv.tw (close only)
1977-01-14,,,,377.84,011.idv.tw (close only)
1977-01-15,,,,377.46,011.idv.tw (close only)
1977-01-17,,,,375.79,011.idv.tw (close only)
1977-01-18,,,,385.95,011.idv.tw (close only)
1977-01-19,,,,382.39,011.idv.tw (close only)
1977-01-20,,,,377.47,011.idv.tw (close only)
1977-01-21,,,,376.79,011.idv.tw (close only)
1977-01-22,,,,377.04,011.idv.tw (close only)
1977-01-24,,,,379.39,011.idv.tw (close only)
1977-01-25,,,,380.87,011.idv.tw (close only)
1977-01-26,,,,388.15,011.idv.tw (close only)
1977-01-27,,,,387.86,011.idv.tw (close only)
1977-01-28,,,,392.00,011.idv.tw (close only)
1977-01-29,,,,391.27,011.idv.tw (close only)
1977-01-31,,,,391.15,011.idv.tw (close only)
1977-02-01,,,,379.99,011.idv.tw (close only)
1977-02-02,,,,379.12,011.idv.tw (close only)
1977-02-03,,,,374.26,011.idv.tw (close only)
1977-02-04,,,,367.40,011.idv.tw (close only)
1977-02-05,,,,365.33,011.idv.tw (close only)
1977-02-07,,,,367.41,011.idv.tw (close only)
1977-02-08,,,,366.84,011.idv.tw (close only)
1977-02-09,,,,363.31,011.idv.tw (close only)
1977-02-10,,,,366.52,011.idv.tw (close only)
1977-02-11,,,,369.22,011.idv.tw (close only)
1977-02-12,,,,374.31,011.idv.tw (close only)
1977-02-14,,,,372.02,011.idv.tw (close only)
1977-02-15,,,,371.16,011.idv.tw (close only)
1977-02-22,,,,357.94,011.idv.tw (close only)
1977-02-23,,,,354.58,011.idv.tw (close only)
1977-02-24,,,,355.11,011.idv.tw (close only)
1977-02-25,,,,356.98,011.idv.tw (close only)
1977-02-26,,,,347.17,011.idv.tw (close only)
1977-02-28,,,,342.13,011.idv.tw (close only)
1977-03-01,,,,337.86,011.idv.tw (close only)
1977-03-02,,,,346.81,011.idv.tw (close only)
1977-03-03,,,,334.38,011.idv.tw (close only)
1977-03-04,,,,338.31,011.idv.tw (close only)
1977-03-05,,,,342.39,011.idv.tw (close only)
1977-03-07,,,,339.74,011.idv.tw (close only)
1977-03-08,,,,332.90,011.idv.tw (close only)
1977-03-09,,,,334.29,011.idv.tw (close only)
1977-03-10,,,,329.19,011.idv.tw (close only)
1977-03-11,,,,333.21,011.idv.tw (close only)
1977-03-12,,,,337.05,011.idv.tw (close only)
1977-03-14,,,,335.06,011.idv.tw (close only)
1977-03-15,,,,330.33,011.idv.tw (close only)
1977-03-16,,,,331.73,011.idv.tw (close only)
1977-03-17,,,,331.26,011.idv.tw (close only)
1977-03-18,,,,327.09,011.idv.tw (close only)
1977-03-19,,,,328.31,011.idv.tw (close only)
1977-03-21,,,,321.57,011.idv.tw (close only)
1977-03-22,,,,322.60,011.idv.tw (close only)
1977-03-23,,,,330.79,011.idv.tw (close only)
1977-03-24,,,,329.95,011.idv.tw (close only)
1977-03-25,,,,335.84,011.idv.tw (close only)
1977-03-26,,,,336.97,011.idv.tw (close only)
1977-03-28,,,,337.18,011.idv.tw (close only)
1977-03-30,,,,334.05,011.idv.tw (close only)
1977-03-31,,,,330.96,011.idv.tw (close only)
1977-04-01,,,,332.76,011.idv.tw (close only)
1977-04-02,,,,323.99,011.idv.tw (close only)
1977-04-04,,,,316.97,011.idv.tw (close only)
1977-04-06,,,,315.80,011.idv.tw (close only)
1977-04-07,,,,315.08,011.idv.tw (close only)
1977-04-08,,,,316.79,011.idv.tw (close only)
1977-04-09,,,,322.52,011.idv.tw (close only)
1977-04-11,,,,320.95,011.idv.tw (close only)
1977-04-12,,,,327.53,011.idv.tw (close only)
1977-04-13,,,,329.15,011.idv.tw (close only)
1977-04-14,,,,329.11,011.idv.tw (close only)
1977-04-15,,,,322.20,011.idv.tw (close only)
1977-04-16,,,,323.76,011.idv.tw (close only)
1977-04-18,,,,323.72,011.idv.tw (close only)
1977-04-19,,,,329.45,011.idv.tw (close only)
1977-04-20,,,,325.97,011.idv.tw (close only)
1977-04-21,,,,326.79,011.idv.tw (close only)
1977-04-22,,,,325.59,011.idv.tw (close only)
1977-04-23,,,,322.12,011.idv.tw (close only)
1977-04-25,,,,322.70,011.idv.tw (close only)
1977-04-26,,,,322.39,011.idv.tw (close only)
1977-04-27,,,,320.46,011.idv.tw (close only)
1977-04-28,,,,320.65,011.idv.tw (close only)
1977-04-29,,,,321.28,011.idv.tw (close only)
1977-04-30,,,,322.20,011.idv.tw (close only)
1977-05-02,,,,317.42,011.idv.tw (close only)
1977-05-03,,,,318.33,011.idv.tw (close only)
1977-05-04,,,,319.86,011.idv.tw (close only)
1977-05-05,,,,316.50,011.idv.tw (close only)
1977-05-06,,,,316.06,011.idv.tw (close only)
1977-05-07,,,,313.92,011.idv.tw (close only)
1977-05-09,,,,316.99,011.idv.tw (close only)
1977-05-10,,,,316.67,011.idv.tw (close only)
1977-05-11,,,,324.49,011.idv.tw (close only)
1977-05-12,,,,323.47,011.idv.tw (close only)
1977-05-13,,,,319.68,011.idv.tw (close only)
1977-05-14,,,,327.40,011.idv.tw (close only)
1977-05-16,,,,332.71,011.idv.tw (close only)
1977-05-17,,,,338.17,011.idv.tw (close only)
1977-05-18,,,,340.57,011.idv.tw (close only)
1977-05-19,,,,338.75,011.idv.tw (close only)
1977-05-20,,,,339.34,011.idv.tw (close only)
1977-05-21,,,,338.98,011.idv.tw (close only)
1977-05-23,,,,338.89,011.idv.tw (close only)
1977-05-24,,,,347.26,011.idv.tw (close only)
1977-05-25,,,,349.28,011.idv.tw (close only)
1977-05-26,,,,344.88,011.idv.tw (close only)
1977-05-27,,,,342.89,011.idv.tw (close only)
1977-05-28,,,,338.86,011.idv.tw (close only)
1977-05-30,,,,339.82,011.idv.tw (close only)
1977-05-31,,,,335.57,011.idv.tw (close only)
1977-06-01,,,,336.04,011.idv.tw (close only)
1977-06-02,,,,335.98,011.idv.tw (close only)
1977-06-03,,,,336.22,011.idv.tw (close only)
1977-06-04,,,,333.51,011.idv.tw (close only)
1977-06-06,,,,330.76,011.idv.tw (close only)
1977-06-07,,,,334.67,011.idv.tw (close only)
1977-06-08,,,,335.63,011.idv.tw (close only)
1977-06-09,,,,336.00,011.idv.tw (close only)
1977-06-10,,,,334.81,011.idv.tw (close only)
1977-06-11,,,,328.97,011.idv.tw (close only)
1977-06-13,,,,329.52,011.idv.tw (close only)
1977-06-14,,,,333.60,011.idv.tw (close only)
1977-06-15,,,,332.61,011.idv.tw (close only)
1977-06-16,,,,332.03,011.idv.tw (close only)
1977-06-17,,,,334.16,011.idv.tw (close only)
1977-06-18,,,,333.26,011.idv.tw (close only)
1977-06-20,,,,335.56,011.idv.tw (close only)
1977-06-22,,,,340.58,011.idv.tw (close only)
1977-06-23,,,,343.14,011.idv.tw (close only)
1977-06-24,,,,345.77,011.idv.tw (close only)
1977-06-25,,,,347.76,011.idv.tw (close only)
1977-06-27,,,,358.90,011.idv.tw (close only)
1977-06-28,,,,354.11,011.idv.tw (close only)
1977-06-29,,,,353.84,011.idv.tw (close only)
1977-06-30,,,,355.26,011.idv.tw (close only)
1977-07-04,,,,340.57,011.idv.tw (close only)
1977-07-05,,,,341.55,011.idv.tw (close only)
1977-07-06,,,,342.53,011.idv.tw (close only)
1977-07-07,,,,341.25,011.idv.tw (close only)
1977-07-08,,,,340.65,011.idv.tw (close only)
1977-07-09,,,,341.94,011.idv.tw (close only)
1977-07-11,,,,337.83,011.idv.tw (close only)
1977-07-12,,,,337.50,011.idv.tw (close only)
1977-07-13,,,,338.50,011.idv.tw (close only)
1977-07-14,,,,332.09,011.idv.tw (close only)
1977-07-15,,,,329.09,011.idv.tw (close only)
1977-07-16,,,,327.76,011.idv.tw (close only)
1977-07-18,,,,322.27,011.idv.tw (close only)
1977-07-19,,,,321.53,011.idv.tw (close only)
1977-07-20,,,,324.90,011.idv.tw (close only)
1977-07-21,,,,320.24,011.idv.tw (close only)
1977-07-22,,,,320.64,011.idv.tw (close only)
1977-07-23,,,,320.08,011.idv.tw (close only)
1977-07-25,,,,324.54,011.idv.tw (close only)
1977-07-26,,,,317.12,011.idv.tw (close only)
1977-07-27,,,,321.40,011.idv.tw (close only)
1977-07-28,,,,324.56,011.idv.tw (close only)
1977-07-29,,,,323.39,011.idv.tw (close only)
1977-07-30,,,,322.27,011.idv.tw (close only)
1977-08-02,,,,326.49,011.idv.tw (close only)
1977-08-03,,,,326.00,011.idv.tw (close only)
1977-08-04,,,,327.45,011.idv.tw (close only)
1977-08-05,,,,327.13,011.idv.tw (close only)
1977-08-06,,,,323.55,011.idv.tw (close only)
1977-08-08,,,,323.46,011.idv.tw (close only)
1977-08-09,,,,323.68,011.idv.tw (close only)
1977-08-10,,,,326.39,011.idv.tw (close only)
1977-08-11,,,,325.24,011.idv.tw (close only)
1977-08-12,,,,329.03,011.idv.tw (close only)
1977-08-13,,,,329.64,011.idv.tw (close only)
1977-08-15,,,,340.45,011.idv.tw (close only)
1977-08-16,,,,341.63,011.idv.tw (close only)
1977-08-17,,,,338.60,011.idv.tw (close only)
1977-08-18,,,,339.80,011.idv.tw (close only)
1977-08-19,,,,343.88,011.idv.tw (close only)
1977-08-20,,,,346.56,011.idv.tw (close only)
1977-08-22,,,,355.11,011.idv.tw (close only)
1977-08-23,,,,352.39,011.idv.tw (close only)
1977-08-24,,,,352.39,011.idv.tw (close only)
1977-08-25,,,,359.26,011.idv.tw (close only)
1977-08-26,,,,353.71,011.idv.tw (close only)
1977-08-27,,,,351.86,011.idv.tw (close only)
1977-08-29,,,,352.66,011.idv.tw (close only)
1977-08-30,,,,352.12,011.idv.tw (close only)
1977-08-31,,,,355.83,011.idv.tw (close only)
1977-09-01,,,,361.35,011.idv.tw (close only)
1977-09-02,,,,371.45,011.idv.tw (close only)
1977-09-03,,,,365.11,011.idv.tw (close only)
1977-09-05,,,,369.97,011.idv.tw (close only)
1977-09-06,,,,368.54,011.idv.tw (close only)
1977-09-07,,,,371.38,011.idv.tw (close only)
1977-09-08,,,,363.58,011.idv.tw (close only)
1977-09-09,,,,366.56,011.idv.tw (close only)
1977-09-10,,,,368.19,011.idv.tw (close only)
1977-09-12,,,,375.35,011.idv.tw (close only)
1977-09-13,,,,373.28,011.idv.tw (close only)
1977-09-14,,,,378.08,011.idv.tw (close only)
1977-09-15,,,,379.86,011.idv.tw (close only)
1977-09-16,,,,377.12,011.idv.tw (close only)
1977-09-17,,,,377.34,011.idv.tw (close only)
1977-09-19,,,,383.26,011.idv.tw (close only)
1977-09-20,,,,384.31,011.idv.tw (close only)
1977-09-21,,,,378.24,011.idv.tw (close only)
1977-09-22,,,,379.23,011.idv.tw (close only)
1977-09-24,,,,377.03,011.idv.tw (close only)
1977-09-26,,,,380.82,011.idv.tw (close only)
1977-09-29,,,,387.25,011.idv.tw (close only)
1977-09-30,,,,392.39,011.idv.tw (close only)
1977-10-01,,,,395.08,011.idv.tw (close only)
1977-10-03,,,,401.27,011.idv.tw (close only)
1977-10-04,,,,397.34,011.idv.tw (close only)
1977-10-05,,,,400.59,011.idv.tw (close only)
1977-10-06,,,,394.52,011.idv.tw (close only)
1977-10-07,,,,394.32,011.idv.tw (close only)
1977-10-08,,,,392.99,011.idv.tw (close only)
1977-10-11,,,,391.21,011.idv.tw (close only)
1977-10-12,,,,387.63,011.idv.tw (close only)
1977-10-13,,,,385.96,011.idv.tw (close only)
1977-10-14,,,,383.76,011.idv.tw (close only)
1977-10-15,,,,393.40,011.idv.tw (close only)
1977-10-17,,,,392.33,011.idv.tw (close only)
1977-10-18,,,,391.26,011.idv.tw (close only)
1977-10-19,,,,397.21,011.idv.tw (close only)
1977-10-20,,,,392.81,011.idv.tw (close only)
1977-10-21,,,,393.96,011.idv.tw (close only)
1977-10-22,,,,394.33,011.idv.tw (close only)
1977-10-24,,,,396.28,011.idv.tw (close only)
1977-10-26,,,,392.80,011.idv.tw (close only)
1977-10-27,,,,390.38,011.idv.tw (close only)
1977-10-28,,,,390.90,011.idv.tw (close only)
1977-10-29,,,,393.44,011.idv.tw (close only)
1977-11-01,,,,397.51,011.idv.tw (close only)
1977-11-02,,,,399.47,011.idv.tw (close only)
1977-11-03,,,,406.48,011.idv.tw (close only)
1977-11-04,,,,406.16,011.idv.tw (close only)
1977-11-05,,,,407.58,011.idv.tw (close only)
1977-11-07,,,,405.74,011.idv.tw (close only)
1977-11-08,,,,405.89,011.idv.tw (close only)
1977-11-09,,,,410.90,011.idv.tw (close only)
1977-11-10,,,,410.78,011.idv.tw (close only)
1977-11-11,,,,407.06,011.idv.tw (close only)
1977-11-14,,,,406.17,011.idv.tw (close only)
1977-11-15,,,,407.66,011.idv.tw (close only)
1977-11-16,,,,410.68,011.idv.tw (close only)
1977-11-17,,,,410.40,011.idv.tw (close only)
1977-11-18,,,,412.78,011.idv.tw (close only)
1977-11-21,,,,408.36,011.idv.tw (close only)
1977-11-22,,,,402.91,011.idv.tw (close only)
1977-11-23,,,,409.54,011.idv.tw (close only)
1977-11-24,,,,406.94,011.idv.tw (close only)
1977-11-25,,,,408.08,011.idv.tw (close only)
1977-11-26,,,,408.94,011.idv.tw (close only)
1977-11-28,,,,411.77,011.idv.tw (close only)
1977-11-29,,,,414.59,011.idv.tw (close only)
1977-11-30,,,,418.42,011.idv.tw (close only)
1977-12-01,,,,421.34,011.idv.tw (close only)
1977-12-02,,,,420.79,011.idv.tw (close only)
1977-12-03,,,,423.60,011.idv.tw (close only)
1977-12-05,,,,425.46,011.idv.tw (close only)
1977-12-06,,,,426.46,011.idv.tw (close only)
1977-12-07,,,,426.25,011.idv.tw (close only)
1977-12-08,,,,426.59,011.idv.tw (close only)
1977-12-09,,,,426.41,011.idv.tw (close only)
1977-12-10,,,,427.11,011.idv.tw (close only)
1977-12-12,,,,421.21,011.idv.tw (close only)
1977-12-13,,,,417.12,011.idv.tw (close only)
1977-12-14,,,,421.69,011.idv.tw (close only)
1977-12-15,,,,418.90,011.idv.tw (close only)
1977-12-16,,,,429.63,011.idv.tw (close only)
1977-12-17,,,,425.92,011.idv.tw (close only)
1977-12-19,,,,427.71,011.idv.tw (close only)
1977-12-20,,,,434.40,011.idv.tw (close only)
1977-12-21,,,,436.12,011.idv.tw (close only)
1977-12-22,,,,436.33,011.idv.tw (close only)
1977-12-23,,,,436.82,011.idv.tw (close only)
1977-12-24,,,,439.29,011.idv.tw (close only)
1977-12-27,,,,442.82,011.idv.tw (close only)
1977-12-28,,,,443.26,011.idv.tw (close only)
1977-12-29,,,,445.29,011.idv.tw (close only)
1977-12-30,,,,450.44,011.idv.tw (close only)
1978-01-05,,,,447.93,011.idv.tw (close only)
1978-01-06,,,,452.03,011.idv.tw (close only)
1978-01-07,,,,458.35,011.idv.tw (close only)
1978-01-09,,,,465.62,011.idv.tw (close only)
1978-01-10,,,,468.03,011.idv.tw (close only)
1978-01-11,,,,468.88,011.idv.tw (close only)
1978-01-12,,,,474.12,011.idv.tw (close only)
1978-01-13,,,,481.63,011.idv.tw (close only)
1978-01-14,,,,480.23,011.idv.tw (close only)
1978-01-16,,,,488.75,011.idv.tw (close only)
1978-01-17,,,,492.32,011.idv.tw (close only)
1978-01-18,,,,477.41,011.idv.tw (close only)
1978-01-19,,,,479.12,011.idv.tw (close only)
1978-01-20,,,,463.30,011.idv.tw (close only)
1978-01-21,,,,464.16,011.idv.tw (close only)
1978-01-23,,,,465.68,011.idv.tw (close only)
1978-01-24,,,,462.39,011.idv.tw (close only)
1978-01-25,,,,466.17,011.idv.tw (close only)
1978-01-26,,,,468.35,011.idv.tw (close only)
1978-01-27,,,,470.45,011.idv.tw (close only)
1978-01-28,,,,473.38,011.idv.tw (close only)
1978-01-30,,,,485.66,011.idv.tw (close only)
1978-01-31,,,,481.88,011.idv.tw (close only)
1978-02-01,,,,484.54,011.idv.tw (close only)
1978-02-02,,,,485.67,011.idv.tw (close only)
1978-02-03,,,,491.75,011.idv.tw (close only)
1978-02-11,,,,493.17,011.idv.tw (close only)
1978-02-13,,,,503.17,011.idv.tw (close only)
1978-02-14,,,,500.68,011.idv.tw (close only)
1978-02-15,,,,492.17,011.idv.tw (close only)
1978-02-16,,,,482.76,011.idv.tw (close only)
1978-02-17,,,,485.80,011.idv.tw (close only)
1978-02-18,,,,480.18,011.idv.tw (close only)
1978-02-20,,,,471.94,011.idv.tw (close only)
1978-02-21,,,,477.82,011.idv.tw (close only)
1978-02-22,,,,483.33,011.idv.tw (close only)
1978-02-23,,,,483.90,011.idv.tw (close only)
1978-02-24,,,,483.40,011.idv.tw (close only)
1978-02-25,,,,489.00,011.idv.tw (close only)
1978-02-27,,,,489.40,011.idv.tw (close only)
1978-02-28,,,,483.79,011.idv.tw (close only)
1978-03-01,,,,483.73,011.idv.tw (close only)
1978-03-02,,,,484.09,011.idv.tw (close only)
1978-03-03,,,,486.96,011.idv.tw (close only)
1978-03-04,,,,488.79,011.idv.tw (close only)
1978-03-06,,,,482.62,011.idv.tw (close only)
1978-03-07,,,,482.99,011.idv.tw (close only)
1978-03-08,,,,472.71,011.idv.tw (close only)
1978-03-09,,,,471.78,011.idv.tw (close only)
1978-03-10,,,,469.45,011.idv.tw (close only)
1978-03-11,,,,467.12,011.idv.tw (close only)
1978-03-13,,,,469.15,011.idv.tw (close only)
1978-03-14,,,,477.66,011.idv.tw (close only)
1978-03-15,,,,477.70,011.idv.tw (close only)
1978-03-16,,,,480.01,011.idv.tw (close only)
1978-03-17,,,,482.24,011.idv.tw (close only)
1978-03-18,,,,483.20,011.idv.tw (close only)
1978-03-20,,,,483.07,011.idv.tw (close only)
1978-03-21,,,,474.69,011.idv.tw (close only)
1978-03-22,,,,467.16,011.idv.tw (close only)
1978-03-23,,,,461.95,011.idv.tw (close only)
1978-03-24,,,,465.20,011.idv.tw (close only)
1978-03-25,,,,458.03,011.idv.tw (close only)
1978-03-27,,,,449.90,011.idv.tw (close only)
1978-03-28,,,,452.64,011.idv.tw (close only)
1978-03-30,,,,459.14,011.idv.tw (close only)
1978-03-31,,,,457.01,011.idv.tw (close only)
1978-04-01,,,,463.19,011.idv.tw (close only)
1978-04-03,,,,464.79,011.idv.tw (close only)
1978-04-04,,,,465.98,011.idv.tw (close only)
1978-04-06,,,,470.92,011.idv.tw (close only)
1978-04-07,,,,473.31,011.idv.tw (close only)
1978-04-08,,,,474.71,011.idv.tw (close only)
1978-04-10,,,,474.95,011.idv.tw (close only)
1978-04-11,,,,473.20,011.idv.tw (close only)
1978-04-12,,,,473.33,011.idv.tw (close only)
1978-04-13,,,,469.84,011.idv.tw (close only)
1978-04-14,,,,470.51,011.idv.tw (close only)
1978-04-15,,,,465.65,011.idv.tw (close only)
1978-04-17,,,,471.04,011.idv.tw (close only)
1978-04-18,,,,476.49,011.idv.tw (close only)
1978-04-19,,,,479.48,011.idv.tw (close only)
1978-04-20,,,,480.49,011.idv.tw (close only)
1978-04-21,,,,478.26,011.idv.tw (close only)
1978-04-22,,,,477.11,011.idv.tw (close only)
1978-04-24,,,,486.68,011.idv.tw (close only)
1978-04-25,,,,487.03,011.idv.tw (close only)
1978-04-26,,,,491.84,011.idv.tw (close only)
1978-04-27,,,,490.89,011.idv.tw (close only)
1978-04-28,,,,493.81,011.idv.tw (close only)
1978-04-29,,,,501.17,011.idv.tw (close only)
1978-05-01,,,,508.31,011.idv.tw (close only)
1978-05-02,,,,509.00,011.idv.tw (close only)
1978-05-03,,,,516.46,011.idv.tw (close only)
1978-05-04,,,,514.87,011.idv.tw (close only)
1978-05-05,,,,514.08,011.idv.tw (close only)
1978-05-06,,,,518.86,011.idv.tw (close only)
1978-05-08,,,,528.29,011.idv.tw (close only)
1978-05-09,,,,526.46,011.idv.tw (close only)
1978-05-10,,,,529.84,011.idv.tw (close only)
1978-05-11,,,,533.06,011.idv.tw (close only)
1978-05-12,,,,539.83,011.idv.tw (close only)
1978-05-13,,,,539.90,011.idv.tw (close only)
1978-05-15,,,,540.05,011.idv.tw (close only)
1978-05-16,,,,536.55,011.idv.tw (close only)
1978-05-17,,,,545.59,011.idv.tw (close only)
1978-05-18,,,,547.57,011.idv.tw (close only)
1978-05-19,,,,554.64,011.idv.tw (close only)
1978-05-20,,,,560.26,011.idv.tw (close only)
1978-05-22,,,,542.07,011.idv.tw (close only)
1978-05-23,,,,544.07,011.idv.tw (close only)
1978-05-24,,,,555.85,011.idv.tw (close only)
1978-05-25,,,,559.78,011.idv.tw (close only)
1978-05-26,,,,561.00,011.idv.tw (close only)
1978-05-27,,,,562.41,011.idv.tw (close only)
1978-05-29,,,,560.89,011.idv.tw (close only)
1978-05-30,,,,555.19,011.idv.tw (close only)
1978-05-31,,,,560.23,011.idv.tw (close only)
1978-06-01,,,,560.84,011.idv.tw (close only)
1978-06-02,,,,547.81,011.idv.tw (close only)
1978-06-03,,,,548.83,011.idv.tw (close only)
1978-06-05,,,,547.85,011.idv.tw (close only)
1978-06-06,,,,536.60,011.idv.tw (close only)
1978-06-07,,,,541.27,011.idv.tw (close only)
1978-06-08,,,,534.48,011.idv.tw (close only)
1978-06-09,,,,536.26,011.idv.tw (close only)
1978-06-12,,,,533.77,011.idv.tw (close only)
1978-06-13,,,,540.06,011.idv.tw (close only)
1978-06-14,,,,540.35,011.idv.tw (close only)
1978-06-15,,,,524.12,011.idv.tw (close only)
1978-06-16,,,,523.25,011.idv.tw (close only)
1978-06-17,,,,524.96,011.idv.tw (close only)
1978-06-19,,,,518.12,011.idv.tw (close only)
1978-06-20,,,,514.59,011.idv.tw (close only)
1978-06-21,,,,517.89,011.idv.tw (close only)
1978-06-22,,,,519.37,011.idv.tw (close only)
1978-06-23,,,,516.88,011.idv.tw (close only)
1978-06-24,,,,520.37,011.idv.tw (close only)
1978-06-26,,,,532.34,011.idv.tw (close only)
1978-06-27,,,,530.86,011.idv.tw (close only)
1978-06-28,,,,532.05,011.idv.tw (close only)
1978-06-29,,,,533.45,011.idv.tw (close only)
1978-06-30,,,,544.68,011.idv.tw (close only)
1978-07-04,,,,554.64,011.idv.tw (close only)
1978-07-05,,,,556.75,011.idv.tw (close only)
1978-07-06,,,,557.91,011.idv.tw (close only)
1978-07-07,,,,567.62,011.idv.tw (close only)
1978-07-08,,,,571.61,011.idv.tw (close only)
1978-07-10,,,,574.31,011.idv.tw (close only)
1978-07-11,,,,557.66,011.idv.tw (close only)
1978-07-12,,,,575.54,011.idv.tw (close only)
1978-07-13,,,,565.81,011.idv.tw (close only)
1978-07-14,,,,560.17,011.idv.tw (close only)
1978-07-15,,,,554.87,011.idv.tw (close only)
1978-07-17,,,,558.65,011.idv.tw (close only)
1978-07-18,,,,569.69,011.idv.tw (close only)
1978-07-19,,,,570.93,011.idv.tw (close only)
1978-07-20,,,,578.60,011.idv.tw (close only)
1978-07-21,,,,590.52,011.idv.tw (close only)
1978-07-22,,,,581.70,011.idv.tw (close only)
1978-07-24,,,,590.22,011.idv.tw (close only)
1978-07-25,,,,586.08,011.idv.tw (close only)
1978-07-26,,,,585.16,011.idv.tw (close only)
1978-07-27,,,,585.47,011.idv.tw (close only)
1978-07-28,,,,590.92,011.idv.tw (close only)
1978-07-29,,,,595.62,011.idv.tw (close only)
1978-07-31,,,,589.31,011.idv.tw (close only)
1978-08-01,,,,587.77,011.idv.tw (close only)
1978-08-02,,,,593.40,011.idv.tw (close only)
1978-08-03,,,,585.59,011.idv.tw (close only)
1978-08-04,,,,575.60,011.idv.tw (close only)
1978-08-05,,,,579.12,011.idv.tw (close only)
1978-08-07,,,,589.02,011.idv.tw (close only)
1978-08-08,,,,585.59,011.idv.tw (close only)
1978-08-09,,,,586.33,011.idv.tw (close only)
1978-08-10,,,,590.04,011.idv.tw (close only)
1978-08-11,,,,585.45,011.idv.tw (close only)
1978-08-12,,,,590.09,011.idv.tw (close only)
1978-08-14,,,,590.04,011.idv.tw (close only)
1978-08-15,,,,594.34,011.idv.tw (close only)
1978-08-16,,,,591.82,011.idv.tw (close only)
1978-08-17,,,,598.24,011.idv.tw (close only)
1978-08-18,,,,605.47,011.idv.tw (close only)
1978-08-19,,,,609.66,011.idv.tw (close only)
1978-08-21,,,,617.35,011.idv.tw (close only)
1978-08-22,,,,617.14,011.idv.tw (close only)
1978-08-23,,,,623.78,011.idv.tw (close only)
1978-08-24,,,,624.72,011.idv.tw (close only)
1978-08-25,,,,615.88,011.idv.tw (close only)
1978-08-26,,,,623.18,011.idv.tw (close only)
1978-08-28,,,,620.35,011.idv.tw (close only)
1978-08-29,,,,613.06,011.idv.tw (close only)
1978-08-30,,,,614.61,011.idv.tw (close only)
1978-08-31,,,,623.74,011.idv.tw (close only)
1978-09-01,,,,628.42,011.idv.tw (close only)
1978-09-02,,,,630.62,011.idv.tw (close only)
1978-09-04,,,,638.99,011.idv.tw (close only)
1978-09-05,,,,639.08,011.idv.tw (close only)
1978-09-06,,,,648.77,011.idv.tw (close only)
1978-09-07,,,,661.37,011.idv.tw (close only)
1978-09-08,,,,661.55,011.idv.tw (close only)
1978-09-09,,,,658.23,011.idv.tw (close only)
1978-09-11,,,,672.57,011.idv.tw (close only)
1978-09-12,,,,663.87,011.idv.tw (close only)
1978-09-13,,,,643.00,011.idv.tw (close only)
1978-09-14,,,,645.89,011.idv.tw (close only)
1978-09-15,,,,648.25,011.idv.tw (close only)
1978-09-16,,,,656.91,011.idv.tw (close only)
1978-09-18,,,,664.12,011.idv.tw (close only)
1978-09-19,,,,664.05,011.idv.tw (close only)
1978-09-20,,,,660.70,011.idv.tw (close only)
1978-09-21,,,,662.53,011.idv.tw (close only)
1978-09-22,,,,668.71,011.idv.tw (close only)
1978-09-23,,,,676.02,011.idv.tw (close only)
1978-09-25,,,,679.45,011.idv.tw (close only)
1978-09-26,,,,681.07,011.idv.tw (close only)
1978-09-27,,,,683.01,011.idv.tw (close only)
1978-09-29,,,,680.55,011.idv.tw (close only)
1978-09-30,,,,679.17,011.idv.tw (close only)
1978-10-02,,,,686.24,011.idv.tw (close only)
1978-10-03,,,,687.29,011.idv.tw (close only)
1978-10-04,,,,686.40,011.idv.tw (close only)
1978-10-05,,,,679.36,011.idv.tw (close only)
1978-10-06,,,,688.52,011.idv.tw (close only)
1978-10-07,,,,687.79,011.idv.tw (close only)
1978-10-09,,,,688.07,011.idv.tw (close only)
1978-10-11,,,,680.88,011.idv.tw (close only)
1978-10-12,,,,666.47,011.idv.tw (close only)
1978-10-13,,,,671.81,011.idv.tw (close only)
1978-10-14,,,,674.56,011.idv.tw (close only)
1978-10-16,,,,673.63,011.idv.tw (close only)
1978-10-17,,,,670.50,011.idv.tw (close only)
1978-10-18,,,,676.21,011.idv.tw (close only)
1978-10-19,,,,685.96,011.idv.tw (close only)
1978-10-20,,,,683.20,011.idv.tw (close only)
1978-10-21,,,,677.54,011.idv.tw (close only)
1978-10-23,,,,675.12,011.idv.tw (close only)
1978-10-24,,,,670.61,011.idv.tw (close only)
1978-10-26,,,,645.56,011.idv.tw (close only)
1978-10-27,,,,643.11,011.idv.tw (close only)
1978-10-28,,,,643.99,011.idv.tw (close only)
1978-10-30,,,,626.92,011.idv.tw (close only)
1978-11-01,,,,600.43,011.idv.tw (close only)
1978-11-02,,,,619.55,011.idv.tw (close only)
1978-11-03,,,,621.47,011.idv.tw (close only)
1978-11-04,,,,611.59,011.idv.tw (close only)
1978-11-06,,,,592.86,011.idv.tw (close only)
1978-11-07,,,,593.31,011.idv.tw (close only)
1978-11-08,,,,607.85,011.idv.tw (close only)
1978-11-09,,,,594.79,011.idv.tw (close only)
1978-11-10,,,,588.51,011.idv.tw (close only)
1978-11-11,,,,591.88,011.idv.tw (close only)
1978-11-14,,,,589.91,011.idv.tw (close only)
1978-11-15,,,,575.34,011.idv.tw (close only)
1978-11-16,,,,573.60,011.idv.tw (close only)
1978-11-17,,,,587.99,011.idv.tw (close only)
1978-11-18,,,,573.92,011.idv.tw (close only)
1978-11-20,,,,568.92,011.idv.tw (close only)
1978-11-21,,,,569.87,011.idv.tw (close only)
1978-11-22,,,,574.07,011.idv.tw (close only)
1978-11-23,,,,582.77,011.idv.tw (close only)
1978-11-24,,,,578.20,011.idv.tw (close only)
1978-11-25,,,,582.87,011.idv.tw (close only)
1978-11-27,,,,592.47,011.idv.tw (close only)
1978-11-28,,,,588.94,011.idv.tw (close only)
1978-11-29,,,,592.71,011.idv.tw (close only)
1978-11-30,,,,582.83,011.idv.tw (close only)
1978-12-01,,,,583.69,011.idv.tw (close only)
1978-12-02,,,,585.51,011.idv.tw (close only)
1978-12-04,,,,582.16,011.idv.tw (close only)
1978-12-05,,,,588.60,011.idv.tw (close only)
1978-12-06,,,,592.84,011.idv.tw (close only)
1978-12-07,,,,597.76,011.idv.tw (close only)
1978-12-08,,,,601.77,011.idv.tw (close only)
1978-12-09,,,,595.22,011.idv.tw (close only)
1978-12-11,,,,596.79,011.idv.tw (close only)
1978-12-12,,,,604.14,011.idv.tw (close only)
1978-12-13,,,,607.25,011.idv.tw (close only)
1978-12-14,,,,604.63,011.idv.tw (close only)
1978-12-15,,,,599.95,011.idv.tw (close only)
1978-12-16,,,,573.08,011.idv.tw (close only)
1978-12-18,,,,547.95,011.idv.tw (close only)
1978-12-19,,,,538.30,011.idv.tw (close only)
1978-12-20,,,,545.58,011.idv.tw (close only)
1978-12-21,,,,543.96,011.idv.tw (close only)
1978-12-22,,,,543.76,011.idv.tw (close only)
1978-12-23,,,,541.59,011.idv.tw (close only)
1978-12-26,,,,549.81,011.idv.tw (close only)
1978-12-27,,,,541.73,011.idv.tw (close only)
1978-12-28,,,,531.25,011.idv.tw (close only)
1978-12-29,,,,532.43,011.idv.tw (close only)
1979-01-04,,,,530.52,011.idv.tw (close only)
1979-01-05,,,,553.79,011.idv.tw (close only)
1979-01-06,,,,550.24,011.idv.tw (close only)
1979-01-08,,,,552.81,011.idv.tw (close only)
1979-01-09,,,,545.88,011.idv.tw (close only)
1979-01-10,,,,541.85,011.idv.tw (close only)
1979-01-11,,,,534.63,011.idv.tw (close only)
1979-01-12,,,,534.26,011.idv.tw (close only)
1979-01-13,,,,528.47,011.idv.tw (close only)
1979-01-15,,,,509.41,011.idv.tw (close only)
1979-01-16,,,,505.49,011.idv.tw (close only)
1979-01-17,,,,514.56,011.idv.tw (close only)
1979-01-18,,,,507.60,011.idv.tw (close only)
1979-01-19,,,,505.26,011.idv.tw (close only)
1979-01-20,,,,506.79,011.idv.tw (close only)
1979-01-22,,,,514.20,011.idv.tw (close only)
1979-01-23,,,,514.33,011.idv.tw (close only)
1979-01-24,,,,524.72,011.idv.tw (close only)
1979-01-25,,,,533.74,011.idv.tw (close only)
1979-02-01,,,,540.70,011.idv.tw (close only)
1979-02-02,,,,547.98,011.idv.tw (close only)
1979-02-03,,,,539.51,011.idv.tw (close only)
1979-02-05,,,,531.60,011.idv.tw (close only)
1979-02-06,,,,546.99,011.idv.tw (close only)
1979-02-07,,,,542.17,011.idv.tw (close only)
1979-02-08,,,,531.80,011.idv.tw (close only)
1979-02-09,,,,524.79,011.idv.tw (close only)
1979-02-10,,,,526.88,011.idv.tw (close only)
1979-02-12,,,,531.03,011.idv.tw (close only)
1979-02-13,,,,528.44,011.idv.tw (close only)
1979-02-14,,,,533.90,011.idv.tw (close only)
1979-02-15,,,,535.19,011.idv.tw (close only)
1979-02-16,,,,529.93,011.idv.tw (close only)
1979-02-17,,,,523.81,011.idv.tw (close only)
1979-02-19,,,,522.41,011.idv.tw (close only)
1979-02-20,,,,523.93,011.idv.tw (close only)
1979-02-21,,,,530.13,011.idv.tw (close only)
1979-02-22,,,,533.55,011.idv.tw (close only)
1979-02-23,,,,537.99,011.idv.tw (close only)
1979-02-24,,,,540.61,011.idv.tw (close only)
1979-02-26,,,,543.65,011.idv.tw (close only)
1979-02-27,,,,539.56,011.idv.tw (close only)
1979-02-28,,,,531.31,011.idv.tw (close only)
1979-03-01,,,,534.99,011.idv.tw (close only)
1979-03-02,,,,531.46,011.idv.tw (close only)
1979-03-03,,,,532.64,011.idv.tw (close only)
1979-03-05,,,,536.81,011.idv.tw (close only)
1979-03-06,,,,536.39,011.idv.tw (close only)
1979-03-07,,,,536.39,011.idv.tw (close only)
1979-03-08,,,,540.65,011.idv.tw (close only)
1979-03-09,,,,534.39,011.idv.tw (close only)
1979-03-10,,,,535.63,011.idv.tw (close only)
1979-03-12,,,,538.09,011.idv.tw (close only)
1979-03-13,,,,538.07,011.idv.tw (close only)
1979-03-14,,,,537.78,011.idv.tw (close only)
1979-03-15,,,,538.88,011.idv.tw (close only)
1979-03-16,,,,544.83,011.idv.tw (close only)
1979-03-17,,,,552.12,011.idv.tw (close only)
1979-03-19,,,,554.86,011.idv.tw (close only)
1979-03-20,,,,554.85,011.idv.tw (close only)
1979-03-21,,,,566.46,011.idv.tw (close only)
1979-03-22,,,,568.58,011.idv.tw (close only)
1979-03-23,,,,537.99,011.idv.tw (close only)
1979-03-24,,,,565.26,011.idv.tw (close only)
1979-03-26,,,,579.99,011.idv.tw (close only)
1979-03-27,,,,585.89,011.idv.tw (close only)
1979-03-28,,,,593.18,011.idv.tw (close only)
1979-03-30,,,,616.69,011.idv.tw (close only)
1979-03-31,,,,624.70,011.idv.tw (close only)
1979-04-02,,,,621.27,011.idv.tw (close only)
1979-04-03,,,,643.01,011.idv.tw (close only)
1979-04-04,,,,636.53,011.idv.tw (close only)
1979-04-06,,,,622.00,011.idv.tw (close only)
1979-04-07,,,,632.37,011.idv.tw (close only)
1979-04-09,,,,653.17,011.idv.tw (close only)
1979-04-10,,,,645.09,011.idv.tw (close only)
1979-04-11,,,,631.91,011.idv.tw (close only)
1979-04-12,,,,634.55,011.idv.tw (close only)
1979-04-13,,,,618.35,011.idv.tw (close only)
1979-04-14,,,,630.96,011.idv.tw (close only)
1979-04-16,,,,621.12,011.idv.tw (close only)
1979-04-17,,,,620.35,011.idv.tw (close only)
1979-04-18,,,,624.90,011.idv.tw (close only)
1979-04-19,,,,633.52,011.idv.tw (close only)
1979-04-20,,,,636.62,011.idv.tw (close only)
1979-04-21,,,,637.34,011.idv.tw (close only)
1979-04-23,,,,646.51,011.idv.tw (close only)
1979-04-24,,,,646.63,011.idv.tw (close only)
1979-04-25,,,,642.99,011.idv.tw (close only)
1979-04-26,,,,648.93,011.idv.tw (close only)
1979-04-27,,,,652.37,011.idv.tw (close only)
1979-04-28,,,,657.33,011.idv.tw (close only)
1979-04-30,,,,659.19,011.idv.tw (close only)
1979-05-01,,,,638.12,011.idv.tw (close only)
1979-05-02,,,,634.00,011.idv.tw (close only)
1979-05-03,,,,638.40,011.idv.tw (close only)
1979-05-04,,,,623.20,011.idv.tw (close only)
1979-05-05,,,,625.18,011.idv.tw (close only)
1979-05-07,,,,602.41,011.idv.tw (close only)
1979-05-08,,,,602.55,011.idv.tw (close only)
1979-05-09,,,,605.88,011.idv.tw (close only)
1979-05-10,,,,610.11,011.idv.tw (close only)
1979-05-11,,,,612.33,011.idv.tw (close only)
1979-05-12,,,,610.90,011.idv.tw (close only)
1979-05-14,,,,598.29,011.idv.tw (close only)
1979-05-15,,,,597.52,011.idv.tw (close only)
1979-05-16,,,,604.06,011.idv.tw (close only)
1979-05-17,,,,595.84,011.idv.tw (close only)
1979-05-18,,,,580.75,011.idv.tw (close only)
1979-05-19,,,,579.65,011.idv.tw (close only)
1979-05-21,,,,580.39,011.idv.tw (close only)
1979-05-22,,,,588.99,011.idv.tw (close only)
1979-05-23,,,,582.75,011.idv.tw (close only)
1979-05-24,,,,587.45,011.idv.tw (close only)
1979-05-25,,,,595.44,011.idv.tw (close only)
1979-05-26,,,,597.34,011.idv.tw (close only)
1979-05-28,,,,598.52,011.idv.tw (close only)
1979-05-29,,,,597.55,011.idv.tw (close only)
1979-05-31,,,,590.37,011.idv.tw (close only)
1979-06-01,,,,590.39,011.idv.tw (close only)
1979-06-02,,,,589.40,011.idv.tw (close only)
1979-06-04,,,,573.10,011.idv.tw (close only)
1979-06-05,,,,572.46,011.idv.tw (close only)
1979-06-06,,,,574.44,011.idv.tw (close only)
1979-06-07,,,,577.79,011.idv.tw (close only)
1979-06-08,,,,575.83,011.idv.tw (close only)
1979-06-09,,,,576.45,011.idv.tw (close only)
1979-06-11,,,,578.02,011.idv.tw (close only)
1979-06-12,,,,580.70,011.idv.tw (close only)
1979-06-13,,,,578.14,011.idv.tw (close only)
1979-06-14,,,,575.33,011.idv.tw (close only)
1979-06-15,,,,569.26,011.idv.tw (close only)
1979-06-16,,,,566.20,011.idv.tw (close only)
1979-06-18,,,,565.74,011.idv.tw (close only)
1979-06-19,,,,570.96,011.idv.tw (close only)
1979-06-20,,,,572.09,011.idv.tw (close only)
1979-06-21,,,,580.10,011.idv.tw (close only)
1979-06-22,,,,580.58,011.idv.tw (close only)
1979-06-23,,,,570.93,011.idv.tw (close only)
1979-06-25,,,,573.64,011.idv.tw (close only)
1979-06-26,,,,576.99,011.idv.tw (close only)
1979-06-27,,,,576.35,011.idv.tw (close only)
1979-06-28,,,,576.77,011.idv.tw (close only)
1979-06-29,,,,567.18,011.idv.tw (close only)
1979-06-30,,,,572.27,011.idv.tw (close only)
1979-07-04,,,,557.00,011.idv.tw (close only)
1979-07-05,,,,551.90,011.idv.tw (close only)
1979-07-06,,,,552.73,011.idv.tw (close only)
1979-07-07,,,,545.33,011.idv.tw (close only)
1979-07-09,,,,527.13,011.idv.tw (close only)
1979-07-10,,,,530.03,011.idv.tw (close only)
1979-07-11,,,,540.60,011.idv.tw (close only)
1979-07-12,,,,536.42,011.idv.tw (close only)
1979-07-13,,,,531.03,011.idv.tw (close only)
1979-07-14,,,,523.99,011.idv.tw (close only)
1979-07-16,,,,514.04,011.idv.tw (close only)
1979-07-17,,,,515.18,011.idv.tw (close only)
1979-07-18,,,,522.00,011.idv.tw (close only)
1979-07-19,,,,519.81,011.idv.tw (close only)
1979-07-20,,,,528.74,011.idv.tw (close only)
1979-07-21,,,,540.44,011.idv.tw (close only)
1979-07-23,,,,539.04,011.idv.tw (close only)
1979-07-24,,,,542.79,011.idv.tw (close only)
1979-07-25,,,,544.43,011.idv.tw (close only)
1979-07-26,,,,539.95,011.idv.tw (close only)
1979-07-27,,,,549.21,011.idv.tw (close only)
1979-07-28,,,,551.89,011.idv.tw (close only)
1979-07-30,,,,559.29,011.idv.tw (close only)
1979-07-31,,,,561.55,011.idv.tw (close only)
1979-08-01,,,,546.99,011.idv.tw (close only)
1979-08-03,,,,559.51,011.idv.tw (close only)
1979-08-04,,,,557.72,011.idv.tw (close only)
1979-08-06,,,,556.95,011.idv.tw (close only)
1979-08-07,,,,568.04,011.idv.tw (close only)
1979-08-08,,,,569.12,011.idv.tw (close only)
1979-08-09,,,,570.42,011.idv.tw (close only)
1979-08-10,,,,568.38,011.idv.tw (close only)
1979-08-11,,,,564.67,011.idv.tw (close only)
1979-08-13,,,,563.48,011.idv.tw (close only)
1979-08-14,,,,562.02,011.idv.tw (close only)
1979-08-15,,,,565.32,011.idv.tw (close only)
1979-08-16,,,,568.38,011.idv.tw (close only)
1979-08-17,,,,570.14,011.idv.tw (close only)
1979-08-18,,,,569.67,011.idv.tw (close only)
1979-08-20,,,,571.36,011.idv.tw (close only)
1979-08-21,,,,573.13,011.idv.tw (close only)
1979-08-22,,,,572.18,011.idv.tw (close only)
1979-08-23,,,,570.00,011.idv.tw (close only)
1979-08-24,,,,579.59,011.idv.tw (close only)
1979-08-25,,,,582.84,011.idv.tw (close only)
1979-08-27,,,,594.27,011.idv.tw (close only)
1979-08-28,,,,600.76,011.idv.tw (close only)
1979-08-29,,,,599.43,011.idv.tw (close only)
1979-08-30,,,,601.42,011.idv.tw (close only)
1979-08-31,,,,599.05,011.idv.tw (close only)
1979-09-01,,,,592.97,011.idv.tw (close only)
1979-09-03,,,,594.51,011.idv.tw (close only)
1979-09-04,,,,589.78,011.idv.tw (close only)
1979-09-05,,,,581.97,011.idv.tw (close only)
1979-09-06,,,,582.15,011.idv.tw (close only)
1979-09-07,,,,575.24,011.idv.tw (close only)
1979-09-08,,,,579.75,011.idv.tw (close only)
1979-09-10,,,,572.32,011.idv.tw (close only)
1979-09-11,,,,574.20,011.idv.tw (close only)
1979-09-12,,,,575.27,011.idv.tw (close only)
1979-09-13,,,,582.98,011.idv.tw (close only)
1979-09-14,,,,584.77,011.idv.tw (close only)
1979-09-15,,,,580.88,011.idv.tw (close only)
1979-09-17,,,,577.71,011.idv.tw (close only)
1979-09-18,,,,577.94,011.idv.tw (close only)
1979-09-19,,,,575.67,011.idv.tw (close only)
1979-09-20,,,,569.34,011.idv.tw (close only)
1979-09-21,,,,562.81,011.idv.tw (close only)
1979-09-22,,,,565.84,011.idv.tw (close only)
1979-09-24,,,,565.44,011.idv.tw (close only)
1979-09-25,,,,574.73,011.idv.tw (close only)
1979-09-26,,,,569.53,011.idv.tw (close only)
1979-09-27,,,,568.53,011.idv.tw (close only)
1979-09-29,,,,577.46,011.idv.tw (close only)
1979-10-01,,,,586.41,011.idv.tw (close only)
1979-10-02,,,,584.17,011.idv.tw (close only)
1979-10-03,,,,584.06,011.idv.tw (close only)
1979-10-04,,,,581.68,011.idv.tw (close only)
1979-10-06,,,,578.40,011.idv.tw (close only)
1979-10-08,,,,576.19,011.idv.tw (close only)
1979-10-09,,,,575.34,011.idv.tw (close only)
1979-10-11,,,,554.80,011.idv.tw (close only)
1979-10-12,,,,556.66,011.idv.tw (close only)
1979-10-13,,,,551.24,011.idv.tw (close only)
1979-10-15,,,,541.39,011.idv.tw (close only)
1979-10-16,,,,544.14,011.idv.tw (close only)
1979-10-17,,,,546.58,011.idv.tw (close only)
1979-10-18,,,,552.07,011.idv.tw (close only)
1979-10-19,,,,549.91,011.idv.tw (close only)
1979-10-20,,,,549.24,011.idv.tw (close only)
1979-10-22,,,,547.41,011.idv.tw (close only)
1979-10-23,,,,541.30,011.idv.tw (close only)
1979-10-24,,,,535.25,011.idv.tw (close only)
1979-10-26,,,,531.24,011.idv.tw (close only)
1979-10-27,,,,535.49,011.idv.tw (close only)
1979-10-29,,,,533.61,011.idv.tw (close only)
1979-10-30,,,,530.92,011.idv.tw (close only)
1979-11-01,,,,537.25,011.idv.tw (close only)
1979-11-02,,,,541.64,011.idv.tw (close only)
1979-11-03,,,,547.53,011.idv.tw (close only)
1979-11-05,,,,544.38,011.idv.tw (close only)
1979-11-06,,,,554.89,011.idv.tw (close only)
1979-11-07,,,,544.46,011.idv.tw (close only)
1979-11-08,,,,533.50,011.idv.tw (close only)
1979-11-09,,,,534.44,011.idv.tw (close only)
1979-11-10,,,,532.89,011.idv.tw (close only)
1979-11-13,,,,516.11,011.idv.tw (close only)
1979-11-14,,,,519.27,011.idv.tw (close only)
1979-11-15,,,,522.25,011.idv.tw (close only)
1979-11-16,,,,522.30,011.idv.tw (close only)
1979-11-17,,,,516.51,011.idv.tw (close only)
1979-11-19,,,,513.90,011.idv.tw (close only)
1979-11-20,,,,517.76,011.idv.tw (close only)
1979-11-21,,,,508.29,011.idv.tw (close only)
1979-11-22,,,,505.76,011.idv.tw (close only)
1979-11-23,,,,502.05,011.idv.tw (close only)
1979-11-24,,,,502.20,011.idv.tw (close only)
1979-11-26,,,,503.68,011.idv.tw (close only)
1979-11-27,,,,514.27,011.idv.tw (close only)
1979-11-28,,,,514.35,011.idv.tw (close only)
1979-11-29,,,,510.18,011.idv.tw (close only)
1979-11-30,,,,512.45,011.idv.tw (close only)
1979-12-01,,,,509.18,011.idv.tw (close only)
1979-12-03,,,,503.57,011.idv.tw (close only)
1979-12-04,,,,503.74,011.idv.tw (close only)
1979-12-05,,,,506.36,011.idv.tw (close only)
1979-12-06,,,,507.79,011.idv.tw (close only)
1979-12-07,,,,507.24,011.idv.tw (close only)
1979-12-08,,,,508.52,011.idv.tw (close only)
1979-12-10,,,,519.49,011.idv.tw (close only)
1979-12-11,,,,520.32,011.idv.tw (close only)
1979-12-12,,,,519.07,011.idv.tw (close only)
1979-12-13,,,,514.88,011.idv.tw (close only)
1979-12-14,,,,518.78,011.idv.tw (close only)
1979-12-15,,,,524.67,011.idv.tw (close only)
1979-12-17,,,,540.02,011.idv.tw (close only)
1979-12-18,,,,546.08,011.idv.tw (close only)
1979-12-19,,,,539.48,011.idv.tw (close only)
1979-12-20,,,,545.88,011.idv.tw (close only)
1979-12-21,,,,555.22,011.idv.tw (close only)
1979-12-22,,,,554.56,011.idv.tw (close only)
1979-12-24,,,,550.92,011.idv.tw (close only)
1979-12-26,,,,533.97,011.idv.tw (close only)
1979-12-27,,,,524.88,011.idv.tw (close only)
1979-12-28,,,,542.69,011.idv.tw (close only)
1979-12-29,,,,549.55,011.idv.tw (close only)
1980-01-04,,,,562.65,011.idv.tw (close only)
1980-01-05,,,,561.55,011.idv.tw (close only)
1980-01-07,,,,564.81,011.idv.tw (close only)
1980-01-08,,,,556.33,011.idv.tw (close only)
1980-01-09,,,,561.23,011.idv.tw (close only)
1980-01-10,,,,556.07,011.idv.tw (close only)
1980-01-11,,,,555.13,011.idv.tw (close only)
1980-01-12,,,,555.37,011.idv.tw (close only)
1980-01-14,,,,545.52,011.idv.tw (close only)
1980-01-15,,,,547.42,011.idv.tw (close only)
1980-01-16,,,,549.64,011.idv.tw (close only)
1980-01-17,,,,540.08,011.idv.tw (close only)
1980-01-18,,,,541.00,011.idv.tw (close only)
1980-01-19,,,,544.96,011.idv.tw (close only)
1980-01-21,,,,545.72,011.idv.tw (close only)
1980-01-22,,,,544.71,011.idv.tw (close only)
1980-01-23,,,,549.61,011.idv.tw (close only)
1980-01-24,,,,552.75,011.idv.tw (close only)
1980-01-25,,,,555.59,011.idv.tw (close only)
1980-01-26,,,,552.90,011.idv.tw (close only)
1980-01-28,,,,554.16,011.idv.tw (close only)
1980-01-29,,,,549.13,011.idv.tw (close only)
1980-01-30,,,,547.55,011.idv.tw (close only)
1980-01-31,,,,547.02,011.idv.tw (close only)
1980-02-01,,,,549.53,011.idv.tw (close only)
1980-02-02,,,,552.43,011.idv.tw (close only)
1980-02-04,,,,561.14,011.idv.tw (close only)
1980-02-05,,,,562.63,011.idv.tw (close only)
1980-02-06,,,,559.54,011.idv.tw (close only)
1980-02-07,,,,558.61,011.idv.tw (close only)
1980-02-08,,,,553.92,011.idv.tw (close only)
1980-02-09,,,,550.03,011.idv.tw (close only)
1980-02-11,,,,551.50,011.idv.tw (close only)
1980-02-12,,,,556.49,011.idv.tw (close only)
1980-02-13,,,,557.75,011.idv.tw (close only)
1980-02-20,,,,554.53,011.idv.tw (close only)
1980-02-21,,,,550.90,011.idv.tw (close only)
1980-02-22,,,,554.81,011.idv.tw (close only)
1980-02-23,,,,551.82,011.idv.tw (close only)
1980-02-25,,,,548.57,011.idv.tw (close only)
1980-02-26,,,,550.48,011.idv.tw (close only)
1980-02-27,,,,551.87,011.idv.tw (close only)
1980-02-28,,,,560.56,011.idv.tw (close only)
1980-02-29,,,,564.40,011.idv.tw (close only)
1980-03-01,,,,562.47,011.idv.tw (close only)
1980-03-03,,,,573.11,011.idv.tw (close only)
1980-03-04,,,,576.94,011.idv.tw (close only)
1980-03-05,,,,581.09,011.idv.tw (close only)
1980-03-06,,,,581.80,011.idv.tw (close only)
1980-03-07,,,,583.77,011.idv.tw (close only)
1980-03-08,,,,579.40,011.idv.tw (close only)
1980-03-10,,,,576.77,011.idv.tw (close only)
1980-03-11,,,,569.92,011.idv.tw (close only)
1980-03-12,,,,572.24,011.idv.tw (close only)
1980-03-13,,,,561.78,011.idv.tw (close only)
1980-03-14,,,,562.41,011.idv.tw (close only)
1980-03-15,,,,557.82,011.idv.tw (close only)
1980-03-17,,,,555.15,011.idv.tw (close only)
1980-03-18,,,,544.97,011.idv.tw (close only)
1980-03-19,,,,542.58,011.idv.tw (close only)
1980-03-20,,,,547.66,011.idv.tw (close only)
1980-03-21,,,,544.77,011.idv.tw (close only)
1980-03-22,,,,541.82,011.idv.tw (close only)
1980-03-24,,,,536.13,011.idv.tw (close only)
1980-03-25,,,,541.46,011.idv.tw (close only)
1980-03-26,,,,538.80,011.idv.tw (close only)
1980-03-27,,,,543.56,011.idv.tw (close only)
1980-03-28,,,,534.81,011.idv.tw (close only)
1980-03-31,,,,526.20,011.idv.tw (close only)
1980-04-01,,,,526.95,011.idv.tw (close only)
1980-04-02,,,,522.15,011.idv.tw (close only)
1980-04-03,,,,518.09,011.idv.tw (close only)
1980-04-05,,,,522.48,011.idv.tw (close only)
1980-04-07,,,,521.88,011.idv.tw (close only)
1980-04-08,,,,509.70,011.idv.tw (close only)
1980-04-09,,,,510.91,011.idv.tw (close only)
1980-04-10,,,,514.33,011.idv.tw (close only)
1980-04-11,,,,521.80,011.idv.tw (close only)
1980-04-12,,,,522.36,011.idv.tw (close only)
1980-04-14,,,,517.93,011.idv.tw (close only)
1980-04-15,,,,520.86,011.idv.tw (close only)
1980-04-16,,,,517.80,011.idv.tw (close only)
1980-04-17,,,,514.27,011.idv.tw (close only)
1980-04-18,,,,516.08,011.idv.tw (close only)
1980-04-19,,,,522.86,011.idv.tw (close only)
1980-04-21,,,,521.93,011.idv.tw (close only)
1980-04-22,,,,520.83,011.idv.tw (close only)
1980-04-23,,,,525.85,011.idv.tw (close only)
1980-04-24,,,,526.00,011.idv.tw (close only)
1980-04-25,,,,531.70,011.idv.tw (close only)
1980-04-26,,,,525.90,011.idv.tw (close only)
1980-04-28,,,,524.55,011.idv.tw (close only)
1980-04-29,,,,515.75,011.idv.tw (close only)
1980-04-30,,,,515.93,011.idv.tw (close only)
1980-05-01,,,,519.31,011.idv.tw (close only)
1980-05-02,,,,514.80,011.idv.tw (close only)
1980-05-03,,,,508.13,011.idv.tw (close only)
1980-05-05,,,,500.77,011.idv.tw (close only)
1980-05-06,,,,505.31,011.idv.tw (close only)
1980-05-07,,,,504.88,011.idv.tw (close only)
1980-05-08,,,,509.55,011.idv.tw (close only)
1980-05-09,,,,507.94,011.idv.tw (close only)
1980-05-10,,,,509.46,011.idv.tw (close only)
1980-05-12,,,,509.59,011.idv.tw (close only)
1980-05-13,,,,509.78,011.idv.tw (close only)
1980-05-14,,,,507.15,011.idv.tw (close only)
1980-05-15,,,,507.63,011.idv.tw (close only)
1980-05-16,,,,508.32,011.idv.tw (close only)
1980-05-17,,,,511.27,011.idv.tw (close only)
1980-05-19,,,,518.20,011.idv.tw (close only)
1980-05-20,,,,514.93,011.idv.tw (close only)
1980-05-21,,,,508.25,011.idv.tw (close only)
1980-05-22,,,,507.25,011.idv.tw (close only)
1980-05-23,,,,509.55,011.idv.tw (close only)
1980-05-24,,,,508.06,011.idv.tw (close only)
1980-05-26,,,,507.28,011.idv.tw (close only)
1980-05-27,,,,509.65,011.idv.tw (close only)
1980-05-28,,,,508.69,011.idv.tw (close only)
1980-05-29,,,,508.34,011.idv.tw (close only)
1980-05-30,,,,511.00,011.idv.tw (close only)
1980-05-31,,,,514.80,011.idv.tw (close only)
1980-06-02,,,,512.41,011.idv.tw (close only)
1980-06-03,,,,510.60,011.idv.tw (close only)
1980-06-04,,,,510.54,011.idv.tw (close only)
1980-06-05,,,,512.08,011.idv.tw (close only)
1980-06-06,,,,509.92,011.idv.tw (close only)
1980-06-07,,,,508.59,011.idv.tw (close only)
1980-06-09,,,,507.01,011.idv.tw (close only)
1980-06-10,,,,509.54,011.idv.tw (close only)
1980-06-11,,,,509.97,011.idv.tw (close only)
1980-06-12,,,,511.46,011.idv.tw (close only)
1980-06-13,,,,513.46,011.idv.tw (close only)
1980-06-14,,,,512.98,011.idv.tw (close only)
1980-06-16,,,,514.64,011.idv.tw (close only)
1980-06-18,,,,511.86,011.idv.tw (close only)
1980-06-19,,,,510.49,011.idv.tw (close only)
1980-06-20,,,,507.21,011.idv.tw (close only)
1980-06-21,,,,507.18,011.idv.tw (close only)
1980-06-23,,,,503.88,011.idv.tw (close only)
1980-06-24,,,,502.89,011.idv.tw (close only)
1980-06-25,,,,494.14,011.idv.tw (close only)
1980-06-26,,,,489.15,011.idv.tw (close only)
1980-06-27,,,,491.84,011.idv.tw (close only)
1980-06-28,,,,487.49,011.idv.tw (close only)
1980-06-30,,,,480.38,011.idv.tw (close only)
1980-07-02,,,,481.63,011.idv.tw (close only)
1980-07-03,,,,481.59,011.idv.tw (close only)
1980-07-04,,,,494.59,011.idv.tw (close only)
1980-07-05,,,,495.02,011.idv.tw (close only)
1980-07-07,,,,494.27,011.idv.tw (close only)
1980-07-08,,,,497.58,011.idv.tw (close only)
1980-07-09,,,,498.75,011.idv.tw (close only)
1980-07-10,,,,491.08,011.idv.tw (close only)
1980-07-11,,,,495.87,011.idv.tw (close only)
1980-07-12,,,,494.28,011.idv.tw (close only)
1980-07-14,,,,495.64,011.idv.tw (close only)
1980-07-15,,,,499.18,011.idv.tw (close only)
1980-07-16,,,,505.33,011.idv.tw (close only)
1980-07-17,,,,509.50,011.idv.tw (close only)
1980-07-18,,,,514.32,011.idv.tw (close only)
1980-07-19,,,,523.39,011.idv.tw (close only)
1980-07-21,,,,533.61,011.idv.tw (close only)
1980-07-22,,,,533.00,011.idv.tw (close only)
1980-07-23,,,,535.62,011.idv.tw (close only)
1980-07-24,,,,544.71,011.idv.tw (close only)
1980-07-25,,,,544.38,011.idv.tw (close only)
1980-07-26,,,,538.85,011.idv.tw (close only)
1980-07-28,,,,533.16,011.idv.tw (close only)
1980-07-29,,,,535.09,011.idv.tw (close only)
1980-07-30,,,,530.21,011.idv.tw (close only)
1980-07-31,,,,539.19,011.idv.tw (close only)
1980-08-01,,,,536.95,011.idv.tw (close only)
1980-08-02,,,,540.64,011.idv.tw (close only)
1980-08-04,,,,549.65,011.idv.tw (close only)
1980-08-05,,,,543.90,011.idv.tw (close only)
1980-08-06,,,,541.16,011.idv.tw (close only)
1980-08-07,,,,550.88,011.idv.tw (close only)
1980-08-08,,,,556.34,011.idv.tw (close only)
1980-08-09,,,,554.30,011.idv.tw (close only)
1980-08-11,,,,564.90,011.idv.tw (close only)
1980-08-12,,,,567.27,011.idv.tw (close only)
1980-08-13,,,,563.19,011.idv.tw (close only)
1980-08-14,,,,565.04,011.idv.tw (close only)
1980-08-15,,,,557.31,011.idv.tw (close only)
1980-08-16,,,,567.09,011.idv.tw (close only)
1980-08-18,,,,567.75,011.idv.tw (close only)
1980-08-19,,,,569.35,011.idv.tw (close only)
1980-08-20,,,,567.34,011.idv.tw (close only)
1980-08-21,,,,569.26,011.idv.tw (close only)
1980-08-22,,,,569.42,011.idv.tw (close only)
1980-08-23,,,,563.00,011.idv.tw (close only)
1980-08-25,,,,563.15,011.idv.tw (close only)
1980-08-26,,,,566.76,011.idv.tw (close only)
1980-08-27,,,,573.95,011.idv.tw (close only)
1980-08-28,,,,577.59,011.idv.tw (close only)
1980-08-29,,,,574.08,011.idv.tw (close only)
1980-08-30,,,,578.13,011.idv.tw (close only)
1980-09-01,,,,579.58,011.idv.tw (close only)
1980-09-02,,,,581.06,011.idv.tw (close only)
1980-09-03,,,,581.30,011.idv.tw (close only)
1980-09-04,,,,578.21,011.idv.tw (close only)
1980-09-05,,,,579.82,011.idv.tw (close only)
1980-09-06,,,,581.10,011.idv.tw (close only)
1980-09-08,,,,581.10,011.idv.tw (close only)
1980-09-09,,,,574.38,011.idv.tw (close only)
1980-09-10,,,,569.78,011.idv.tw (close only)
1980-09-11,,,,571.80,011.idv.tw (close only)
1980-09-12,,,,571.99,011.idv.tw (close only)
1980-09-13,,,,571.71,011.idv.tw (close only)
1980-09-15,,,,571.80,011.idv.tw (close only)
1980-09-16,,,,581.59,011.idv.tw (close only)
1980-09-17,,,,581.95,011.idv.tw (close only)
1980-09-18,,,,585.73,011.idv.tw (close only)
1980-09-19,,,,583.01,011.idv.tw (close only)
1980-09-20,,,,581.24,011.idv.tw (close only)
1980-09-22,,,,574.13,011.idv.tw (close only)
1980-09-24,,,,557.90,011.idv.tw (close only)
1980-09-25,,,,554.65,011.idv.tw (close only)
1980-09-26,,,,546.09,011.idv.tw (close only)
1980-09-27,,,,558.21,011.idv.tw (close only)
1980-09-30,,,,559.96,011.idv.tw (close only)
1980-10-01,,,,560.69,011.idv.tw (close only)
1980-10-02,,,,570.39,011.idv.tw (close only)
1980-10-03,,,,575.87,011.idv.tw (close only)
1980-10-04,,,,580.94,011.idv.tw (close only)
1980-10-06,,,,582.25,011.idv.tw (close only)
1980-10-07,,,,579.29,011.idv.tw (close only)
1980-10-08,,,,581.23,011.idv.tw (close only)
1980-10-09,,,,582.81,011.idv.tw (close only)
1980-10-11,,,,582.25,011.idv.tw (close only)
1980-10-13,,,,590.95,011.idv.tw (close only)
1980-10-14,,,,596.71,011.idv.tw (close only)
1980-10-15,,,,592.78,011.idv.tw (close only)
1980-10-16,,,,590.68,011.idv.tw (close only)
1980-10-17,,,,592.19,011.idv.tw (close only)
1980-10-18,,,,593.37,011.idv.tw (close only)
1980-10-20,,,,592.92,011.idv.tw (close only)
1980-10-21,,,,586.45,011.idv.tw (close only)
1980-10-22,,,,589.80,011.idv.tw (close only)
1980-10-23,,,,586.89,011.idv.tw (close only)
1980-10-24,,,,585.14,011.idv.tw (close only)
1980-10-27,,,,578.32,011.idv.tw (close only)
1980-10-28,,,,579.13,011.idv.tw (close only)
1980-10-29,,,,578.72,011.idv.tw (close only)
1980-10-30,,,,581.32,011.idv.tw (close only)
1980-11-01,,,,585.51,011.idv.tw (close only)
1980-11-03,,,,584.71,011.idv.tw (close only)
1980-11-04,,,,587.85,011.idv.tw (close only)
1980-11-05,,,,599.57,011.idv.tw (close only)
1980-11-06,,,,592.29,011.idv.tw (close only)
1980-11-07,,,,593.82,011.idv.tw (close only)
1980-11-08,,,,592.76,011.idv.tw (close only)
1980-11-10,,,,587.49,011.idv.tw (close only)
1980-11-11,,,,585.82,011.idv.tw (close only)
1980-11-13,,,,569.58,011.idv.tw (close only)
1980-11-14,,,,573.78,011.idv.tw (close only)
1980-11-15,,,,569.03,011.idv.tw (close only)
1980-11-17,,,,564.61,011.idv.tw (close only)
1980-11-18,,,,559.77,011.idv.tw (close only)
1980-11-19,,,,559.64,011.idv.tw (close only)
1980-11-20,,,,564.75,011.idv.tw (close only)
1980-11-21,,,,562.93,011.idv.tw (close only)
1980-11-22,,,,562.23,011.idv.tw (close only)
1980-11-24,,,,563.60,011.idv.tw (close only)
1980-11-25,,,,565.66,011.idv.tw (close only)
1980-11-26,,,,565.85,011.idv.tw (close only)
1980-11-27,,,,565.86,011.idv.tw (close only)
1980-11-28,,,,566.33,011.idv.tw (close only)
1980-11-29,,,,566.28,011.idv.tw (close only)
1980-12-01,,,,562.84,011.idv.tw (close only)
1980-12-02,,,,552.93,011.idv.tw (close only)
1980-12-03,,,,555.41,011.idv.tw (close only)
1980-12-04,,,,554.20,011.idv.tw (close only)
1980-12-05,,,,560.89,011.idv.tw (close only)
1980-12-08,,,,558.92,011.idv.tw (close only)
1980-12-09,,,,561.40,011.idv.tw (close only)
1980-12-10,,,,563.12,011.idv.tw (close only)
1980-12-11,,,,564.80,011.idv.tw (close only)
1980-12-12,,,,559.58,011.idv.tw (close only)
1980-12-13,,,,559.31,011.idv.tw (close only)
1980-12-15,,,,558.95,011.idv.tw (close only)
1980-12-16,,,,562.55,011.idv.tw (close only)
1980-12-17,,,,556.89,011.idv.tw (close only)
1980-12-18,,,,553.47,011.idv.tw (close only)
1980-12-19,,,,550.47,011.idv.tw (close only)
1980-12-20,,,,551.05,011.idv.tw (close only)
1980-12-22,,,,547.04,011.idv.tw (close only)
1980-12-23,,,,551.53,011.idv.tw (close only)
1980-12-24,,,,553.55,011.idv.tw (close only)
1980-12-26,,,,555.50,011.idv.tw (close only)
1980-12-27,,,,555.39,011.idv.tw (close only)
1980-12-29,,,,554.23,011.idv.tw (close only)
1980-12-30,,,,558.45,011.idv.tw (close only)
1981-01-05,,,,554.05,011.idv.tw (close only)
1981-01-06,,,,550.38,011.idv.tw (close only)
1981-01-07,,,,551.29,011.idv.tw (close only)
1981-01-08,,,,546.64,011.idv.tw (close only)
1981-01-09,,,,543.55,011.idv.tw (close only)
1981-01-10,,,,541.92,011.idv.tw (close only)
1981-01-12,,,,539.81,011.idv.tw (close only)
1981-01-13,,,,535.51,011.idv.tw (close only)
1981-01-14,,,,535.04,011.idv.tw (close only)
1981-01-15,,,,543.93,011.idv.tw (close only)
1981-01-16,,,,545.89,011.idv.tw (close only)
1981-01-17,,,,554.15,011.idv.tw (close only)
1981-01-19,,,,563.96,011.idv.tw (close only)
1981-01-20,,,,557.00,011.idv.tw (close only)
1981-01-21,,,,560.98,011.idv.tw (close only)
1981-01-22,,,,555.92,011.idv.tw (close only)
1981-01-23,,,,555.41,011.idv.tw (close only)
1981-01-24,,,,557.15,011.idv.tw (close only)
1981-01-26,,,,557.05,011.idv.tw (close only)
1981-01-27,,,,554.37,011.idv.tw (close only)
1981-01-28,,,,556.68,011.idv.tw (close only)
1981-01-29,,,,555.15,011.idv.tw (close only)
1981-01-30,,,,554.83,011.idv.tw (close only)
1981-01-31,,,,564.40,011.idv.tw (close only)
1981-02-02,,,,564.86,011.idv.tw (close only)
1981-02-09,,,,566.22,011.idv.tw (close only)
1981-02-10,,,,565.18,011.idv.tw (close only)
1981-02-11,,,,565.82,011.idv.tw (close only)
1981-02-12,,,,572.15,011.idv.tw (close only)
1981-02-13,,,,577.40,011.idv.tw (close only)
1981-02-14,,,,582.40,011.idv.tw (close only)
1981-02-16,,,,581.27,011.idv.tw (close only)
1981-02-17,,,,586.19,011.idv.tw (close only)
1981-02-18,,,,587.00,011.idv.tw (close only)
1981-02-19,,,,585.48,011.idv.tw (close only)
1981-02-20,,,,581.87,011.idv.tw (close only)
1981-02-21,,,,591.50,011.idv.tw (close only)
1981-02-23,,,,597.81,011.idv.tw (close only)
1981-02-24,,,,590.04,011.idv.tw (close only)
1981-02-25,,,,594.27,011.idv.tw (close only)
1981-02-26,,,,585.11,011.idv.tw (close only)
1981-02-27,,,,583.36,011.idv.tw (close only)
1981-02-28,,,,582.36,011.idv.tw (close only)
1981-03-02,,,,576.54,011.idv.tw (close only)
1981-03-03,,,,571.99,011.idv.tw (close only)
1981-03-04,,,,570.10,011.idv.tw (close only)
1981-03-05,,,,573.16,011.idv.tw (close only)
1981-03-06,,,,567.42,011.idv.tw (close only)
1981-03-07,,,,564.97,011.idv.tw (close only)
1981-03-09,,,,559.04,011.idv.tw (close only)
1981-03-10,,,,555.34,011.idv.tw (close only)
1981-03-11,,,,557.99,011.idv.tw (close only)
1981-03-12,,,,561.53,011.idv.tw (close only)
1981-03-13,,,,555.25,011.idv.tw (close only)
1981-03-14,,,,546.65,011.idv.tw (close only)
1981-03-16,,,,536.76,011.idv.tw (close only)
1981-03-17,,,,545.78,011.idv.tw (close only)
1981-03-18,,,,544.38,011.idv.tw (close only)
1981-03-19,,,,545.76,011.idv.tw (close only)
1981-03-20,,,,545.28,011.idv.tw (close only)
1981-03-21,,,,548.07,011.idv.tw (close only)
1981-03-23,,,,554.05,011.idv.tw (close only)
1981-03-24,,,,550.62,011.idv.tw (close only)
1981-03-25,,,,551.88,011.idv.tw (close only)
1981-03-26,,,,547.74,011.idv.tw (close only)
1981-03-27,,,,548.23,011.idv.tw (close only)
1981-03-28,,,,553.55,011.idv.tw (close only)
1981-03-31,,,,549.40,011.idv.tw (close only)
1981-04-01,,,,554.94,011.idv.tw (close only)
1981-04-02,,,,553.07,011.idv.tw (close only)
1981-04-03,,,,550.97,011.idv.tw (close only)
1981-04-04,,,,552.08,011.idv.tw (close only)
1981-04-07,,,,552.12,011.idv.tw (close only)
1981-04-08,,,,552.71,011.idv.tw (close only)
1981-04-09,,,,553.63,011.idv.tw (close only)
1981-04-10,,,,552.85,011.idv.tw (close only)
1981-04-11,,,,550.66,011.idv.tw (close only)
1981-04-13,,,,546.97,011.idv.tw (close only)
1981-04-14,,,,545.69,011.idv.tw (close only)
1981-04-15,,,,542.53,011.idv.tw (close only)
1981-04-16,,,,543.24,011.idv.tw (close only)
1981-04-17,,,,543.27,011.idv.tw (close only)
1981-04-18,,,,539.06,011.idv.tw (close only)
1981-04-20,,,,534.36,011.idv.tw (close only)
1981-04-21,,,,537.35,011.idv.tw (close only)
1981-04-22,,,,537.90,011.idv.tw (close only)
1981-04-23,,,,540.52,011.idv.tw (close only)
1981-04-24,,,,543.19,011.idv.tw (close only)
1981-04-25,,,,542.67,011.idv.tw (close only)
1981-04-27,,,,550.33,011.idv.tw (close only)
1981-04-28,,,,554.36,011.idv.tw (close only)
1981-04-29,,,,555.04,011.idv.tw (close only)
1981-04-30,,,,556.66,011.idv.tw (close only)
1981-05-01,,,,556.84,011.idv.tw (close only)
1981-05-02,,,,559.59,011.idv.tw (close only)
1981-05-04,,,,565.39,011.idv.tw (close only)
1981-05-05,,,,560.30,011.idv.tw (close only)
1981-05-06,,,,564.05,011.idv.tw (close only)
1981-05-07,,,,567.77,011.idv.tw (close only)
1981-05-08,,,,567.52,011.idv.tw (close only)
1981-05-09,,,,571.58,011.idv.tw (close only)
1981-05-11,,,,575.27,011.idv.tw (close only)
1981-05-12,,,,571.23,011.idv.tw (close only)
1981-05-13,,,,565.77,011.idv.tw (close only)
1981-05-14,,,,560.98,011.idv.tw (close only)
1981-05-15,,,,562.38,011.idv.tw (close only)
1981-05-16,,,,566.72,011.idv.tw (close only)
1981-05-18,,,,562.58,011.idv.tw (close only)
1981-05-19,,,,561.37,011.idv.tw (close only)
1981-05-20,,,,557.13,011.idv.tw (close only)
1981-05-21,,,,557.25,011.idv.tw (close only)
1981-05-22,,,,564.67,011.idv.tw (close only)
1981-05-23,,,,563.07,011.idv.tw (close only)
1981-05-25,,,,566.78,011.idv.tw (close only)
1981-05-26,,,,565.59,011.idv.tw (close only)
1981-05-27,,,,569.51,011.idv.tw (close only)
1981-05-28,,,,571.52,011.idv.tw (close only)
1981-05-29,,,,567.93,011.idv.tw (close only)
1981-05-30,,,,567.57,011.idv.tw (close only)
1981-06-01,,,,564.71,011.idv.tw (close only)
1981-06-02,,,,569.70,011.idv.tw (close only)
1981-06-03,,,,573.70,011.idv.tw (close only)
1981-06-04,,,,580.91,011.idv.tw (close only)
1981-06-05,,,,584.26,011.idv.tw (close only)
1981-06-08,,,,595.36,011.idv.tw (close only)
1981-06-09,,,,597.68,011.idv.tw (close only)
1981-06-10,,,,594.39,011.idv.tw (close only)
1981-06-11,,,,594.97,011.idv.tw (close only)
1981-06-12,,,,595.29,011.idv.tw (close only)
1981-06-13,,,,600.73,011.idv.tw (close only)
1981-06-15,,,,595.03,011.idv.tw (close only)
1981-06-16,,,,593.99,011.idv.tw (close only)
1981-06-17,,,,596.62,011.idv.tw (close only)
1981-06-18,,,,590.07,011.idv.tw (close only)
1981-06-19,,,,587.07,011.idv.tw (close only)
1981-06-20,,,,580.10,011.idv.tw (close only)
1981-06-22,,,,580.25,011.idv.tw (close only)
1981-06-23,,,,580.74,011.idv.tw (close only)
1981-06-24,,,,573.31,011.idv.tw (close only)
1981-06-25,,,,565.93,011.idv.tw (close only)
1981-06-26,,,,569.06,011.idv.tw (close only)
1981-06-27,,,,574.26,011.idv.tw (close only)
1981-06-29,,,,566.86,011.idv.tw (close only)
1981-06-30,,,,564.72,011.idv.tw (close only)
1981-07-02,,,,566.00,011.idv.tw (close only)
1981-07-03,,,,571.64,011.idv.tw (close only)
1981-07-04,,,,569.13,011.idv.tw (close only)
1981-07-06,,,,567.29,011.idv.tw (close only)
1981-07-07,,,,567.83,011.idv.tw (close only)
1981-07-08,,,,572.93,011.idv.tw (close only)
1981-07-09,,,,571.18,011.idv.tw (close only)
1981-07-10,,,,567.62,011.idv.tw (close only)
1981-07-11,,,,570.62,011.idv.tw (close only)
1981-07-13,,,,569.12,011.idv.tw (close only)
1981-07-14,,,,565.05,011.idv.tw (close only)
1981-07-15,,,,558.31,011.idv.tw (close only)
1981-07-16,,,,559.53,011.idv.tw (close only)
1981-07-17,,,,564.64,011.idv.tw (close only)
1981-07-18,,,,569.78,011.idv.tw (close only)
1981-07-20,,,,567.15,011.idv.tw (close only)
1981-07-21,,,,563.26,011.idv.tw (close only)
1981-07-22,,,,562.07,011.idv.tw (close only)
1981-07-23,,,,562.60,011.idv.tw (close only)
1981-07-24,,,,554.52,011.idv.tw (close only)
1981-07-25,,,,548.53,011.idv.tw (close only)
1981-07-27,,,,543.45,011.idv.tw (close only)
1981-07-28,,,,548.21,011.idv.tw (close only)
1981-07-29,,,,545.93,011.idv.tw (close only)
1981-07-30,,,,546.33,011.idv.tw (close only)
1981-07-31,,,,547.80,011.idv.tw (close only)
1981-08-01,,,,547.36,011.idv.tw (close only)
1981-08-03,,,,540.49,011.idv.tw (close only)
1981-08-04,,,,537.58,011.idv.tw (close only)
1981-08-05,,,,540.93,011.idv.tw (close only)
1981-08-06,,,,544.43,011.idv.tw (close only)
1981-08-07,,,,549.66,011.idv.tw (close only)
1981-08-08,,,,551.43,011.idv.tw (close only)
1981-08-10,,,,544.33,011.idv.tw (close only)
1981-08-11,,,,540.10,011.idv.tw (close only)
1981-08-12,,,,550.92,011.idv.tw (close only)
1981-08-13,,,,546.15,011.idv.tw (close only)
1981-08-14,,,,543.61,011.idv.tw (close only)
1981-08-15,,,,542.68,011.idv.tw (close only)
1981-08-17,,,,537.50,011.idv.tw (close only)
1981-08-18,,,,539.20,011.idv.tw (close only)
1981-08-19,,,,541.56,011.idv.tw (close only)
1981-08-20,,,,536.98,011.idv.tw (close only)
1981-08-21,,,,536.67,011.idv.tw (close only)
1981-08-22,,,,538.14,011.idv.tw (close only)
1981-08-24,,,,533.17,011.idv.tw (close only)
1981-08-25,,,,530.29,011.idv.tw (close only)
1981-08-26,,,,528.33,011.idv.tw (close only)
1981-08-27,,,,523.68,011.idv.tw (close only)
1981-08-28,,,,521.74,011.idv.tw (close only)
1981-08-29,,,,516.74,011.idv.tw (close only)
1981-08-31,,,,507.79,011.idv.tw (close only)
1981-09-01,,,,516.00,011.idv.tw (close only)
1981-09-02,,,,515.46,011.idv.tw (close only)
1981-09-03,,,,517.30,011.idv.tw (close only)
1981-09-04,,,,514.39,011.idv.tw (close only)
1981-09-05,,,,515.93,011.idv.tw (close only)
1981-09-07,,,,519.18,011.idv.tw (close only)
1981-09-08,,,,522.76,011.idv.tw (close only)
1981-09-09,,,,521.95,011.idv.tw (close only)
1981-09-10,,,,522.00,011.idv.tw (close only)
1981-09-11,,,,529.06,011.idv.tw (close only)
1981-09-14,,,,533.57,011.idv.tw (close only)
1981-09-15,,,,528.85,011.idv.tw (close only)
1981-09-16,,,,532.43,011.idv.tw (close only)
1981-09-17,,,,536.59,011.idv.tw (close only)
1981-09-18,,,,536.59,011.idv.tw (close only)
1981-09-19,,,,538.91,011.idv.tw (close only)
1981-09-21,,,,533.70,011.idv.tw (close only)
1981-09-22,,,,533.97,011.idv.tw (close only)
1981-09-23,,,,535.09,011.idv.tw (close only)
1981-09-24,,,,532.85,011.idv.tw (close only)
1981-09-25,,,,528.37,011.idv.tw (close only)
1981-09-26,,,,525.56,011.idv.tw (close only)
1981-09-29,,,,510.61,011.idv.tw (close only)
1981-09-30,,,,521.77,011.idv.tw (close only)
1981-10-01,,,,522.21,011.idv.tw (close only)
1981-10-02,,,,518.32,011.idv.tw (close only)
1981-10-03,,,,520.60,011.idv.tw (close only)
1981-10-05,,,,517.63,011.idv.tw (close only)
1981-10-06,,,,517.14,011.idv.tw (close only)
1981-10-07,,,,515.75,011.idv.tw (close only)
1981-10-08,,,,516.65,011.idv.tw (close only)
1981-10-09,,,,513.12,011.idv.tw (close only)
1981-10-12,,,,506.52,011.idv.tw (close only)
1981-10-13,,,,506.20,011.idv.tw (close only)
1981-10-14,,,,506.83,011.idv.tw (close only)
1981-10-15,,,,510.73,011.idv.tw (close only)
1981-10-16,,,,517.39,011.idv.tw (close only)
1981-10-17,,,,522.80,011.idv.tw (close only)
1981-10-19,,,,527.34,011.idv.tw (close only)
1981-10-20,,,,523.02,011.idv.tw (close only)
1981-10-21,,,,525.96,011.idv.tw (close only)
1981-10-22,,,,520.35,011.idv.tw (close only)
1981-10-23,,,,515.86,011.idv.tw (close only)
1981-10-24,,,,517.53,011.idv.tw (close only)
1981-10-27,,,,509.97,011.idv.tw (close only)
1981-10-28,,,,511.90,011.idv.tw (close only)
1981-10-29,,,,508.91,011.idv.tw (close only)
1981-10-30,,,,517.56,011.idv.tw (close only)
1981-11-02,,,,515.75,011.idv.tw (close only)
1981-11-03,,,,512.29,011.idv.tw (close only)
1981-11-04,,,,516.58,011.idv.tw (close only)
1981-11-05,,,,510.69,011.idv.tw (close only)
1981-11-06,,,,512.90,011.idv.tw (close only)
1981-11-07,,,,511.99,011.idv.tw (close only)
1981-11-09,,,,505.54,011.idv.tw (close only)
1981-11-10,,,,502.92,011.idv.tw (close only)
1981-11-11,,,,504.12,011.idv.tw (close only)
1981-11-13,,,,509.55,011.idv.tw (close only)
1981-11-16,,,,507.71,011.idv.tw (close only)
1981-11-17,,,,510.66,011.idv.tw (close only)
1981-11-18,,,,513.73,011.idv.tw (close only)
1981-11-19,,,,516.80,011.idv.tw (close only)
1981-11-20,,,,521.96,011.idv.tw (close only)
1981-11-21,,,,528.99,011.idv.tw (close only)
1981-11-23,,,,531.65,011.idv.tw (close only)
1981-11-24,,,,530.58,011.idv.tw (close only)
1981-11-25,,,,531.21,011.idv.tw (close only)
1981-11-26,,,,531.32,011.idv.tw (close only)
1981-11-27,,,,536.14,011.idv.tw (close only)
1981-11-28,,,,536.28,011.idv.tw (close only)
1981-11-30,,,,534.75,011.idv.tw (close only)
1981-12-01,,,,531.51,011.idv.tw (close only)
1981-12-02,,,,537.80,011.idv.tw (close only)
1981-12-03,,,,537.37,011.idv.tw (close only)
1981-12-04,,,,540.67,011.idv.tw (close only)
1981-12-05,,,,545.79,011.idv.tw (close only)
1981-12-07,,,,549.95,011.idv.tw (close only)
1981-12-08,,,,547.64,011.idv.tw (close only)
1981-12-09,,,,544.45,011.idv.tw (close only)
1981-12-10,,,,549.34,011.idv.tw (close only)
1981-12-11,,,,539.36,011.idv.tw (close only)
1981-12-12,,,,539.94,011.idv.tw (close only)
1981-12-14,,,,533.96,011.idv.tw (close only)
1981-12-15,,,,539.24,011.idv.tw (close only)
1981-12-16,,,,538.53,011.idv.tw (close only)
1981-12-17,,,,535.91,011.idv.tw (close only)
1981-12-18,,,,539.00,011.idv.tw (close only)
1981-12-19,,,,540.96,011.idv.tw (close only)
1981-12-21,,,,544.14,011.idv.tw (close only)
1981-12-22,,,,547.90,011.idv.tw (close only)
1981-12-23,,,,543.56,011.idv.tw (close only)
1981-12-24,,,,548.34,011.idv.tw (close only)
1981-12-26,,,,552.00,011.idv.tw (close only)
1981-12-28,,,,552.93,011.idv.tw (close only)
1981-12-29,,,,546.36,011.idv.tw (close only)
1981-12-30,,,,551.03,011.idv.tw (close only)
1982-01-05,,,,546.21,011.idv.tw (close only)
1982-01-06,,,,542.17,011.idv.tw (close only)
1982-01-07,,,,539.26,011.idv.tw (close only)
1982-01-08,,,,537.21,011.idv.tw (close only)
1982-01-09,,,,538.34,011.idv.tw (close only)
1982-01-11,,,,532.44,011.idv.tw (close only)
1982-01-12,,,,534.69,011.idv.tw (close only)
1982-01-13,,,,534.69,011.idv.tw (close only)
1982-01-14,,,,529.96,011.idv.tw (close only)
1982-01-15,,,,532.79,011.idv.tw (close only)
1982-01-18,,,,533.66,011.idv.tw (close only)
1982-01-19,,,,533.12,011.idv.tw (close only)
1982-01-20,,,,530.88,011.idv.tw (close only)
1982-01-21,,,,538.30,011.idv.tw (close only)
1982-01-22,,,,543.96,011.idv.tw (close only)
1982-01-29,,,,538.69,011.idv.tw (close only)
1982-01-30,,,,538.42,011.idv.tw (close only)
1982-02-01,,,,541.12,011.idv.tw (close only)
1982-02-02,,,,538.38,011.idv.tw (close only)
1982-02-03,,,,535.93,011.idv.tw (close only)
1982-02-04,,,,537.31,011.idv.tw (close only)
1982-02-05,,,,540.53,011.idv.tw (close only)
1982-02-06,,,,541.78,011.idv.tw (close only)
1982-02-08,,,,537.20,011.idv.tw (close only)
1982-02-09,,,,536.35,011.idv.tw (close only)
1982-02-10,,,,535.38,011.idv.tw (close only)
1982-02-11,,,,535.25,011.idv.tw (close only)
1982-02-12,,,,535.40,011.idv.tw (close only)
1982-02-13,,,,533.41,011.idv.tw (close only)
1982-02-15,,,,526.30,011.idv.tw (close only)
1982-02-16,,,,523.71,011.idv.tw (close only)
1982-02-17,,,,524.60,011.idv.tw (close only)
1982-02-18,,,,524.85,011.idv.tw (close only)
1982-02-19,,,,518.71,011.idv.tw (close only)
1982-02-20,,,,521.00,011.idv.tw (close only)
1982-02-22,,,,517.18,011.idv.tw (close only)
1982-02-23,,,,519.19,011.idv.tw (close only)
1982-02-24,,,,516.17,011.idv.tw (close only)
1982-02-25,,,,516.57,011.idv.tw (close only)
1982-02-26,,,,514.20,011.idv.tw (close only)
1982-02-27,,,,511.71,011.idv.tw (close only)
1982-03-01,,,,507.37,011.idv.tw (close only)
1982-03-02,,,,498.10,011.idv.tw (close only)
1982-03-03,,,,497.25,011.idv.tw (close only)
1982-03-04,,,,500.80,011.idv.tw (close only)
1982-03-05,,,,496.31,011.idv.tw (close only)
1982-03-06,,,,493.18,011.idv.tw (close only)
1982-03-08,,,,498.73,011.idv.tw (close only)
1982-03-09,,,,493.92,011.idv.tw (close only)
1982-03-10,,,,488.75,011.idv.tw (close only)
1982-03-11,,,,492.06,011.idv.tw (close only)
1982-03-12,,,,489.67,011.idv.tw (close only)
1982-03-13,,,,496.18,011.idv.tw (close only)
1982-03-15,,,,504.62,011.idv.tw (close only)
1982-03-16,,,,503.83,011.idv.tw (close only)
1982-03-17,,,,510.54,011.idv.tw (close only)
1982-03-18,,,,510.00,011.idv.tw (close only)
1982-03-19,,,,506.74,011.idv.tw (close only)
1982-03-20,,,,501.19,011.idv.tw (close only)
1982-03-22,,,,493.27,011.idv.tw (close only)
1982-03-23,,,,494.28,011.idv.tw (close only)
1982-03-24,,,,494.20,011.idv.tw (close only)
1982-03-25,,,,490.48,011.idv.tw (close only)
1982-03-26,,,,491.77,011.idv.tw (close only)
1982-03-27,,,,492.32,011.idv.tw (close only)
1982-03-30,,,,490.04,011.idv.tw (close only)
1982-03-31,,,,491.05,011.idv.tw (close only)
1982-04-01,,,,495.63,011.idv.tw (close only)
1982-04-02,,,,494.88,011.idv.tw (close only)
1982-04-03,,,,493.59,011.idv.tw (close only)
1982-04-06,,,,485.83,011.idv.tw (close only)
1982-04-07,,,,483.26,011.idv.tw (close only)
1982-04-08,,,,483.86,011.idv.tw (close only)
1982-04-09,,,,488.13,011.idv.tw (close only)
1982-04-10,,,,485.91,011.idv.tw (close only)
1982-04-12,,,,482.40,011.idv.tw (close only)
1982-04-13,,,,486.68,011.idv.tw (close only)
1982-04-14,,,,482.49,011.idv.tw (close only)
1982-04-15,,,,481.06,011.idv.tw (close only)
1982-04-16,,,,480.03,011.idv.tw (close only)
1982-04-17,,,,477.03,011.idv.tw (close only)
1982-04-19,,,,469.17,011.idv.tw (close only)
1982-04-20,,,,470.72,011.idv.tw (close only)
1982-04-21,,,,473.02,011.idv.tw (close only)
1982-04-22,,,,473.04,011.idv.tw (close only)
1982-04-23,,,,475.79,011.idv.tw (close only)
1982-04-24,,,,477.49,011.idv.tw (close only)
1982-04-26,,,,474.17,011.idv.tw (close only)
1982-04-27,,,,478.77,011.idv.tw (close only)
1982-04-28,,,,485.50,011.idv.tw (close only)
1982-04-29,,,,482.01,011.idv.tw (close only)
1982-04-30,,,,483.38,011.idv.tw (close only)
1982-05-01,,,,480.83,011.idv.tw (close only)
1982-05-03,,,,480.98,011.idv.tw (close only)
1982-05-04,,,,484.44,011.idv.tw (close only)
1982-05-05,,,,488.38,011.idv.tw (close only)
1982-05-06,,,,484.44,011.idv.tw (close only)
1982-05-07,,,,486.35,011.idv.tw (close only)
1982-05-08,,,,483.05,011.idv.tw (close only)
1982-05-10,,,,479.94,011.idv.tw (close only)
1982-05-11,,,,479.51,011.idv.tw (close only)
1982-05-12,,,,480.37,011.idv.tw (close only)
1982-05-13,,,,475.97,011.idv.tw (close only)
1982-05-14,,,,476.70,011.idv.tw (close only)
1982-05-15,,,,476.05,011.idv.tw (close only)
1982-05-17,,,,472.27,011.idv.tw (close only)
1982-05-18,,,,475.20,011.idv.tw (close only)
1982-05-19,,,,474.32,011.idv.tw (close only)
1982-05-20,,,,473.53,011.idv.tw (close only)
1982-05-21,,,,468.17,011.idv.tw (close only)
1982-05-22,,,,465.87,011.idv.tw (close only)
1982-05-24,,,,459.23,011.idv.tw (close only)
1982-05-25,,,,465.18,011.idv.tw (close only)
1982-05-26,,,,461.72,011.idv.tw (close only)
1982-05-27,,,,463.07,011.idv.tw (close only)
1982-05-28,,,,463.84,011.idv.tw (close only)
1982-05-29,,,,463.48,011.idv.tw (close only)
1982-05-31,,,,470.06,011.idv.tw (close only)
1982-06-01,,,,468.11,011.idv.tw (close only)
1982-06-02,,,,463.91,011.idv.tw (close only)
1982-06-03,,,,461.63,011.idv.tw (close only)
1982-06-04,,,,461.07,011.idv.tw (close only)
1982-06-05,,,,460.99,011.idv.tw (close only)
1982-06-07,,,,452.54,011.idv.tw (close only)
1982-06-08,,,,453.30,011.idv.tw (close only)
1982-06-09,,,,453.15,011.idv.tw (close only)
1982-06-10,,,,445.44,011.idv.tw (close only)
1982-06-11,,,,443.77,011.idv.tw (close only)
1982-06-14,,,,432.77,011.idv.tw (close only)
1982-06-15,,,,436.58,011.idv.tw (close only)
1982-06-16,,,,454.72,011.idv.tw (close only)
1982-06-17,,,,455.77,011.idv.tw (close only)
1982-06-18,,,,459.13,011.idv.tw (close only)
1982-06-19,,,,455.66,011.idv.tw (close only)
1982-06-21,,,,467.25,011.idv.tw (close only)
1982-06-22,,,,471.66,011.idv.tw (close only)
1982-06-23,,,,464.98,011.idv.tw (close only)
1982-06-24,,,,467.48,011.idv.tw (close only)
1982-06-26,,,,465.82,011.idv.tw (close only)
1982-06-28,,,,465.62,011.idv.tw (close only)
1982-06-29,,,,472.10,011.idv.tw (close only)
1982-06-30,,,,472.70,011.idv.tw (close only)
1982-07-02,,,,470.66,011.idv.tw (close only)
1982-07-03,,,,464.56,011.idv.tw (close only)
1982-07-05,,,,464.68,011.idv.tw (close only)
1982-07-06,,,,464.16,011.idv.tw (close only)
1982-07-07,,,,466.53,011.idv.tw (close only)
1982-07-08,,,,466.21,011.idv.tw (close only)
1982-07-09,,,,465.16,011.idv.tw (close only)
1982-07-10,,,,466.71,011.idv.tw (close only)
1982-07-12,,,,461.16,011.idv.tw (close only)
1982-07-13,,,,459.26,011.idv.tw (close only)
1982-07-14,,,,454.30,011.idv.tw (close only)
1982-07-15,,,,456.55,011.idv.tw (close only)
1982-07-16,,,,457.11,011.idv.tw (close only)
1982-07-17,,,,457.40,011.idv.tw (close only)
1982-07-19,,,,454.39,011.idv.tw (close only)
1982-07-20,,,,454.14,011.idv.tw (close only)
1982-07-21,,,,456.96,011.idv.tw (close only)
1982-07-22,,,,454.19,011.idv.tw (close only)
1982-07-23,,,,455.66,011.idv.tw (close only)
1982-07-24,,,,455.46,011.idv.tw (close only)
1982-07-26,,,,452.52,011.idv.tw (close only)
1982-07-27,,,,452.53,011.idv.tw (close only)
1982-07-28,,,,448.05,011.idv.tw (close only)
1982-07-30,,,,446.79,011.idv.tw (close only)
1982-07-31,,,,443.69,011.idv.tw (close only)
1982-08-02,,,,437.52,011.idv.tw (close only)
1982-08-03,,,,441.28,011.idv.tw (close only)
1982-08-04,,,,436.73,011.idv.tw (close only)
1982-08-05,,,,434.82,011.idv.tw (close only)
1982-08-06,,,,434.77,011.idv.tw (close only)
1982-08-07,,,,439.82,011.idv.tw (close only)
1982-08-10,,,,435.47,011.idv.tw (close only)
1982-08-11,,,,433.42,011.idv.tw (close only)
1982-08-12,,,,434.73,011.idv.tw (close only)
1982-08-13,,,,429.94,011.idv.tw (close only)
1982-08-14,,,,425.58,011.idv.tw (close only)
1982-08-16,,,,421.43,011.idv.tw (close only)
1982-08-17,,,,421.75,011.idv.tw (close only)
1982-08-18,,,,427.24,011.idv.tw (close only)
1982-08-19,,,,432.26,011.idv.tw (close only)
1982-08-20,,,,432.30,011.idv.tw (close only)
1982-08-21,,,,431.60,011.idv.tw (close only)
1982-08-23,,,,440.36,011.idv.tw (close only)
1982-08-24,,,,439.59,011.idv.tw (close only)
1982-08-25,,,,446.52,011.idv.tw (close only)
1982-08-26,,,,446.44,011.idv.tw (close only)
1982-08-27,,,,452.64,011.idv.tw (close only)
1982-08-28,,,,452.79,011.idv.tw (close only)
1982-08-30,,,,445.20,011.idv.tw (close only)
1982-08-31,,,,447.46,011.idv.tw (close only)
1982-09-01,,,,449.28,011.idv.tw (close only)
1982-09-02,,,,451.59,011.idv.tw (close only)
1982-09-03,,,,457.57,011.idv.tw (close only)
1982-09-04,,,,463.99,011.idv.tw (close only)
1982-09-06,,,,466.91,011.idv.tw (close only)
1982-09-07,,,,463.11,011.idv.tw (close only)
1982-09-08,,,,470.08,011.idv.tw (close only)
1982-09-09,,,,465.88,011.idv.tw (close only)
1982-09-10,,,,465.22,011.idv.tw (close only)
1982-09-11,,,,464.04,011.idv.tw (close only)
1982-09-13,,,,466.35,011.idv.tw (close only)
1982-09-14,,,,470.07,011.idv.tw (close only)
1982-09-15,,,,474.57,011.idv.tw (close only)
1982-09-16,,,,474.85,011.idv.tw (close only)
1982-09-17,,,,471.65,011.idv.tw (close only)
1982-09-18,,,,473.54,011.idv.tw (close only)
1982-09-20,,,,470.32,011.idv.tw (close only)
1982-09-21,,,,467.05,011.idv.tw (close only)
1982-09-22,,,,468.36,011.idv.tw (close only)
1982-09-23,,,,469.62,011.idv.tw (close only)
1982-09-24,,,,466.35,011.idv.tw (close only)
1982-09-25,,,,461.80,011.idv.tw (close only)
1982-09-27,,,,460.29,011.idv.tw (close only)
1982-09-29,,,,460.86,011.idv.tw (close only)
1982-09-30,,,,458.54,011.idv.tw (close only)
1982-10-01,,,,462.30,011.idv.tw (close only)
1982-10-04,,,,458.45,011.idv.tw (close only)
1982-10-05,,,,455.32,011.idv.tw (close only)
1982-10-06,,,,457.86,011.idv.tw (close only)
1982-10-07,,,,466.52,011.idv.tw (close only)
1982-10-08,,,,466.68,011.idv.tw (close only)
1982-10-09,,,,466.92,011.idv.tw (close only)
1982-10-12,,,,473.87,011.idv.tw (close only)
1982-10-13,,,,473.91,011.idv.tw (close only)
1982-10-14,,,,478.76,011.idv.tw (close only)
1982-10-15,,,,473.95,011.idv.tw (close only)
1982-10-16,,,,475.22,011.idv.tw (close only)
1982-10-18,,,,474.15,011.idv.tw (close only)
1982-10-19,,,,477.31,011.idv.tw (close only)
1982-10-20,,,,472.57,011.idv.tw (close only)
1982-10-21,,,,473.29,011.idv.tw (close only)
1982-10-22,,,,476.14,011.idv.tw (close only)
1982-10-23,,,,478.25,011.idv.tw (close only)
1982-10-26,,,,480.33,011.idv.tw (close only)
1982-10-27,,,,475.42,011.idv.tw (close only)
1982-10-28,,,,479.04,011.idv.tw (close only)
1982-10-29,,,,480.59,011.idv.tw (close only)
1982-10-30,,,,480.71,011.idv.tw (close only)
1982-11-02,,,,482.92,011.idv.tw (close only)
1982-11-03,,,,482.91,011.idv.tw (close only)
1982-11-04,,,,483.91,011.idv.tw (close only)
1982-11-05,,,,487.09,011.idv.tw (close only)
1982-11-06,,,,485.64,011.idv.tw (close only)
1982-11-08,,,,486.70,011.idv.tw (close only)
1982-11-09,,,,482.55,011.idv.tw (close only)
1982-11-10,,,,475.49,011.idv.tw (close only)
1982-11-11,,,,477.34,011.idv.tw (close only)
1982-11-13,,,,477.70,011.idv.tw (close only)
1982-11-15,,,,470.97,011.idv.tw (close only)
1982-11-16,,,,470.72,011.idv.tw (close only)
1982-11-17,,,,472.27,011.idv.tw (close only)
1982-11-18,,,,471.27,011.idv.tw (close only)
1982-11-19,,,,469.08,011.idv.tw (close only)
1982-11-20,,,,470.71,011.idv.tw (close only)
1982-11-22,,,,473.47,011.idv.tw (close only)
1982-11-23,,,,470.33,011.idv.tw (close only)
1982-11-24,,,,465.70,011.idv.tw (close only)
1982-11-25,,,,465.51,011.idv.tw (close only)
1982-11-26,,,,465.98,011.idv.tw (close only)
1982-11-27,,,,463.43,011.idv.tw (close only)
1982-11-29,,,,458.05,011.idv.tw (close only)
1982-11-30,,,,455.81,011.idv.tw (close only)
1982-12-01,,,,458.94,011.idv.tw (close only)
1982-12-02,,,,454.69,011.idv.tw (close only)
1982-12-03,,,,451.09,011.idv.tw (close only)
1982-12-04,,,,447.82,011.idv.tw (close only)
1982-12-06,,,,446.82,011.idv.tw (close only)
1982-12-07,,,,449.21,011.idv.tw (close only)
1982-12-08,,,,453.10,011.idv.tw (close only)
1982-12-09,,,,447.03,011.idv.tw (close only)
1982-12-10,,,,443.71,011.idv.tw (close only)
1982-12-11,,,,443.40,011.idv.tw (close only)
1982-12-13,,,,442.71,011.idv.tw (close only)
1982-12-14,,,,436.46,011.idv.tw (close only)
1982-12-15,,,,432.91,011.idv.tw (close only)
1982-12-16,,,,436.65,011.idv.tw (close only)
1982-12-17,,,,443.58,011.idv.tw (close only)
1982-12-18,,,,443.61,011.idv.tw (close only)
1982-12-20,,,,444.06,011.idv.tw (close only)
1982-12-21,,,,438.33,011.idv.tw (close only)
1982-12-22,,,,437.58,011.idv.tw (close only)
1982-12-23,,,,438.19,011.idv.tw (close only)
1982-12-24,,,,439.84,011.idv.tw (close only)
1982-12-27,,,,438.36,011.idv.tw (close only)
1982-12-28,,,,437.81,011.idv.tw (close only)
1982-12-29,,,,441.17,011.idv.tw (close only)
1982-12-30,,,,443.57,011.idv.tw (close only)
1983-01-05,,,,443.24,011.idv.tw (close only)
1983-01-06,,,,442.00,011.idv.tw (close only)
1983-01-07,,,,452.51,011.idv.tw (close only)
1983-01-08,,,,452.20,011.idv.tw (close only)
1983-01-10,,,,458.88,011.idv.tw (close only)
1983-01-11,,,,458.61,011.idv.tw (close only)
1983-01-12,,,,455.24,011.idv.tw (close only)
1983-01-13,,,,457.90,011.idv.tw (close only)
1983-01-14,,,,456.48,011.idv.tw (close only)
1983-01-15,,,,452.43,011.idv.tw (close only)
1983-01-17,,,,451.44,011.idv.tw (close only)
1983-01-18,,,,450.68,011.idv.tw (close only)
1983-01-19,,,,449.91,011.idv.tw (close only)
1983-01-20,,,,449.52,011.idv.tw (close only)
1983-01-21,,,,451.33,011.idv.tw (close only)
1983-01-22,,,,448.51,011.idv.tw (close only)
1983-01-24,,,,441.31,011.idv.tw (close only)
1983-01-25,,,,440.29,011.idv.tw (close only)
1983-01-26,,,,434.94,011.idv.tw (close only)
1983-01-27,,,,441.92,011.idv.tw (close only)
1983-01-28,,,,438.36,011.idv.tw (close only)
1983-01-29,,,,439.78,011.idv.tw (close only)
1983-01-31,,,,442.73,011.idv.tw (close only)
1983-02-01,,,,439.25,011.idv.tw (close only)
1983-02-02,,,,438.71,011.idv.tw (close only)
1983-02-03,,,,444.49,011.idv.tw (close only)
1983-02-04,,,,439.66,011.idv.tw (close only)
1983-02-05,,,,440.16,011.idv.tw (close only)
1983-02-07,,,,443.83,011.idv.tw (close only)
1983-02-08,,,,447.53,011.idv.tw (close only)
1983-02-09,,,,453.04,011.idv.tw (close only)
1983-02-10,,,,457.68,011.idv.tw (close only)
1983-02-17,,,,461.52,011.idv.tw (close only)
1983-02-18,,,,461.03,011.idv.tw (close only)
1983-02-19,,,,466.32,011.idv.tw (close only)
1983-02-21,,,,480.78,011.idv.tw (close only)
1983-02-22,,,,486.55,011.idv.tw (close only)
1983-02-23,,,,479.06,011.idv.tw (close only)
1983-02-24,,,,488.02,011.idv.tw (close only)
1983-02-25,,,,493.81,011.idv.tw (close only)
1983-02-26,,,,506.09,011.idv.tw (close only)
1983-02-28,,,,514.11,011.idv.tw (close only)
1983-03-01,,,,506.89,011.idv.tw (close only)
1983-03-02,,,,514.35,011.idv.tw (close only)
1983-03-03,,,,518.54,011.idv.tw (close only)
1983-03-04,,,,516.08,011.idv.tw (close only)
1983-03-05,,,,518.73,011.idv.tw (close only)
1983-03-07,,,,531.58,011.idv.tw (close only)
1983-03-08,,,,542.23,011.idv.tw (close only)
1983-03-09,,,,542.43,011.idv.tw (close only)
1983-03-10,,,,534.94,011.idv.tw (close only)
1983-03-11,,,,550.27,011.idv.tw (close only)
1983-03-12,,,,548.18,011.idv.tw (close only)
1983-03-14,,,,559.04,011.idv.tw (close only)
1983-03-15,,,,554.06,011.idv.tw (close only)
1983-03-16,,,,539.42,011.idv.tw (close only)
1983-03-17,,,,542.89,011.idv.tw (close only)
1983-03-18,,,,559.78,011.idv.tw (close only)
1983-03-19,,,,571.28,011.idv.tw (close only)
1983-03-21,,,,572.19,011.idv.tw (close only)
1983-03-22,,,,579.38,011.idv.tw (close only)
1983-03-23,,,,588.76,011.idv.tw (close only)
1983-03-24,,,,594.10,011.idv.tw (close only)
1983-03-25,,,,584.76,011.idv.tw (close only)
1983-03-26,,,,600.09,011.idv.tw (close only)
1983-03-28,,,,620.04,011.idv.tw (close only)
1983-03-30,,,,634.63,011.idv.tw (close only)
1983-03-31,,,,621.38,011.idv.tw (close only)
1983-04-01,,,,626.52,011.idv.tw (close only)
1983-04-02,,,,637.88,011.idv.tw (close only)
1983-04-04,,,,635.24,011.idv.tw (close only)
1983-04-06,,,,637.34,011.idv.tw (close only)
1983-04-07,,,,626.38,011.idv.tw (close only)
1983-04-08,,,,622.48,011.idv.tw (close only)
1983-04-09,,,,635.50,011.idv.tw (close only)
1983-04-11,,,,632.62,011.idv.tw (close only)
1983-04-12,,,,637.91,011.idv.tw (close only)
1983-04-13,,,,657.35,011.idv.tw (close only)
1983-04-14,,,,663.78,011.idv.tw (close only)
1983-04-15,,,,673.76,011.idv.tw (close only)
1983-04-16,,,,675.07,011.idv.tw (close only)
1983-04-18,,,,688.36,011.idv.tw (close only)
1983-04-19,,,,694.62,011.idv.tw (close only)
1983-04-20,,,,683.64,011.idv.tw (close only)
1983-04-21,,,,691.01,011.idv.tw (close only)
1983-04-22,,,,714.72,011.idv.tw (close only)
1983-04-23,,,,723.95,011.idv.tw (close only)
1983-04-25,,,,722.56,011.idv.tw (close only)
1983-04-26,,,,737.25,011.idv.tw (close only)
1983-04-27,,,,741.32,011.idv.tw (close only)
1983-04-28,,,,725.18,011.idv.tw (close only)
1983-04-29,,,,710.38,011.idv.tw (close only)
1983-04-30,,,,683.62,011.idv.tw (close only)
1983-05-02,,,,654.57,011.idv.tw (close only)
1983-05-03,,,,653.58,011.idv.tw (close only)
1983-05-04,,,,679.64,011.idv.tw (close only)
1983-05-05,,,,682.47,011.idv.tw (close only)
1983-05-06,,,,686.84,011.idv.tw (close only)
1983-05-07,,,,675.25,011.idv.tw (close only)
1983-05-09,,,,674.58,011.idv.tw (close only)
1983-05-10,,,,670.66,011.idv.tw (close only)
1983-05-11,,,,654.39,011.idv.tw (close only)
1983-05-12,,,,657.90,011.idv.tw (close only)
1983-05-13,,,,677.00,011.idv.tw (close only)
1983-05-14,,,,677.43,011.idv.tw (close only)
1983-05-16,,,,688.12,011.idv.tw (close only)
1983-05-17,,,,685.68,011.idv.tw (close only)
1983-05-18,,,,686.60,011.idv.tw (close only)
1983-05-19,,,,693.28,011.idv.tw (close only)
1983-05-20,,,,696.47,011.idv.tw (close only)
1983-05-21,,,,692.52,011.idv.tw (close only)
1983-05-23,,,,688.30,011.idv.tw (close only)
1983-05-24,,,,698.85,011.idv.tw (close only)
1983-05-25,,,,692.73,011.idv.tw (close only)
1983-05-26,,,,691.25,011.idv.tw (close only)
1983-05-27,,,,673.38,011.idv.tw (close only)
1983-05-28,,,,675.59,011.idv.tw (close only)
1983-05-30,,,,653.53,011.idv.tw (close only)
1983-05-31,,,,667.43,011.idv.tw (close only)
1983-06-01,,,,664.30,011.idv.tw (close only)
1983-06-02,,,,656.13,011.idv.tw (close only)
1983-06-03,,,,662.91,011.idv.tw (close only)
1983-06-04,,,,680.00,011.idv.tw (close only)
1983-06-06,,,,682.61,011.idv.tw (close only)
1983-06-07,,,,682.33,011.idv.tw (close only)
1983-06-08,,,,677.97,011.idv.tw (close only)
1983-06-09,,,,670.83,011.idv.tw (close only)
1983-06-10,,,,666.26,011.idv.tw (close only)
1983-06-11,,,,672.54,011.idv.tw (close only)
1983-06-13,,,,671.12,011.idv.tw (close only)
1983-06-14,,,,674.79,011.idv.tw (close only)
1983-06-16,,,,677.43,011.idv.tw (close only)
1983-06-17,,,,694.53,011.idv.tw (close only)
1983-06-18,,,,703.67,011.idv.tw (close only)
1983-06-20,,,,707.36,011.idv.tw (close only)
1983-06-21,,,,713.91,011.idv.tw (close only)
1983-06-22,,,,721.26,011.idv.tw (close only)
1983-06-23,,,,726.41,011.idv.tw (close only)
1983-06-24,,,,723.89,011.idv.tw (close only)
1983-06-25,,,,724.87,011.idv.tw (close only)
1983-06-27,,,,724.50,011.idv.tw (close only)
1983-06-28,,,,731.58,011.idv.tw (close only)
1983-06-29,,,,736.09,011.idv.tw (close only)
1983-06-30,,,,736.38,011.idv.tw (close only)
1983-07-02,,,,755.29,011.idv.tw (close only)
1983-07-04,,,,765.71,011.idv.tw (close only)
1983-07-05,,,,755.32,011.idv.tw (close only)
1983-07-06,,,,758.86,011.idv.tw (close only)
1983-07-07,,,,763.41,011.idv.tw (close only)
1983-07-08,,,,758.80,011.idv.tw (close only)
1983-07-09,,,,739.55,011.idv.tw (close only)
1983-07-11,,,,737.16,011.idv.tw (close only)
1983-07-12,,,,740.62,011.idv.tw (close only)
1983-07-13,,,,727.98,011.idv.tw (close only)
1983-07-14,,,,731.80,011.idv.tw (close only)
1983-07-15,,,,750.20,011.idv.tw (close only)
1983-07-16,,,,745.80,011.idv.tw (close only)
1983-07-18,,,,738.43,011.idv.tw (close only)
1983-07-19,,,,734.99,011.idv.tw (close only)
1983-07-20,,,,740.05,011.idv.tw (close only)
1983-07-21,,,,743.20,011.idv.tw (close only)
1983-07-22,,,,744.02,011.idv.tw (close only)
1983-07-23,,,,743.11,011.idv.tw (close only)
1983-07-25,,,,732.56,011.idv.tw (close only)
1983-07-26,,,,735.05,011.idv.tw (close only)
1983-07-27,,,,742.03,011.idv.tw (close only)
1983-07-28,,,,737.14,011.idv.tw (close only)
1983-07-29,,,,732.46,011.idv.tw (close only)
1983-07-30,,,,735.07,011.idv.tw (close only)
1983-08-01,,,,731.51,011.idv.tw (close only)
1983-08-02,,,,730.54,011.idv.tw (close only)
1983-08-03,,,,726.09,011.idv.tw (close only)
1983-08-04,,,,720.17,011.idv.tw (close only)
1983-08-05,,,,711.83,011.idv.tw (close only)
1983-08-06,,,,694.15,011.idv.tw (close only)
1983-08-08,,,,689.13,011.idv.tw (close only)
1983-08-09,,,,692.97,011.idv.tw (close only)
1983-08-10,,,,693.12,011.idv.tw (close only)
1983-08-11,,,,700.10,011.idv.tw (close only)
1983-08-12,,,,710.68,011.idv.tw (close only)
1983-08-13,,,,706.63,011.idv.tw (close only)
1983-08-15,,,,700.68,011.idv.tw (close only)
1983-08-16,,,,708.38,011.idv.tw (close only)
1983-08-17,,,,717.97,011.idv.tw (close only)
1983-08-18,,,,715.51,011.idv.tw (close only)
1983-08-19,,,,713.01,011.idv.tw (close only)
1983-08-20,,,,711.28,011.idv.tw (close only)
1983-08-22,,,,717.41,011.idv.tw (close only)
1983-08-23,,,,718.84,011.idv.tw (close only)
1983-08-24,,,,709.67,011.idv.tw (close only)
1983-08-25,,,,705.78,011.idv.tw (close only)
1983-08-26,,,,707.17,011.idv.tw (close only)
1983-08-27,,,,707.54,011.idv.tw (close only)
1983-08-29,,,,699.50,011.idv.tw (close only)
1983-08-30,,,,693.80,011.idv.tw (close only)
1983-08-31,,,,711.49,011.idv.tw (close only)
1983-09-01,,,,716.84,011.idv.tw (close only)
1983-09-02,,,,714.40,011.idv.tw (close only)
1983-09-03,,,,725.44,011.idv.tw (close only)
1983-09-05,,,,731.33,011.idv.tw (close only)
1983-09-06,,,,733.28,011.idv.tw (close only)
1983-09-07,,,,728.77,011.idv.tw (close only)
1983-09-08,,,,737.00,011.idv.tw (close only)
1983-09-09,,,,736.14,011.idv.tw (close only)
1983-09-10,,,,737.14,011.idv.tw (close only)
1983-09-12,,,,734.93,011.idv.tw (close only)
1983-09-13,,,,730.84,011.idv.tw (close only)
1983-09-14,,,,729.66,011.idv.tw (close only)
1983-09-15,,,,727.07,011.idv.tw (close only)
1983-09-16,,,,721.43,011.idv.tw (close only)
1983-09-17,,,,726.89,011.idv.tw (close only)
1983-09-19,,,,721.78,011.idv.tw (close only)
1983-09-20,,,,726.31,011.idv.tw (close only)
1983-09-22,,,,735.20,011.idv.tw (close only)
1983-09-23,,,,733.52,011.idv.tw (close only)
1983-09-24,,,,730.70,011.idv.tw (close only)
1983-09-26,,,,726.02,011.idv.tw (close only)
1983-09-27,,,,730.20,011.idv.tw (close only)
1983-09-29,,,,728.44,011.idv.tw (close only)
1983-09-30,,,,724.28,011.idv.tw (close only)
1983-10-01,,,,718.11,011.idv.tw (close only)
1983-10-03,,,,707.96,011.idv.tw (close only)
1983-10-04,,,,716.32,011.idv.tw (close only)
1983-10-05,,,,713.64,011.idv.tw (close only)
1983-10-06,,,,715.89,011.idv.tw (close only)
1983-10-07,,,,717.29,011.idv.tw (close only)
1983-10-08,,,,720.69,011.idv.tw (close only)
1983-10-11,,,,715.27,011.idv.tw (close only)
1983-10-12,,,,703.75,011.idv.tw (close only)
1983-10-13,,,,708.13,011.idv.tw (close only)
1983-10-14,,,,701.71,011.idv.tw (close only)
1983-10-15,,,,701.92,011.idv.tw (close only)
1983-10-17,,,,705.74,011.idv.tw (close only)
1983-10-18,,,,701.99,011.idv.tw (close only)
1983-10-19,,,,702.85,011.idv.tw (close only)
1983-10-20,,,,704.61,011.idv.tw (close only)
1983-10-21,,,,714.26,011.idv.tw (close only)
1983-10-22,,,,711.98,011.idv.tw (close only)
1983-10-24,,,,709.01,011.idv.tw (close only)
1983-10-26,,,,708.38,011.idv.tw (close only)
1983-10-27,,,,713.25,011.idv.tw (close only)
1983-10-28,,,,710.31,011.idv.tw (close only)
1983-10-29,,,,706.42,011.idv.tw (close only)
1983-11-01,,,,701.72,011.idv.tw (close only)
1983-11-02,,,,701.32,011.idv.tw (close only)
1983-11-03,,,,709.58,011.idv.tw (close only)
1983-11-04,,,,706.12,011.idv.tw (close only)
1983-11-05,,,,710.93,011.idv.tw (close only)
1983-11-07,,,,726.57,011.idv.tw (close only)
1983-11-08,,,,735.74,011.idv.tw (close only)
1983-11-09,,,,732.98,011.idv.tw (close only)
1983-11-10,,,,732.54,011.idv.tw (close only)
1983-11-11,,,,722.53,011.idv.tw (close only)
1983-11-14,,,,724.16,011.idv.tw (close only)
1983-11-15,,,,721.41,011.idv.tw (close only)
1983-11-16,,,,717.22,011.idv.tw (close only)
1983-11-17,,,,711.96,011.idv.tw (close only)
1983-11-18,,,,707.50,011.idv.tw (close only)
1983-11-19,,,,704.66,011.idv.tw (close only)
1983-11-21,,,,691.44,011.idv.tw (close only)
1983-11-22,,,,702.39,011.idv.tw (close only)
1983-11-23,,,,704.54,011.idv.tw (close only)
1983-11-24,,,,713.08,011.idv.tw (close only)
1983-11-25,,,,701.60,011.idv.tw (close only)
1983-11-26,,,,705.74,011.idv.tw (close only)
1983-11-28,,,,705.86,011.idv.tw (close only)
1983-11-29,,,,703.99,011.idv.tw (close only)
1983-11-30,,,,707.73,011.idv.tw (close only)
1983-12-01,,,,718.46,011.idv.tw (close only)
1983-12-02,,,,712.88,011.idv.tw (close only)
1983-12-05,,,,709.20,011.idv.tw (close only)
1983-12-06,,,,711.01,011.idv.tw (close only)
1983-12-07,,,,710.76,011.idv.tw (close only)
1983-12-08,,,,707.71,011.idv.tw (close only)
1983-12-09,,,,706.70,011.idv.tw (close only)
1983-12-10,,,,710.17,011.idv.tw (close only)
1983-12-12,,,,719.98,011.idv.tw (close only)
1983-12-13,,,,715.39,011.idv.tw (close only)
1983-12-14,,,,719.52,011.idv.tw (close only)
1983-12-15,,,,716.96,011.idv.tw (close only)
1983-12-16,,,,717.35,011.idv.tw (close only)
1983-12-17,,,,718.62,011.idv.tw (close only)
1983-12-19,,,,721.59,011.idv.tw (close only)
1983-12-20,,,,725.34,011.idv.tw (close only)
1983-12-21,,,,728.44,011.idv.tw (close only)
1983-12-22,,,,736.76,011.idv.tw (close only)
1983-12-23,,,,741.20,011.idv.tw (close only)
1983-12-24,,,,746.55,011.idv.tw (close only)
1983-12-27,,,,761.83,011.idv.tw (close only)
1983-12-28,,,,760.12,011.idv.tw (close only)
1983-12-29,,,,765.08,011.idv.tw (close only)
1983-12-30,,,,761.92,011.idv.tw (close only)
1984-01-05,,,,764.50,011.idv.tw (close only)
1984-01-06,,,,771.10,011.idv.tw (close only)
1984-01-07,,,,779.10,011.idv.tw (close only)
1984-01-09,,,,780.18,011.idv.tw (close only)
1984-01-10,,,,774.67,011.idv.tw (close only)
1984-01-11,,,,783.47,011.idv.tw (close only)
1984-01-12,,,,787.83,011.idv.tw (close only)
1984-01-13,,,,791.76,011.idv.tw (close only)
1984-01-14,,,,786.31,011.idv.tw (close only)
1984-01-16,,,,790.75,011.idv.tw (close only)
1984-01-17,,,,793.02,011.idv.tw (close only)
1984-01-18,,,,799.75,011.idv.tw (close only)
1984-01-19,,,,804.13,011.idv.tw (close only)
1984-01-20,,,,798.27,011.idv.tw (close only)
1984-01-21,,,,792.32,011.idv.tw (close only)
1984-01-23,,,,791.49,011.idv.tw (close only)
1984-01-24,,,,796.12,011.idv.tw (close only)
1984-01-25,,,,804.46,011.idv.tw (close only)
1984-01-26,,,,807.57,011.idv.tw (close only)
1984-01-27,,,,808.51,011.idv.tw (close only)
1984-01-28,,,,818.14,011.idv.tw (close only)
1984-01-30,,,,829.43,011.idv.tw (close only)
1984-02-06,,,,838.05,011.idv.tw (close only)
1984-02-07,,,,838.31,011.idv.tw (close only)
1984-02-08,,,,839.56,011.idv.tw (close only)
1984-02-09,,,,848.16,011.idv.tw (close only)
1984-02-10,,,,852.07,011.idv.tw (close only)
1984-02-11,,,,843.12,011.idv.tw (close only)
1984-02-13,,,,858.78,011.idv.tw (close only)
1984-02-14,,,,858.78,011.idv.tw (close only)
1984-02-15,,,,852.31,011.idv.tw (close only)
1984-02-16,,,,852.42,011.idv.tw (close only)
1984-02-17,,,,861.64,011.idv.tw (close only)
1984-02-18,,,,872.65,011.idv.tw (close only)
1984-02-20,,,,886.44,011.idv.tw (close only)
1984-02-21,,,,881.23,011.idv.tw (close only)
1984-02-22,,,,881.23,011.idv.tw (close only)
1984-02-23,,,,881.81,011.idv.tw (close only)
1984-02-24,,,,892.34,011.idv.tw (close only)
1984-02-25,,,,901.00,011.idv.tw (close only)
1984-02-27,,,,860.31,011.idv.tw (close only)
1984-02-28,,,,868.40,011.idv.tw (close only)
1984-02-29,,,,868.40,011.idv.tw (close only)
1984-03-01,,,,875.19,011.idv.tw (close only)
1984-03-02,,,,865.41,011.idv.tw (close only)
1984-03-03,,,,857.69,011.idv.tw (close only)
1984-03-05,,,,848.19,011.idv.tw (close only)
1984-03-06,,,,869.16,011.idv.tw (close only)
1984-03-07,,,,864.10,011.idv.tw (close only)
1984-03-08,,,,878.98,011.idv.tw (close only)
1984-03-09,,,,883.38,011.idv.tw (close only)
1984-03-10,,,,875.96,011.idv.tw (close only)
1984-03-12,,,,884.50,011.idv.tw (close only)
1984-03-13,,,,889.08,011.idv.tw (close only)
1984-03-14,,,,888.29,011.idv.tw (close only)
1984-03-15,,,,893.09,011.idv.tw (close only)
1984-03-16,,,,904.70,011.idv.tw (close only)
1984-03-17,,,,908.84,011.idv.tw (close only)
1984-03-19,,,,910.41,011.idv.tw (close only)
1984-03-20,,,,905.13,011.idv.tw (close only)
1984-03-21,,,,901.31,011.idv.tw (close only)
1984-03-22,,,,891.77,011.idv.tw (close only)
1984-03-23,,,,887.03,011.idv.tw (close only)
1984-03-24,,,,877.20,011.idv.tw (close only)
1984-03-26,,,,874.19,011.idv.tw (close only)
1984-03-27,,,,885.85,011.idv.tw (close only)
1984-03-28,,,,881.02,011.idv.tw (close only)
1984-03-30,,,,869.28,011.idv.tw (close only)
1984-03-31,,,,871.41,011.idv.tw (close only)
1984-04-02,,,,874.44,011.idv.tw (close only)
1984-04-03,,,,869.30,011.idv.tw (close only)
1984-04-05,,,,859.24,011.idv.tw (close only)
1984-04-06,,,,872.86,011.idv.tw (close only)
1984-04-07,,,,868.37,011.idv.tw (close only)
1984-04-09,,,,871.00,011.idv.tw (close only)
1984-04-10,,,,886.07,011.idv.tw (close only)
1984-04-11,,,,899.52,011.idv.tw (close only)
1984-04-12,,,,903.38,011.idv.tw (close only)
1984-04-13,,,,889.90,011.idv.tw (close only)
1984-04-14,,,,896.65,011.idv.tw (close only)
1984-04-16,,,,896.97,011.idv.tw (close only)
1984-04-17,,,,896.98,011.idv.tw (close only)
1984-04-18,,,,904.32,011.idv.tw (close only)
1984-04-19,,,,912.23,011.idv.tw (close only)
1984-04-20,,,,910.63,011.idv.tw (close only)
1984-04-21,,,,908.51,011.idv.tw (close only)
1984-04-23,,,,915.39,011.idv.tw (close only)
1984-04-24,,,,924.73,011.idv.tw (close only)
1984-04-25,,,,913.15,011.idv.tw (close only)
1984-04-26,,,,924.35,011.idv.tw (close only)
1984-04-27,,,,928.49,011.idv.tw (close only)
1984-04-28,,,,930.34,011.idv.tw (close only)
1984-04-30,,,,938.30,011.idv.tw (close only)
1984-05-01,,,,937.72,011.idv.tw (close only)
1984-05-02,,,,938.30,011.idv.tw (close only)
1984-05-03,,,,943.20,011.idv.tw (close only)
1984-05-04,,,,946.57,011.idv.tw (close only)
1984-05-05,,,,944.75,011.idv.tw (close only)
1984-05-07,,,,927.60,011.idv.tw (close only)
1984-05-08,,,,936.06,011.idv.tw (close only)
1984-05-09,,,,931.97,011.idv.tw (close only)
1984-05-10,,,,931.90,011.idv.tw (close only)
1984-05-11,,,,936.63,011.idv.tw (close only)
1984-05-12,,,,941.62,011.idv.tw (close only)
1984-05-14,,,,963.49,011.idv.tw (close only)
1984-05-15,,,,969.25,011.idv.tw (close only)
1984-05-16,,,,961.72,011.idv.tw (close only)
1984-05-17,,,,966.00,011.idv.tw (close only)
1984-05-18,,,,965.91,011.idv.tw (close only)
1984-05-19,,,,960.33,011.idv.tw (close only)
1984-05-21,,,,960.41,011.idv.tw (close only)
1984-05-22,,,,942.12,011.idv.tw (close only)
1984-05-23,,,,941.15,011.idv.tw (close only)
1984-05-24,,,,930.92,011.idv.tw (close only)
1984-05-25,,,,923.77,011.idv.tw (close only)
1984-05-26,,,,891.34,011.idv.tw (close only)
1984-05-28,,,,853.67,011.idv.tw (close only)
1984-05-29,,,,884.20,011.idv.tw (close only)
1984-05-30,,,,863.72,011.idv.tw (close only)
1984-05-31,,,,869.77,011.idv.tw (close only)
1984-06-01,,,,871.09,011.idv.tw (close only)
1984-06-02,,,,890.70,011.idv.tw (close only)
1984-06-05,,,,891.62,011.idv.tw (close only)
1984-06-06,,,,878.58,011.idv.tw (close only)
1984-06-07,,,,883.65,011.idv.tw (close only)
1984-06-08,,,,887.45,011.idv.tw (close only)
1984-06-09,,,,897.69,011.idv.tw (close only)
1984-06-11,,,,907.38,011.idv.tw (close only)
1984-06-12,,,,909.64,011.idv.tw (close only)
1984-06-13,,,,903.24,011.idv.tw (close only)
1984-06-14,,,,919.83,011.idv.tw (close only)
1984-06-15,,,,918.07,011.idv.tw (close only)
1984-06-16,,,,917.06,011.idv.tw (close only)
1984-06-18,,,,910.65,011.idv.tw (close only)
1984-06-19,,,,912.25,011.idv.tw (close only)
1984-06-20,,,,916.72,011.idv.tw (close only)
1984-06-21,,,,919.91,011.idv.tw (close only)
1984-06-22,,,,917.08,011.idv.tw (close only)
1984-06-23,,,,905.41,011.idv.tw (close only)
1984-06-25,,,,892.04,011.idv.tw (close only)
1984-06-26,,,,902.55,011.idv.tw (close only)
1984-06-27,,,,886.41,011.idv.tw (close only)
1984-06-28,,,,886.19,011.idv.tw (close only)
1984-06-29,,,,887.09,011.idv.tw (close only)
1984-06-30,,,,898.89,011.idv.tw (close only)
1984-07-03,,,,896.06,011.idv.tw (close only)
1984-07-04,,,,901.94,011.idv.tw (close only)
1984-07-05,,,,899.25,011.idv.tw (close only)
1984-07-06,,,,889.51,011.idv.tw (close only)
1984-07-07,,,,893.70,011.idv.tw (close only)
1984-07-09,,,,888.58,011.idv.tw (close only)
1984-07-10,,,,883.14,011.idv.tw (close only)
1984-07-11,,,,883.87,011.idv.tw (close only)
1984-07-12,,,,872.62,011.idv.tw (close only)
1984-07-13,,,,885.51,011.idv.tw (close only)
1984-07-14,,,,882.29,011.idv.tw (close only)
1984-07-16,,,,884.15,011.idv.tw (close only)
1984-07-17,,,,894.46,011.idv.tw (close only)
1984-07-18,,,,898.25,011.idv.tw (close only)
1984-07-19,,,,896.46,011.idv.tw (close only)
1984-07-20,,,,892.42,011.idv.tw (close only)
1984-07-21,,,,886.93,011.idv.tw (close only)
1984-07-23,,,,889.52,011.idv.tw (close only)
1984-07-24,,,,892.78,011.idv.tw (close only)
1984-07-25,,,,885.97,011.idv.tw (close only)
1984-07-26,,,,882.79,011.idv.tw (close only)
1984-07-27,,,,886.90,011.idv.tw (close only)
1984-07-28,,,,891.01,011.idv.tw (close only)
1984-07-30,,,,895.88,011.idv.tw (close only)
1984-07-31,,,,894.48,011.idv.tw (close only)
1984-08-01,,,,891.04,011.idv.tw (close only)
1984-08-02,,,,903.05,011.idv.tw (close only)
1984-08-03,,,,912.34,011.idv.tw (close only)
1984-08-04,,,,916.29,011.idv.tw (close only)
1984-08-06,,,,923.44,011.idv.tw (close only)
1984-08-07,,,,920.22,011.idv.tw (close only)
1984-08-08,,,,919.63,011.idv.tw (close only)
1984-08-09,,,,919.81,011.idv.tw (close only)
1984-08-10,,,,924.05,011.idv.tw (close only)
1984-08-11,,,,923.45,011.idv.tw (close only)
1984-08-13,,,,905.38,011.idv.tw (close only)
1984-08-14,,,,904.58,011.idv.tw (close only)
1984-08-15,,,,906.93,011.idv.tw (close only)
1984-08-16,,,,906.81,011.idv.tw (close only)
1984-08-17,,,,900.97,011.idv.tw (close only)
1984-08-18,,,,900.97,011.idv.tw (close only)
1984-08-20,,,,895.70,011.idv.tw (close only)
1984-08-21,,,,898.54,011.idv.tw (close only)
1984-08-22,,,,903.49,011.idv.tw (close only)
1984-08-23,,,,903.00,011.idv.tw (close only)
1984-08-24,,,,899.22,011.idv.tw (close only)
1984-08-25,,,,903.33,011.idv.tw (close only)
1984-08-27,,,,902.28,011.idv.tw (close only)
1984-08-28,,,,902.30,011.idv.tw (close only)
1984-08-29,,,,912.28,011.idv.tw (close only)
1984-08-30,,,,913.40,011.idv.tw (close only)
1984-08-31,,,,909.84,011.idv.tw (close only)
1984-09-01,,,,907.52,011.idv.tw (close only)
1984-09-03,,,,894.69,011.idv.tw (close only)
1984-09-04,,,,895.61,011.idv.tw (close only)
1984-09-05,,,,883.11,011.idv.tw (close only)
1984-09-06,,,,885.85,011.idv.tw (close only)
1984-09-07,,,,878.73,011.idv.tw (close only)
1984-09-08,,,,874.77,011.idv.tw (close only)
1984-09-11,,,,865.12,011.idv.tw (close only)
1984-09-12,,,,867.00,011.idv.tw (close only)
1984-09-13,,,,875.76,011.idv.tw (close only)
1984-09-14,,,,876.68,011.idv.tw (close only)
1984-09-15,,,,887.70,011.idv.tw (close only)
1984-09-17,,,,882.01,011.idv.tw (close only)
1984-09-18,,,,872.32,011.idv.tw (close only)
1984-09-19,,,,873.20,011.idv.tw (close only)
1984-09-20,,,,873.69,011.idv.tw (close only)
1984-09-21,,,,868.86,011.idv.tw (close only)
1984-09-22,,,,866.16,011.idv.tw (close only)
1984-09-24,,,,859.67,011.idv.tw (close only)
1984-09-25,,,,868.53,011.idv.tw (close only)
1984-09-26,,,,876.92,011.idv.tw (close only)
1984-09-27,,,,879.92,011.idv.tw (close only)
1984-09-29,,,,873.59,011.idv.tw (close only)
1984-10-01,,,,874.17,011.idv.tw (close only)
1984-10-02,,,,886.34,011.idv.tw (close only)
1984-10-03,,,,891.35,011.idv.tw (close only)
1984-10-04,,,,887.35,011.idv.tw (close only)
1984-10-05,,,,887.07,011.idv.tw (close only)
1984-10-06,,,,883.14,011.idv.tw (close only)
1984-10-08,,,,887.35,011.idv.tw (close only)
1984-10-09,,,,875.53,011.idv.tw (close only)
1984-10-11,,,,870.36,011.idv.tw (close only)
1984-10-12,,,,867.78,011.idv.tw (close only)
1984-10-13,,,,864.29,011.idv.tw (close only)
1984-10-15,,,,845.62,011.idv.tw (close only)
1984-10-16,,,,829.48,011.idv.tw (close only)
1984-10-17,,,,845.90,011.idv.tw (close only)
1984-10-18,,,,834.75,011.idv.tw (close only)
1984-10-19,,,,838.92,011.idv.tw (close only)
1984-10-20,,,,852.83,011.idv.tw (close only)
1984-10-22,,,,849.63,011.idv.tw (close only)
1984-10-23,,,,852.24,011.idv.tw (close only)
1984-10-24,,,,845.71,011.idv.tw (close only)
1984-10-26,,,,842.24,011.idv.tw (close only)
1984-10-27,,,,839.86,011.idv.tw (close only)
1984-10-29,,,,825.22,011.idv.tw (close only)
1984-10-30,,,,830.36,011.idv.tw (close only)
1984-11-01,,,,838.12,011.idv.tw (close only)
1984-11-02,,,,830.24,011.idv.tw (close only)
1984-11-03,,,,825.98,011.idv.tw (close only)
1984-11-05,,,,827.43,011.idv.tw (close only)
1984-11-06,,,,831.05,011.idv.tw (close only)
1984-11-07,,,,823.50,011.idv.tw (close only)
1984-11-08,,,,823.63,011.idv.tw (close only)
1984-11-09,,,,807.80,011.idv.tw (close only)
1984-11-10,,,,808.73,011.idv.tw (close only)
1984-11-13,,,,792.24,011.idv.tw (close only)
1984-11-14,,,,800.16,011.idv.tw (close only)
1984-11-15,,,,805.97,011.idv.tw (close only)
1984-11-16,,,,810.78,011.idv.tw (close only)
1984-11-17,,,,817.21,011.idv.tw (close only)
1984-11-19,,,,816.61,011.idv.tw (close only)
1984-11-20,,,,820.04,011.idv.tw (close only)
1984-11-21,,,,820.96,011.idv.tw (close only)
1984-11-22,,,,807.06,011.idv.tw (close only)
1984-11-23,,,,808.56,011.idv.tw (close only)
1984-11-24,,,,803.39,011.idv.tw (close only)
1984-11-26,,,,797.80,011.idv.tw (close only)
1984-11-27,,,,815.20,011.idv.tw (close only)
1984-11-28,,,,822.38,011.idv.tw (close only)
1984-11-29,,,,824.45,011.idv.tw (close only)
1984-11-30,,,,835.04,011.idv.tw (close only)
1984-12-01,,,,841.72,011.idv.tw (close only)
1984-12-03,,,,836.56,011.idv.tw (close only)
1984-12-04,,,,850.26,011.idv.tw (close only)
1984-12-05,,,,855.06,011.idv.tw (close only)
1984-12-06,,,,847.66,011.idv.tw (close only)
1984-12-07,,,,847.80,011.idv.tw (close only)
1984-12-08,,,,845.12,011.idv.tw (close only)
1984-12-10,,,,848.65,011.idv.tw (close only)
1984-12-11,,,,851.99,011.idv.tw (close only)
1984-12-12,,,,849.37,011.idv.tw (close only)
1984-12-13,,,,854.30,011.idv.tw (close only)
1984-12-14,,,,865.36,011.idv.tw (close only)
1984-12-15,,,,865.66,011.idv.tw (close only)
1984-12-17,,,,863.33,011.idv.tw (close only)
1984-12-18,,,,856.84,011.idv.tw (close only)
1984-12-19,,,,857.45,011.idv.tw (close only)
1984-12-20,,,,848.23,011.idv.tw (close only)
1984-12-21,,,,836.81,011.idv.tw (close only)
1984-12-22,,,,834.90,011.idv.tw (close only)
1984-12-24,,,,835.44,011.idv.tw (close only)
1984-12-26,,,,834.26,011.idv.tw (close only)
1984-12-27,,,,833.89,011.idv.tw (close only)
1984-12-28,,,,830.76,011.idv.tw (close only)
1984-12-29,,,,838.07,011.idv.tw (close only)
1985-01-04,,,,829.90,011.idv.tw (close only)
1985-01-05,,,,827.74,011.idv.tw (close only)
1985-01-07,,,,832.22,011.idv.tw (close only)
1985-01-08,,,,836.29,011.idv.tw (close only)
1985-01-09,,,,828.71,011.idv.tw (close only)
1985-01-10,,,,826.00,011.idv.tw (close only)
1985-01-11,,,,829.31,011.idv.tw (close only)
1985-01-12,,,,831.22,011.idv.tw (close only)
1985-01-14,,,,833.70,011.idv.tw (close only)
1985-01-15,,,,833.23,011.idv.tw (close only)
1985-01-16,,,,838.11,011.idv.tw (close only)
1985-01-17,,,,840.57,011.idv.tw (close only)
1985-01-18,,,,834.35,011.idv.tw (close only)
1985-01-19,,,,833.53,011.idv.tw (close only)
1985-01-21,,,,826.22,011.idv.tw (close only)
1985-01-22,,,,821.12,011.idv.tw (close only)
1985-01-23,,,,825.21,011.idv.tw (close only)
1985-01-24,,,,824.45,011.idv.tw (close only)
1985-01-25,,,,814.39,011.idv.tw (close only)
1985-01-26,,,,807.94,011.idv.tw (close only)
1985-01-28,,,,802.05,011.idv.tw (close only)
1985-01-29,,,,806.33,011.idv.tw (close only)
1985-01-30,,,,787.22,011.idv.tw (close only)
1985-01-31,,,,787.75,011.idv.tw (close only)
1985-02-01,,,,793.69,011.idv.tw (close only)
1985-02-02,,,,793.50,011.idv.tw (close only)
1985-02-04,,,,792.20,011.idv.tw (close only)
1985-02-05,,,,782.09,011.idv.tw (close only)
1985-02-06,,,,783.21,011.idv.tw (close only)
1985-02-07,,,,789.96,011.idv.tw (close only)
1985-02-08,,,,793.71,011.idv.tw (close only)
1985-02-09,,,,796.28,011.idv.tw (close only)
1985-02-11,,,,784.60,011.idv.tw (close only)
1985-02-12,,,,786.20,011.idv.tw (close only)
1985-02-13,,,,775.17,011.idv.tw (close only)
1985-02-14,,,,780.52,011.idv.tw (close only)
1985-02-15,,,,792.13,011.idv.tw (close only)
1985-02-16,,,,793.93,011.idv.tw (close only)
1985-02-25,,,,778.64,011.idv.tw (close only)
1985-02-26,,,,775.57,011.idv.tw (close only)
1985-02-27,,,,776.01,011.idv.tw (close only)
1985-02-28,,,,781.37,011.idv.tw (close only)
1985-03-01,,,,780.90,011.idv.tw (close only)
1985-03-02,,,,791.89,011.idv.tw (close only)
1985-03-04,,,,786.69,011.idv.tw (close only)
1985-03-05,,,,795.23,011.idv.tw (close only)
1985-03-06,,,,808.49,011.idv.tw (close only)
1985-03-07,,,,813.37,011.idv.tw (close only)
1985-03-08,,,,824.49,011.idv.tw (close only)
1985-03-09,,,,811.92,011.idv.tw (close only)
1985-03-11,,,,814.82,011.idv.tw (close only)
1985-03-12,,,,830.62,011.idv.tw (close only)
1985-03-13,,,,808.03,011.idv.tw (close only)
1985-03-14,,,,798.24,011.idv.tw (close only)
1985-03-15,,,,793.36,011.idv.tw (close only)
1985-03-16,,,,811.92,011.idv.tw (close only)
1985-03-18,,,,800.82,011.idv.tw (close only)
1985-03-19,,,,787.96,011.idv.tw (close only)
1985-03-20,,,,785.76,011.idv.tw (close only)
1985-03-21,,,,785.33,011.idv.tw (close only)
1985-03-22,,,,785.26,011.idv.tw (close only)
1985-03-23,,,,782.82,011.idv.tw (close only)
1985-03-25,,,,780.06,011.idv.tw (close only)
1985-03-26,,,,777.23,011.idv.tw (close only)
1985-03-27,,,,775.03,011.idv.tw (close only)
1985-03-28,,,,773.15,011.idv.tw (close only)
1985-03-30,,,,765.96,011.idv.tw (close only)
1985-04-01,,,,768.39,011.idv.tw (close only)
1985-04-02,,,,766.00,011.idv.tw (close only)
1985-04-03,,,,769.42,011.idv.tw (close only)
1985-04-04,,,,773.65,011.idv.tw (close only)
1985-04-06,,,,773.82,011.idv.tw (close only)
1985-04-08,,,,766.65,011.idv.tw (close only)
1985-04-09,,,,765.46,011.idv.tw (close only)
1985-04-10,,,,770.13,011.idv.tw (close only)
1985-04-11,,,,764.37,011.idv.tw (close only)
1985-04-12,,,,767.55,011.idv.tw (close only)
1985-04-13,,,,769.38,011.idv.tw (close only)
1985-04-15,,,,762.72,011.idv.tw (close only)
1985-04-16,,,,758.16,011.idv.tw (close only)
1985-04-17,,,,758.87,011.idv.tw (close only)
1985-04-18,,,,753.48,011.idv.tw (close only)
1985-04-19,,,,753.05,011.idv.tw (close only)
1985-04-20,,,,743.38,011.idv.tw (close only)
1985-04-22,,,,739.51,011.idv.tw (close only)
1985-04-23,,,,742.40,011.idv.tw (close only)
1985-04-24,,,,747.58,011.idv.tw (close only)
1985-04-25,,,,746.72,011.idv.tw (close only)
1985-04-26,,,,741.15,011.idv.tw (close only)
1985-04-27,,,,739.77,011.idv.tw (close only)
1985-04-29,,,,739.39,011.idv.tw (close only)
1985-04-30,,,,739.49,011.idv.tw (close only)
1985-05-01,,,,743.45,011.idv.tw (close only)
1985-05-02,,,,740.18,011.idv.tw (close only)
1985-05-03,,,,739.16,011.idv.tw (close only)
1985-05-04,,,,736.71,011.idv.tw (close only)
1985-05-06,,,,734.16,011.idv.tw (close only)
1985-05-07,,,,735.17,011.idv.tw (close only)
1985-05-08,,,,731.31,011.idv.tw (close only)
1985-05-09,,,,729.90,011.idv.tw (close only)
1985-05-10,,,,725.31,011.idv.tw (close only)
1985-05-11,,,,723.66,011.idv.tw (close only)
1985-05-13,,,,723.38,011.idv.tw (close only)
1985-05-14,,,,726.93,011.idv.tw (close only)
1985-05-15,,,,731.71,011.idv.tw (close only)
1985-05-16,,,,729.04,011.idv.tw (close only)
1985-05-17,,,,731.67,011.idv.tw (close only)
1985-05-18,,,,743.43,011.idv.tw (close only)
1985-05-20,,,,745.90,011.idv.tw (close only)
1985-05-21,,,,736.77,011.idv.tw (close only)
1985-05-22,,,,740.24,011.idv.tw (close only)
1985-05-23,,,,736.39,011.idv.tw (close only)
1985-05-24,,,,734.67,011.idv.tw (close only)
1985-05-25,,,,734.94,011.idv.tw (close only)
1985-05-27,,,,737.19,011.idv.tw (close only)
1985-05-28,,,,735.39,011.idv.tw (close only)
1985-05-29,,,,735.13,011.idv.tw (close only)
1985-05-30,,,,731.96,011.idv.tw (close only)
1985-05-31,,,,730.53,011.idv.tw (close only)
1985-06-01,,,,724.36,011.idv.tw (close only)
1985-06-03,,,,714.40,011.idv.tw (close only)
1985-06-04,,,,722.85,011.idv.tw (close only)
1985-06-05,,,,715.86,011.idv.tw (close only)
1985-06-06,,,,712.83,011.idv.tw (close only)
1985-06-07,,,,710.58,011.idv.tw (close only)
1985-06-08,,,,707.09,011.idv.tw (close only)
1985-06-10,,,,702.02,011.idv.tw (close only)
1985-06-11,,,,698.23,011.idv.tw (close only)
1985-06-12,,,,694.18,011.idv.tw (close only)
1985-06-13,,,,687.10,011.idv.tw (close only)
1985-06-14,,,,697.92,011.idv.tw (close only)
1985-06-15,,,,700.55,011.idv.tw (close only)
1985-06-17,,,,703.94,011.idv.tw (close only)
1985-06-18,,,,706.19,011.idv.tw (close only)
1985-06-19,,,,723.93,011.idv.tw (close only)
1985-06-20,,,,718.19,011.idv.tw (close only)
1985-06-21,,,,722.54,011.idv.tw (close only)
1985-06-24,,,,725.09,011.idv.tw (close only)
1985-06-25,,,,715.49,011.idv.tw (close only)
1985-06-26,,,,711.52,011.idv.tw (close only)
1985-06-27,,,,711.17,011.idv.tw (close only)
1985-06-28,,,,703.09,011.idv.tw (close only)
1985-06-29,,,,706.48,011.idv.tw (close only)
1985-07-02,,,,698.81,011.idv.tw (close only)
1985-07-03,,,,703.75,011.idv.tw (close only)
1985-07-04,,,,699.69,011.idv.tw (close only)
1985-07-05,,,,698.40,011.idv.tw (close only)
1985-07-06,,,,695.80,011.idv.tw (close only)
1985-07-08,,,,693.03,011.idv.tw (close only)
1985-07-09,,,,688.56,011.idv.tw (close only)
1985-07-10,,,,685.13,011.idv.tw (close only)
1985-07-11,,,,688.47,011.idv.tw (close only)
1985-07-12,,,,683.17,011.idv.tw (close only)
1985-07-13,,,,681.85,011.idv.tw (close only)
1985-07-15,,,,673.08,011.idv.tw (close only)
1985-07-16,,,,672.16,011.idv.tw (close only)
1985-07-17,,,,665.10,011.idv.tw (close only)
1985-07-18,,,,656.84,011.idv.tw (close only)
1985-07-19,,,,667.58,011.idv.tw (close only)
1985-07-20,,,,661.93,011.idv.tw (close only)
1985-07-22,,,,652.15,011.idv.tw (close only)
1985-07-23,,,,644.64,011.idv.tw (close only)
1985-07-24,,,,650.06,011.idv.tw (close only)
1985-07-25,,,,652.14,011.idv.tw (close only)
1985-07-26,,,,648.84,011.idv.tw (close only)
1985-07-27,,,,644.11,011.idv.tw (close only)
1985-07-29,,,,636.04,011.idv.tw (close only)
1985-07-30,,,,636.02,011.idv.tw (close only)
1985-07-31,,,,637.14,011.idv.tw (close only)
1985-08-01,,,,643.83,011.idv.tw (close only)
1985-08-02,,,,653.17,011.idv.tw (close only)
1985-08-03,,,,649.84,011.idv.tw (close only)
1985-08-05,,,,658.59,011.idv.tw (close only)
1985-08-06,,,,658.05,011.idv.tw (close only)
1985-08-07,,,,658.56,011.idv.tw (close only)
1985-08-08,,,,663.94,011.idv.tw (close only)
1985-08-09,,,,663.45,011.idv.tw (close only)
1985-08-10,,,,659.19,011.idv.tw (close only)
1985-08-12,,,,659.67,011.idv.tw (close only)
1985-08-13,,,,655.66,011.idv.tw (close only)
1985-08-14,,,,652.36,011.idv.tw (close only)
1985-08-15,,,,655.52,011.idv.tw (close only)
1985-08-16,,,,652.39,011.idv.tw (close only)
1985-08-17,,,,652.99,011.idv.tw (close only)
1985-08-19,,,,648.50,011.idv.tw (close only)
1985-08-20,,,,651.94,011.idv.tw (close only)
1985-08-21,,,,655.48,011.idv.tw (close only)
1985-08-22,,,,662.01,011.idv.tw (close only)
1985-08-24,,,,661.94,011.idv.tw (close only)
1985-08-26,,,,660.18,011.idv.tw (close only)
1985-08-27,,,,656.04,011.idv.tw (close only)
1985-08-28,,,,655.44,011.idv.tw (close only)
1985-08-29,,,,658.53,011.idv.tw (close only)
1985-08-30,,,,658.84,011.idv.tw (close only)
1985-08-31,,,,666.11,011.idv.tw (close only)
1985-09-02,,,,674.88,011.idv.tw (close only)
1985-09-03,,,,682.83,011.idv.tw (close only)
1985-09-04,,,,687.40,011.idv.tw (close only)
1985-09-05,,,,694.31,011.idv.tw (close only)
1985-09-06,,,,696.05,011.idv.tw (close only)
1985-09-07,,,,689.69,011.idv.tw (close only)
1985-09-09,,,,693.12,011.idv.tw (close only)
1985-09-10,,,,694.06,011.idv.tw (close only)
1985-09-11,,,,702.32,011.idv.tw (close only)
1985-09-12,,,,705.06,011.idv.tw (close only)
1985-09-13,,,,702.97,011.idv.tw (close only)
1985-09-14,,,,705.43,011.idv.tw (close only)
1985-09-16,,,,711.21,011.idv.tw (close only)
1985-09-17,,,,709.65,011.idv.tw (close only)
1985-09-18,,,,710.08,011.idv.tw (close only)
1985-09-19,,,,713.12,011.idv.tw (close only)
1985-09-20,,,,708.86,011.idv.tw (close only)
1985-09-21,,,,704.73,011.idv.tw (close only)
1985-09-23,,,,699.15,011.idv.tw (close only)
1985-09-24,,,,699.33,011.idv.tw (close only)
1985-09-25,,,,699.19,011.idv.tw (close only)
1985-09-26,,,,700.72,011.idv.tw (close only)
1985-09-27,,,,710.08,011.idv.tw (close only)
1985-10-01,,,,716.93,011.idv.tw (close only)
1985-10-02,,,,715.66,011.idv.tw (close only)
1985-10-03,,,,713.06,011.idv.tw (close only)
1985-10-04,,,,713.54,011.idv.tw (close only)
1985-10-05,,,,716.45,011.idv.tw (close only)
1985-10-07,,,,717.33,011.idv.tw (close only)
1985-10-08,,,,719.23,011.idv.tw (close only)
1985-10-09,,,,719.44,011.idv.tw (close only)
1985-10-11,,,,709.67,011.idv.tw (close only)
1985-10-12,,,,712.80,011.idv.tw (close only)
1985-10-14,,,,714.84,011.idv.tw (close only)
1985-10-15,,,,717.53,011.idv.tw (close only)
1985-10-16,,,,730.63,011.idv.tw (close only)
1985-10-17,,,,745.18,011.idv.tw (close only)
1985-10-18,,,,749.48,011.idv.tw (close only)
1985-10-19,,,,753.38,011.idv.tw (close only)
1985-10-21,,,,767.69,011.idv.tw (close only)
1985-10-22,,,,768.84,011.idv.tw (close only)
1985-10-23,,,,778.54,011.idv.tw (close only)
1985-10-24,,,,779.59,011.idv.tw (close only)
1985-10-28,,,,780.63,011.idv.tw (close only)
1985-10-29,,,,777.15,011.idv.tw (close only)
1985-10-30,,,,781.66,011.idv.tw (close only)
1985-11-01,,,,782.19,011.idv.tw (close only)
1985-11-02,,,,769.11,011.idv.tw (close only)
1985-11-04,,,,770.91,011.idv.tw (close only)
1985-11-05,,,,779.18,011.idv.tw (close only)
1985-11-06,,,,794.60,011.idv.tw (close only)
1985-11-07,,,,794.09,011.idv.tw (close only)
1985-11-08,,,,791.94,011.idv.tw (close only)
1985-11-09,,,,797.70,011.idv.tw (close only)
1985-11-11,,,,793.48,011.idv.tw (close only)
1985-11-13,,,,779.73,011.idv.tw (close only)
1985-11-14,,,,781.40,011.idv.tw (close only)
1985-11-15,,,,770.30,011.idv.tw (close only)
1985-11-18,,,,754.04,011.idv.tw (close only)
1985-11-19,,,,754.22,011.idv.tw (close only)
1985-11-20,,,,738.14,011.idv.tw (close only)
1985-11-21,,,,749.16,011.idv.tw (close only)
1985-11-22,,,,754.39,011.idv.tw (close only)
1985-11-23,,,,756.02,011.idv.tw (close only)
1985-11-25,,,,756.16,011.idv.tw (close only)
1985-11-26,,,,763.96,011.idv.tw (close only)
1985-11-27,,,,761.22,011.idv.tw (close only)
1985-11-28,,,,762.40,011.idv.tw (close only)
1985-11-29,,,,776.50,011.idv.tw (close only)
1985-11-30,,,,776.28,011.idv.tw (close only)
1985-12-02,,,,779.70,011.idv.tw (close only)
1985-12-03,,,,780.01,011.idv.tw (close only)
1985-12-04,,,,780.13,011.idv.tw (close only)
1985-12-05,,,,774.49,011.idv.tw (close only)
1985-12-06,,,,784.08,011.idv.tw (close only)
1985-12-07,,,,789.78,011.idv.tw (close only)
1985-12-09,,,,806.35,011.idv.tw (close only)
1985-12-10,,,,808.91,011.idv.tw (close only)
1985-12-11,,,,810.94,011.idv.tw (close only)
1985-12-12,,,,813.83,011.idv.tw (close only)
1985-12-13,,,,808.57,011.idv.tw (close only)
1985-12-14,,,,815.88,011.idv.tw (close only)
1985-12-16,,,,827.16,011.idv.tw (close only)
1985-12-17,,,,817.52,011.idv.tw (close only)
1985-12-18,,,,810.43,011.idv.tw (close only)
1985-12-19,,,,807.08,011.idv.tw (close only)
1985-12-20,,,,816.31,011.idv.tw (close only)
1985-12-21,,,,818.59,011.idv.tw (close only)
1985-12-23,,,,818.94,011.idv.tw (close only)
1985-12-24,,,,818.10,011.idv.tw (close only)
1985-12-26,,,,824.96,011.idv.tw (close only)
1985-12-27,,,,830.31,011.idv.tw (close only)
1985-12-28,,,,835.12,011.idv.tw (close only)
1986-01-04,,,,839.73,011.idv.tw (close only)
1986-01-06,,,,842.15,011.idv.tw (close only)
1986-01-07,,,,849.98,011.idv.tw (close only)
1986-01-08,,,,844.00,011.idv.tw (close only)
1986-01-09,,,,844.25,011.idv.tw (close only)
1986-01-10,,,,844.45,011.idv.tw (close only)
1986-01-11,,,,853.57,011.idv.tw (close only)
1986-01-13,,,,854.65,011.idv.tw (close only)
1986-01-14,,,,853.69,011.idv.tw (close only)
1986-01-15,,,,846.33,011.idv.tw (close only)
1986-01-16,,,,846.53,011.idv.tw (close only)
1986-01-17,,,,850.02,011.idv.tw (close only)
1986-01-18,,,,851.33,011.idv.tw (close only)
1986-01-20,,,,848.68,011.idv.tw (close only)
1986-01-21,,,,842.75,011.idv.tw (close only)
1986-01-22,,,,845.64,011.idv.tw (close only)
1986-01-23,,,,854.78,011.idv.tw (close only)
1986-01-24,,,,854.56,011.idv.tw (close only)
1986-01-25,,,,864.94,011.idv.tw (close only)
1986-01-27,,,,877.58,011.idv.tw (close only)
1986-01-28,,,,877.06,011.idv.tw (close only)
1986-01-29,,,,889.41,011.idv.tw (close only)
1986-01-30,,,,882.95,011.idv.tw (close only)
1986-01-31,,,,888.70,011.idv.tw (close only)
1986-02-03,,,,885.14,011.idv.tw (close only)
1986-02-04,,,,893.35,011.idv.tw (close only)
1986-02-05,,,,897.96,011.idv.tw (close only)
1986-02-13,,,,908.44,011.idv.tw (close only)
1986-02-14,,,,920.66,011.idv.tw (close only)
1986-02-15,,,,913.68,011.idv.tw (close only)
1986-02-17,,,,924.30,011.idv.tw (close only)
1986-02-18,,,,933.27,011.idv.tw (close only)
1986-02-19,,,,935.24,011.idv.tw (close only)
1986-02-20,,,,931.38,011.idv.tw (close only)
1986-02-21,,,,933.86,011.idv.tw (close only)
1986-02-22,,,,935.41,011.idv.tw (close only)
1986-02-24,,,,932.20,011.idv.tw (close only)
1986-02-25,,,,933.54,011.idv.tw (close only)
1986-02-26,,,,937.24,011.idv.tw (close only)
1986-02-27,,,,937.35,011.idv.tw (close only)
1986-02-28,,,,943.95,011.idv.tw (close only)
1986-03-01,,,,953.26,011.idv.tw (close only)
1986-03-03,,,,970.64,011.idv.tw (close only)
1986-03-04,,,,969.98,011.idv.tw (close only)
1986-03-05,,,,978.31,011.idv.tw (close only)
1986-03-06,,,,968.01,011.idv.tw (close only)
1986-03-07,,,,942.26,011.idv.tw (close only)
1986-03-08,,,,938.52,011.idv.tw (close only)
1986-03-10,,,,952.66,011.idv.tw (close only)
1986-03-11,,,,945.20,011.idv.tw (close only)
1986-03-12,,,,950.39,011.idv.tw (close only)
1986-03-13,,,,958.50,011.idv.tw (close only)
1986-03-14,,,,960.37,011.idv.tw (close only)
1986-03-15,,,,968.73,011.idv.tw (close only)
1986-03-17,,,,980.46,011.idv.tw (close only)
1986-03-18,,,,986.20,011.idv.tw (close only)
1986-03-19,,,,980.49,011.idv.tw (close only)
1986-03-20,,,,981.18,011.idv.tw (close only)
1986-03-21,,,,982.96,011.idv.tw (close only)
1986-03-22,,,,967.58,011.idv.tw (close only)
1986-03-24,,,,941.54,011.idv.tw (close only)
1986-03-25,,,,958.69,011.idv.tw (close only)
1986-03-26,,,,955.63,011.idv.tw (close only)
1986-03-27,,,,960.70,011.idv.tw (close only)
1986-03-28,,,,949.66,011.idv.tw (close only)
1986-03-31,,,,926.13,011.idv.tw (close only)
1986-04-01,,,,932.96,011.idv.tw (close only)
1986-04-02,,,,918.11,011.idv.tw (close only)
1986-04-03,,,,915.14,011.idv.tw (close only)
1986-04-04,,,,927.34,011.idv.tw (close only)
1986-04-07,,,,912.74,011.idv.tw (close only)
1986-04-08,,,,905.62,011.idv.tw (close only)
1986-04-09,,,,915.38,011.idv.tw (close only)
1986-04-10,,,,915.93,011.idv.tw (close only)
1986-04-11,,,,900.23,011.idv.tw (close only)
1986-04-12,,,,905.05,011.idv.tw (close only)
1986-04-14,,,,894.29,011.idv.tw (close only)
1986-04-15,,,,890.18,011.idv.tw (close only)
1986-04-16,,,,898.30,011.idv.tw (close only)
1986-04-17,,,,904.55,011.idv.tw (close only)
1986-04-18,,,,911.54,011.idv.tw (close only)
1986-04-19,,,,917.62,011.idv.tw (close only)
1986-04-21,,,,915.44,011.idv.tw (close only)
1986-04-22,,,,922.85,011.idv.tw (close only)
1986-04-23,,,,923.00,011.idv.tw (close only)
1986-04-24,,,,914.47,011.idv.tw (close only)
1986-04-25,,,,911.64,011.idv.tw (close only)
1986-04-26,,,,905.21,011.idv.tw (close only)
1986-04-28,,,,894.08,011.idv.tw (close only)
1986-04-29,,,,905.23,011.idv.tw (close only)
1986-04-30,,,,902.87,011.idv.tw (close only)
1986-05-01,,,,897.46,011.idv.tw (close only)
1986-05-02,,,,885.86,011.idv.tw (close only)
1986-05-03,,,,882.35,011.idv.tw (close only)
1986-05-05,,,,889.26,011.idv.tw (close only)
1986-05-06,,,,887.58,011.idv.tw (close only)
1986-05-07,,,,901.19,011.idv.tw (close only)
1986-05-08,,,,905.23,011.idv.tw (close only)
1986-05-09,,,,908.29,011.idv.tw (close only)
1986-05-10,,,,913.04,011.idv.tw (close only)
1986-05-12,,,,915.61,011.idv.tw (close only)
1986-05-13,,,,905.98,011.idv.tw (close only)
1986-05-14,,,,911.77,011.idv.tw (close only)
1986-05-15,,,,909.86,011.idv.tw (close only)
1986-05-16,,,,911.11,011.idv.tw (close only)
1986-05-17,,,,912.30,011.idv.tw (close only)
1986-05-19,,,,909.26,011.idv.tw (close only)
1986-05-20,,,,901.05,011.idv.tw (close only)
1986-05-21,,,,915.96,011.idv.tw (close only)
1986-05-22,,,,923.50,011.idv.tw (close only)
1986-05-23,,,,927.81,011.idv.tw (close only)
1986-05-24,,,,928.93,011.idv.tw (close only)
1986-05-26,,,,936.90,011.idv.tw (close only)
1986-05-27,,,,939.98,011.idv.tw (close only)
1986-05-28,,,,943.82,011.idv.tw (close only)
1986-05-29,,,,943.93,011.idv.tw (close only)
1986-05-30,,,,946.19,011.idv.tw (close only)
1986-05-31,,,,950.80,011.idv.tw (close only)
1986-06-02,,,,954.24,011.idv.tw (close only)
1986-06-03,,,,957.37,011.idv.tw (close only)
1986-06-04,,,,958.95,011.idv.tw (close only)
1986-06-05,,,,957.53,011.idv.tw (close only)
1986-06-06,,,,970.83,011.idv.tw (close only)
1986-06-07,,,,973.35,011.idv.tw (close only)
1986-06-09,,,,980.91,011.idv.tw (close only)
1986-06-10,,,,981.14,011.idv.tw (close only)
1986-06-12,,,,981.04,011.idv.tw (close only)
1986-06-13,,,,985.40,011.idv.tw (close only)
1986-06-16,,,,990.92,011.idv.tw (close only)
1986-06-17,,,,985.10,011.idv.tw (close only)
1986-06-18,,,,981.47,011.idv.tw (close only)
1986-06-19,,,,986.72,011.idv.tw (close only)
1986-06-20,,,,986.10,011.idv.tw (close only)
1986-06-21,,,,978.63,011.idv.tw (close only)
1986-06-23,,,,961.85,011.idv.tw (close only)
1986-06-24,,,,963.98,011.idv.tw (close only)
1986-06-25,,,,971.92,011.idv.tw (close only)
1986-06-26,,,,975.38,011.idv.tw (close only)
1986-06-27,,,,965.24,011.idv.tw (close only)
1986-06-28,,,,962.09,011.idv.tw (close only)
1986-06-30,,,,955.21,011.idv.tw (close only)
1986-07-02,,,,965.54,011.idv.tw (close only)
1986-07-03,,,,963.93,011.idv.tw (close only)
1986-07-04,,,,970.20,011.idv.tw (close only)
1986-07-05,,,,982.85,011.idv.tw (close only)
1986-07-07,,,,983.03,011.idv.tw (close only)
1986-07-08,,,,977.46,011.idv.tw (close only)
1986-07-09,,,,988.09,011.idv.tw (close only)
1986-07-10,,,,987.36,011.idv.tw (close only)
1986-07-11,,,,995.99,011.idv.tw (close only)
1986-07-12,,,,988.86,011.idv.tw (close only)
1986-07-14,,,,977.67,011.idv.tw (close only)
1986-07-15,,,,981.74,011.idv.tw (close only)
1986-07-16,,,,982.84,011.idv.tw (close only)
1986-07-17,,,,972.11,011.idv.tw (close only)
1986-07-18,,,,971.63,011.idv.tw (close only)
1986-07-19,,,,968.60,011.idv.tw (close only)
1986-07-21,,,,972.13,011.idv.tw (close only)
1986-07-22,,,,970.36,011.idv.tw (close only)
1986-07-23,,,,978.15,011.idv.tw (close only)
1986-07-24,,,,984.95,011.idv.tw (close only)
1986-07-25,,,,986.96,011.idv.tw (close only)
1986-07-26,,,,984.84,011.idv.tw (close only)
1986-07-28,,,,984.11,011.idv.tw (close only)
1986-07-29,,,,972.01,011.idv.tw (close only)
1986-07-30,,,,963.90,011.idv.tw (close only)
1986-07-31,,,,935.83,011.idv.tw (close only)
1986-08-01,,,,908.04,011.idv.tw (close only)
1986-08-02,,,,898.95,011.idv.tw (close only)
1986-08-04,,,,914.39,011.idv.tw (close only)
1986-08-05,,,,898.75,011.idv.tw (close only)
1986-08-06,,,,879.55,011.idv.tw (close only)
1986-08-07,,,,889.73,011.idv.tw (close only)
1986-08-08,,,,892.26,011.idv.tw (close only)
1986-08-09,,,,895.77,011.idv.tw (close only)
1986-08-11,,,,894.62,011.idv.tw (close only)
1986-08-12,,,,908.03,011.idv.tw (close only)
1986-08-13,,,,903.30,011.idv.tw (close only)
1986-08-14,,,,901.38,011.idv.tw (close only)
1986-08-15,,,,893.36,011.idv.tw (close only)
1986-08-16,,,,873.76,011.idv.tw (close only)
1986-08-18,,,,868.68,011.idv.tw (close only)
1986-08-19,,,,884.38,011.idv.tw (close only)
1986-08-20,,,,883.27,011.idv.tw (close only)
1986-08-21,,,,888.51,011.idv.tw (close only)
1986-08-22,,,,880.51,011.idv.tw (close only)
1986-08-23,,,,879.46,011.idv.tw (close only)
1986-08-25,,,,883.26,011.idv.tw (close only)
1986-08-26,,,,877.92,011.idv.tw (close only)
1986-08-27,,,,890.83,011.idv.tw (close only)
1986-08-28,,,,900.55,011.idv.tw (close only)
1986-08-29,,,,906.22,011.idv.tw (close only)
1986-08-30,,,,903.61,011.idv.tw (close only)
1986-09-01,,,,912.09,011.idv.tw (close only)
1986-09-02,,,,907.77,011.idv.tw (close only)
1986-09-03,,,,908.99,011.idv.tw (close only)
1986-09-04,,,,916.18,011.idv.tw (close only)
1986-09-05,,,,920.90,011.idv.tw (close only)
1986-09-06,,,,922.81,011.idv.tw (close only)
1986-09-08,,,,928.83,011.idv.tw (close only)
1986-09-09,,,,924.68,011.idv.tw (close only)
1986-09-10,,,,913.39,011.idv.tw (close only)
1986-09-11,,,,927.13,011.idv.tw (close only)
1986-09-12,,,,925.93,011.idv.tw (close only)
1986-09-13,,,,919.58,011.idv.tw (close only)
1986-09-15,,,,911.27,011.idv.tw (close only)
1986-09-16,,,,911.27,011.idv.tw (close only)
1986-09-17,,,,910.16,011.idv.tw (close only)
1986-09-20,,,,913.57,011.idv.tw (close only)
1986-09-22,,,,921.31,011.idv.tw (close only)
1986-09-23,,,,925.46,011.idv.tw (close only)
1986-09-24,,,,933.65,011.idv.tw (close only)
1986-09-25,,,,936.32,011.idv.tw (close only)
1986-09-26,,,,938.33,011.idv.tw (close only)
1986-09-27,,,,937.94,011.idv.tw (close only)
1986-09-30,,,,947.11,011.idv.tw (close only)
1986-10-01,,,,946.17,011.idv.tw (close only)
1986-10-02,,,,948.05,011.idv.tw (close only)
1986-10-03,,,,956.82,011.idv.tw (close only)
1986-10-04,,,,961.69,011.idv.tw (close only)
1986-10-06,,,,958.17,011.idv.tw (close only)
1986-10-07,,,,958.85,011.idv.tw (close only)
1986-10-08,,,,964.51,011.idv.tw (close only)
1986-10-09,,,,969.55,011.idv.tw (close only)
1986-10-13,,,,982.81,011.idv.tw (close only)
1986-10-14,,,,972.36,011.idv.tw (close only)
1986-10-15,,,,980.57,011.idv.tw (close only)
1986-10-16,,,,988.25,011.idv.tw (close only)
1986-10-17,,,,1003.56,011.idv.tw (close only)
1986-10-18,,,,1004.16,011.idv.tw (close only)
1986-10-20,,,,999.31,011.idv.tw (close only)
1986-10-21,,,,1008.59,011.idv.tw (close only)
1986-10-22,,,,1017.16,011.idv.tw (close only)
1986-10-23,,,,1016.49,011.idv.tw (close only)
1986-10-24,,,,1007.76,011.idv.tw (close only)
1986-10-27,,,,1011.55,011.idv.tw (close only)
1986-10-28,,,,998.17,011.idv.tw (close only)
1986-10-29,,,,1003.88,011.idv.tw (close only)
1986-10-30,,,,994.44,011.idv.tw (close only)
1986-11-03,,,,978.96,011.idv.tw (close only)
1986-11-04,,,,998.07,011.idv.tw (close only)
1986-11-05,,,,1006.25,011.idv.tw (close only)
1986-11-06,,,,1007.98,011.idv.tw (close only)
1986-11-07,,,,1021.14,011.idv.tw (close only)
1986-11-08,,,,1030.61,011.idv.tw (close only)
1986-11-10,,,,1026.78,011.idv.tw (close only)
1986-11-11,,,,1015.36,011.idv.tw (close only)
1986-11-13,,,,1016.09,011.idv.tw (close only)
1986-11-14,,,,1023.22,011.idv.tw (close only)
1986-11-15,,,,1007.57,011.idv.tw (close only)
1986-11-17,,,,1007.48,011.idv.tw (close only)
1986-11-18,,,,1007.77,011.idv.tw (close only)
1986-11-19,,,,1003.37,011.idv.tw (close only)
1986-11-20,,,,1012.67,011.idv.tw (close only)
1986-11-21,,,,1007.51,011.idv.tw (close only)
1986-11-22,,,,1011.14,011.idv.tw (close only)
1986-11-24,,,,1017.60,011.idv.tw (close only)
1986-11-25,,,,1016.35,011.idv.tw (close only)
1986-11-26,,,,1009.35,011.idv.tw (close only)
1986-11-27,,,,1006.52,011.idv.tw (close only)
1986-11-28,,,,1001.16,011.idv.tw (close only)
1986-11-29,,,,996.24,011.idv.tw (close only)
1986-12-01,,,,995.94,011.idv.tw (close only)
1986-12-02,,,,997.33,011.idv.tw (close only)
1986-12-03,,,,1002.61,011.idv.tw (close only)
1986-12-04,,,,998.42,011.idv.tw (close only)
1986-12-05,,,,999.92,011.idv.tw (close only)
1986-12-08,,,,1019.10,011.idv.tw (close only)
1986-12-09,,,,1008.30,011.idv.tw (close only)
1986-12-10,,,,995.46,011.idv.tw (close only)
1986-12-11,,,,997.73,011.idv.tw (close only)
1986-12-12,,,,1009.82,011.idv.tw (close only)
1986-12-13,,,,1007.05,011.idv.tw (close only)
1986-12-15,,,,1017.74,011.idv.tw (close only)
1986-12-16,,,,1014.24,011.idv.tw (close only)
1986-12-17,,,,1017.51,011.idv.tw (close only)
1986-12-18,,,,1024.88,011.idv.tw (close only)
1986-12-19,,,,1027.79,011.idv.tw (close only)
1986-12-20,,,,1017.58,011.idv.tw (close only)
1986-12-22,,,,1008.75,011.idv.tw (close only)
1986-12-23,,,,1013.04,011.idv.tw (close only)
1986-12-24,,,,1019.91,011.idv.tw (close only)
1986-12-26,,,,1020.66,011.idv.tw (close only)
1986-12-27,,,,1028.27,011.idv.tw (close only)
1986-12-29,,,,1039.11,011.idv.tw (close only)
1987-01-06,,,,1063.13,011.idv.tw (close only)
1987-01-07,,,,1075.81,011.idv.tw (close only)
1987-01-08,,,,1084.54,011.idv.tw (close only)
1987-01-09,,,,1085.87,011.idv.tw (close only)
1987-01-10,,,,1097.96,011.idv.tw (close only)
1987-01-12,,,,1119.06,011.idv.tw (close only)
1987-01-13,,,,1114.02,011.idv.tw (close only)
1987-01-14,,,,1117.83,011.idv.tw (close only)
1987-01-15,,,,1113.51,011.idv.tw (close only)
1987-01-16,,,,1118.11,011.idv.tw (close only)
1987-01-17,,,,1129.71,011.idv.tw (close only)
1987-01-19,,,,1132.05,011.idv.tw (close only)
1987-01-20,,,,1133.05,011.idv.tw (close only)
1987-01-21,,,,1122.65,011.idv.tw (close only)
1987-01-22,,,,1131.93,011.idv.tw (close only)
1987-01-23,,,,1142.22,011.idv.tw (close only)
1987-01-24,,,,1150.25,011.idv.tw (close only)
1987-02-03,,,,1176.66,011.idv.tw (close only)
1987-02-04,,,,1177.27,011.idv.tw (close only)
1987-02-05,,,,1185.00,011.idv.tw (close only)
1987-02-06,,,,1193.43,011.idv.tw (close only)
1987-02-07,,,,1195.47,011.idv.tw (close only)
1987-02-09,,,,1205.96,011.idv.tw (close only)
1987-02-10,,,,1209.38,011.idv.tw (close only)
1987-02-11,,,,1223.62,011.idv.tw (close only)
1987-02-12,,,,1229.57,011.idv.tw (close only)
1987-02-13,,,,1193.16,011.idv.tw (close only)
1987-02-14,,,,1203.67,011.idv.tw (close only)
1987-02-16,,,,1215.73,011.idv.tw (close only)
1987-02-17,,,,1220.12,011.idv.tw (close only)
1987-02-18,,,,1211.42,011.idv.tw (close only)
1987-02-19,,,,1216.37,011.idv.tw (close only)
1987-02-20,,,,1223.96,011.idv.tw (close only)
1987-02-21,,,,1221.32,011.idv.tw (close only)
1987-02-23,,,,1235.29,011.idv.tw (close only)
1987-02-24,,,,1236.63,011.idv.tw (close only)
1987-02-25,,,,1230.75,011.idv.tw (close only)
1987-02-26,,,,1237.97,011.idv.tw (close only)
1987-02-27,,,,1253.76,011.idv.tw (close only)
1987-02-28,,,,1272.13,011.idv.tw (close only)
1987-03-02,,,,1289.32,011.idv.tw (close only)
1987-03-03,,,,1294.47,011.idv.tw (close only)
1987-03-04,,,,1309.42,011.idv.tw (close only)
1987-03-05,,,,1306.49,011.idv.tw (close only)
1987-03-06,,,,1288.10,011.idv.tw (close only)
1987-03-07,,,,1282.58,011.idv.tw (close only)
1987-03-09,,,,1300.82,011.idv.tw (close only)
1987-03-10,,,,1276.46,011.idv.tw (close only)
1987-03-11,,,,1274.04,011.idv.tw (close only)
1987-03-12,,,,1264.72,011.idv.tw (close only)
1987-03-13,,,,1262.62,011.idv.tw (close only)
1987-03-14,,,,1268.63,011.idv.tw (close only)
1987-03-16,,,,1271.60,011.idv.tw (close only)
1987-03-17,,,,1283.41,011.idv.tw (close only)
1987-03-18,,,,1291.35,011.idv.tw (close only)
1987-03-19,,,,1298.58,011.idv.tw (close only)
1987-03-20,,,,1318.02,011.idv.tw (close only)
1987-03-21,,,,1339.15,011.idv.tw (close only)
1987-03-23,,,,1359.14,011.idv.tw (close only)
1987-03-24,,,,1363.26,011.idv.tw (close only)
1987-03-25,,,,1350.73,011.idv.tw (close only)
1987-03-26,,,,1350.80,011.idv.tw (close only)
1987-03-27,,,,1374.62,011.idv.tw (close only)
1987-03-28,,,,1383.55,011.idv.tw (close only)
1987-03-31,,,,1405.51,011.idv.tw (close only)
1987-04-01,,,,1434.57,011.idv.tw (close only)
1987-04-02,,,,1467.63,011.idv.tw (close only)
1987-04-03,,,,1478.66,011.idv.tw (close only)
1987-04-04,,,,1461.79,011.idv.tw (close only)
1987-04-07,,,,1484.06,011.idv.tw (close only)
1987-04-08,,,,1514.62,011.idv.tw (close only)
1987-04-09,,,,1504.33,011.idv.tw (close only)
1987-04-10,,,,1523.48,011.idv.tw (close only)
1987-04-11,,,,1524.50,011.idv.tw (close only)
1987-04-13,,,,1569.68,011.idv.tw (close only)
1987-04-14,,,,1604.83,011.idv.tw (close only)
1987-04-15,,,,1629.60,011.idv.tw (close only)
1987-04-16,,,,1604.32,011.idv.tw (close only)
1987-04-17,,,,1557.04,011.idv.tw (close only)
1987-04-18,,,,1535.51,011.idv.tw (close only)
1987-04-20,,,,1609.18,011.idv.tw (close only)
1987-04-21,,,,1663.44,011.idv.tw (close only)
1987-04-22,,,,1627.21,011.idv.tw (close only)
1987-04-23,,,,1657.97,011.idv.tw (close only)
1987-04-24,,,,1680.90,011.idv.tw (close only)
1987-04-25,,,,1713.39,011.idv.tw (close only)
1987-04-27,,,,1768.02,011.idv.tw (close only)
1987-04-28,,,,1756.49,011.idv.tw (close only)
1987-04-29,,,,1805.95,011.idv.tw (close only)
1987-04-30,,,,1812.99,011.idv.tw (close only)
1987-05-01,,,,1812.99,011.idv.tw (close only)
1987-05-02,,,,1830.74,011.idv.tw (close only)
1987-05-04,,,,1860.79,011.idv.tw (close only)
1987-05-05,,,,1807.46,011.idv.tw (close only)
1987-05-06,,,,1838.20,011.idv.tw (close only)
1987-05-07,,,,1841.49,011.idv.tw (close only)
1987-05-08,,,,1792.10,011.idv.tw (close only)
1987-05-09,,,,1725.81,011.idv.tw (close only)
1987-05-11,,,,1697.35,011.idv.tw (close only)
1987-05-12,,,,1773.81,011.idv.tw (close only)
1987-05-13,,,,1800.16,011.idv.tw (close only)
1987-05-14,,,,1754.20,011.idv.tw (close only)
1987-05-15,,,,1733.75,011.idv.tw (close only)
1987-05-16,,,,1751.74,011.idv.tw (close only)
1987-05-18,,,,1752.23,011.idv.tw (close only)
1987-05-19,,,,1780.77,011.idv.tw (close only)
1987-05-20,,,,1812.91,011.idv.tw (close only)
1987-05-21,,,,1834.08,011.idv.tw (close only)
1987-05-22,,,,1828.57,011.idv.tw (close only)
1987-05-23,,,,1854.27,011.idv.tw (close only)
1987-05-25,,,,1906.13,011.idv.tw (close only)
1987-05-26,,,,1891.75,011.idv.tw (close only)
1987-05-27,,,,1892.95,011.idv.tw (close only)
1987-05-28,,,,1833.53,011.idv.tw (close only)
1987-05-29,,,,1857.22,011.idv.tw (close only)
1987-05-30,,,,1878.61,011.idv.tw (close only)
1987-06-02,,,,1803.08,011.idv.tw (close only)
1987-06-03,,,,1814.54,011.idv.tw (close only)
1987-06-04,,,,1741.42,011.idv.tw (close only)
1987-06-05,,,,1691.11,011.idv.tw (close only)
1987-06-06,,,,1743.51,011.idv.tw (close only)
1987-06-08,,,,1692.60,011.idv.tw (close only)
1987-06-09,,,,1714.49,011.idv.tw (close only)
1987-06-10,,,,1718.03,011.idv.tw (close only)
1987-06-11,,,,1750.68,011.idv.tw (close only)
1987-06-12,,,,1745.67,011.idv.tw (close only)
1987-06-13,,,,1741.30,011.idv.tw (close only)
1987-06-15,,,,1776.19,011.idv.tw (close only)
1987-06-16,,,,1755.05,011.idv.tw (close only)
1987-06-17,,,,1765.46,011.idv.tw (close only)
1987-06-18,,,,1760.00,011.idv.tw (close only)
1987-06-19,,,,1762.70,011.idv.tw (close only)
1987-06-20,,,,1756.14,011.idv.tw (close only)
1987-06-22,,,,1778.37,011.idv.tw (close only)
1987-06-23,,,,1759.27,011.idv.tw (close only)
1987-06-24,,,,1720.94,011.idv.tw (close only)
1987-06-25,,,,1699.44,011.idv.tw (close only)
1987-06-26,,,,1703.70,011.idv.tw (close only)
1987-06-27,,,,1703.69,011.idv.tw (close only)
1987-06-29,,,,1645.45,011.idv.tw (close only)
1987-06-30,,,,1648.92,011.idv.tw (close only)
1987-07-02,,,,1642.69,011.idv.tw (close only)
1987-07-03,,,,1618.02,011.idv.tw (close only)
1987-07-04,,,,1604.79,011.idv.tw (close only)
1987-07-06,,,,1623.47,011.idv.tw (close only)
1987-07-07,,,,1651.25,011.idv.tw (close only)
1987-07-08,,,,1667.81,011.idv.tw (close only)
1987-07-09,,,,1693.20,011.idv.tw (close only)
1987-07-10,,,,1755.06,011.idv.tw (close only)
1987-07-11,,,,1823.30,011.idv.tw (close only)
1987-07-13,,,,1821.37,011.idv.tw (close only)
1987-07-14,,,,1860.69,011.idv.tw (close only)
1987-07-15,,,,1894.23,011.idv.tw (close only)
1987-07-16,,,,1907.16,011.idv.tw (close only)
1987-07-17,,,,1896.78,011.idv.tw (close only)
1987-07-18,,,,1925.39,011.idv.tw (close only)
1987-07-20,,,,1932.89,011.idv.tw (close only)
1987-07-21,,,,1952.13,011.idv.tw (close only)
1987-07-22,,,,1935.76,011.idv.tw (close only)
1987-07-23,,,,1935.99,011.idv.tw (close only)
1987-07-24,,,,1998.42,011.idv.tw (close only)
1987-07-25,,,,2041.48,011.idv.tw (close only)
1987-07-27,,,,2013.48,011.idv.tw (close only)
1987-07-28,,,,2051.90,011.idv.tw (close only)
1987-07-29,,,,1974.51,011.idv.tw (close only)
1987-07-30,,,,2039.35,011.idv.tw (close only)
1987-07-31,,,,2048.21,011.idv.tw (close only)
1987-08-01,,,,2045.44,011.idv.tw (close only)
1987-08-03,,,,2078.67,011.idv.tw (close only)
1987-08-04,,,,2140.05,011.idv.tw (close only)
1987-08-05,,,,2167.36,011.idv.tw (close only)
1987-08-06,,,,2172.76,011.idv.tw (close only)
1987-08-07,,,,2173.29,011.idv.tw (close only)
1987-08-08,,,,2198.53,011.idv.tw (close only)
1987-08-10,,,,2224.80,011.idv.tw (close only)
1987-08-11,,,,2223.65,011.idv.tw (close only)
1987-08-12,,,,2286.05,011.idv.tw (close only)
1987-08-13,,,,2326.68,011.idv.tw (close only)
1987-08-14,,,,2303.42,011.idv.tw (close only)
1987-08-15,,,,2372.07,011.idv.tw (close only)
1987-08-17,,,,2437.97,011.idv.tw (close only)
1987-08-18,,,,2518.50,011.idv.tw (close only)
1987-08-19,,,,2549.01,011.idv.tw (close only)
1987-08-20,,,,2607.64,011.idv.tw (close only)
1987-08-21,,,,2589.77,011.idv.tw (close only)
1987-08-22,,,,2529.49,011.idv.tw (close only)
1987-08-24,,,,2619.59,011.idv.tw (close only)
1987-08-25,,,,2694.45,011.idv.tw (close only)
1987-08-26,,,,2756.78,011.idv.tw (close only)
1987-08-27,,,,2794.34,011.idv.tw (close only)
1987-08-28,,,,2882.56,011.idv.tw (close only)
1987-08-29,,,,2970.93,011.idv.tw (close only)
1987-08-31,,,,3075.23,011.idv.tw (close only)
1987-09-01,,,,3214.30,011.idv.tw (close only)
1987-09-02,,,,3291.43,011.idv.tw (close only)
1987-09-03,,,,3258.19,011.idv.tw (close only)
1987-09-04,,,,3112.41,011.idv.tw (close only)
1987-09-05,,,,3082.97,011.idv.tw (close only)
1987-09-07,,,,3205.24,011.idv.tw (close only)
1987-09-08,,,,3152.76,011.idv.tw (close only)
1987-09-09,,,,3098.50,011.idv.tw (close only)
1987-09-10,,,,3024.21,011.idv.tw (close only)
1987-09-11,,,,3066.78,011.idv.tw (close only)
1987-09-12,,,,3188.56,011.idv.tw (close only)
1987-09-14,,,,3325.91,011.idv.tw (close only)
1987-09-15,,,,3420.66,011.idv.tw (close only)
1987-09-16,,,,3427.09,011.idv.tw (close only)
1987-09-17,,,,3539.02,011.idv.tw (close only)
1987-09-18,,,,3701.77,011.idv.tw (close only)
1987-09-19,,,,3782.76,011.idv.tw (close only)
1987-09-21,,,,3692.17,011.idv.tw (close only)
1987-09-22,,,,3841.26,011.idv.tw (close only)
1987-09-23,,,,3975.67,011.idv.tw (close only)
1987-09-24,,,,4166.04,011.idv.tw (close only)
1987-09-25,,,,4364.70,011.idv.tw (close only)
1987-09-26,,,,4471.62,011.idv.tw (close only)
1987-09-29,,,,4318.23,011.idv.tw (close only)
1987-09-30,,,,4459.01,011.idv.tw (close only)
1987-10-01,,,,4673.14,011.idv.tw (close only)
1987-10-02,,,,4545.00,011.idv.tw (close only)
1987-10-03,,,,4396.04,011.idv.tw (close only)
1987-10-05,,,,4214.97,011.idv.tw (close only)
1987-10-06,,,,4232.58,011.idv.tw (close only)
1987-10-08,,,,4108.39,011.idv.tw (close only)
1987-10-09,,,,3973.76,011.idv.tw (close only)
1987-10-12,,,,3889.14,011.idv.tw (close only)
1987-10-13,,,,3785.62,011.idv.tw (close only)
1987-10-14,,,,3614.57,011.idv.tw (close only)
1987-10-15,,,,3445.21,011.idv.tw (close only)
1987-10-16,,,,3391.86,011.idv.tw (close only)
1987-10-17,,,,3551.75,011.idv.tw (close only)
1987-10-19,,,,3665.93,011.idv.tw (close only)
1987-10-20,,,,3492.94,011.idv.tw (close only)
1987-10-21,,,,3334.75,011.idv.tw (close only)
1987-10-22,,,,3182.58,011.idv.tw (close only)
1987-10-23,,,,3033.75,011.idv.tw (close only)
1987-10-24,,,,2894.90,011.idv.tw (close only)
1987-10-27,,,,2836.92,011.idv.tw (close only)
1987-10-28,,,,2823.93,011.idv.tw (close only)
1987-10-29,,,,2762.47,011.idv.tw (close only)
1987-10-30,,,,2722.32,011.idv.tw (close only)
1987-11-02,,,,2735.52,011.idv.tw (close only)
1987-11-03,,,,2806.02,011.idv.tw (close only)
1987-11-04,,,,2824.95,011.idv.tw (close only)
1987-11-05,,,,2766.19,011.idv.tw (close only)
1987-11-06,,,,2708.87,011.idv.tw (close only)
1987-11-07,,,,2644.67,011.idv.tw (close only)
1987-11-09,,,,2581.55,011.idv.tw (close only)
1987-11-10,,,,2519.34,011.idv.tw (close only)
1987-11-11,,,,2458.15,011.idv.tw (close only)
1987-11-13,,,,2461.77,011.idv.tw (close only)
1987-11-14,,,,2448.66,011.idv.tw (close only)
1987-11-16,,,,2512.10,011.idv.tw (close only)
1987-11-17,,,,2575.59,011.idv.tw (close only)
1987-11-18,,,,2613.79,011.idv.tw (close only)
1987-11-19,,,,2681.13,011.idv.tw (close only)
1987-11-20,,,,2680.87,011.idv.tw (close only)
1987-11-21,,,,2751.02,011.idv.tw (close only)
1987-11-23,,,,2824.82,011.idv.tw (close only)
1987-11-24,,,,2900.62,011.idv.tw (close only)
1987-11-25,,,,2979.65,011.idv.tw (close only)
1987-11-26,,,,2949.27,011.idv.tw (close only)
1987-11-27,,,,2875.78,011.idv.tw (close only)
1987-11-28,,,,2874.92,011.idv.tw (close only)
1987-11-30,,,,2952.51,011.idv.tw (close only)
1987-12-01,,,,2957.01,011.idv.tw (close only)
1987-12-02,,,,2905.91,011.idv.tw (close only)
1987-12-03,,,,2826.72,011.idv.tw (close only)
1987-12-04,,,,2750.74,011.idv.tw (close only)
1987-12-05,,,,2713.98,011.idv.tw (close only)
1987-12-07,,,,2690.15,011.idv.tw (close only)
1987-12-08,,,,2757.71,011.idv.tw (close only)
1987-12-09,,,,2831.70,011.idv.tw (close only)
1987-12-10,,,,2767.59,011.idv.tw (close only)
1987-12-11,,,,2746.00,011.idv.tw (close only)
1987-12-12,,,,2767.12,011.idv.tw (close only)
1987-12-14,,,,2715.20,011.idv.tw (close only)
1987-12-15,,,,2656.36,011.idv.tw (close only)
1987-12-16,,,,2584.52,011.idv.tw (close only)
1987-12-17,,,,2617.06,011.idv.tw (close only)
1987-12-18,,,,2632.59,011.idv.tw (close only)
1987-12-19,,,,2567.05,011.idv.tw (close only)
1987-12-21,,,,2506.59,011.idv.tw (close only)
1987-12-22,,,,2491.82,011.idv.tw (close only)
1987-12-23,,,,2424.77,011.idv.tw (close only)
1987-12-24,,,,2361.56,011.idv.tw (close only)
1987-12-28,,,,2297.84,011.idv.tw (close only)
1987-12-29,,,,2339.86,011.idv.tw (close only)
1988-01-05,,,,2341.06,011.idv.tw (close only)
1988-01-06,,,,2404.72,011.idv.tw (close only)
1988-01-07,,,,2469.10,011.idv.tw (close only)
1988-01-08,,,,2480.33,011.idv.tw (close only)
1988-01-09,,,,2420.17,011.idv.tw (close only)
1988-01-11,,,,2446.83,011.idv.tw (close only)
1988-01-12,,,,2511.40,011.idv.tw (close only)
1988-01-13,,,,2476.19,011.idv.tw (close only)
1988-01-14,,,,2414.42,011.idv.tw (close only)
1988-01-15,,,,2479.78,011.idv.tw (close only)
1988-01-16,,,,2547.73,011.idv.tw (close only)
1988-01-18,,,,2617.06,011.idv.tw (close only)
1988-01-19,,,,2627.54,011.idv.tw (close only)
1988-01-20,,,,2699.54,011.idv.tw (close only)
1988-01-21,,,,2704.13,011.idv.tw (close only)
1988-01-22,,,,2719.18,011.idv.tw (close only)
1988-01-23,,,,2789.78,011.idv.tw (close only)
1988-01-25,,,,2853.54,011.idv.tw (close only)
1988-01-26,,,,2873.33,011.idv.tw (close only)
1988-01-27,,,,2829.32,011.idv.tw (close only)
1988-01-28,,,,2889.66,011.idv.tw (close only)
1988-01-29,,,,2843.87,011.idv.tw (close only)
1988-02-01,,,,2858.76,011.idv.tw (close only)
1988-02-02,,,,2932.90,011.idv.tw (close only)
1988-02-03,,,,2962.59,011.idv.tw (close only)
1988-02-04,,,,2985.48,011.idv.tw (close only)
1988-02-05,,,,3065.48,011.idv.tw (close only)
1988-02-06,,,,3140.05,011.idv.tw (close only)
1988-02-08,,,,3158.03,011.idv.tw (close only)
1988-02-09,,,,3113.82,011.idv.tw (close only)
1988-02-10,,,,3197.36,011.idv.tw (close only)
1988-02-11,,,,3245.69,011.idv.tw (close only)
1988-02-12,,,,3308.01,011.idv.tw (close only)
1988-02-22,,,,3325.12,011.idv.tw (close only)
1988-02-23,,,,3372.38,011.idv.tw (close only)
1988-02-24,,,,3391.19,011.idv.tw (close only)
1988-02-25,,,,3398.78,011.idv.tw (close only)
1988-02-26,,,,3334.18,011.idv.tw (close only)
1988-02-27,,,,3425.40,011.idv.tw (close only)
1988-02-29,,,,3499.01,011.idv.tw (close only)
1988-03-01,,,,3490.18,011.idv.tw (close only)
1988-03-02,,,,3429.85,011.idv.tw (close only)
1988-03-03,,,,3345.89,011.idv.tw (close only)
1988-03-04,,,,3306.13,011.idv.tw (close only)
1988-03-05,,,,3362.68,011.idv.tw (close only)
1988-03-07,,,,3271.77,011.idv.tw (close only)
1988-03-08,,,,3201.51,011.idv.tw (close only)
1988-03-09,,,,3277.98,011.idv.tw (close only)
1988-03-10,,,,3314.45,011.idv.tw (close only)
1988-03-11,,,,3261.23,011.idv.tw (close only)
1988-03-12,,,,3232.62,011.idv.tw (close only)
1988-03-14,,,,3252.45,011.idv.tw (close only)
1988-03-15,,,,3200.34,011.idv.tw (close only)
1988-03-16,,,,3266.56,011.idv.tw (close only)
1988-03-17,,,,3319.73,011.idv.tw (close only)
1988-03-18,,,,3407.69,011.idv.tw (close only)
1988-03-19,,,,3479.49,011.idv.tw (close only)
1988-03-21,,,,3504.09,011.idv.tw (close only)
1988-03-22,,,,3513.63,011.idv.tw (close only)
1988-03-23,,,,3435.22,011.idv.tw (close only)
1988-03-24,,,,3456.72,011.idv.tw (close only)
1988-03-25,,,,3380.54,011.idv.tw (close only)
1988-03-26,,,,3295.03,011.idv.tw (close only)
1988-03-28,,,,3262.29,011.idv.tw (close only)
1988-03-30,,,,3351.78,011.idv.tw (close only)
1988-03-31,,,,3373.86,011.idv.tw (close only)
1988-04-01,,,,3365.38,011.idv.tw (close only)
1988-04-02,,,,3455.39,011.idv.tw (close only)
1988-04-05,,,,3476.55,011.idv.tw (close only)
1988-04-06,,,,3490.11,011.idv.tw (close only)
1988-04-07,,,,3579.95,011.idv.tw (close only)
1988-04-08,,,,3612.64,011.idv.tw (close only)
1988-04-09,,,,3627.77,011.idv.tw (close only)
1988-04-11,,,,3689.95,011.idv.tw (close only)
1988-04-12,,,,3639.44,011.idv.tw (close only)
1988-04-13,,,,3735.96,011.idv.tw (close only)
1988-04-14,,,,3776.96,011.idv.tw (close only)
1988-04-15,,,,3689.17,011.idv.tw (close only)
1988-04-16,,,,3791.39,011.idv.tw (close only)
1988-04-18,,,,3877.37,011.idv.tw (close only)
1988-04-19,,,,3873.62,011.idv.tw (close only)
1988-04-20,,,,3805.49,011.idv.tw (close only)
1988-04-21,,,,3831.20,011.idv.tw (close only)
1988-04-22,,,,3790.87,011.idv.tw (close only)
1988-04-23,,,,3857.40,011.idv.tw (close only)
1988-04-25,,,,3853.67,011.idv.tw (close only)
1988-04-26,,,,3949.71,011.idv.tw (close only)
1988-04-27,,,,4056.23,011.idv.tw (close only)
1988-04-28,,,,4084.18,011.idv.tw (close only)
1988-04-29,,,,4125.71,011.idv.tw (close only)
1988-04-30,,,,4158.44,011.idv.tw (close only)
1988-05-02,,,,4257.33,011.idv.tw (close only)
1988-05-03,,,,4275.88,011.idv.tw (close only)
1988-05-04,,,,4303.34,011.idv.tw (close only)
1988-05-05,,,,4357.06,011.idv.tw (close only)
1988-05-06,,,,4449.84,011.idv.tw (close only)
1988-05-07,,,,4442.44,011.idv.tw (close only)
1988-05-09,,,,4466.67,011.idv.tw (close only)
1988-05-10,,,,4441.64,011.idv.tw (close only)
1988-05-11,,,,4561.27,011.idv.tw (close only)
1988-05-12,,,,4555.11,011.idv.tw (close only)
1988-05-13,,,,4670.61,011.idv.tw (close only)
1988-05-14,,,,4756.82,011.idv.tw (close only)
1988-05-16,,,,4785.03,011.idv.tw (close only)
1988-05-17,,,,4744.88,011.idv.tw (close only)
1988-05-18,,,,4635.05,011.idv.tw (close only)
1988-05-19,,,,4523.16,011.idv.tw (close only)
1988-05-20,,,,4464.46,011.idv.tw (close only)
1988-05-21,,,,4351.75,011.idv.tw (close only)
1988-05-23,,,,4238.96,011.idv.tw (close only)
1988-05-24,,,,4258.85,011.idv.tw (close only)
1988-05-25,,,,4171.08,011.idv.tw (close only)
1988-05-26,,,,4258.99,011.idv.tw (close only)
1988-05-27,,,,4358.50,011.idv.tw (close only)
1988-05-28,,,,4298.82,011.idv.tw (close only)
1988-05-30,,,,4391.73,011.idv.tw (close only)
1988-05-31,,,,4476.26,011.idv.tw (close only)
1988-06-01,,,,4599.68,011.idv.tw (close only)
1988-06-02,,,,4669.82,011.idv.tw (close only)
1988-06-03,,,,4648.73,011.idv.tw (close only)
1988-06-04,,,,4775.99,011.idv.tw (close only)
1988-06-06,,,,4876.34,011.idv.tw (close only)
1988-06-07,,,,4888.21,011.idv.tw (close only)
1988-06-08,,,,4951.58,011.idv.tw (close only)
1988-06-09,,,,5070.18,011.idv.tw (close only)
1988-06-10,,,,5100.97,011.idv.tw (close only)
1988-06-11,,,,4977.67,011.idv.tw (close only)
1988-06-13,,,,5015.32,011.idv.tw (close only)
1988-06-14,,,,5090.31,011.idv.tw (close only)
1988-06-15,,,,5207.02,011.idv.tw (close only)
1988-06-16,,,,5146.46,011.idv.tw (close only)
1988-06-17,,,,5241.08,011.idv.tw (close only)
1988-06-20,,,,5195.50,011.idv.tw (close only)
1988-06-21,,,,5167.82,011.idv.tw (close only)
1988-06-22,,,,5134.44,011.idv.tw (close only)
1988-06-23,,,,5014.85,011.idv.tw (close only)
1988-06-24,,,,4931.33,011.idv.tw (close only)
1988-06-25,,,,4940.15,011.idv.tw (close only)
1988-06-27,,,,4808.55,011.idv.tw (close only)
1988-06-28,,,,4682.70,011.idv.tw (close only)
1988-06-29,,,,4802.51,011.idv.tw (close only)
1988-06-30,,,,4846.03,011.idv.tw (close only)
1988-07-02,,,,4960.32,011.idv.tw (close only)
1988-07-04,,,,5002.17,011.idv.tw (close only)
1988-07-05,,,,4994.53,011.idv.tw (close only)
1988-07-06,,,,5130.12,011.idv.tw (close only)
1988-07-07,,,,5197.46,011.idv.tw (close only)
1988-07-08,,,,5093.90,011.idv.tw (close only)
1988-07-09,,,,4984.73,011.idv.tw (close only)
1988-07-11,,,,5064.27,011.idv.tw (close only)
1988-07-12,,,,5057.38,011.idv.tw (close only)
1988-07-13,,,,5178.59,011.idv.tw (close only)
1988-07-14,,,,5291.77,011.idv.tw (close only)
1988-07-15,,,,5378.51,011.idv.tw (close only)
1988-07-16,,,,5454.29,011.idv.tw (close only)
1988-07-18,,,,5416.07,011.idv.tw (close only)
1988-07-19,,,,5372.92,011.idv.tw (close only)
1988-07-20,,,,5479.20,011.idv.tw (close only)
1988-07-21,,,,5593.03,011.idv.tw (close only)
1988-07-22,,,,5641.60,011.idv.tw (close only)
1988-07-23,,,,5648.16,011.idv.tw (close only)
1988-07-25,,,,5724.20,011.idv.tw (close only)
1988-07-26,,,,5715.64,011.idv.tw (close only)
1988-07-27,,,,5854.30,011.idv.tw (close only)
1988-07-28,,,,5964.80,011.idv.tw (close only)
1988-07-29,,,,6106.15,011.idv.tw (close only)
1988-07-30,,,,6248.02,011.idv.tw (close only)
1988-08-01,,,,6215.85,011.idv.tw (close only)
1988-08-02,,,,6384.81,011.idv.tw (close only)
1988-08-03,,,,6554.92,011.idv.tw (close only)
1988-08-04,,,,6690.61,011.idv.tw (close only)
1988-08-05,,,,6776.90,011.idv.tw (close only)
1988-08-06,,,,6880.78,011.idv.tw (close only)
1988-08-08,,,,6998.64,011.idv.tw (close only)
1988-08-09,,,,7120.09,011.idv.tw (close only)
1988-08-10,,,,7122.42,011.idv.tw (close only)
1988-08-11,,,,6950.63,011.idv.tw (close only)
1988-08-12,,,,7143.62,011.idv.tw (close only)
1988-08-13,,,,7180.41,011.idv.tw (close only)
1988-08-15,,,,7246.05,011.idv.tw (close only)
1988-08-16,,,,7394.91,011.idv.tw (close only)
1988-08-17,,,,7604.25,011.idv.tw (close only)
1988-08-18,,,,7818.46,011.idv.tw (close only)
1988-08-19,,,,7973.76,011.idv.tw (close only)
1988-08-20,,,,7948.90,011.idv.tw (close only)
1988-08-22,,,,8160.89,011.idv.tw (close only)
1988-08-23,,,,8214.46,011.idv.tw (close only)
1988-08-24,,,,8035.48,011.idv.tw (close only)
1988-08-25,,,,7979.96,011.idv.tw (close only)
1988-08-26,,,,7769.09,011.idv.tw (close only)
1988-08-27,,,,7597.93,011.idv.tw (close only)
1988-08-29,,,,7589.75,011.idv.tw (close only)
1988-08-30,,,,7473.38,011.idv.tw (close only)
1988-08-31,,,,7680.48,011.idv.tw (close only)
1988-09-01,,,,7817.45,011.idv.tw (close only)
1988-09-02,,,,7825.08,011.idv.tw (close only)
1988-09-03,,,,7876.57,011.idv.tw (close only)
1988-09-05,,,,8093.28,011.idv.tw (close only)
1988-09-06,,,,8018.89,011.idv.tw (close only)
1988-09-07,,,,7990.50,011.idv.tw (close only)
1988-09-08,,,,7783.82,011.idv.tw (close only)
1988-09-09,,,,7741.91,011.idv.tw (close only)
1988-09-10,,,,7629.27,011.idv.tw (close only)
1988-09-12,,,,7581.59,011.idv.tw (close only)
1988-09-13,,,,7783.43,011.idv.tw (close only)
1988-09-14,,,,7783.90,011.idv.tw (close only)
1988-09-15,,,,7741.88,011.idv.tw (close only)
1988-09-16,,,,7803.05,011.idv.tw (close only)
1988-09-17,,,,7927.29,011.idv.tw (close only)
1988-09-19,,,,8125.11,011.idv.tw (close only)
1988-09-20,,,,8301.42,011.idv.tw (close only)
1988-09-21,,,,8210.86,011.idv.tw (close only)
1988-09-22,,,,8418.87,011.idv.tw (close only)
1988-09-23,,,,8637.83,011.idv.tw (close only)
1988-09-24,,,,8789.78,011.idv.tw (close only)
1988-09-29,,,,8613.82,011.idv.tw (close only)
1988-09-30,,,,8402.93,011.idv.tw (close only)
1988-10-01,,,,8206.43,011.idv.tw (close only)
1988-10-03,,,,7990.75,011.idv.tw (close only)
1988-10-04,,,,7796.50,011.idv.tw (close only)
1988-10-05,,,,7581.34,011.idv.tw (close only)
1988-10-06,,,,7423.87,011.idv.tw (close only)
1988-10-07,,,,7252.29,011.idv.tw (close only)
1988-10-08,,,,7068.94,011.idv.tw (close only)
1988-10-11,,,,6899.91,011.idv.tw (close only)
1988-10-12,,,,6732.08,011.idv.tw (close only)
1988-10-13,,,,6559.23,011.idv.tw (close only)
1988-10-14,,,,6428.75,011.idv.tw (close only)
1988-10-15,,,,6251.56,011.idv.tw (close only)
1988-10-17,,,,6118.32,011.idv.tw (close only)
1988-10-18,,,,5978.08,011.idv.tw (close only)
1988-10-19,,,,5847.38,011.idv.tw (close only)
1988-10-20,,,,5692.19,011.idv.tw (close only)
1988-10-21,,,,5615.33,011.idv.tw (close only)
1988-10-22,,,,5739.66,011.idv.tw (close only)
1988-10-24,,,,5900.03,011.idv.tw (close only)
1988-10-26,,,,5881.05,011.idv.tw (close only)
1988-10-27,,,,6018.07,011.idv.tw (close only)
1988-10-28,,,,6153.49,011.idv.tw (close only)
1988-10-29,,,,6226.01,011.idv.tw (close only)
1988-11-01,,,,6191.05,011.idv.tw (close only)
1988-11-02,,,,6046.03,011.idv.tw (close only)
1988-11-03,,,,6203.91,011.idv.tw (close only)
1988-11-04,,,,6243.38,011.idv.tw (close only)
1988-11-05,,,,6374.32,011.idv.tw (close only)
1988-11-07,,,,6448.35,011.idv.tw (close only)
1988-11-08,,,,6556.29,011.idv.tw (close only)
1988-11-09,,,,6661.15,011.idv.tw (close only)
1988-11-10,,,,6604.72,011.idv.tw (close only)
1988-11-11,,,,6760.48,011.idv.tw (close only)
1988-11-14,,,,6863.97,011.idv.tw (close only)
1988-11-15,,,,6999.70,011.idv.tw (close only)
1988-11-16,,,,7090.89,011.idv.tw (close only)
1988-11-17,,,,7139.89,011.idv.tw (close only)
1988-11-18,,,,7329.33,011.idv.tw (close only)
1988-11-19,,,,7205.76,011.idv.tw (close only)
1988-11-21,,,,7422.89,011.idv.tw (close only)
1988-11-22,,,,7485.97,011.idv.tw (close only)
1988-11-23,,,,7322.15,011.idv.tw (close only)
1988-11-24,,,,7144.96,011.idv.tw (close only)
1988-11-25,,,,6856.87,011.idv.tw (close only)
1988-11-26,,,,7175.07,011.idv.tw (close only)
1988-11-28,,,,7274.93,011.idv.tw (close only)
1988-11-29,,,,7083.16,011.idv.tw (close only)
1988-11-30,,,,6814.11,011.idv.tw (close only)
1988-12-01,,,,6838.85,011.idv.tw (close only)
1988-12-02,,,,6751.23,011.idv.tw (close only)
1988-12-03,,,,6450.33,011.idv.tw (close only)
1988-12-05,,,,6310.62,011.idv.tw (close only)
1988-12-06,,,,6614.36,011.idv.tw (close only)
1988-12-07,,,,6687.78,011.idv.tw (close only)
1988-12-08,,,,6389.70,011.idv.tw (close only)
1988-12-09,,,,6241.26,011.idv.tw (close only)
1988-12-10,,,,6257.61,011.idv.tw (close only)
1988-12-12,,,,6017.38,011.idv.tw (close only)
1988-12-13,,,,6054.57,011.idv.tw (close only)
1988-12-14,,,,5999.26,011.idv.tw (close only)
1988-12-15,,,,5783.42,011.idv.tw (close only)
1988-12-16,,,,5509.41,011.idv.tw (close only)
1988-12-17,,,,5252.71,011.idv.tw (close only)
1988-12-19,,,,5466.30,011.idv.tw (close only)
1988-12-20,,,,5214.12,011.idv.tw (close only)
1988-12-21,,,,4980.77,011.idv.tw (close only)
1988-12-22,,,,4989.71,011.idv.tw (close only)
1988-12-23,,,,5217.73,011.idv.tw (close only)
1988-12-24,,,,5463.78,011.idv.tw (close only)
1988-12-27,,,,5603.36,011.idv.tw (close only)
1988-12-28,,,,5345.46,011.idv.tw (close only)
1988-12-29,,,,5119.11,011.idv.tw (close only)
1989-01-05,,,,4873.18,011.idv.tw (close only)
1989-01-06,,,,4998.50,011.idv.tw (close only)
1989-01-07,,,,5137.54,011.idv.tw (close only)
1989-01-09,,,,5312.48,011.idv.tw (close only)
1989-01-10,,,,5470.86,011.idv.tw (close only)
1989-01-11,,,,5669.06,011.idv.tw (close only)
1989-01-12,,,,5613.43,011.idv.tw (close only)
1989-01-13,,,,5873.91,011.idv.tw (close only)
1989-01-14,,,,6063.55,011.idv.tw (close only)
1989-01-16,,,,5922.91,011.idv.tw (close only)
1989-01-17,,,,6151.36,011.idv.tw (close only)
1989-01-18,,,,6086.67,011.idv.tw (close only)
1989-01-19,,,,5826.83,011.idv.tw (close only)
1989-01-20,,,,5942.40,011.idv.tw (close only)
1989-01-21,,,,5818.62,011.idv.tw (close only)
1989-01-23,,,,5837.96,011.idv.tw (close only)
1989-01-24,,,,5837.87,011.idv.tw (close only)
1989-01-25,,,,5692.14,011.idv.tw (close only)
1989-01-26,,,,5576.43,011.idv.tw (close only)
1989-01-27,,,,5839.80,011.idv.tw (close only)
1989-01-28,,,,5819.71,011.idv.tw (close only)
1989-01-30,,,,5966.91,011.idv.tw (close only)
1989-01-31,,,,6157.12,011.idv.tw (close only)
1989-02-01,,,,6236.72,011.idv.tw (close only)
1989-02-10,,,,6474.97,011.idv.tw (close only)
1989-02-11,,,,6520.28,011.idv.tw (close only)
1989-02-13,,,,6489.12,011.idv.tw (close only)
1989-02-14,,,,6570.47,011.idv.tw (close only)
1989-02-15,,,,6565.68,011.idv.tw (close only)
1989-02-16,,,,6569.79,011.idv.tw (close only)
1989-02-17,,,,6734.90,011.idv.tw (close only)
1989-02-18,,,,6764.50,011.idv.tw (close only)
1989-02-20,,,,6811.72,011.idv.tw (close only)
1989-02-21,,,,6797.07,011.idv.tw (close only)
1989-02-22,,,,6697.63,011.idv.tw (close only)
1989-02-23,,,,6782.95,011.idv.tw (close only)
1989-02-24,,,,6851.29,011.idv.tw (close only)
1989-02-25,,,,6800.48,011.idv.tw (close only)
1989-02-27,,,,6885.51,011.idv.tw (close only)
1989-02-28,,,,7004.44,011.idv.tw (close only)
1989-03-01,,,,7124.88,011.idv.tw (close only)
1989-03-02,,,,7109.23,011.idv.tw (close only)
1989-03-03,,,,7200.13,011.idv.tw (close only)
1989-03-04,,,,7065.59,011.idv.tw (close only)
1989-03-06,,,,7190.95,011.idv.tw (close only)
1989-03-07,,,,7253.59,011.idv.tw (close only)
1989-03-08,,,,7337.23,011.idv.tw (close only)
1989-03-09,,,,7427.54,011.idv.tw (close only)
1989-03-10,,,,7383.48,011.idv.tw (close only)
1989-03-11,,,,7471.37,011.idv.tw (close only)
1989-03-13,,,,7628.91,011.idv.tw (close only)
1989-03-14,,,,7556.49,011.idv.tw (close only)
1989-03-15,,,,7477.78,011.idv.tw (close only)
1989-03-16,,,,7219.25,011.idv.tw (close only)
1989-03-17,,,,7126.61,011.idv.tw (close only)
1989-03-18,,,,7347.09,011.idv.tw (close only)
1989-03-20,,,,7087.83,011.idv.tw (close only)
1989-03-21,,,,7172.95,011.idv.tw (close only)
1989-03-22,,,,7200.99,011.idv.tw (close only)
1989-03-23,,,,7340.26,011.idv.tw (close only)
1989-03-24,,,,7381.15,011.idv.tw (close only)
1989-03-25,,,,7497.52,011.idv.tw (close only)
1989-03-27,,,,7382.88,011.idv.tw (close only)
1989-03-28,,,,7428.49,011.idv.tw (close only)
1989-03-30,,,,7466.65,011.idv.tw (close only)
1989-03-31,,,,7390.15,011.idv.tw (close only)
1989-04-01,,,,7075.74,011.idv.tw (close only)
1989-04-03,,,,7224.41,011.idv.tw (close only)
1989-04-04,,,,7312.62,011.idv.tw (close only)
1989-04-06,,,,7535.87,011.idv.tw (close only)
1989-04-07,,,,7619.92,011.idv.tw (close only)
1989-04-08,,,,7596.00,011.idv.tw (close only)
1989-04-10,,,,7780.17,011.idv.tw (close only)
1989-04-11,,,,7836.25,011.idv.tw (close only)
1989-04-12,,,,7792.65,011.idv.tw (close only)
1989-04-13,,,,7782.14,011.idv.tw (close only)
1989-04-14,,,,7638.05,011.idv.tw (close only)
1989-04-15,,,,7708.71,011.idv.tw (close only)
1989-04-17,,,,7869.46,011.idv.tw (close only)
1989-04-18,,,,7957.86,011.idv.tw (close only)
1989-04-19,,,,7966.90,011.idv.tw (close only)
1989-04-20,,,,7928.67,011.idv.tw (close only)
1989-04-21,,,,8065.85,011.idv.tw (close only)
1989-04-22,,,,8068.21,011.idv.tw (close only)
1989-04-24,,,,8172.48,011.idv.tw (close only)
1989-04-25,,,,8102.39,011.idv.tw (close only)
1989-04-26,,,,7927.16,011.idv.tw (close only)
1989-04-27,,,,8015.50,011.idv.tw (close only)
1989-04-28,,,,7935.95,011.idv.tw (close only)
1989-04-29,,,,7933.71,011.idv.tw (close only)
1989-05-01,,,,8100.06,011.idv.tw (close only)
1989-05-02,,,,8357.96,011.idv.tw (close only)
1989-05-03,,,,8244.30,011.idv.tw (close only)
1989-05-04,,,,8295.24,011.idv.tw (close only)
1989-05-05,,,,8265.47,011.idv.tw (close only)
1989-05-06,,,,8357.14,011.idv.tw (close only)
1989-05-08,,,,8480.11,011.idv.tw (close only)
1989-05-09,,,,8476.92,011.idv.tw (close only)
1989-05-10,,,,8501.43,011.idv.tw (close only)
1989-05-11,,,,8393.50,011.idv.tw (close only)
1989-05-12,,,,8236.45,011.idv.tw (close only)
1989-05-13,,,,8298.42,011.idv.tw (close only)
1989-05-15,,,,8524.89,011.idv.tw (close only)
1989-05-16,,,,8528.64,011.idv.tw (close only)
1989-05-17,,,,8615.25,011.idv.tw (close only)
1989-05-18,,,,8687.51,011.idv.tw (close only)
1989-05-19,,,,8738.67,011.idv.tw (close only)
1989-05-20,,,,8842.41,011.idv.tw (close only)
1989-05-22,,,,9131.60,011.idv.tw (close only)
1989-05-23,,,,9221.47,011.idv.tw (close only)
1989-05-24,,,,9351.25,011.idv.tw (close only)
1989-05-25,,,,9504.40,011.idv.tw (close only)
1989-05-26,,,,9576.97,011.idv.tw (close only)
1989-05-27,,,,9372.44,011.idv.tw (close only)
1989-05-29,,,,9695.67,011.idv.tw (close only)
1989-05-30,,,,9846.15,011.idv.tw (close only)
1989-05-31,,,,9832.38,011.idv.tw (close only)
1989-06-01,,,,9497.22,011.idv.tw (close only)
1989-06-02,,,,9405.84,011.idv.tw (close only)
1989-06-03,,,,9575.98,011.idv.tw (close only)
1989-06-05,,,,9120.54,011.idv.tw (close only)
1989-06-06,,,,8681.55,011.idv.tw (close only)
1989-06-07,,,,8720.55,011.idv.tw (close only)
1989-06-09,,,,8891.93,011.idv.tw (close only)
1989-06-10,,,,9193.98,011.idv.tw (close only)
1989-06-12,,,,9467.84,011.idv.tw (close only)
1989-06-13,,,,9511.25,011.idv.tw (close only)
1989-06-14,,,,9743.51,011.idv.tw (close only)
1989-06-15,,,,9848.57,011.idv.tw (close only)
1989-06-16,,,,9835.54,011.idv.tw (close only)
1989-06-17,,,,9907.23,011.idv.tw (close only)
1989-06-19,,,,10105.81,011.idv.tw (close only)
1989-06-20,,,,9841.00,011.idv.tw (close only)
1989-06-21,,,,10019.65,011.idv.tw (close only)
1989-06-22,,,,10091.59,011.idv.tw (close only)
1989-06-23,,,,9766.36,011.idv.tw (close only)
1989-06-24,,,,9773.19,011.idv.tw (close only)
1989-06-26,,,,9309.47,011.idv.tw (close only)
1989-06-27,,,,9297.10,011.idv.tw (close only)
1989-06-28,,,,9422.69,011.idv.tw (close only)
1989-06-29,,,,9201.96,011.idv.tw (close only)
1989-06-30,,,,9205.06,011.idv.tw (close only)
1989-07-03,,,,8853.61,011.idv.tw (close only)
1989-07-04,,,,8853.49,011.idv.tw (close only)
1989-07-05,,,,8960.52,011.idv.tw (close only)
1989-07-06,,,,8632.31,011.idv.tw (close only)
1989-07-07,,,,8295.94,011.idv.tw (close only)
1989-07-08,,,,8545.56,011.idv.tw (close only)
1989-07-10,,,,8285.35,011.idv.tw (close only)
1989-07-11,,,,7930.46,011.idv.tw (close only)
1989-07-12,,,,8228.82,011.idv.tw (close only)
1989-07-13,,,,7908.24,011.idv.tw (close only)
1989-07-14,,,,7818.11,011.idv.tw (close only)
1989-07-15,,,,8098.37,011.idv.tw (close only)
1989-07-17,,,,8444.56,011.idv.tw (close only)
1989-07-18,,,,8564.82,011.idv.tw (close only)
1989-07-19,,,,8799.77,011.idv.tw (close only)
1989-07-20,,,,8954.82,011.idv.tw (close only)
1989-07-21,,,,8969.50,011.idv.tw (close only)
1989-07-22,,,,8716.80,011.idv.tw (close only)
1989-07-24,,,,8661.03,011.idv.tw (close only)
1989-07-25,,,,8626.68,011.idv.tw (close only)
1989-07-26,,,,8671.66,011.idv.tw (close only)
1989-07-27,,,,8945.64,011.idv.tw (close only)
1989-07-28,,,,9047.65,011.idv.tw (close only)
1989-07-29,,,,9172.61,011.idv.tw (close only)
1989-07-31,,,,9504.20,011.idv.tw (close only)
1989-08-01,,,,9472.95,011.idv.tw (close only)
1989-08-02,,,,9663.60,011.idv.tw (close only)
1989-08-03,,,,9807.58,011.idv.tw (close only)
1989-08-04,,,,9746.03,011.idv.tw (close only)
1989-08-05,,,,9748.07,011.idv.tw (close only)
1989-08-07,,,,9968.06,011.idv.tw (close only)
1989-08-08,,,,10022.10,011.idv.tw (close only)
1989-08-09,,,,9670.13,011.idv.tw (close only)
1989-08-10,,,,9483.74,011.idv.tw (close only)
1989-08-11,,,,9145.46,011.idv.tw (close only)
1989-08-12,,,,9476.08,011.idv.tw (close only)
1989-08-14,,,,9360.31,011.idv.tw (close only)
1989-08-15,,,,9575.68,011.idv.tw (close only)
1989-08-16,,,,9689.76,011.idv.tw (close only)
1989-08-17,,,,9587.34,011.idv.tw (close only)
1989-08-18,,,,9720.00,011.idv.tw (close only)
1989-08-19,,,,9754.52,011.idv.tw (close only)
1989-08-21,,,,9873.36,011.idv.tw (close only)
1989-08-22,,,,9827.72,011.idv.tw (close only)
1989-08-23,,,,9581.99,011.idv.tw (close only)
1989-08-24,,,,9814.95,011.idv.tw (close only)
1989-08-25,,,,9955.21,011.idv.tw (close only)
1989-08-26,,,,10022.61,011.idv.tw (close only)
1989-08-28,,,,10011.20,011.idv.tw (close only)
1989-08-29,,,,10038.35,011.idv.tw (close only)
1989-08-30,,,,9812.54,011.idv.tw (close only)
1989-08-31,,,,9924.30,011.idv.tw (close only)
1989-09-01,,,,10084.83,011.idv.tw (close only)
1989-09-02,,,,10031.83,011.idv.tw (close only)
1989-09-04,,,,9988.93,011.idv.tw (close only)
1989-09-05,,,,9910.18,011.idv.tw (close only)
1989-09-06,,,,9967.61,011.idv.tw (close only)
1989-09-07,,,,10172.49,011.idv.tw (close only)
1989-09-08,,,,10356.47,011.idv.tw (close only)
1989-09-09,,,,10485.00,011.idv.tw (close only)
1989-09-11,,,,10211.23,011.idv.tw (close only)
1989-09-13,,,,10437.70,011.idv.tw (close only)
1989-09-15,,,,10641.60,011.idv.tw (close only)
1989-09-16,,,,10594.46,011.idv.tw (close only)
1989-09-18,,,,10672.08,011.idv.tw (close only)
1989-09-19,,,,10679.83,011.idv.tw (close only)
1989-09-20,,,,10635.91,011.idv.tw (close only)
1989-09-21,,,,10567.06,011.idv.tw (close only)
1989-09-22,,,,10672.22,011.idv.tw (close only)
1989-09-23,,,,10675.43,011.idv.tw (close only)
1989-09-25,,,,10773.11,011.idv.tw (close only)
1989-09-26,,,,10669.79,011.idv.tw (close only)
1989-09-27,,,,10489.76,011.idv.tw (close only)
1989-09-29,,,,10364.84,011.idv.tw (close only)
1989-09-30,,,,10180.84,011.idv.tw (close only)
1989-10-02,,,,9911.15,011.idv.tw (close only)
1989-10-03,,,,10043.96,011.idv.tw (close only)
1989-10-04,,,,9669.94,011.idv.tw (close only)
1989-10-05,,,,9317.76,011.idv.tw (close only)
1989-10-06,,,,9545.85,011.idv.tw (close only)
1989-10-07,,,,9871.86,011.idv.tw (close only)
1989-10-09,,,,9966.58,011.idv.tw (close only)
1989-10-11,,,,10287.08,011.idv.tw (close only)
1989-10-12,,,,10293.66,011.idv.tw (close only)
1989-10-13,,,,10272.33,011.idv.tw (close only)
1989-10-14,,,,10019.68,011.idv.tw (close only)
1989-10-16,,,,9690.20,011.idv.tw (close only)
1989-10-17,,,,10100.52,011.idv.tw (close only)
1989-10-18,,,,9968.28,011.idv.tw (close only)
1989-10-19,,,,10092.45,011.idv.tw (close only)
1989-10-20,,,,10161.99,011.idv.tw (close only)
1989-10-21,,,,10130.36,011.idv.tw (close only)
1989-10-23,,,,10108.24,011.idv.tw (close only)
1989-10-24,,,,10236.01,011.idv.tw (close only)
1989-10-26,,,,10435.95,011.idv.tw (close only)
1989-10-27,,,,10376.49,011.idv.tw (close only)
1989-10-28,,,,10437.78,011.idv.tw (close only)
1989-10-30,,,,10602.07,011.idv.tw (close only)
1989-11-01,,,,10630.65,011.idv.tw (close only)
1989-11-02,,,,10639.47,011.idv.tw (close only)
1989-11-03,,,,10560.24,011.idv.tw (close only)
1989-11-04,,,,10492.45,011.idv.tw (close only)
1989-11-06,,,,10315.79,011.idv.tw (close only)
1989-11-07,,,,10025.29,011.idv.tw (close only)
1989-11-08,,,,10119.85,011.idv.tw (close only)
1989-11-09,,,,10134.13,011.idv.tw (close only)
1989-11-10,,,,10127.05,011.idv.tw (close only)
1989-11-11,,,,10252.40,011.idv.tw (close only)
1989-11-14,,,,10499.58,011.idv.tw (close only)
1989-11-15,,,,10425.58,011.idv.tw (close only)
1989-11-16,,,,10407.14,011.idv.tw (close only)
1989-11-17,,,,10325.07,011.idv.tw (close only)
1989-11-18,,,,10309.07,011.idv.tw (close only)
1989-11-20,,,,10269.04,011.idv.tw (close only)
1989-11-21,,,,10098.60,011.idv.tw (close only)
1989-11-22,,,,9995.28,011.idv.tw (close only)
1989-11-23,,,,10094.44,011.idv.tw (close only)
1989-11-24,,,,9878.61,011.idv.tw (close only)
1989-11-25,,,,9773.56,011.idv.tw (close only)
1989-11-27,,,,9588.07,011.idv.tw (close only)
1989-11-28,,,,9040.09,011.idv.tw (close only)
1989-11-29,,,,9630.28,011.idv.tw (close only)
1989-11-30,,,,9402.56,011.idv.tw (close only)
1989-12-01,,,,8931.28,011.idv.tw (close only)
1989-12-04,,,,8665.85,011.idv.tw (close only)
1989-12-05,,,,8701.15,011.idv.tw (close only)
1989-12-06,,,,8283.56,011.idv.tw (close only)
1989-12-07,,,,8123.50,011.idv.tw (close only)
1989-12-08,,,,8513.80,011.idv.tw (close only)
1989-12-09,,,,8408.17,011.idv.tw (close only)
1989-12-11,,,,8176.08,011.idv.tw (close only)
1989-12-12,,,,8339.40,011.idv.tw (close only)
1989-12-13,,,,8619.41,011.idv.tw (close only)
1989-12-14,,,,8427.87,011.idv.tw (close only)
1989-12-15,,,,8568.46,011.idv.tw (close only)
1989-12-16,,,,8548.96,011.idv.tw (close only)
1989-12-18,,,,8674.88,011.idv.tw (close only)
1989-12-19,,,,8706.24,011.idv.tw (close only)
1989-12-20,,,,8622.58,011.idv.tw (close only)
1989-12-21,,,,8516.11,011.idv.tw (close only)
1989-12-22,,,,8667.74,011.idv.tw (close only)
1989-12-23,,,,8875.70,011.idv.tw (close only)
1989-12-26,,,,9145.38,011.idv.tw (close only)
1989-12-27,,,,9345.06,011.idv.tw (close only)
1989-12-28,,,,9624.18,011.idv.tw (close only)
1990-01-04,,,,9853.15,011.idv.tw (close only)
1990-01-05,,,,9862.42,011.idv.tw (close only)
1990-01-06,,,,9927.06,011.idv.tw (close only)
1990-01-08,,,,9964.72,011.idv.tw (close only)
1990-01-09,,,,9805.40,011.idv.tw (close only)
1990-01-10,,,,9868.82,011.idv.tw (close only)
1990-01-11,,,,10134.97,011.idv.tw (close only)
1990-01-12,,,,10588.56,011.idv.tw (close only)
1990-01-13,,,,10559.20,011.idv.tw (close only)
1990-01-15,,,,10867.64,011.idv.tw (close only)
1990-01-16,,,,10904.90,011.idv.tw (close only)
1990-01-17,,,,10835.67,011.idv.tw (close only)
1990-01-18,,,,11153.05,011.idv.tw (close only)
1990-01-19,,,,11422.51,011.idv.tw (close only)
1990-01-22,,,,11769.32,011.idv.tw (close only)
1990-01-23,,,,11947.01,011.idv.tw (close only)
1990-01-31,,,,12054.35,011.idv.tw (close only)
1990-02-01,,,,12087.23,011.idv.tw (close only)
1990-02-02,,,,12217.78,011.idv.tw (close only)
1990-02-03,,,,11869.40,011.idv.tw (close only)
1990-02-05,,,,12302.07,011.idv.tw (close only)
1990-02-06,,,,12289.36,011.idv.tw (close only)
1990-02-07,,,,12154.98,011.idv.tw (close only)
1990-02-08,,,,12054.51,011.idv.tw (close only)
1990-02-09,,,,12417.47,011.idv.tw (close only)
1990-02-10,,,,12495.34,011.idv.tw (close only)
1990-02-12,,,,12424.53,011.idv.tw (close only)
1990-02-13,,,,12126.96,011.idv.tw (close only)
1990-02-14,,,,12231.91,011.idv.tw (close only)
1990-02-15,,,,12026.03,011.idv.tw (close only)
1990-02-16,,,,11659.50,011.idv.tw (close only)
1990-02-17,,,,11804.40,011.idv.tw (close only)
1990-02-19,,,,11792.65,011.idv.tw (close only)
1990-02-20,,,,12271.94,011.idv.tw (close only)
1990-02-21,,,,11975.29,011.idv.tw (close only)
1990-02-22,,,,11749.13,011.idv.tw (close only)
1990-02-23,,,,11814.35,011.idv.tw (close only)
1990-02-24,,,,11658.66,011.idv.tw (close only)
1990-02-26,,,,11086.63,011.idv.tw (close only)
1990-02-27,,,,11431.20,011.idv.tw (close only)
1990-02-28,,,,11661.73,011.idv.tw (close only)
1990-03-01,,,,11419.85,011.idv.tw (close only)
1990-03-02,,,,11436.99,011.idv.tw (close only)
1990-03-03,,,,11300.63,011.idv.tw (close only)
1990-03-05,,,,11019.36,011.idv.tw (close only)
1990-03-06,,,,11462.14,011.idv.tw (close only)
1990-03-07,,,,11415.56,011.idv.tw (close only)
1990-03-08,,,,11373.32,011.idv.tw (close only)
1990-03-09,,,,11350.28,011.idv.tw (close only)
1990-03-10,,,,11791.20,011.idv.tw (close only)
1990-03-12,,,,11817.54,011.idv.tw (close only)
1990-03-13,,,,11925.24,011.idv.tw (close only)
1990-03-14,,,,11896.87,011.idv.tw (close only)
1990-03-15,,,,11934.49,011.idv.tw (close only)
1990-03-16,,,,11502.34,011.idv.tw (close only)
1990-03-17,,,,11504.74,011.idv.tw (close only)
1990-03-19,,,,11369.69,011.idv.tw (close only)
1990-03-20,,,,11447.55,011.idv.tw (close only)
1990-03-21,,,,11257.23,011.idv.tw (close only)
1990-03-22,,,,10978.15,011.idv.tw (close only)
1990-03-23,,,,10628.29,011.idv.tw (close only)
1990-03-24,,,,10300.79,011.idv.tw (close only)
1990-03-26,,,,10546.01,011.idv.tw (close only)
1990-03-27,,,,10406.31,011.idv.tw (close only)
1990-03-28,,,,10447.87,011.idv.tw (close only)
1990-03-30,,,,10512.19,011.idv.tw (close only)
1990-03-31,,,,10755.87,011.idv.tw (close only)
1990-04-02,,,,11163.49,011.idv.tw (close only)
1990-04-03,,,,11119.00,011.idv.tw (close only)
1990-04-04,,,,10907.09,011.idv.tw (close only)
1990-04-06,,,,10440.67,011.idv.tw (close only)
1990-04-07,,,,9828.22,011.idv.tw (close only)
1990-04-09,,,,9814.54,011.idv.tw (close only)
1990-04-10,,,,9725.89,011.idv.tw (close only)
1990-04-11,,,,9781.98,011.idv.tw (close only)
1990-04-12,,,,9978.86,011.idv.tw (close only)
1990-04-13,,,,9603.72,011.idv.tw (close only)
1990-04-14,,,,9436.12,011.idv.tw (close only)
1990-04-16,,,,9419.32,011.idv.tw (close only)
1990-04-17,,,,9291.61,011.idv.tw (close only)
1990-04-18,,,,8994.40,011.idv.tw (close only)
1990-04-19,,,,8830.57,011.idv.tw (close only)
1990-04-20,,,,9292.39,011.idv.tw (close only)
1990-04-21,,,,9365.93,011.idv.tw (close only)
1990-04-23,,,,9428.63,011.idv.tw (close only)
1990-04-24,,,,9607.73,011.idv.tw (close only)
1990-04-25,,,,9576.74,011.idv.tw (close only)
1990-04-26,,,,9517.83,011.idv.tw (close only)
1990-04-27,,,,9713.78,011.idv.tw (close only)
1990-04-28,,,,9665.50,011.idv.tw (close only)
1990-04-30,,,,9292.37,011.idv.tw (close only)
1990-05-01,,,,8734.93,011.idv.tw (close only)
1990-05-02,,,,8574.54,011.idv.tw (close only)
1990-05-03,,,,8502.28,011.idv.tw (close only)
1990-05-04,,,,8624.70,011.idv.tw (close only)
1990-05-05,,,,8943.39,011.idv.tw (close only)
1990-05-07,,,,8880.16,011.idv.tw (close only)
1990-05-08,,,,8948.49,011.idv.tw (close only)
1990-05-09,,,,8922.67,011.idv.tw (close only)
1990-05-10,,,,8426.41,011.idv.tw (close only)
1990-05-11,,,,8417.08,011.idv.tw (close only)
1990-05-12,,,,8361.18,011.idv.tw (close only)
1990-05-14,,,,8275.02,011.idv.tw (close only)
1990-05-15,,,,8569.55,011.idv.tw (close only)
1990-05-16,,,,8059.14,011.idv.tw (close only)
1990-05-17,,,,7927.17,011.idv.tw (close only)
1990-05-18,,,,7416.96,011.idv.tw (close only)
1990-05-21,,,,6992.89,011.idv.tw (close only)
1990-05-22,,,,6720.32,011.idv.tw (close only)
1990-05-23,,,,7014.40,011.idv.tw (close only)
1990-05-24,,,,6587.77,011.idv.tw (close only)
1990-05-25,,,,6146.44,011.idv.tw (close only)
1990-05-26,,,,6303.75,011.idv.tw (close only)
1990-05-29,,,,6703.06,011.idv.tw (close only)
1990-05-30,,,,6857.00,011.idv.tw (close only)
1990-05-31,,,,7290.88,011.idv.tw (close only)
1990-06-01,,,,7664.48,011.idv.tw (close only)
1990-06-02,,,,7857.01,011.idv.tw (close only)
1990-06-04,,,,7347.74,011.idv.tw (close only)
1990-06-05,,,,7339.71,011.idv.tw (close only)
1990-06-06,,,,7075.50,011.idv.tw (close only)
1990-06-07,,,,6602.12,011.idv.tw (close only)
1990-06-08,,,,6454.12,011.idv.tw (close only)
1990-06-09,,,,6098.16,011.idv.tw (close only)
1990-06-11,,,,5933.74,011.idv.tw (close only)
1990-06-12,,,,6323.22,011.idv.tw (close only)
1990-06-13,,,,6523.32,011.idv.tw (close only)
1990-06-14,,,,6092.32,011.idv.tw (close only)
1990-06-15,,,,5855.82,011.idv.tw (close only)
1990-06-18,,,,6016.43,011.idv.tw (close only)
1990-06-19,,,,5892.88,011.idv.tw (close only)
1990-06-20,,,,5522.04,011.idv.tw (close only)
1990-06-21,,,,5500.40,011.idv.tw (close only)
1990-06-22,,,,5452.74,011.idv.tw (close only)
1990-06-25,,,,5568.55,011.idv.tw (close only)
1990-06-26,,,,5294.12,011.idv.tw (close only)
1990-06-27,,,,4995.38,011.idv.tw (close only)
1990-06-29,,,,5157.45,011.idv.tw (close only)
1990-06-30,,,,5049.58,011.idv.tw (close only)
1990-07-03,,,,4905.87,011.idv.tw (close only)
1990-07-04,,,,4677.18,011.idv.tw (close only)
1990-07-05,,,,4524.55,011.idv.tw (close only)
1990-07-06,,,,4693.20,011.idv.tw (close only)
1990-07-07,,,,4905.83,011.idv.tw (close only)
1990-07-09,,,,4986.40,011.idv.tw (close only)
1990-07-10,,,,5286.61,011.idv.tw (close only)
1990-07-11,,,,4953.97,011.idv.tw (close only)
1990-07-12,,,,4626.09,011.idv.tw (close only)
1990-07-13,,,,4854.72,011.idv.tw (close only)
1990-07-14,,,,4813.07,011.idv.tw (close only)
1990-07-16,,,,4709.75,011.idv.tw (close only)
1990-07-17,,,,4818.41,011.idv.tw (close only)
1990-07-18,,,,4777.84,011.idv.tw (close only)
1990-07-19,,,,5013.05,011.idv.tw (close only)
1990-07-20,,,,5194.39,011.idv.tw (close only)
1990-07-21,,,,5299.56,011.idv.tw (close only)
1990-07-23,,,,4991.42,011.idv.tw (close only)
1990-07-24,,,,5271.61,011.idv.tw (close only)
1990-07-25,,,,5321.64,011.idv.tw (close only)
1990-07-26,,,,5255.89,011.idv.tw (close only)
1990-07-27,,,,5402.64,011.idv.tw (close only)
1990-07-28,,,,5442.22,011.idv.tw (close only)
1990-07-30,,,,5597.39,011.idv.tw (close only)
1990-07-31,,,,5618.21,011.idv.tw (close only)
1990-08-01,,,,5771.28,011.idv.tw (close only)
1990-08-02,,,,5450.42,011.idv.tw (close only)
1990-08-03,,,,5128.73,011.idv.tw (close only)
1990-08-04,,,,5129.13,011.idv.tw (close only)
1990-08-06,,,,5008.21,011.idv.tw (close only)
1990-08-07,,,,4668.24,011.idv.tw (close only)
1990-08-08,,,,4534.56,011.idv.tw (close only)
1990-08-09,,,,4232.21,011.idv.tw (close only)
1990-08-10,,,,4094.78,011.idv.tw (close only)
1990-08-11,,,,4114.63,011.idv.tw (close only)
1990-08-13,,,,3884.89,011.idv.tw (close only)
1990-08-14,,,,4038.73,011.idv.tw (close only)
1990-08-15,,,,4248.49,011.idv.tw (close only)
1990-08-16,,,,4303.28,011.idv.tw (close only)
1990-08-17,,,,4010.56,011.idv.tw (close only)
1990-08-18,,,,3802.00,011.idv.tw (close only)
1990-08-20,,,,3877.68,011.idv.tw (close only)
1990-08-21,,,,3649.77,011.idv.tw (close only)
1990-08-22,,,,3506.80,011.idv.tw (close only)
1990-08-23,,,,3333.46,011.idv.tw (close only)
1990-08-24,,,,3135.56,011.idv.tw (close only)
1990-08-25,,,,3164.61,011.idv.tw (close only)
1990-08-27,,,,3378.50,011.idv.tw (close only)
1990-08-28,,,,3606.18,011.idv.tw (close only)
1990-08-29,,,,3405.21,011.idv.tw (close only)
1990-08-31,,,,3635.28,011.idv.tw (close only)
1990-09-01,,,,3768.11,011.idv.tw (close only)
1990-09-03,,,,3574.89,011.idv.tw (close only)
1990-09-04,,,,3600.75,011.idv.tw (close only)
1990-09-05,,,,3364.49,011.idv.tw (close only)
1990-09-06,,,,3308.85,011.idv.tw (close only)
1990-09-10,,,,3487.98,011.idv.tw (close only)
1990-09-11,,,,3361.59,011.idv.tw (close only)
1990-09-12,,,,3434.72,011.idv.tw (close only)
1990-09-13,,,,3520.11,011.idv.tw (close only)
1990-09-14,,,,3480.47,011.idv.tw (close only)
1990-09-15,,,,3362.25,011.idv.tw (close only)
1990-09-17,,,,3396.51,011.idv.tw (close only)
1990-09-18,,,,3291.65,011.idv.tw (close only)
1990-09-19,,,,3159.27,011.idv.tw (close only)
1990-09-20,,,,2956.72,011.idv.tw (close only)
1990-09-21,,,,3111.41,011.idv.tw (close only)
1990-09-22,,,,2998.38,011.idv.tw (close only)
1990-09-24,,,,2807.21,011.idv.tw (close only)
1990-09-25,,,,2701.84,011.idv.tw (close only)
1990-09-26,,,,2596.79,011.idv.tw (close only)
1990-09-27,,,,2705.01,011.idv.tw (close only)
1990-10-01,,,,2560.47,011.idv.tw (close only)
1990-10-02,,,,2593.75,011.idv.tw (close only)
1990-10-04,,,,2626.05,011.idv.tw (close only)
1990-10-05,,,,2771.40,011.idv.tw (close only)
1990-10-06,,,,2739.04,011.idv.tw (close only)
1990-10-08,,,,2895.61,011.idv.tw (close only)
1990-10-09,,,,2746.25,011.idv.tw (close only)
1990-10-11,,,,2573.45,011.idv.tw (close only)
1990-10-12,,,,2620.65,011.idv.tw (close only)
1990-10-13,,,,2655.85,011.idv.tw (close only)
1990-10-15,,,,2688.60,011.idv.tw (close only)
1990-10-16,,,,2768.09,011.idv.tw (close only)
1990-10-17,,,,2767.21,011.idv.tw (close only)
1990-10-18,,,,2891.11,011.idv.tw (close only)
1990-10-19,,,,2916.90,011.idv.tw (close only)
1990-10-20,,,,3085.02,011.idv.tw (close only)
1990-10-22,,,,3216.19,011.idv.tw (close only)
1990-10-23,,,,3300.57,011.idv.tw (close only)
1990-10-24,,,,3519.41,011.idv.tw (close only)
1990-10-26,,,,3316.36,011.idv.tw (close only)
1990-10-27,,,,3100.22,011.idv.tw (close only)
1990-10-29,,,,3309.05,011.idv.tw (close only)
1990-10-30,,,,3318.53,011.idv.tw (close only)
1990-11-01,,,,3139.88,011.idv.tw (close only)
1990-11-02,,,,3102.86,011.idv.tw (close only)
1990-11-03,,,,3304.86,011.idv.tw (close only)
1990-11-05,,,,3527.83,011.idv.tw (close only)
1990-11-06,,,,3467.70,011.idv.tw (close only)
1990-11-07,,,,3689.87,011.idv.tw (close only)
1990-11-08,,,,3554.00,011.idv.tw (close only)
1990-11-09,,,,3472.53,011.idv.tw (close only)
1990-11-10,,,,3502.82,011.idv.tw (close only)
1990-11-13,,,,3739.05,011.idv.tw (close only)
1990-11-14,,,,3850.27,011.idv.tw (close only)
1990-11-15,,,,3962.85,011.idv.tw (close only)
1990-11-16,,,,3845.82,011.idv.tw (close only)
1990-11-17,,,,4073.74,011.idv.tw (close only)
1990-11-19,,,,4250.88,011.idv.tw (close only)
1990-11-20,,,,4277.95,011.idv.tw (close only)
1990-11-21,,,,4349.69,011.idv.tw (close only)
1990-11-22,,,,4614.07,011.idv.tw (close only)
1990-11-23,,,,4926.39,011.idv.tw (close only)
1990-11-24,,,,4801.08,011.idv.tw (close only)
1990-11-26,,,,4582.86,011.idv.tw (close only)
1990-11-27,,,,4386.32,011.idv.tw (close only)
1990-11-28,,,,4144.76,011.idv.tw (close only)
1990-11-29,,,,4210.14,011.idv.tw (close only)
1990-11-30,,,,4377.27,011.idv.tw (close only)
1990-12-01,,,,4674.84,011.idv.tw (close only)
1990-12-03,,,,4798.64,011.idv.tw (close only)
1990-12-04,,,,4716.66,011.idv.tw (close only)
1990-12-05,,,,4987.12,011.idv.tw (close only)
1990-12-06,,,,4741.86,011.idv.tw (close only)
1990-12-07,,,,4949.81,011.idv.tw (close only)
1990-12-08,,,,4645.46,011.idv.tw (close only)
1990-12-10,,,,4522.31,011.idv.tw (close only)
1990-12-11,,,,4593.72,011.idv.tw (close only)
1990-12-12,,,,4335.26,011.idv.tw (close only)
1990-12-13,,,,4372.38,011.idv.tw (close only)
1990-12-14,,,,4304.31,011.idv.tw (close only)
1990-12-15,,,,4319.47,011.idv.tw (close only)
1990-12-17,,,,4102.74,011.idv.tw (close only)
1990-12-18,,,,3919.73,011.idv.tw (close only)
1990-12-19,,,,3827.09,011.idv.tw (close only)
1990-12-20,,,,3928.90,011.idv.tw (close only)
1990-12-21,,,,3979.46,011.idv.tw (close only)
1990-12-22,,,,4167.81,011.idv.tw (close only)
1990-12-24,,,,4093.61,011.idv.tw (close only)
1990-12-26,,,,4279.33,011.idv.tw (close only)
1990-12-27,,,,4530.16,011.idv.tw (close only)
1991-01-03,,,,4258.93,011.idv.tw (close only)
1991-01-04,,,,4367.99,011.idv.tw (close only)
1991-01-05,,,,4456.27,011.idv.tw (close only)
1991-01-07,,,,4191.07,011.idv.tw (close only)
1991-01-08,,,,3975.53,011.idv.tw (close only)
1991-01-09,,,,4052.78,011.idv.tw (close only)
1991-01-10,,,,3808.21,011.idv.tw (close only)
1991-01-11,,,,3655.91,011.idv.tw (close only)
1991-01-12,,,,3539.71,011.idv.tw (close only)
1991-01-14,,,,3591.31,011.idv.tw (close only)
1991-01-15,,,,3352.33,011.idv.tw (close only)
1991-01-16,,,,3316.26,011.idv.tw (close only)
1991-01-17,,,,3538.32,011.idv.tw (close only)
1991-01-18,,,,3776.08,011.idv.tw (close only)
1991-01-19,,,,3960.40,011.idv.tw (close only)
1991-01-21,,,,4134.12,011.idv.tw (close only)
1991-01-22,,,,4075.94,011.idv.tw (close only)
1991-01-23,,,,3832.25,011.idv.tw (close only)
1991-01-24,,,,4089.84,011.idv.tw (close only)
1991-01-25,,,,4113.83,011.idv.tw (close only)
1991-01-26,,,,4023.30,011.idv.tw (close only)
1991-01-28,,,,4148.15,011.idv.tw (close only)
1991-01-29,,,,4110.55,011.idv.tw (close only)
1991-01-30,,,,4058.82,011.idv.tw (close only)
1991-01-31,,,,4023.72,011.idv.tw (close only)
1991-02-01,,,,4002.45,011.idv.tw (close only)
1991-02-02,,,,4026.01,011.idv.tw (close only)
1991-02-04,,,,4124.32,011.idv.tw (close only)
1991-02-05,,,,4314.27,011.idv.tw (close only)
1991-02-06,,,,4236.88,011.idv.tw (close only)
1991-02-07,,,,4384.19,011.idv.tw (close only)
1991-02-08,,,,4460.04,011.idv.tw (close only)
1991-02-09,,,,4540.92,011.idv.tw (close only)
1991-02-11,,,,4729.65,011.idv.tw (close only)
1991-02-19,,,,5048.48,011.idv.tw (close only)
1991-02-20,,,,4950.68,011.idv.tw (close only)
1991-02-21,,,,5181.98,011.idv.tw (close only)
1991-02-22,,,,4873.67,011.idv.tw (close only)
1991-02-23,,,,4946.52,011.idv.tw (close only)
1991-02-25,,,,5012.46,011.idv.tw (close only)
1991-02-26,,,,4839.46,011.idv.tw (close only)
1991-02-27,,,,4869.82,011.idv.tw (close only)
1991-02-28,,,,5033.37,011.idv.tw (close only)
1991-03-01,,,,4955.33,011.idv.tw (close only)
1991-03-02,,,,4644.45,011.idv.tw (close only)
1991-03-04,,,,4624.84,011.idv.tw (close only)
1991-03-05,,,,4527.51,011.idv.tw (close only)
1991-03-06,,,,4487.84,011.idv.tw (close only)
1991-03-07,,,,4622.40,011.idv.tw (close only)
1991-03-08,,,,4588.44,011.idv.tw (close only)
1991-03-09,,,,4743.57,011.idv.tw (close only)
1991-03-11,,,,4838.40,011.idv.tw (close only)
1991-03-12,,,,4875.79,011.idv.tw (close only)
1991-03-13,,,,4734.94,011.idv.tw (close only)
1991-03-14,,,,4801.24,011.idv.tw (close only)
1991-03-15,,,,4909.22,011.idv.tw (close only)
1991-03-16,,,,4953.87,011.idv.tw (close only)
1991-03-18,,,,4818.84,011.idv.tw (close only)
1991-03-19,,,,4837.60,011.idv.tw (close only)
1991-03-20,,,,4759.31,011.idv.tw (close only)
1991-03-21,,,,4735.17,011.idv.tw (close only)
1991-03-22,,,,4775.48,011.idv.tw (close only)
1991-03-23,,,,4725.83,011.idv.tw (close only)
1991-03-25,,,,4820.76,011.idv.tw (close only)
1991-03-26,,,,4880.76,011.idv.tw (close only)
1991-03-27,,,,4951.91,011.idv.tw (close only)
1991-03-28,,,,5139.94,011.idv.tw (close only)
1991-04-01,,,,5297.92,011.idv.tw (close only)
1991-04-02,,,,5185.30,011.idv.tw (close only)
1991-04-03,,,,5344.84,011.idv.tw (close only)
1991-04-08,,,,5279.97,011.idv.tw (close only)
1991-04-09,,,,5349.76,011.idv.tw (close only)
1991-04-10,,,,5363.68,011.idv.tw (close only)
1991-04-11,,,,5454.61,011.idv.tw (close only)
1991-04-12,,,,5586.46,011.idv.tw (close only)
1991-04-13,,,,5593.10,011.idv.tw (close only)
1991-04-15,,,,5671.45,011.idv.tw (close only)
1991-04-16,,,,5313.31,011.idv.tw (close only)
1991-04-17,,,,5451.06,011.idv.tw (close only)
1991-04-18,,,,5690.11,011.idv.tw (close only)
1991-04-19,,,,5739.26,011.idv.tw (close only)
1991-04-20,,,,5754.09,011.idv.tw (close only)
1991-04-22,,,,5824.00,011.idv.tw (close only)
1991-04-23,,,,5732.09,011.idv.tw (close only)
1991-04-24,,,,5806.74,011.idv.tw (close only)
1991-04-25,,,,5913.82,011.idv.tw (close only)
1991-04-26,,,,5941.15,011.idv.tw (close only)
1991-04-27,,,,5988.25,011.idv.tw (close only)
1991-04-29,,,,5728.00,011.idv.tw (close only)
1991-04-30,,,,5921.29,011.idv.tw (close only)
1991-05-01,,,,5850.18,011.idv.tw (close only)
1991-05-02,,,,5777.07,011.idv.tw (close only)
1991-05-03,,,,5852.95,011.idv.tw (close only)
1991-05-04,,,,5920.78,011.idv.tw (close only)
1991-05-06,,,,6112.09,011.idv.tw (close only)
1991-05-07,,,,6172.57,011.idv.tw (close only)
1991-05-08,,,,6172.65,011.idv.tw (close only)
1991-05-09,,,,6305.22,011.idv.tw (close only)
1991-05-10,,,,6301.89,011.idv.tw (close only)
1991-05-11,,,,6208.48,011.idv.tw (close only)
1991-05-13,,,,6102.09,011.idv.tw (close only)
1991-05-14,,,,6125.79,011.idv.tw (close only)
1991-05-15,,,,5728.72,011.idv.tw (close only)
1991-05-16,,,,5789.05,011.idv.tw (close only)
1991-05-17,,,,6018.04,011.idv.tw (close only)
1991-05-18,,,,5982.26,011.idv.tw (close only)
1991-05-20,,,,6110.07,011.idv.tw (close only)
1991-05-21,,,,6142.21,011.idv.tw (close only)
1991-05-22,,,,6168.90,011.idv.tw (close only)
1991-05-23,,,,6158.17,011.idv.tw (close only)
1991-05-24,,,,6089.60,011.idv.tw (close only)
1991-05-25,,,,5959.92,011.idv.tw (close only)
1991-05-27,,,,5901.45,011.idv.tw (close only)
1991-05-28,,,,5939.17,011.idv.tw (close only)
1991-05-29,,,,5713.59,011.idv.tw (close only)
1991-05-30,,,,5597.24,011.idv.tw (close only)
1991-05-31,,,,5610.72,011.idv.tw (close only)
1991-06-01,,,,5729.69,011.idv.tw (close only)
1991-06-03,,,,5709.27,011.idv.tw (close only)
1991-06-04,,,,5585.44,011.idv.tw (close only)
1991-06-05,,,,5676.19,011.idv.tw (close only)
1991-06-06,,,,5695.71,011.idv.tw (close only)
1991-06-07,,,,5805.56,011.idv.tw (close only)
1991-06-08,,,,5914.21,011.idv.tw (close only)
1991-06-10,,,,5852.63,011.idv.tw (close only)
1991-06-11,,,,5851.16,011.idv.tw (close only)
1991-06-12,,,,5753.98,011.idv.tw (close only)
1991-06-13,,,,5775.55,011.idv.tw (close only)
1991-06-14,,,,5817.74,011.idv.tw (close only)
1991-06-15,,,,5925.19,011.idv.tw (close only)
1991-06-18,,,,6024.40,011.idv.tw (close only)
1991-06-19,,,,6029.78,011.idv.tw (close only)
1991-06-20,,,,5976.14,011.idv.tw (close only)
1991-06-21,,,,6033.24,011.idv.tw (close only)
1991-06-22,,,,6132.73,011.idv.tw (close only)
1991-06-24,,,,6090.19,011.idv.tw (close only)
1991-06-25,,,,5872.74,011.idv.tw (close only)
1991-06-26,,,,6023.18,011.idv.tw (close only)
1991-06-27,,,,5931.26,011.idv.tw (close only)
1991-06-28,,,,5900.70,011.idv.tw (close only)
1991-06-29,,,,5768.08,011.idv.tw (close only)
1991-07-02,,,,5613.10,011.idv.tw (close only)
1991-07-03,,,,5604.69,011.idv.tw (close only)
1991-07-04,,,,5607.21,011.idv.tw (close only)
1991-07-05,,,,5591.96,011.idv.tw (close only)
1991-07-06,,,,5412.61,011.idv.tw (close only)
1991-07-08,,,,5318.01,011.idv.tw (close only)
1991-07-09,,,,5303.88,011.idv.tw (close only)
1991-07-10,,,,5456.80,011.idv.tw (close only)
1991-07-11,,,,5312.32,011.idv.tw (close only)
1991-07-12,,,,5327.10,011.idv.tw (close only)
1991-07-13,,,,5412.23,011.idv.tw (close only)
1991-07-15,,,,5283.19,011.idv.tw (close only)
1991-07-16,,,,5173.75,011.idv.tw (close only)
1991-07-17,,,,5225.76,011.idv.tw (close only)
1991-07-18,,,,5229.99,011.idv.tw (close only)
1991-07-20,,,,5148.13,011.idv.tw (close only)
1991-07-22,,,,4895.84,011.idv.tw (close only)
1991-07-23,,,,4822.98,011.idv.tw (close only)
1991-07-24,,,,5005.91,011.idv.tw (close only)
1991-07-25,,,,5054.58,011.idv.tw (close only)
1991-07-26,,,,4957.09,011.idv.tw (close only)
1991-07-27,,,,5140.30,011.idv.tw (close only)
1991-07-29,,,,5185.59,011.idv.tw (close only)
1991-07-30,,,,5227.83,011.idv.tw (close only)
1991-07-31,,,,5178.06,011.idv.tw (close only)
1991-08-01,,,,5141.41,011.idv.tw (close only)
1991-08-02,,,,5012.45,011.idv.tw (close only)
1991-08-03,,,,5060.68,011.idv.tw (close only)
1991-08-05,,,,4881.65,011.idv.tw (close only)
1991-08-06,,,,4887.03,011.idv.tw (close only)
1991-08-07,,,,4838.17,011.idv.tw (close only)
1991-08-08,,,,4866.22,011.idv.tw (close only)
1991-08-09,,,,5142.60,011.idv.tw (close only)
1991-08-10,,,,5207.01,011.idv.tw (close only)
1991-08-12,,,,5157.66,011.idv.tw (close only)
1991-08-13,,,,5104.43,011.idv.tw (close only)
1991-08-14,,,,5089.95,011.idv.tw (close only)
1991-08-15,,,,4967.90,011.idv.tw (close only)
1991-08-16,,,,4897.35,011.idv.tw (close only)
1991-08-17,,,,4848.26,011.idv.tw (close only)
1991-08-19,,,,4650.35,011.idv.tw (close only)
1991-08-20,,,,4410.09,011.idv.tw (close only)
1991-08-21,,,,4393.18,011.idv.tw (close only)
1991-08-22,,,,4690.42,011.idv.tw (close only)
1991-08-23,,,,4527.37,011.idv.tw (close only)
1991-08-24,,,,4526.14,011.idv.tw (close only)
1991-08-26,,,,4516.52,011.idv.tw (close only)
1991-08-27,,,,4411.60,011.idv.tw (close only)
1991-08-28,,,,4352.92,011.idv.tw (close only)
1991-08-29,,,,4358.95,011.idv.tw (close only)
1991-08-30,,,,4566.57,011.idv.tw (close only)
1991-08-31,,,,4543.53,011.idv.tw (close only)
1991-09-02,,,,4673.68,011.idv.tw (close only)
1991-09-03,,,,4625.59,011.idv.tw (close only)
1991-09-04,,,,4508.26,011.idv.tw (close only)
1991-09-05,,,,4515.37,011.idv.tw (close only)
1991-09-06,,,,4624.83,011.idv.tw (close only)
1991-09-07,,,,4709.50,011.idv.tw (close only)
1991-09-09,,,,4707.80,011.idv.tw (close only)
1991-09-10,,,,4722.08,011.idv.tw (close only)
1991-09-11,,,,4668.49,011.idv.tw (close only)
1991-09-12,,,,4663.02,011.idv.tw (close only)
1991-09-13,,,,4544.47,011.idv.tw (close only)
1991-09-14,,,,4534.26,011.idv.tw (close only)
1991-09-16,,,,4565.99,011.idv.tw (close only)
1991-09-17,,,,4532.25,011.idv.tw (close only)
1991-09-18,,,,4639.35,011.idv.tw (close only)
1991-09-19,,,,4593.32,011.idv.tw (close only)
1991-09-20,,,,4653.27,011.idv.tw (close only)
1991-09-21,,,,4741.45,011.idv.tw (close only)
1991-09-24,,,,4814.19,011.idv.tw (close only)
1991-09-25,,,,4790.68,011.idv.tw (close only)
1991-09-26,,,,4842.33,011.idv.tw (close only)
1991-09-27,,,,4851.50,011.idv.tw (close only)
1991-09-30,,,,4867.13,011.idv.tw (close only)
1991-10-01,,,,4858.44,011.idv.tw (close only)
1991-10-02,,,,4830.13,011.idv.tw (close only)
1991-10-03,,,,4726.15,011.idv.tw (close only)
1991-10-04,,,,4742.71,011.idv.tw (close only)
1991-10-05,,,,4796.66,011.idv.tw (close only)
1991-10-07,,,,4817.65,011.idv.tw (close only)
1991-10-08,,,,4846.55,011.idv.tw (close only)
1991-10-09,,,,4825.48,011.idv.tw (close only)
1991-10-11,,,,4813.20,011.idv.tw (close only)
1991-10-12,,,,4823.67,011.idv.tw (close only)
1991-10-14,,,,4554.50,011.idv.tw (close only)
1991-10-15,,,,4568.61,011.idv.tw (close only)
1991-10-16,,,,4309.23,011.idv.tw (close only)
1991-10-17,,,,4304.04,011.idv.tw (close only)
1991-10-18,,,,4334.30,011.idv.tw (close only)
1991-10-19,,,,4391.47,011.idv.tw (close only)
1991-10-21,,,,4296.56,011.idv.tw (close only)
1991-10-22,,,,4088.65,011.idv.tw (close only)
1991-10-23,,,,4135.64,011.idv.tw (close only)
1991-10-24,,,,4253.73,011.idv.tw (close only)
1991-10-28,,,,4381.69,011.idv.tw (close only)
1991-10-29,,,,4364.45,011.idv.tw (close only)
1991-10-30,,,,4389.86,011.idv.tw (close only)
1991-11-01,,,,4332.58,011.idv.tw (close only)
1991-11-02,,,,4299.74,011.idv.tw (close only)
1991-11-04,,,,4278.84,011.idv.tw (close only)
1991-11-05,,,,4423.43,011.idv.tw (close only)
1991-11-06,,,,4430.59,011.idv.tw (close only)
1991-11-07,,,,4424.85,011.idv.tw (close only)
1991-11-08,,,,4439.49,011.idv.tw (close only)
1991-11-09,,,,4495.13,011.idv.tw (close only)
1991-11-11,,,,4491.68,011.idv.tw (close only)
1991-11-13,,,,4469.73,011.idv.tw (close only)
1991-11-14,,,,4491.52,011.idv.tw (close only)
1991-11-15,,,,4511.36,011.idv.tw (close only)
1991-11-16,,,,4442.46,011.idv.tw (close only)
1991-11-18,,,,4420.69,011.idv.tw (close only)
1991-11-19,,,,4480.94,011.idv.tw (close only)
1991-11-20,,,,4478.71,011.idv.tw (close only)
1991-11-21,,,,4496.89,011.idv.tw (close only)
1991-11-22,,,,4543.84,011.idv.tw (close only)
1991-11-23,,,,4505.80,011.idv.tw (close only)
1991-11-25,,,,4534.62,011.idv.tw (close only)
1991-11-26,,,,4529.62,011.idv.tw (close only)
1991-11-27,,,,4471.00,011.idv.tw (close only)
1991-11-28,,,,4453.60,011.idv.tw (close only)
1991-11-29,,,,4391.61,011.idv.tw (close only)
1991-11-30,,,,4378.50,011.idv.tw (close only)
1991-12-02,,,,4355.02,011.idv.tw (close only)
1991-12-03,,,,4343.24,011.idv.tw (close only)
1991-12-04,,,,4378.13,011.idv.tw (close only)
1991-12-05,,,,4340.09,011.idv.tw (close only)
1991-12-06,,,,4399.88,011.idv.tw (close only)
1991-12-07,,,,4501.90,011.idv.tw (close only)
1991-12-09,,,,4473.82,011.idv.tw (close only)
1991-12-10,,,,4455.76,011.idv.tw (close only)
1991-12-11,,,,4401.79,011.idv.tw (close only)
1991-12-12,,,,4439.97,011.idv.tw (close only)
1991-12-13,,,,4417.06,011.idv.tw (close only)
1991-12-14,,,,4399.61,011.idv.tw (close only)
1991-12-16,,,,4391.53,011.idv.tw (close only)
1991-12-17,,,,4400.30,011.idv.tw (close only)
1991-12-18,,,,4457.62,011.idv.tw (close only)
1991-12-19,,,,4466.57,011.idv.tw (close only)
1991-12-20,,,,4448.04,011.idv.tw (close only)
1991-12-23,,,,4459.75,011.idv.tw (close only)
1991-12-24,,,,4449.58,011.idv.tw (close only)
1991-12-26,,,,4529.58,011.idv.tw (close only)
1991-12-27,,,,4540.55,011.idv.tw (close only)
1991-12-28,,,,4600.67,011.idv.tw (close only)
1992-01-04,,,,4612.97,011.idv.tw (close only)
1992-01-06,,,,4692.17,011.idv.tw (close only)
1992-01-07,,,,4718.81,011.idv.tw (close only)
1992-01-08,,,,4772.61,011.idv.tw (close only)
1992-01-09,,,,4803.51,011.idv.tw (close only)
1992-01-10,,,,4782.82,011.idv.tw (close only)
1992-01-11,,,,4856.82,011.idv.tw (close only)
1992-01-13,,,,4904.43,011.idv.tw (close only)
1992-01-14,,,,4947.16,011.idv.tw (close only)
1992-01-15,,,,4939.07,011.idv.tw (close only)
1992-01-16,,,,5022.96,011.idv.tw (close only)
1992-01-17,,,,5045.94,011.idv.tw (close only)
1992-01-18,,,,4964.22,011.idv.tw (close only)
1992-01-20,,,,5102.64,011.idv.tw (close only)
1992-01-21,,,,5135.35,011.idv.tw (close only)
1992-01-22,,,,5131.42,011.idv.tw (close only)
1992-01-23,,,,5122.01,011.idv.tw (close only)
1992-01-24,,,,5243.60,011.idv.tw (close only)
1992-01-25,,,,5298.99,011.idv.tw (close only)
1992-01-27,,,,5341.49,011.idv.tw (close only)
1992-01-28,,,,5312.67,011.idv.tw (close only)
1992-01-29,,,,5390.05,011.idv.tw (close only)
1992-01-30,,,,5391.63,011.idv.tw (close only)
1992-02-07,,,,5237.37,011.idv.tw (close only)
1992-02-08,,,,5217.63,011.idv.tw (close only)
1992-02-10,,,,5204.55,011.idv.tw (close only)
1992-02-11,,,,5072.04,011.idv.tw (close only)
1992-02-12,,,,5061.60,011.idv.tw (close only)
1992-02-13,,,,5088.10,011.idv.tw (close only)
1992-02-14,,,,5023.41,011.idv.tw (close only)
1992-02-15,,,,5026.43,011.idv.tw (close only)
1992-02-17,,,,4859.48,011.idv.tw (close only)
1992-02-18,,,,4766.91,011.idv.tw (close only)
1992-02-19,,,,4839.42,011.idv.tw (close only)
1992-02-20,,,,4995.32,011.idv.tw (close only)
1992-02-21,,,,4950.37,011.idv.tw (close only)
1992-02-22,,,,5074.80,011.idv.tw (close only)
1992-02-24,,,,5070.24,011.idv.tw (close only)
1992-02-25,,,,4987.73,011.idv.tw (close only)
1992-02-26,,,,4951.50,011.idv.tw (close only)
1992-02-27,,,,5019.22,011.idv.tw (close only)
1992-02-28,,,,5031.69,011.idv.tw (close only)
1992-02-29,,,,5142.42,011.idv.tw (close only)
1992-03-02,,,,5144.37,011.idv.tw (close only)
1992-03-03,,,,5056.64,011.idv.tw (close only)
1992-03-04,,,,5066.40,011.idv.tw (close only)
1992-03-05,,,,5033.53,011.idv.tw (close only)
1992-03-06,,,,4988.08,011.idv.tw (close only)
1992-03-07,,,,4986.53,011.idv.tw (close only)
1992-03-09,,,,4923.03,011.idv.tw (close only)
1992-03-10,,,,4926.20,011.idv.tw (close only)
1992-03-11,,,,4965.48,011.idv.tw (close only)
1992-03-12,,,,4984.86,011.idv.tw (close only)
1992-03-13,,,,5030.63,011.idv.tw (close only)
1992-03-14,,,,5029.61,011.idv.tw (close only)
1992-03-16,,,,5012.96,011.idv.tw (close only)
1992-03-17,,,,4890.32,011.idv.tw (close only)
1992-03-18,,,,4851.95,011.idv.tw (close only)
1992-03-19,,,,4810.23,011.idv.tw (close only)
1992-03-20,,,,4818.18,011.idv.tw (close only)
1992-03-21,,,,4745.03,011.idv.tw (close only)
1992-03-23,,,,4685.16,011.idv.tw (close only)
1992-03-24,,,,4790.10,011.idv.tw (close only)
1992-03-25,,,,4721.25,011.idv.tw (close only)
1992-03-26,,,,4792.54,011.idv.tw (close only)
1992-03-27,,,,4817.35,011.idv.tw (close only)
1992-03-28,,,,4833.47,011.idv.tw (close only)
1992-03-31,,,,4800.94,011.idv.tw (close only)
1992-04-01,,,,4676.48,011.idv.tw (close only)
1992-04-02,,,,4733.96,011.idv.tw (close only)
1992-04-06,,,,4652.10,011.idv.tw (close only)
1992-04-07,,,,4613.74,011.idv.tw (close only)
1992-04-08,,,,4552.46,011.idv.tw (close only)
1992-04-09,,,,4528.05,011.idv.tw (close only)
1992-04-10,,,,4563.85,011.idv.tw (close only)
1992-04-11,,,,4487.62,011.idv.tw (close only)
1992-04-13,,,,4405.44,011.idv.tw (close only)
1992-04-14,,,,4461.98,011.idv.tw (close only)
1992-04-15,,,,4439.66,011.idv.tw (close only)
1992-04-16,,,,4538.52,011.idv.tw (close only)
1992-04-17,,,,4503.22,011.idv.tw (close only)
1992-04-18,,,,4527.81,011.idv.tw (close only)
1992-04-20,,,,4547.74,011.idv.tw (close only)
1992-04-21,,,,4556.09,011.idv.tw (close only)
1992-04-22,,,,4505.07,011.idv.tw (close only)
1992-04-23,,,,4470.31,011.idv.tw (close only)
1992-04-24,,,,4480.12,011.idv.tw (close only)
1992-04-25,,,,4441.57,011.idv.tw (close only)
1992-04-27,,,,4486.45,011.idv.tw (close only)
1992-04-28,,,,4523.95,011.idv.tw (close only)
1992-04-29,,,,4513.19,011.idv.tw (close only)
1992-04-30,,,,4496.19,011.idv.tw (close only)
1992-05-01,,,,4545.18,011.idv.tw (close only)
1992-05-02,,,,4532.53,011.idv.tw (close only)
1992-05-04,,,,4539.47,011.idv.tw (close only)
1992-05-05,,,,4536.53,011.idv.tw (close only)
1992-05-06,,,,4482.25,011.idv.tw (close only)
1992-05-07,,,,4481.29,011.idv.tw (close only)
1992-05-08,,,,4462.61,011.idv.tw (close only)
1992-05-09,,,,4428.97,011.idv.tw (close only)
1992-05-11,,,,4268.17,011.idv.tw (close only)
1992-05-12,,,,4289.24,011.idv.tw (close only)
1992-05-13,,,,4326.38,011.idv.tw (close only)
1992-05-14,,,,4300.60,011.idv.tw (close only)
1992-05-15,,,,4292.46,011.idv.tw (close only)
1992-05-16,,,,4356.07,011.idv.tw (close only)
1992-05-18,,,,4437.63,011.idv.tw (close only)
1992-05-19,,,,4500.82,011.idv.tw (close only)
1992-05-20,,,,4560.00,011.idv.tw (close only)
1992-05-21,,,,4563.67,011.idv.tw (close only)
1992-05-22,,,,4623.94,011.idv.tw (close only)
1992-05-23,,,,4637.59,011.idv.tw (close only)
1992-05-25,,,,4634.33,011.idv.tw (close only)
1992-05-26,,,,4540.00,011.idv.tw (close only)
1992-05-27,,,,4541.38,011.idv.tw (close only)
1992-05-28,,,,4501.02,011.idv.tw (close only)
1992-05-29,,,,4519.27,011.idv.tw (close only)
1992-05-30,,,,4496.58,011.idv.tw (close only)
1992-06-01,,,,4456.85,011.idv.tw (close only)
1992-06-02,,,,4468.94,011.idv.tw (close only)
1992-06-03,,,,4583.97,011.idv.tw (close only)
1992-06-04,,,,4586.61,011.idv.tw (close only)
1992-06-08,,,,4565.04,011.idv.tw (close only)
1992-06-09,,,,4526.65,011.idv.tw (close only)
1992-06-10,,,,4633.80,011.idv.tw (close only)
1992-06-11,,,,4597.19,011.idv.tw (close only)
1992-06-12,,,,4681.07,011.idv.tw (close only)
1992-06-13,,,,4676.13,011.idv.tw (close only)
1992-06-15,,,,4672.49,011.idv.tw (close only)
1992-06-16,,,,4637.78,011.idv.tw (close only)
1992-06-17,,,,4603.90,011.idv.tw (close only)
1992-06-18,,,,4628.78,011.idv.tw (close only)
1992-06-19,,,,4587.85,011.idv.tw (close only)
1992-06-20,,,,4618.02,011.idv.tw (close only)
1992-06-22,,,,4697.66,011.idv.tw (close only)
1992-06-23,,,,4690.48,011.idv.tw (close only)
1992-06-24,,,,4655.08,011.idv.tw (close only)
1992-06-25,,,,4565.01,011.idv.tw (close only)
1992-06-26,,,,4501.97,011.idv.tw (close only)
1992-06-27,,,,4496.44,011.idv.tw (close only)
1992-06-29,,,,4467.50,011.idv.tw (close only)
1992-06-30,,,,4523.81,011.idv.tw (close only)
1992-07-02,,,,4454.08,011.idv.tw (close only)
1992-07-03,,,,4455.98,011.idv.tw (close only)
1992-07-04,,,,4489.63,011.idv.tw (close only)
1992-07-06,,,,4511.97,011.idv.tw (close only)
1992-07-07,,,,4432.22,011.idv.tw (close only)
1992-07-08,,,,4329.31,011.idv.tw (close only)
1992-07-09,,,,4337.99,011.idv.tw (close only)
1992-07-10,,,,4316.79,011.idv.tw (close only)
1992-07-11,,,,4384.52,011.idv.tw (close only)
1992-07-13,,,,4312.38,011.idv.tw (close only)
1992-07-14,,,,4307.69,011.idv.tw (close only)
1992-07-15,,,,4352.51,011.idv.tw (close only)
1992-07-16,,,,4349.68,011.idv.tw (close only)
1992-07-17,,,,4282.60,011.idv.tw (close only)
1992-07-18,,,,4248.55,011.idv.tw (close only)
1992-07-20,,,,4147.59,011.idv.tw (close only)
1992-07-21,,,,4159.02,011.idv.tw (close only)
1992-07-22,,,,4154.80,011.idv.tw (close only)
1992-07-23,,,,3978.87,011.idv.tw (close only)
1992-07-24,,,,4022.16,011.idv.tw (close only)
1992-07-25,,,,4018.85,011.idv.tw (close only)
1992-07-27,,,,4008.22,011.idv.tw (close only)
1992-07-28,,,,3959.10,011.idv.tw (close only)
1992-07-29,,,,3947.32,011.idv.tw (close only)
1992-07-30,,,,4029.53,011.idv.tw (close only)
1992-07-31,,,,4108.52,011.idv.tw (close only)
1992-08-01,,,,4101.84,011.idv.tw (close only)
1992-08-03,,,,4072.08,011.idv.tw (close only)
1992-08-04,,,,4088.18,011.idv.tw (close only)
1992-08-05,,,,4134.91,011.idv.tw (close only)
1992-08-06,,,,4122.78,011.idv.tw (close only)
1992-08-07,,,,4082.90,011.idv.tw (close only)
1992-08-08,,,,4030.73,011.idv.tw (close only)
1992-08-10,,,,3951.73,011.idv.tw (close only)
1992-08-11,,,,3958.28,011.idv.tw (close only)
1992-08-12,,,,3901.61,011.idv.tw (close only)
1992-08-13,,,,3893.34,011.idv.tw (close only)
1992-08-14,,,,3914.90,011.idv.tw (close only)
1992-08-15,,,,3926.38,011.idv.tw (close only)
1992-08-17,,,,3784.48,011.idv.tw (close only)
1992-08-18,,,,3772.91,011.idv.tw (close only)
1992-08-19,,,,3733.93,011.idv.tw (close only)
1992-08-20,,,,3733.06,011.idv.tw (close only)
1992-08-21,,,,3866.22,011.idv.tw (close only)
1992-08-22,,,,3822.81,011.idv.tw (close only)
1992-08-24,,,,3850.68,011.idv.tw (close only)
1992-08-25,,,,3816.38,011.idv.tw (close only)
1992-08-26,,,,3793.03,011.idv.tw (close only)
1992-08-27,,,,3800.97,011.idv.tw (close only)
1992-08-28,,,,3852.45,011.idv.tw (close only)
1992-08-31,,,,3946.35,011.idv.tw (close only)
1992-09-01,,,,3960.45,011.idv.tw (close only)
1992-09-02,,,,3933.61,011.idv.tw (close only)
1992-09-03,,,,3888.49,011.idv.tw (close only)
1992-09-07,,,,3852.27,011.idv.tw (close only)
1992-09-08,,,,3758.38,011.idv.tw (close only)
1992-09-09,,,,3770.12,011.idv.tw (close only)
1992-09-10,,,,3785.50,011.idv.tw (close only)
1992-09-14,,,,3685.04,011.idv.tw (close only)
1992-09-15,,,,3716.72,011.idv.tw (close only)
1992-09-16,,,,3664.52,011.idv.tw (close only)
1992-09-17,,,,3441.69,011.idv.tw (close only)
1992-09-18,,,,3437.60,011.idv.tw (close only)
1992-09-19,,,,3569.93,011.idv.tw (close only)
1992-09-21,,,,3481.90,011.idv.tw (close only)
1992-09-22,,,,3524.75,011.idv.tw (close only)
1992-09-23,,,,3529.42,011.idv.tw (close only)
1992-09-24,,,,3540.48,011.idv.tw (close only)
1992-09-25,,,,3472.50,011.idv.tw (close only)
1992-09-26,,,,3351.63,011.idv.tw (close only)
1992-09-29,,,,3397.29,011.idv.tw (close only)
1992-09-30,,,,3524.21,011.idv.tw (close only)
1992-10-01,,,,3584.08,011.idv.tw (close only)
1992-10-02,,,,3717.71,011.idv.tw (close only)
1992-10-03,,,,3704.25,011.idv.tw (close only)
1992-10-05,,,,3720.45,011.idv.tw (close only)
1992-10-06,,,,3562.87,011.idv.tw (close only)
1992-10-07,,,,3592.12,011.idv.tw (close only)
1992-10-08,,,,3688.21,011.idv.tw (close only)
1992-10-09,,,,3622.75,011.idv.tw (close only)
1992-10-12,,,,3602.83,011.idv.tw (close only)
1992-10-13,,,,3602.96,011.idv.tw (close only)
1992-10-14,,,,3633.22,011.idv.tw (close only)
1992-10-15,,,,3729.02,011.idv.tw (close only)
1992-10-16,,,,3707.18,011.idv.tw (close only)
1992-10-17,,,,3749.32,011.idv.tw (close only)
1992-10-19,,,,3734.51,011.idv.tw (close only)
1992-10-20,,,,3724.17,011.idv.tw (close only)
1992-10-21,,,,3694.38,011.idv.tw (close only)
1992-10-22,,,,3699.23,011.idv.tw (close only)
1992-10-23,,,,3662.60,011.idv.tw (close only)
1992-10-24,,,,3670.90,011.idv.tw (close only)
1992-10-27,,,,3647.97,011.idv.tw (close only)
1992-10-28,,,,3670.90,011.idv.tw (close only)
1992-10-29,,,,3640.90,011.idv.tw (close only)
1992-10-30,,,,3631.73,011.idv.tw (close only)
1992-11-02,,,,3559.51,011.idv.tw (close only)
1992-11-03,,,,3559.66,011.idv.tw (close only)
1992-11-04,,,,3506.05,011.idv.tw (close only)
1992-11-05,,,,3593.41,011.idv.tw (close only)
1992-11-06,,,,3532.61,011.idv.tw (close only)
1992-11-07,,,,3535.78,011.idv.tw (close only)
1992-11-09,,,,3530.14,011.idv.tw (close only)
1992-11-10,,,,3534.53,011.idv.tw (close only)
1992-11-11,,,,3570.89,011.idv.tw (close only)
1992-11-13,,,,3555.51,011.idv.tw (close only)
1992-11-14,,,,3573.09,011.idv.tw (close only)
1992-11-16,,,,3588.44,011.idv.tw (close only)
1992-11-17,,,,3583.71,011.idv.tw (close only)
1992-11-18,,,,3660.10,011.idv.tw (close only)
1992-11-19,,,,3682.38,011.idv.tw (close only)
1992-11-20,,,,3724.33,011.idv.tw (close only)
1992-11-21,,,,3711.71,011.idv.tw (close only)
1992-11-23,,,,3698.51,011.idv.tw (close only)
1992-11-24,,,,3687.22,011.idv.tw (close only)
1992-11-25,,,,3673.51,011.idv.tw (close only)
1992-11-26,,,,3676.56,011.idv.tw (close only)
1992-11-27,,,,3681.94,011.idv.tw (close only)
1992-11-28,,,,3686.14,011.idv.tw (close only)
1992-11-30,,,,3675.01,011.idv.tw (close only)
1992-12-01,,,,3646.76,011.idv.tw (close only)
1992-12-02,,,,3635.70,011.idv.tw (close only)
1992-12-03,,,,3614.08,011.idv.tw (close only)
1992-12-04,,,,3651.39,011.idv.tw (close only)
1992-12-05,,,,3727.95,011.idv.tw (close only)
1992-12-07,,,,3755.77,011.idv.tw (close only)
1992-12-08,,,,3761.01,011.idv.tw (close only)
1992-12-09,,,,3776.55,011.idv.tw (close only)
1992-12-10,,,,3746.75,011.idv.tw (close only)
1992-12-11,,,,3734.30,011.idv.tw (close only)
1992-12-12,,,,3742.61,011.idv.tw (close only)
1992-12-14,,,,3696.76,011.idv.tw (close only)
1992-12-15,,,,3688.26,011.idv.tw (close only)
1992-12-16,,,,3674.92,011.idv.tw (close only)
1992-12-17,,,,3668.67,011.idv.tw (close only)
1992-12-18,,,,3657.99,011.idv.tw (close only)
1992-12-21,,,,3576.09,011.idv.tw (close only)
1992-12-22,,,,3579.97,011.idv.tw (close only)
1992-12-23,,,,3448.15,011.idv.tw (close only)
1992-12-24,,,,3456.00,011.idv.tw (close only)
1992-12-28,,,,3327.67,011.idv.tw (close only)
1992-12-29,,,,3377.06,011.idv.tw (close only)
1993-01-05,,,,3342.18,011.idv.tw (close only)
1993-01-06,,,,3188.44,011.idv.tw (close only)
1993-01-07,,,,3135.56,011.idv.tw (close only)
1993-01-08,,,,3171.99,011.idv.tw (close only)
1993-01-09,,,,3254.05,011.idv.tw (close only)
1993-01-11,,,,3171.24,011.idv.tw (close only)
1993-01-12,,,,3217.55,011.idv.tw (close only)
1993-01-13,,,,3227.93,011.idv.tw (close only)
1993-01-14,,,,3297.56,011.idv.tw (close only)
1993-01-15,,,,3314.83,011.idv.tw (close only)
1993-01-16,,,,3362.52,011.idv.tw (close only)
1993-01-18,,,,3356.80,011.idv.tw (close only)
1993-01-19,,,,3420.62,011.idv.tw (close only)
1993-01-27,,,,3283.09,011.idv.tw (close only)
1993-01-28,,,,3293.01,011.idv.tw (close only)
1993-01-29,,,,3251.23,011.idv.tw (close only)
1993-01-30,,,,3374.56,011.idv.tw (close only)
1993-02-01,,,,3501.23,011.idv.tw (close only)
1993-02-02,,,,3542.26,011.idv.tw (close only)
1993-02-03,,,,3553.36,011.idv.tw (close only)
1993-02-04,,,,3571.49,011.idv.tw (close only)
1993-02-05,,,,3621.46,011.idv.tw (close only)
1993-02-06,,,,3645.41,011.idv.tw (close only)
1993-02-08,,,,3648.75,011.idv.tw (close only)
1993-02-09,,,,3637.03,011.idv.tw (close only)
1993-02-10,,,,3578.10,011.idv.tw (close only)
1993-02-11,,,,3621.43,011.idv.tw (close only)
1993-02-12,,,,3775.19,011.idv.tw (close only)
1993-02-13,,,,3863.45,011.idv.tw (close only)
1993-02-15,,,,3876.76,011.idv.tw (close only)
1993-02-16,,,,3874.73,011.idv.tw (close only)
1993-02-17,,,,4001.16,011.idv.tw (close only)
1993-02-18,,,,3961.50,011.idv.tw (close only)
1993-02-19,,,,3912.67,011.idv.tw (close only)
1993-02-20,,,,4055.65,011.idv.tw (close only)
1993-02-22,,,,4098.44,011.idv.tw (close only)
1993-02-23,,,,4071.49,011.idv.tw (close only)
1993-02-24,,,,4049.50,011.idv.tw (close only)
1993-02-25,,,,4156.88,011.idv.tw (close only)
1993-02-26,,,,4278.63,011.idv.tw (close only)
1993-02-27,,,,4384.67,011.idv.tw (close only)
1993-03-01,,,,4517.59,011.idv.tw (close only)
1993-03-02,,,,4344.99,011.idv.tw (close only)
1993-03-03,,,,4582.61,011.idv.tw (close only)
1993-03-04,,,,4737.32,011.idv.tw (close only)
1993-03-05,,,,4731.85,011.idv.tw (close only)
1993-03-06,,,,4723.65,011.idv.tw (close only)
1993-03-08,,,,4601.58,011.idv.tw (close only)
1993-03-09,,,,4474.47,011.idv.tw (close only)
1993-03-10,,,,4474.40,011.idv.tw (close only)
1993-03-11,,,,4619.38,011.idv.tw (close only)
1993-03-12,,,,4564.53,011.idv.tw (close only)
1993-03-13,,,,4413.84,011.idv.tw (close only)
1993-03-15,,,,4507.00,011.idv.tw (close only)
1993-03-16,,,,4489.99,011.idv.tw (close only)
1993-03-17,,,,4511.62,011.idv.tw (close only)
1993-03-18,,,,4664.46,011.idv.tw (close only)
1993-03-19,,,,4589.92,011.idv.tw (close only)
1993-03-20,,,,4573.58,011.idv.tw (close only)
1993-03-22,,,,4674.28,011.idv.tw (close only)
1993-03-23,,,,4647.23,011.idv.tw (close only)
1993-03-24,,,,4654.68,011.idv.tw (close only)
1993-03-25,,,,4652.68,011.idv.tw (close only)
1993-03-26,,,,4602.71,011.idv.tw (close only)
1993-03-27,,,,4606.65,011.idv.tw (close only)
1993-03-30,,,,4750.70,011.idv.tw (close only)
1993-03-31,,,,4825.29,011.idv.tw (close only)
1993-04-01,,,,4795.17,011.idv.tw (close only)
1993-04-02,,,,4948.62,011.idv.tw (close only)
1993-04-03,,,,4982.61,011.idv.tw (close only)
1993-04-07,,,,5013.28,011.idv.tw (close only)
1993-04-08,,,,4925.15,011.idv.tw (close only)
1993-04-09,,,,4847.13,011.idv.tw (close only)
1993-04-10,,,,4698.86,011.idv.tw (close only)
1993-04-12,,,,4682.27,011.idv.tw (close only)
1993-04-13,,,,4597.66,011.idv.tw (close only)
1993-04-14,,,,4575.85,011.idv.tw (close only)
1993-04-15,,,,4695.49,011.idv.tw (close only)
1993-04-16,,,,4534.19,011.idv.tw (close only)
1993-04-17,,,,4491.08,011.idv.tw (close only)
1993-04-19,,,,4577.48,011.idv.tw (close only)
1993-04-20,,,,4448.43,011.idv.tw (close only)
1993-04-21,,,,4482.63,011.idv.tw (close only)
1993-04-22,,,,4631.69,011.idv.tw (close only)
1993-04-23,,,,4569.25,011.idv.tw (close only)
1993-04-24,,,,4562.31,011.idv.tw (close only)
1993-04-26,,,,4547.78,011.idv.tw (close only)
1993-04-27,,,,4506.11,011.idv.tw (close only)
1993-04-28,,,,4527.07,011.idv.tw (close only)
1993-04-29,,,,4527.47,011.idv.tw (close only)
1993-04-30,,,,4563.52,011.idv.tw (close only)
1993-05-01,,,,4501.00,011.idv.tw (close only)
1993-05-03,,,,4473.80,011.idv.tw (close only)
1993-05-04,,,,4448.18,011.idv.tw (close only)
1993-05-05,,,,4449.32,011.idv.tw (close only)
1993-05-06,,,,4492.48,011.idv.tw (close only)
1993-05-07,,,,4573.42,011.idv.tw (close only)
1993-05-08,,,,4678.14,011.idv.tw (close only)
1993-05-10,,,,4687.12,011.idv.tw (close only)
1993-05-11,,,,4678.51,011.idv.tw (close only)
1993-05-12,,,,4718.23,011.idv.tw (close only)
1993-05-13,,,,4664.58,011.idv.tw (close only)
1993-05-14,,,,4575.80,011.idv.tw (close only)
1993-05-15,,,,4565.53,011.idv.tw (close only)
1993-05-17,,,,4460.11,011.idv.tw (close only)
1993-05-18,,,,4495.39,011.idv.tw (close only)
1993-05-19,,,,4446.54,011.idv.tw (close only)
1993-05-20,,,,4346.63,011.idv.tw (close only)
1993-05-21,,,,4300.25,011.idv.tw (close only)
1993-05-22,,,,4295.43,011.idv.tw (close only)
1993-05-24,,,,4258.92,011.idv.tw (close only)
1993-05-25,,,,4227.05,011.idv.tw (close only)
1993-05-26,,,,4245.28,011.idv.tw (close only)
1993-05-27,,,,4209.95,011.idv.tw (close only)
1993-05-28,,,,4356.10,011.idv.tw (close only)
1993-05-29,,,,4295.37,011.idv.tw (close only)
1993-05-31,,,,4267.90,011.idv.tw (close only)
1993-06-01,,,,4316.43,011.idv.tw (close only)
1993-06-02,,,,4302.24,011.idv.tw (close only)
1993-06-03,,,,4342.73,011.idv.tw (close only)
1993-06-04,,,,4391.50,011.idv.tw (close only)
1993-06-05,,,,4368.23,011.idv.tw (close only)
1993-06-07,,,,4317.00,011.idv.tw (close only)
1993-06-08,,,,4277.42,011.idv.tw (close only)
1993-06-09,,,,4269.72,011.idv.tw (close only)
1993-06-10,,,,4223.01,011.idv.tw (close only)
1993-06-11,,,,4219.14,011.idv.tw (close only)
1993-06-12,,,,4221.07,011.idv.tw (close only)
1993-06-14,,,,4177.20,011.idv.tw (close only)
1993-06-15,,,,4198.30,011.idv.tw (close only)
1993-06-16,,,,4188.90,011.idv.tw (close only)
1993-06-17,,,,4129.85,011.idv.tw (close only)
1993-06-18,,,,4150.26,011.idv.tw (close only)
1993-06-19,,,,4114.90,011.idv.tw (close only)
1993-06-21,,,,4074.37,011.idv.tw (close only)
1993-06-22,,,,4062.49,011.idv.tw (close only)
1993-06-23,,,,4132.17,011.idv.tw (close only)
1993-06-25,,,,4182.28,011.idv.tw (close only)
1993-06-26,,,,4143.29,011.idv.tw (close only)
1993-06-28,,,,4044.46,011.idv.tw (close only)
1993-06-29,,,,4067.83,011.idv.tw (close only)
1993-06-30,,,,3995.51,011.idv.tw (close only)
1993-07-02,,,,3921.85,011.idv.tw (close only)
1993-07-03,,,,3917.24,011.idv.tw (close only)
1993-07-05,,,,3907.33,011.idv.tw (close only)
1993-07-06,,,,4047.42,011.idv.tw (close only)
1993-07-07,,,,4020.38,011.idv.tw (close only)
1993-07-08,,,,4017.59,011.idv.tw (close only)
1993-07-09,,,,4068.47,011.idv.tw (close only)
1993-07-10,,,,4079.59,011.idv.tw (close only)
1993-07-12,,,,4078.71,011.idv.tw (close only)
1993-07-13,,,,4013.18,011.idv.tw (close only)
1993-07-14,,,,4022.47,011.idv.tw (close only)
1993-07-15,,,,3969.17,011.idv.tw (close only)
1993-07-16,,,,3914.04,011.idv.tw (close only)
1993-07-17,,,,3910.49,011.idv.tw (close only)
1993-07-19,,,,3917.81,011.idv.tw (close only)
1993-07-20,,,,3907.84,011.idv.tw (close only)
1993-07-21,,,,3906.97,011.idv.tw (close only)
1993-07-22,,,,3932.15,011.idv.tw (close only)
1993-07-23,,,,4027.58,011.idv.tw (close only)
1993-07-24,,,,4030.42,011.idv.tw (close only)
1993-07-26,,,,4083.87,011.idv.tw (close only)
1993-07-27,,,,4070.44,011.idv.tw (close only)
1993-07-28,,,,4019.63,011.idv.tw (close only)
1993-07-29,,,,4022.62,011.idv.tw (close only)
1993-07-30,,,,3994.20,011.idv.tw (close only)
1993-07-31,,,,3960.38,011.idv.tw (close only)
1993-08-02,,,,3946.56,011.idv.tw (close only)
1993-08-03,,,,3949.29,011.idv.tw (close only)
1993-08-04,,,,4046.21,011.idv.tw (close only)
1993-08-05,,,,4055.52,011.idv.tw (close only)
1993-08-06,,,,4025.93,011.idv.tw (close only)
1993-08-07,,,,4026.64,011.idv.tw (close only)
1993-08-09,,,,4092.73,011.idv.tw (close only)
1993-08-10,,,,4093.31,011.idv.tw (close only)
1993-08-11,,,,4115.04,011.idv.tw (close only)
1993-08-12,,,,4140.75,011.idv.tw (close only)
1993-08-13,,,,4122.12,011.idv.tw (close only)
1993-08-14,,,,4121.54,011.idv.tw (close only)
1993-08-16,,,,4118.60,011.idv.tw (close only)
1993-08-17,,,,4122.16,011.idv.tw (close only)
1993-08-18,,,,4104.75,011.idv.tw (close only)
1993-08-19,,,,4093.41,011.idv.tw (close only)
1993-08-20,,,,4045.61,011.idv.tw (close only)
1993-08-21,,,,4020.35,011.idv.tw (close only)
1993-08-23,,,,4006.57,011.idv.tw (close only)
1993-08-24,,,,3977.37,011.idv.tw (close only)
1993-08-25,,,,3976.69,011.idv.tw (close only)
1993-08-26,,,,3984.67,011.idv.tw (close only)
1993-08-27,,,,3919.96,011.idv.tw (close only)
1993-08-28,,,,3927.75,011.idv.tw (close only)
1993-08-30,,,,3923.45,011.idv.tw (close only)
1993-08-31,,,,3892.04,011.idv.tw (close only)
1993-09-01,,,,3859.09,011.idv.tw (close only)
1993-09-02,,,,3862.70,011.idv.tw (close only)
1993-09-03,,,,3817.12,011.idv.tw (close only)
1993-09-04,,,,3856.30,011.idv.tw (close only)
1993-09-06,,,,3815.54,011.idv.tw (close only)
1993-09-07,,,,3874.03,011.idv.tw (close only)
1993-09-08,,,,3865.19,011.idv.tw (close only)
1993-09-09,,,,3841.32,011.idv.tw (close only)
1993-09-10,,,,3873.06,011.idv.tw (close only)
1993-09-11,,,,3874.85,011.idv.tw (close only)
1993-09-13,,,,3841.29,011.idv.tw (close only)
1993-09-14,,,,3826.50,011.idv.tw (close only)
1993-09-15,,,,3782.10,011.idv.tw (close only)
1993-09-16,,,,3765.01,011.idv.tw (close only)
1993-09-17,,,,3941.49,011.idv.tw (close only)
1993-09-18,,,,3953.40,011.idv.tw (close only)
1993-09-20,,,,3927.81,011.idv.tw (close only)
1993-09-21,,,,3904.38,011.idv.tw (close only)
1993-09-22,,,,3888.74,011.idv.tw (close only)
1993-09-23,,,,3879.99,011.idv.tw (close only)
1993-09-24,,,,3881.72,011.idv.tw (close only)
1993-09-25,,,,3877.45,011.idv.tw (close only)
1993-09-27,,,,3848.46,011.idv.tw (close only)
1993-09-29,,,,3832.69,011.idv.tw (close only)
1993-10-01,,,,3806.40,011.idv.tw (close only)
1993-10-02,,,,3809.86,011.idv.tw (close only)
1993-10-04,,,,3808.24,011.idv.tw (close only)
1993-10-05,,,,3813.26,011.idv.tw (close only)
1993-10-06,,,,3814.62,011.idv.tw (close only)
1993-10-07,,,,3894.94,011.idv.tw (close only)
1993-10-08,,,,3863.19,011.idv.tw (close only)
1993-10-09,,,,3885.66,011.idv.tw (close only)
1993-10-12,,,,3942.25,011.idv.tw (close only)
1993-10-13,,,,3994.51,011.idv.tw (close only)
1993-10-14,,,,4014.87,011.idv.tw (close only)
1993-10-15,,,,4025.27,011.idv.tw (close only)
1993-10-16,,,,4031.16,011.idv.tw (close only)
1993-10-18,,,,4061.47,011.idv.tw (close only)
1993-10-19,,,,3970.18,011.idv.tw (close only)
1993-10-20,,,,3958.32,011.idv.tw (close only)
1993-10-21,,,,3967.10,011.idv.tw (close only)
1993-10-22,,,,4052.38,011.idv.tw (close only)
1993-10-23,,,,4100.09,011.idv.tw (close only)
1993-10-26,,,,4091.17,011.idv.tw (close only)
1993-10-27,,,,4103.63,011.idv.tw (close only)
1993-10-28,,,,4065.87,011.idv.tw (close only)
1993-10-29,,,,4086.17,011.idv.tw (close only)
1993-10-30,,,,4131.68,011.idv.tw (close only)
1993-11-02,,,,4227.85,011.idv.tw (close only)
1993-11-03,,,,4283.34,011.idv.tw (close only)
1993-11-04,,,,4260.56,011.idv.tw (close only)
1993-11-05,,,,4246.01,011.idv.tw (close only)
1993-11-06,,,,4221.60,011.idv.tw (close only)
1993-11-08,,,,4195.82,011.idv.tw (close only)
1993-11-09,,,,4172.44,011.idv.tw (close only)
1993-11-10,,,,4191.41,011.idv.tw (close only)
1993-11-11,,,,4271.14,011.idv.tw (close only)
1993-11-15,,,,4329.05,011.idv.tw (close only)
1993-11-16,,,,4301.25,011.idv.tw (close only)
1993-11-17,,,,4306.91,011.idv.tw (close only)
1993-11-18,,,,4316.21,011.idv.tw (close only)
1993-11-19,,,,4226.32,011.idv.tw (close only)
1993-11-20,,,,4247.09,011.idv.tw (close only)
1993-11-22,,,,4216.94,011.idv.tw (close only)
1993-11-23,,,,4234.75,011.idv.tw (close only)
1993-11-24,,,,4189.88,011.idv.tw (close only)
1993-11-25,,,,4198.52,011.idv.tw (close only)
1993-11-26,,,,4163.99,011.idv.tw (close only)
1993-11-29,,,,4384.51,011.idv.tw (close only)
1993-11-30,,,,4353.90,011.idv.tw (close only)
1993-12-01,,,,4468.34,011.idv.tw (close only)
1993-12-02,,,,4579.24,011.idv.tw (close only)
1993-12-03,,,,4581.20,011.idv.tw (close only)
1993-12-04,,,,4608.73,011.idv.tw (close only)
1993-12-06,,,,4708.17,011.idv.tw (close only)
1993-12-07,,,,4683.60,011.idv.tw (close only)
1993-12-08,,,,4692.11,011.idv.tw (close only)
1993-12-09,,,,4680.26,011.idv.tw (close only)
1993-12-10,,,,4644.03,011.idv.tw (close only)
1993-12-11,,,,4751.58,011.idv.tw (close only)
1993-12-13,,,,4929.81,011.idv.tw (close only)
1993-12-14,,,,5102.96,011.idv.tw (close only)
1993-12-15,,,,5161.80,011.idv.tw (close only)
1993-12-16,,,,5331.87,011.idv.tw (close only)
1993-12-17,,,,5274.76,011.idv.tw (close only)
1993-12-18,,,,5202.14,011.idv.tw (close only)
1993-12-20,,,,5204.02,011.idv.tw (close only)
1993-12-21,,,,5245.87,011.idv.tw (close only)
1993-12-22,,,,5474.75,011.idv.tw (close only)
1993-12-23,,,,5257.96,011.idv.tw (close only)
1993-12-24,,,,5320.38,011.idv.tw (close only)
1993-12-27,,,,5491.68,011.idv.tw (close only)
1993-12-28,,,,5501.75,011.idv.tw (close only)
1993-12-29,,,,5538.07,011.idv.tw (close only)
1993-12-30,,,,5813.55,011.idv.tw (close only)
1993-12-31,,,,6070.56,011.idv.tw (close only)
1994-01-05,,,,6416.84,011.idv.tw (close only)
1994-01-06,,,,6454.52,011.idv.tw (close only)
1994-01-07,,,,6200.59,011.idv.tw (close only)
1994-01-08,,,,6375.15,011.idv.tw (close only)
1994-01-10,,,,6343.83,011.idv.tw (close only)
1994-01-11,,,,6240.39,011.idv.tw (close only)
1994-01-12,,,,6215.21,011.idv.tw (close only)
1994-01-13,,,,5851.40,011.idv.tw (close only)
1994-01-14,,,,5743.77,011.idv.tw (close only)
1994-01-15,,,,6067.12,011.idv.tw (close only)
1994-01-17,,,,6054.93,011.idv.tw (close only)
1994-01-18,,,,5876.43,011.idv.tw (close only)
1994-01-19,,,,5910.33,011.idv.tw (close only)
1994-01-20,,,,5809.65,011.idv.tw (close only)
1994-01-21,,,,5944.87,011.idv.tw (close only)
1994-01-22,,,,5970.03,011.idv.tw (close only)
1994-01-24,,,,5957.88,011.idv.tw (close only)
1994-01-25,,,,5835.51,011.idv.tw (close only)
1994-01-26,,,,5845.50,011.idv.tw (close only)
1994-01-27,,,,6022.39,011.idv.tw (close only)
1994-01-28,,,,6016.08,011.idv.tw (close only)
1994-01-31,,,,6115.12,011.idv.tw (close only)
1994-02-01,,,,6176.91,011.idv.tw (close only)
1994-02-02,,,,6259.21,011.idv.tw (close only)
1994-02-03,,,,6362.08,011.idv.tw (close only)
1994-02-04,,,,6256.33,011.idv.tw (close only)
1994-02-05,,,,6294.13,011.idv.tw (close only)
1994-02-14,,,,6015.26,011.idv.tw (close only)
1994-02-15,,,,5985.01,011.idv.tw (close only)
1994-02-16,,,,5862.63,011.idv.tw (close only)
1994-02-17,,,,5905.49,011.idv.tw (close only)
1994-02-18,,,,5845.47,011.idv.tw (close only)
1994-02-19,,,,5813.82,011.idv.tw (close only)
1994-02-21,,,,5783.89,011.idv.tw (close only)
1994-02-22,,,,5733.91,011.idv.tw (close only)
1994-02-23,,,,5769.19,011.idv.tw (close only)
1994-02-24,,,,5670.71,011.idv.tw (close only)
1994-02-25,,,,5666.58,011.idv.tw (close only)
1994-02-26,,,,5590.27,011.idv.tw (close only)
1994-02-28,,,,5414.64,011.idv.tw (close only)
1994-03-01,,,,5452.44,011.idv.tw (close only)
1994-03-02,,,,5429.37,011.idv.tw (close only)
1994-03-03,,,,5457.74,011.idv.tw (close only)
1994-03-04,,,,5672.87,011.idv.tw (close only)
1994-03-05,,,,5671.46,011.idv.tw (close only)
1994-03-07,,,,5647.59,011.idv.tw (close only)
1994-03-08,,,,5456.68,011.idv.tw (close only)
1994-03-09,,,,5466.69,011.idv.tw (close only)
1994-03-10,,,,5366.03,011.idv.tw (close only)
1994-03-11,,,,5327.57,011.idv.tw (close only)
1994-03-12,,,,5273.10,011.idv.tw (close only)
1994-03-14,,,,5333.87,011.idv.tw (close only)
1994-03-15,,,,5274.24,011.idv.tw (close only)
1994-03-16,,,,5331.34,011.idv.tw (close only)
1994-03-17,,,,5397.06,011.idv.tw (close only)
1994-03-18,,,,5274.81,011.idv.tw (close only)
1994-03-19,,,,5194.63,011.idv.tw (close only)
1994-03-21,,,,5220.73,011.idv.tw (close only)
1994-03-22,,,,5261.84,011.idv.tw (close only)
1994-03-23,,,,5331.27,011.idv.tw (close only)
1994-03-24,,,,5326.99,011.idv.tw (close only)
1994-03-25,,,,5352.87,011.idv.tw (close only)
1994-03-26,,,,5332.21,011.idv.tw (close only)
1994-03-28,,,,5331.90,011.idv.tw (close only)
1994-03-30,,,,5320.06,011.idv.tw (close only)
1994-03-31,,,,5249.22,011.idv.tw (close only)
1994-04-01,,,,5308.87,011.idv.tw (close only)
1994-04-02,,,,5420.98,011.idv.tw (close only)
1994-04-06,,,,5481.86,011.idv.tw (close only)
1994-04-07,,,,5475.68,011.idv.tw (close only)
1994-04-08,,,,5528.47,011.idv.tw (close only)
1994-04-09,,,,5565.84,011.idv.tw (close only)
1994-04-11,,,,5488.48,011.idv.tw (close only)
1994-04-12,,,,5475.34,011.idv.tw (close only)
1994-04-13,,,,5453.14,011.idv.tw (close only)
1994-04-14,,,,5461.99,011.idv.tw (close only)
1994-04-15,,,,5592.90,011.idv.tw (close only)
1994-04-16,,,,5585.81,011.idv.tw (close only)
1994-04-18,,,,5690.13,011.idv.tw (close only)
1994-04-19,,,,5675.75,011.idv.tw (close only)
1994-04-20,,,,5692.32,011.idv.tw (close only)
1994-04-21,,,,5741.47,011.idv.tw (close only)
1994-04-22,,,,5837.03,011.idv.tw (close only)
1994-04-23,,,,5837.33,011.idv.tw (close only)
1994-04-25,,,,5918.55,011.idv.tw (close only)
1994-04-26,,,,5851.16,011.idv.tw (close only)
1994-04-27,,,,5882.98,011.idv.tw (close only)
1994-04-28,,,,5887.86,011.idv.tw (close only)
1994-04-29,,,,5729.12,011.idv.tw (close only)
1994-04-30,,,,5737.33,011.idv.tw (close only)
1994-05-02,,,,5777.48,011.idv.tw (close only)
1994-05-03,,,,5800.35,011.idv.tw (close only)
1994-05-04,,,,5907.54,011.idv.tw (close only)
1994-05-05,,,,5916.77,011.idv.tw (close only)
1994-05-06,,,,5953.27,011.idv.tw (close only)
1994-05-07,,,,5981.73,011.idv.tw (close only)
1994-05-09,,,,5996.80,011.idv.tw (close only)
1994-05-10,,,,5937.37,011.idv.tw (close only)
1994-05-11,,,,6024.47,011.idv.tw (close only)
1994-05-12,,,,6004.38,011.idv.tw (close only)
1994-05-13,,,,6061.95,011.idv.tw (close only)
1994-05-14,,,,6092.02,011.idv.tw (close only)
1994-05-16,,,,6114.78,011.idv.tw (close only)
1994-05-17,,,,6015.83,011.idv.tw (close only)
1994-05-18,,,,5983.25,011.idv.tw (close only)
1994-05-19,,,,5944.61,011.idv.tw (close only)
1994-05-20,,,,5905.79,011.idv.tw (close only)
1994-05-21,,,,5831.18,011.idv.tw (close only)
1994-05-23,,,,5817.68,011.idv.tw (close only)
1994-05-24,,,,5769.12,011.idv.tw (close only)
1994-05-25,,,,5775.18,011.idv.tw (close only)
1994-05-26,,,,5852.36,011.idv.tw (close only)
1994-05-27,,,,5806.77,011.idv.tw (close only)
1994-05-28,,,,5871.70,011.idv.tw (close only)
1994-05-30,,,,5934.50,011.idv.tw (close only)
1994-05-31,,,,5891.56,011.idv.tw (close only)
1994-06-01,,,,5961.45,011.idv.tw (close only)
1994-06-02,,,,5956.62,011.idv.tw (close only)
1994-06-03,,,,6023.69,011.idv.tw (close only)
1994-06-04,,,,6039.33,011.idv.tw (close only)
1994-06-06,,,,6077.25,011.idv.tw (close only)
1994-06-07,,,,6069.85,011.idv.tw (close only)
1994-06-08,,,,6098.58,011.idv.tw (close only)
1994-06-09,,,,5942.38,011.idv.tw (close only)
1994-06-10,,,,5994.66,011.idv.tw (close only)
1994-06-11,,,,6073.43,011.idv.tw (close only)
1994-06-14,,,,6098.94,011.idv.tw (close only)
1994-06-15,,,,6115.06,011.idv.tw (close only)
1994-06-16,,,,6149.64,011.idv.tw (close only)
1994-06-17,,,,6159.74,011.idv.tw (close only)
1994-06-20,,,,6038.41,011.idv.tw (close only)
1994-06-21,,,,5948.97,011.idv.tw (close only)
1994-06-22,,,,5957.61,011.idv.tw (close only)
1994-06-23,,,,5871.14,011.idv.tw (close only)
1994-06-24,,,,5939.62,011.idv.tw (close only)
1994-06-25,,,,5903.35,011.idv.tw (close only)
1994-06-27,,,,5866.95,011.idv.tw (close only)
1994-06-28,,,,5874.56,011.idv.tw (close only)
1994-06-29,,,,5933.15,011.idv.tw (close only)
1994-06-30,,,,5932.60,011.idv.tw (close only)
1994-07-02,,,,6005.84,011.idv.tw (close only)
1994-07-04,,,,6067.63,011.idv.tw (close only)
1994-07-05,,,,6064.95,011.idv.tw (close only)
1994-07-06,,,,6115.18,011.idv.tw (close only)
1994-07-07,,,,6095.34,011.idv.tw (close only)
1994-07-08,,,,6191.79,011.idv.tw (close only)
1994-07-09,,,,6185.27,011.idv.tw (close only)
1994-07-11,,,,6313.00,011.idv.tw (close only)
1994-07-12,,,,6331.36,011.idv.tw (close only)
1994-07-13,,,,6318.23,011.idv.tw (close only)
1994-07-14,,,,6304.61,011.idv.tw (close only)
1994-07-15,,,,6407.50,011.idv.tw (close only)
1994-07-18,,,,6533.46,011.idv.tw (close only)
1994-07-19,,,,6526.39,011.idv.tw (close only)
1994-07-20,,,,6474.30,011.idv.tw (close only)
1994-07-21,,,,6577.70,011.idv.tw (close only)
1994-07-22,,,,6496.60,011.idv.tw (close only)
1994-07-23,,,,6556.23,011.idv.tw (close only)
1994-07-25,,,,6688.00,011.idv.tw (close only)
1994-07-26,,,,6727.22,011.idv.tw (close only)
1994-07-27,,,,6661.34,011.idv.tw (close only)
1994-07-28,,,,6642.13,011.idv.tw (close only)
1994-07-29,,,,6749.40,011.idv.tw (close only)
1994-07-30,,,,6720.05,011.idv.tw (close only)
1994-08-01,,,,6839.02,011.idv.tw (close only)
1994-08-02,,,,6879.56,011.idv.tw (close only)
1994-08-03,,,,6723.56,011.idv.tw (close only)
1994-08-04,,,,6789.57,011.idv.tw (close only)
1994-08-05,,,,6919.21,011.idv.tw (close only)
1994-08-06,,,,6940.32,011.idv.tw (close only)
1994-08-09,,,,6944.91,011.idv.tw (close only)
1994-08-10,,,,6838.01,011.idv.tw (close only)
1994-08-11,,,,6692.02,011.idv.tw (close only)
1994-08-12,,,,6628.14,011.idv.tw (close only)
1994-08-13,,,,6563.91,011.idv.tw (close only)
1994-08-15,,,,6543.57,011.idv.tw (close only)
1994-08-16,,,,6583.90,011.idv.tw (close only)
1994-08-17,,,,6645.90,011.idv.tw (close only)
1994-08-18,,,,6586.16,011.idv.tw (close only)
1994-08-19,,,,6766.38,011.idv.tw (close only)
1994-08-20,,,,6805.84,011.idv.tw (close only)
1994-08-22,,,,6838.60,011.idv.tw (close only)
1994-08-23,,,,6798.19,011.idv.tw (close only)
1994-08-24,,,,6862.14,011.idv.tw (close only)
1994-08-25,,,,6858.01,011.idv.tw (close only)
1994-08-26,,,,6881.10,011.idv.tw (close only)
1994-08-27,,,,6953.04,011.idv.tw (close only)
1994-08-29,,,,7040.52,011.idv.tw (close only)
1994-08-30,,,,6980.28,011.idv.tw (close only)
1994-08-31,,,,7008.11,011.idv.tw (close only)
1994-09-01,,,,6974.15,011.idv.tw (close only)
1994-09-02,,,,7010.63,011.idv.tw (close only)
1994-09-03,,,,6951.25,011.idv.tw (close only)
1994-09-05,,,,6866.32,011.idv.tw (close only)
1994-09-06,,,,6830.47,011.idv.tw (close only)
1994-09-07,,,,6895.93,011.idv.tw (close only)
1994-09-08,,,,6928.58,011.idv.tw (close only)
1994-09-09,,,,6987.20,011.idv.tw (close only)
1994-09-10,,,,6999.82,011.idv.tw (close only)
1994-09-12,,,,6967.48,011.idv.tw (close only)
1994-09-13,,,,6955.02,011.idv.tw (close only)
1994-09-14,,,,7025.18,011.idv.tw (close only)
1994-09-15,,,,6989.97,011.idv.tw (close only)
1994-09-16,,,,6981.20,011.idv.tw (close only)
1994-09-17,,,,7048.24,011.idv.tw (close only)
1994-09-21,,,,6999.44,011.idv.tw (close only)
1994-09-22,,,,6889.88,011.idv.tw (close only)
1994-09-23,,,,6930.28,011.idv.tw (close only)
1994-09-24,,,,6922.02,011.idv.tw (close only)
1994-09-26,,,,7025.76,011.idv.tw (close only)
1994-09-27,,,,7029.10,011.idv.tw (close only)
1994-09-29,,,,7101.13,011.idv.tw (close only)
1994-09-30,,,,7091.13,011.idv.tw (close only)
1994-10-01,,,,7135.12,011.idv.tw (close only)
1994-10-03,,,,7183.75,011.idv.tw (close only)
1994-10-04,,,,7179.92,011.idv.tw (close only)
1994-10-05,,,,6944.59,011.idv.tw (close only)
1994-10-06,,,,6653.32,011.idv.tw (close only)
1994-10-07,,,,6620.36,011.idv.tw (close only)
1994-10-08,,,,6214.48,011.idv.tw (close only)
1994-10-11,,,,6124.71,011.idv.tw (close only)
1994-10-12,,,,6495.78,011.idv.tw (close only)
1994-10-13,,,,6626.39,011.idv.tw (close only)
1994-10-14,,,,6567.77,011.idv.tw (close only)
1994-10-15,,,,6695.46,011.idv.tw (close only)
1994-10-17,,,,6731.23,011.idv.tw (close only)
1994-10-18,,,,6755.53,011.idv.tw (close only)
1994-10-19,,,,6669.10,011.idv.tw (close only)
1994-10-20,,,,6761.37,011.idv.tw (close only)
1994-10-21,,,,6839.78,011.idv.tw (close only)
1994-10-22,,,,6770.96,011.idv.tw (close only)
1994-10-24,,,,6742.39,011.idv.tw (close only)
1994-10-26,,,,6685.87,011.idv.tw (close only)
1994-10-27,,,,6594.97,011.idv.tw (close only)
1994-10-28,,,,6604.98,011.idv.tw (close only)
1994-10-29,,,,6526.47,011.idv.tw (close only)
1994-11-01,,,,6201.21,011.idv.tw (close only)
1994-11-02,,,,6342.66,011.idv.tw (close only)
1994-11-03,,,,6306.29,011.idv.tw (close only)
1994-11-04,,,,6369.11,011.idv.tw (close only)
1994-11-05,,,,6372.21,011.idv.tw (close only)
1994-11-07,,,,6320.02,011.idv.tw (close only)
1994-11-08,,,,6348.20,011.idv.tw (close only)
1994-11-09,,,,6449.99,011.idv.tw (close only)
1994-11-10,,,,6444.68,011.idv.tw (close only)
1994-11-11,,,,6482.68,011.idv.tw (close only)
1994-11-14,,,,6393.27,011.idv.tw (close only)
1994-11-15,,,,6381.80,011.idv.tw (close only)
1994-11-16,,,,6346.78,011.idv.tw (close only)
1994-11-17,,,,6297.88,011.idv.tw (close only)
1994-11-18,,,,6350.71,011.idv.tw (close only)
1994-11-19,,,,6449.68,011.idv.tw (close only)
1994-11-21,,,,6404.62,011.idv.tw (close only)
1994-11-22,,,,6345.27,011.idv.tw (close only)
1994-11-23,,,,6371.48,011.idv.tw (close only)
1994-11-24,,,,6340.02,011.idv.tw (close only)
1994-11-25,,,,6421.82,011.idv.tw (close only)
1994-11-26,,,,6439.65,011.idv.tw (close only)
1994-11-28,,,,6384.20,011.idv.tw (close only)
1994-11-29,,,,6388.10,011.idv.tw (close only)
1994-11-30,,,,6363.72,011.idv.tw (close only)
1994-12-01,,,,6444.05,011.idv.tw (close only)
1994-12-02,,,,6479.82,011.idv.tw (close only)
1994-12-05,,,,6750.22,011.idv.tw (close only)
1994-12-06,,,,6709.47,011.idv.tw (close only)
1994-12-07,,,,6777.68,011.idv.tw (close only)
1994-12-08,,,,6775.38,011.idv.tw (close only)
1994-12-09,,,,6763.01,011.idv.tw (close only)
1994-12-10,,,,6722.51,011.idv.tw (close only)
1994-12-12,,,,6722.40,011.idv.tw (close only)
1994-12-13,,,,6697.57,011.idv.tw (close only)
1994-12-14,,,,6681.90,011.idv.tw (close only)
1994-12-15,,,,6823.13,011.idv.tw (close only)
1994-12-16,,,,6811.99,011.idv.tw (close only)
1994-12-17,,,,6937.33,011.idv.tw (close only)
1994-12-19,,,,7055.30,011.idv.tw (close only)
1994-12-20,,,,6925.28,011.idv.tw (close only)
1994-12-21,,,,7010.60,011.idv.tw (close only)
1994-12-22,,,,6965.68,011.idv.tw (close only)
1994-12-23,,,,6857.95,011.idv.tw (close only)
1994-12-24,,,,6994.11,011.idv.tw (close only)
1994-12-27,,,,6982.91,011.idv.tw (close only)
1994-12-28,,,,6947.83,011.idv.tw (close only)
1994-12-29,,,,7027.43,011.idv.tw (close only)
1994-12-30,,,,7111.10,011.idv.tw (close only)
1994-12-31,,,,7124.66,011.idv.tw (close only)
1995-01-05,,,,7051.49,011.idv.tw (close only)
1995-01-06,,,,6919.31,011.idv.tw (close only)
1995-01-07,,,,6915.40,011.idv.tw (close only)
1995-01-09,,,,6869.08,011.idv.tw (close only)
1995-01-10,,,,6756.88,011.idv.tw (close only)
1995-01-11,,,,6777.24,011.idv.tw (close only)
1995-01-12,,,,6609.50,011.idv.tw (close only)
1995-01-13,,,,6582.40,011.idv.tw (close only)
1995-01-14,,,,6511.30,011.idv.tw (close only)
1995-01-16,,,,6536.65,011.idv.tw (close only)
1995-01-17,,,,6515.79,011.idv.tw (close only)
1995-01-18,,,,6623.52,011.idv.tw (close only)
1995-01-19,,,,6598.02,011.idv.tw (close only)
1995-01-20,,,,6372.01,011.idv.tw (close only)
1995-01-21,,,,6431.99,011.idv.tw (close only)
1995-01-23,,,,6295.04,011.idv.tw (close only)
1995-01-24,,,,6167.79,011.idv.tw (close only)
1995-01-25,,,,6299.62,011.idv.tw (close only)
1995-01-26,,,,6307.85,011.idv.tw (close only)
1995-02-04,,,,6328.38,011.idv.tw (close only)
1995-02-06,,,,6417.28,011.idv.tw (close only)
1995-02-07,,,,6531.82,011.idv.tw (close only)
1995-02-08,,,,6526.74,011.idv.tw (close only)
1995-02-09,,,,6543.42,011.idv.tw (close only)
1995-02-10,,,,6554.78,011.idv.tw (close only)
1995-02-11,,,,6565.24,011.idv.tw (close only)
1995-02-13,,,,6498.21,011.idv.tw (close only)
1995-02-14,,,,6504.59,011.idv.tw (close only)
1995-02-15,,,,6576.25,011.idv.tw (close only)
1995-02-16,,,,6646.55,011.idv.tw (close only)
1995-02-17,,,,6646.25,011.idv.tw (close only)
1995-02-18,,,,6650.29,011.idv.tw (close only)
1995-02-20,,,,6612.97,011.idv.tw (close only)
1995-02-21,,,,6633.03,011.idv.tw (close only)
1995-02-22,,,,6603.88,011.idv.tw (close only)
1995-02-23,,,,6552.95,011.idv.tw (close only)
1995-02-24,,,,6596.07,011.idv.tw (close only)
1995-02-25,,,,6591.36,011.idv.tw (close only)
1995-02-27,,,,6388.57,011.idv.tw (close only)
1995-02-28,,,,6509.33,011.idv.tw (close only)
1995-03-01,,,,6337.83,011.idv.tw (close only)
1995-03-02,,,,6450.39,011.idv.tw (close only)
1995-03-03,,,,6516.83,011.idv.tw (close only)
1995-03-04,,,,6530.74,011.idv.tw (close only)
1995-03-06,,,,6474.94,011.idv.tw (close only)
1995-03-07,,,,6480.76,011.idv.tw (close only)
1995-03-08,,,,6426.07,011.idv.tw (close only)
1995-03-09,,,,6388.36,011.idv.tw (close only)
1995-03-10,,,,6453.52,011.idv.tw (close only)
1995-03-11,,,,6480.98,011.idv.tw (close only)
1995-03-13,,,,6503.18,011.idv.tw (close only)
1995-03-14,,,,6480.31,011.idv.tw (close only)
1995-03-15,,,,6555.19,011.idv.tw (close only)
1995-03-16,,,,6564.66,011.idv.tw (close only)
1995-03-17,,,,6594.26,011.idv.tw (close only)
1995-03-18,,,,6587.96,011.idv.tw (close only)
1995-03-20,,,,6541.58,011.idv.tw (close only)
1995-03-21,,,,6524.87,011.idv.tw (close only)
1995-03-22,,,,6479.01,011.idv.tw (close only)
1995-03-23,,,,6441.85,011.idv.tw (close only)
1995-03-24,,,,6433.44,011.idv.tw (close only)
1995-03-25,,,,6401.39,011.idv.tw (close only)
1995-03-27,,,,6470.28,011.idv.tw (close only)
1995-03-28,,,,6464.76,011.idv.tw (close only)
1995-03-30,,,,6514.46,011.idv.tw (close only)
1995-03-31,,,,6524.00,011.idv.tw (close only)
1995-04-01,,,,6573.54,011.idv.tw (close only)
1995-04-06,,,,6575.71,011.idv.tw (close only)
1995-04-07,,,,6518.83,011.idv.tw (close only)
1995-04-08,,,,6552.49,011.idv.tw (close only)
1995-04-10,,,,6528.98,011.idv.tw (close only)
1995-04-11,,,,6497.06,011.idv.tw (close only)
1995-04-12,,,,6462.34,011.idv.tw (close only)
1995-04-13,,,,6417.58,011.idv.tw (close only)
1995-04-14,,,,6356.55,011.idv.tw (close only)
1995-04-15,,,,6247.75,011.idv.tw (close only)
1995-04-17,,,,6112.07,011.idv.tw (close only)
1995-04-18,,,,6106.56,011.idv.tw (close only)
1995-04-19,,,,6109.60,011.idv.tw (close only)
1995-04-20,,,,6136.54,011.idv.tw (close only)
1995-04-21,,,,5943.21,011.idv.tw (close only)
1995-04-22,,,,5987.93,011.idv.tw (close only)
1995-04-24,,,,5963.86,011.idv.tw (close only)
1995-04-25,,,,5803.14,011.idv.tw (close only)
1995-04-26,,,,5735.23,011.idv.tw (close only)
1995-04-27,,,,5898.53,011.idv.tw (close only)
1995-04-28,,,,5825.99,011.idv.tw (close only)
1995-04-29,,,,5803.78,011.idv.tw (close only)
1995-05-01,,,,5789.98,011.idv.tw (close only)
1995-05-02,,,,5771.81,011.idv.tw (close only)
1995-05-03,,,,5779.68,011.idv.tw (close only)
1995-05-04,,,,5699.14,011.idv.tw (close only)
1995-05-05,,,,5574.99,011.idv.tw (close only)
1995-05-06,,,,5642.16,011.idv.tw (close only)
1995-05-08,,,,5674.53,011.idv.tw (close only)
1995-05-09,,,,5775.15,011.idv.tw (close only)
1995-05-10,,,,5765.42,011.idv.tw (close only)
1995-05-11,,,,5776.18,011.idv.tw (close only)
1995-05-12,,,,5740.02,011.idv.tw (close only)
1995-05-13,,,,5844.29,011.idv.tw (close only)
1995-05-15,,,,5828.21,011.idv.tw (close only)
1995-05-16,,,,5799.88,011.idv.tw (close only)
1995-05-17,,,,5771.46,011.idv.tw (close only)
1995-05-18,,,,5758.53,011.idv.tw (close only)
1995-05-19,,,,5757.65,011.idv.tw (close only)
1995-05-20,,,,5730.94,011.idv.tw (close only)
1995-05-22,,,,5705.50,011.idv.tw (close only)
1995-05-23,,,,5705.03,011.idv.tw (close only)
1995-05-24,,,,5645.71,011.idv.tw (close only)
1995-05-25,,,,5618.99,011.idv.tw (close only)
1995-05-26,,,,5561.15,011.idv.tw (close only)
1995-05-27,,,,5524.07,011.idv.tw (close only)
1995-05-29,,,,5597.44,011.idv.tw (close only)
1995-05-30,,,,5647.07,011.idv.tw (close only)
1995-05-31,,,,5674.55,011.idv.tw (close only)
1995-06-01,,,,5714.33,011.idv.tw (close only)
1995-06-05,,,,5671.18,011.idv.tw (close only)
1995-06-06,,,,5678.31,011.idv.tw (close only)
1995-06-07,,,,5681.58,011.idv.tw (close only)
1995-06-08,,,,5641.02,011.idv.tw (close only)
1995-06-09,,,,5609.79,011.idv.tw (close only)
1995-06-10,,,,5641.19,011.idv.tw (close only)
1995-06-12,,,,5620.94,011.idv.tw (close only)
1995-06-13,,,,5513.70,011.idv.tw (close only)
1995-06-14,,,,5413.74,011.idv.tw (close only)
1995-06-15,,,,5360.09,011.idv.tw (close only)
1995-06-16,,,,5443.43,011.idv.tw (close only)
1995-06-17,,,,5341.20,011.idv.tw (close only)
1995-06-19,,,,5249.88,011.idv.tw (close only)
1995-06-20,,,,5317.04,011.idv.tw (close only)
1995-06-21,,,,5238.79,011.idv.tw (close only)
1995-06-22,,,,5361.21,011.idv.tw (close only)
1995-06-23,,,,5490.79,011.idv.tw (close only)
1995-06-24,,,,5629.44,011.idv.tw (close only)
1995-06-26,,,,5646.83,011.idv.tw (close only)
1995-06-27,,,,5593.01,011.idv.tw (close only)
1995-06-28,,,,5495.88,011.idv.tw (close only)
1995-06-29,,,,5444.63,011.idv.tw (close only)
1995-06-30,,,,5444.97,011.idv.tw (close only)
1995-07-03,,,,5312.94,011.idv.tw (close only)
1995-07-04,,,,5320.25,011.idv.tw (close only)
1995-07-05,,,,5482.32,011.idv.tw (close only)
1995-07-06,,,,5478.18,011.idv.tw (close only)
1995-07-07,,,,5598.74,011.idv.tw (close only)
1995-07-08,,,,5591.77,011.idv.tw (close only)
1995-07-10,,,,5569.83,011.idv.tw (close only)
1995-07-11,,,,5594.87,011.idv.tw (close only)
1995-07-12,,,,5624.69,011.idv.tw (close only)
1995-07-13,,,,5593.00,011.idv.tw (close only)
1995-07-14,,,,5549.70,011.idv.tw (close only)
1995-07-15,,,,5505.98,011.idv.tw (close only)
1995-07-17,,,,5429.40,011.idv.tw (close only)
1995-07-18,,,,5416.94,011.idv.tw (close only)
1995-07-19,,,,5187.79,011.idv.tw (close only)
1995-07-20,,,,5047.72,011.idv.tw (close only)
1995-07-21,,,,5058.70,011.idv.tw (close only)
1995-07-22,,,,5116.91,011.idv.tw (close only)
1995-07-24,,,,5134.40,011.idv.tw (close only)
1995-07-25,,,,4994.70,011.idv.tw (close only)
1995-07-26,,,,5001.60,011.idv.tw (close only)
1995-07-27,,,,5279.32,011.idv.tw (close only)
1995-07-28,,,,5297.11,011.idv.tw (close only)
1995-07-29,,,,5218.42,011.idv.tw (close only)
1995-07-31,,,,5180.42,011.idv.tw (close only)
1995-08-01,,,,5199.63,011.idv.tw (close only)
1995-08-02,,,,5042.79,011.idv.tw (close only)
1995-08-03,,,,5051.15,011.idv.tw (close only)
1995-08-04,,,,5071.89,011.idv.tw (close only)
1995-08-05,,,,4823.86,011.idv.tw (close only)
1995-08-07,,,,4919.11,011.idv.tw (close only)
1995-08-08,,,,4917.09,011.idv.tw (close only)
1995-08-09,,,,4729.37,011.idv.tw (close only)
1995-08-10,,,,4769.85,011.idv.tw (close only)
1995-08-11,,,,4551.89,011.idv.tw (close only)
1995-08-12,,,,4648.37,011.idv.tw (close only)
1995-08-14,,,,4503.37,011.idv.tw (close only)
1995-08-15,,,,4591.41,011.idv.tw (close only)
1995-08-16,,,,4792.39,011.idv.tw (close only)
1995-08-17,,,,4825.78,011.idv.tw (close only)
1995-08-18,,,,4830.34,011.idv.tw (close only)
1995-08-19,,,,4742.81,011.idv.tw (close only)
1995-08-21,,,,4773.38,011.idv.tw (close only)
1995-08-22,,,,4807.21,011.idv.tw (close only)
1995-08-23,,,,4753.37,011.idv.tw (close only)
1995-08-24,,,,4654.39,011.idv.tw (close only)
1995-08-25,,,,4670.61,011.idv.tw (close only)
1995-08-26,,,,4650.44,011.idv.tw (close only)
1995-08-28,,,,4730.56,011.idv.tw (close only)
1995-08-29,,,,4768.40,011.idv.tw (close only)
1995-08-30,,,,4832.48,011.idv.tw (close only)
1995-08-31,,,,4809.93,011.idv.tw (close only)
1995-09-01,,,,4785.29,011.idv.tw (close only)
1995-09-02,,,,4860.91,011.idv.tw (close only)
1995-09-04,,,,4937.02,011.idv.tw (close only)
1995-09-05,,,,4965.27,011.idv.tw (close only)
1995-09-06,,,,5111.82,011.idv.tw (close only)
1995-09-07,,,,5133.44,011.idv.tw (close only)
1995-09-08,,,,5182.51,011.idv.tw (close only)
1995-09-11,,,,5063.82,011.idv.tw (close only)
1995-09-12,,,,5067.75,011.idv.tw (close only)
1995-09-13,,,,4986.99,011.idv.tw (close only)
1995-09-14,,,,4956.02,011.idv.tw (close only)
1995-09-15,,,,4995.53,011.idv.tw (close only)
1995-09-16,,,,4962.54,011.idv.tw (close only)
1995-09-18,,,,5040.15,011.idv.tw (close only)
1995-09-19,,,,5045.25,011.idv.tw (close only)
1995-09-20,,,,4994.39,011.idv.tw (close only)
1995-09-21,,,,4980.03,011.idv.tw (close only)
1995-09-23,,,,4991.57,011.idv.tw (close only)
1995-09-25,,,,5160.16,011.idv.tw (close only)
1995-09-26,,,,5094.42,011.idv.tw (close only)
1995-09-27,,,,5078.42,011.idv.tw (close only)
1995-09-29,,,,5013.43,011.idv.tw (close only)
1995-09-30,,,,5033.06,011.idv.tw (close only)
1995-10-02,,,,5045.62,011.idv.tw (close only)
1995-10-03,,,,5035.79,011.idv.tw (close only)
1995-10-04,,,,5086.45,011.idv.tw (close only)
1995-10-05,,,,5100.47,011.idv.tw (close only)
1995-10-06,,,,5213.73,011.idv.tw (close only)
1995-10-07,,,,5207.12,011.idv.tw (close only)
1995-10-09,,,,5260.78,011.idv.tw (close only)
1995-10-11,,,,5165.36,011.idv.tw (close only)
1995-10-12,,,,5108.93,011.idv.tw (close only)
1995-10-13,,,,5115.82,011.idv.tw (close only)
1995-10-14,,,,5015.61,011.idv.tw (close only)
1995-10-16,,,,5038.98,011.idv.tw (close only)
1995-10-17,,,,5081.00,011.idv.tw (close only)
1995-10-18,,,,5033.07,011.idv.tw (close only)
1995-10-19,,,,4941.42,011.idv.tw (close only)
1995-10-20,,,,4953.56,011.idv.tw (close only)
1995-10-21,,,,4937.98,011.idv.tw (close only)
1995-10-23,,,,4975.44,011.idv.tw (close only)
1995-10-24,,,,4995.79,011.idv.tw (close only)
1995-10-26,,,,4990.57,011.idv.tw (close only)
1995-10-27,,,,4936.77,011.idv.tw (close only)
1995-10-28,,,,4897.45,011.idv.tw (close only)
1995-10-30,,,,4817.04,011.idv.tw (close only)
1995-11-01,,,,4801.66,011.idv.tw (close only)
1995-11-02,,,,4826.64,011.idv.tw (close only)
1995-11-03,,,,4819.99,011.idv.tw (close only)
1995-11-04,,,,4814.35,011.idv.tw (close only)
1995-11-06,,,,4862.59,011.idv.tw (close only)
1995-11-07,,,,4825.19,011.idv.tw (close only)
1995-11-08,,,,4773.70,011.idv.tw (close only)
1995-11-09,,,,4717.48,011.idv.tw (close only)
1995-11-10,,,,4694.96,011.idv.tw (close only)
1995-11-11,,,,4718.60,011.idv.tw (close only)
1995-11-14,,,,4630.97,011.idv.tw (close only)
1995-11-15,,,,4608.70,011.idv.tw (close only)
1995-11-16,,,,4639.28,011.idv.tw (close only)
1995-11-17,,,,4566.08,011.idv.tw (close only)
1995-11-18,,,,4583.49,011.idv.tw (close only)
1995-11-20,,,,4565.72,011.idv.tw (close only)
1995-11-21,,,,4621.67,011.idv.tw (close only)
1995-11-22,,,,4629.27,011.idv.tw (close only)
1995-11-23,,,,4574.83,011.idv.tw (close only)
1995-11-24,,,,4586.75,011.idv.tw (close only)
1995-11-25,,,,4663.81,011.idv.tw (close only)
1995-11-27,,,,4769.04,011.idv.tw (close only)
1995-11-28,,,,4766.69,011.idv.tw (close only)
1995-11-29,,,,4700.88,011.idv.tw (close only)
1995-11-30,,,,4777.20,011.idv.tw (close only)
1995-12-01,,,,4809.94,011.idv.tw (close only)
1995-12-04,,,,4745.89,011.idv.tw (close only)
1995-12-05,,,,4772.97,011.idv.tw (close only)
1995-12-06,,,,4722.93,011.idv.tw (close only)
1995-12-07,,,,4748.64,011.idv.tw (close only)
1995-12-08,,,,4836.04,011.idv.tw (close only)
1995-12-09,,,,4884.92,011.idv.tw (close only)
1995-12-11,,,,4958.13,011.idv.tw (close only)
1995-12-12,,,,4959.40,011.idv.tw (close only)
1995-12-13,,,,5018.01,011.idv.tw (close only)
1995-12-14,,,,5064.99,011.idv.tw (close only)
1995-12-15,,,,5053.90,011.idv.tw (close only)
1995-12-16,,,,5029.61,011.idv.tw (close only)
1995-12-18,,,,5112.92,011.idv.tw (close only)
1995-12-19,,,,5082.17,011.idv.tw (close only)
1995-12-20,,,,4964.84,011.idv.tw (close only)
1995-12-21,,,,5093.85,011.idv.tw (close only)
1995-12-22,,,,5091.94,011.idv.tw (close only)
1995-12-23,,,,5163.28,011.idv.tw (close only)
1995-12-26,,,,5105.37,011.idv.tw (close only)
1995-12-27,,,,5071.55,011.idv.tw (close only)
1995-12-28,,,,5108.18,011.idv.tw (close only)
1995-12-29,,,,5158.65,011.idv.tw (close only)
1995-12-30,,,,5173.73,011.idv.tw (close only)
1996-01-04,,,,5146.04,011.idv.tw (close only)
1996-01-05,,,,4799.30,011.idv.tw (close only)
1996-01-06,,,,4847.21,011.idv.tw (close only)
1996-01-08,,,,4934.86,011.idv.tw (close only)
1996-01-09,,,,4911.99,011.idv.tw (close only)
1996-01-10,,,,4862.35,011.idv.tw (close only)
1996-01-11,,,,4942.62,011.idv.tw (close only)
1996-01-12,,,,4962.80,011.idv.tw (close only)
1996-01-13,,,,5025.30,011.idv.tw (close only)
1996-01-15,,,,5027.01,011.idv.tw (close only)
1996-01-16,,,,5015.36,011.idv.tw (close only)
1996-01-17,,,,5017.48,011.idv.tw (close only)
1996-01-18,,,,5028.20,011.idv.tw (close only)
1996-01-19,,,,5016.76,011.idv.tw (close only)
1996-01-20,,,,5037.25,011.idv.tw (close only)
1996-01-22,,,,5039.00,011.idv.tw (close only)
1996-01-23,,,,5008.25,011.idv.tw (close only)
1996-01-24,,,,5013.72,011.idv.tw (close only)
1996-01-25,,,,4940.07,011.idv.tw (close only)
1996-01-26,,,,4935.09,011.idv.tw (close only)
1996-01-27,,,,4861.53,011.idv.tw (close only)
1996-01-29,,,,4692.30,011.idv.tw (close only)
1996-01-30,,,,4803.80,011.idv.tw (close only)
1996-01-31,,,,4763.40,011.idv.tw (close only)
1996-02-01,,,,4775.28,011.idv.tw (close only)
1996-02-02,,,,4791.32,011.idv.tw (close only)
1996-02-03,,,,4790.08,011.idv.tw (close only)
1996-02-05,,,,4759.25,011.idv.tw (close only)
1996-02-06,,,,4690.22,011.idv.tw (close only)
1996-02-07,,,,4758.83,011.idv.tw (close only)
1996-02-08,,,,4741.46,011.idv.tw (close only)
1996-02-09,,,,4764.95,011.idv.tw (close only)
1996-02-10,,,,4776.03,011.idv.tw (close only)
1996-02-12,,,,4866.81,011.idv.tw (close only)
1996-02-13,,,,4857.27,011.idv.tw (close only)
1996-02-14,,,,4836.39,011.idv.tw (close only)
1996-02-15,,,,4809.02,011.idv.tw (close only)
1996-02-23,,,,4865.00,011.idv.tw (close only)
1996-02-24,,,,4837.63,011.idv.tw (close only)
1996-02-26,,,,4775.86,011.idv.tw (close only)
1996-02-27,,,,4769.64,011.idv.tw (close only)
1996-02-28,,,,4751.19,011.idv.tw (close only)
1996-02-29,,,,4797.67,011.idv.tw (close only)
1996-03-01,,,,4877.38,011.idv.tw (close only)
1996-03-02,,,,4854.90,011.idv.tw (close only)
1996-03-04,,,,4855.23,011.idv.tw (close only)
1996-03-05,,,,4792.74,011.idv.tw (close only)
1996-03-06,,,,4725.81,011.idv.tw (close only)
1996-03-07,,,,4750.74,011.idv.tw (close only)
1996-03-08,,,,4805.09,011.idv.tw (close only)
1996-03-09,,,,4809.51,011.idv.tw (close only)
1996-03-11,,,,4711.43,011.idv.tw (close only)
1996-03-12,,,,4692.40,011.idv.tw (close only)
1996-03-13,,,,4751.08,011.idv.tw (close only)
1996-03-14,,,,4851.65,011.idv.tw (close only)
1996-03-15,,,,4936.31,011.idv.tw (close only)
1996-03-16,,,,4940.85,011.idv.tw (close only)
1996-03-18,,,,4941.42,011.idv.tw (close only)
1996-03-19,,,,4950.32,011.idv.tw (close only)
1996-03-20,,,,5040.52,011.idv.tw (close only)
1996-03-21,,,,5042.28,011.idv.tw (close only)
1996-03-22,,,,5066.55,011.idv.tw (close only)
1996-03-25,,,,5067.51,011.idv.tw (close only)
1996-03-26,,,,5092.92,011.idv.tw (close only)
1996-03-27,,,,5043.11,011.idv.tw (close only)
1996-03-28,,,,5032.35,011.idv.tw (close only)
1996-04-01,,,,5127.49,011.idv.tw (close only)
1996-04-02,,,,5175.75,011.idv.tw (close only)
1996-04-05,,,,5377.19,011.idv.tw (close only)
1996-04-06,,,,5581.13,011.idv.tw (close only)
1996-04-08,,,,5599.80,011.idv.tw (close only)
1996-04-09,,,,5589.72,011.idv.tw (close only)
1996-04-10,,,,5768.03,011.idv.tw (close only)
1996-04-11,,,,5712.50,011.idv.tw (close only)
1996-04-12,,,,5945.06,011.idv.tw (close only)
1996-04-13,,,,6070.63,011.idv.tw (close only)
1996-04-15,,,,6122.46,011.idv.tw (close only)
1996-04-16,,,,5938.22,011.idv.tw (close only)
1996-04-17,,,,6087.98,011.idv.tw (close only)
1996-04-18,,,,5942.80,011.idv.tw (close only)
1996-04-19,,,,5945.67,011.idv.tw (close only)
1996-04-20,,,,5927.52,011.idv.tw (close only)
1996-04-22,,,,6052.85,011.idv.tw (close only)
1996-04-23,,,,5907.01,011.idv.tw (close only)
1996-04-24,,,,5986.81,011.idv.tw (close only)
1996-04-25,,,,5970.15,011.idv.tw (close only)
1996-04-26,,,,6051.21,011.idv.tw (close only)
1996-04-27,,,,6115.92,011.idv.tw (close only)
1996-04-29,,,,6182.70,011.idv.tw (close only)
1996-04-30,,,,6134.28,011.idv.tw (close only)
1996-05-01,,,,6114.14,011.idv.tw (close only)
1996-05-02,,,,6081.71,011.idv.tw (close only)
1996-05-03,,,,6131.45,011.idv.tw (close only)
1996-05-04,,,,6141.84,011.idv.tw (close only)
1996-05-06,,,,6086.37,011.idv.tw (close only)
1996-05-07,,,,6025.19,011.idv.tw (close only)
1996-05-08,,,,6019.87,011.idv.tw (close only)
1996-05-09,,,,5965.02,011.idv.tw (close only)
1996-05-10,,,,6035.21,011.idv.tw (close only)
1996-05-11,,,,6145.77,011.idv.tw (close only)
1996-05-13,,,,6127.19,011.idv.tw (close only)
1996-05-14,,,,6155.83,011.idv.tw (close only)
1996-05-15,,,,6095.41,011.idv.tw (close only)
1996-05-16,,,,6096.93,011.idv.tw (close only)
1996-05-17,,,,6022.72,011.idv.tw (close only)
1996-05-18,,,,6021.18,011.idv.tw (close only)
1996-05-20,,,,5774.89,011.idv.tw (close only)
1996-05-21,,,,5729.48,011.idv.tw (close only)
1996-05-22,,,,5732.99,011.idv.tw (close only)
1996-05-23,,,,5790.76,011.idv.tw (close only)
1996-05-24,,,,5934.81,011.idv.tw (close only)
1996-05-25,,,,5909.41,011.idv.tw (close only)
1996-05-27,,,,5898.45,011.idv.tw (close only)
1996-05-28,,,,5859.54,011.idv.tw (close only)
1996-05-29,,,,5876.43,011.idv.tw (close only)
1996-05-30,,,,5892.92,011.idv.tw (close only)
1996-05-31,,,,5966.82,011.idv.tw (close only)
1996-06-01,,,,5983.39,011.idv.tw (close only)
1996-06-03,,,,5973.49,011.idv.tw (close only)
1996-06-04,,,,5921.92,011.idv.tw (close only)
1996-06-05,,,,5951.86,011.idv.tw (close only)
1996-06-06,,,,6019.05,011.idv.tw (close only)
1996-06-07,,,,6096.54,011.idv.tw (close only)
1996-06-08,,,,6109.22,011.idv.tw (close only)
1996-06-10,,,,6073.09,011.idv.tw (close only)
1996-06-11,,,,6125.79,011.idv.tw (close only)
1996-06-12,,,,6301.82,011.idv.tw (close only)
1996-06-13,,,,6376.10,011.idv.tw (close only)
1996-06-14,,,,6314.74,011.idv.tw (close only)
1996-06-15,,,,6412.40,011.idv.tw (close only)
1996-06-17,,,,6423.11,011.idv.tw (close only)
1996-06-18,,,,6323.76,011.idv.tw (close only)
1996-06-19,,,,6380.07,011.idv.tw (close only)
1996-06-21,,,,6355.66,011.idv.tw (close only)
1996-06-22,,,,6401.35,011.idv.tw (close only)
1996-06-24,,,,6431.25,011.idv.tw (close only)
1996-06-25,,,,6384.07,011.idv.tw (close only)
1996-06-26,,,,6380.87,011.idv.tw (close only)
1996-06-27,,,,6537.20,011.idv.tw (close only)
1996-06-28,,,,6507.05,011.idv.tw (close only)
1996-06-29,,,,6560.41,011.idv.tw (close only)
1996-07-02,,,,6497.83,011.idv.tw (close only)
1996-07-03,,,,6435.41,011.idv.tw (close only)
1996-07-04,,,,6428.40,011.idv.tw (close only)
1996-07-05,,,,6441.02,011.idv.tw (close only)
1996-07-06,,,,6380.75,011.idv.tw (close only)
1996-07-08,,,,6327.46,011.idv.tw (close only)
1996-07-09,,,,6328.23,011.idv.tw (close only)
1996-07-10,,,,6225.59,011.idv.tw (close only)
1996-07-11,,,,6247.19,011.idv.tw (close only)
1996-07-12,,,,6226.26,011.idv.tw (close only)
1996-07-13,,,,6116.88,011.idv.tw (close only)
1996-07-15,,,,6062.52,011.idv.tw (close only)
1996-07-16,,,,5955.50,011.idv.tw (close only)
1996-07-17,,,,6102.73,011.idv.tw (close only)
1996-07-18,,,,6122.20,011.idv.tw (close only)
1996-07-19,,,,6192.28,011.idv.tw (close only)
1996-07-20,,,,6210.61,011.idv.tw (close only)
1996-07-22,,,,6159.08,011.idv.tw (close only)
1996-07-23,,,,6086.16,011.idv.tw (close only)
1996-07-24,,,,6095.74,011.idv.tw (close only)
1996-07-25,,,,6034.07,011.idv.tw (close only)
1996-07-26,,,,6053.70,011.idv.tw (close only)
1996-07-27,,,,6173.95,011.idv.tw (close only)
1996-07-29,,,,6123.05,011.idv.tw (close only)
1996-07-30,,,,6106.97,011.idv.tw (close only)
1996-08-02,,,,6160.99,011.idv.tw (close only)
1996-08-03,,,,6106.87,011.idv.tw (close only)
1996-08-05,,,,6083.66,011.idv.tw (close only)
1996-08-06,,,,6266.98,011.idv.tw (close only)
1996-08-07,,,,6261.46,011.idv.tw (close only)
1996-08-08,,,,6341.93,011.idv.tw (close only)
1996-08-09,,,,6315.66,011.idv.tw (close only)
1996-08-10,,,,6314.88,011.idv.tw (close only)
1996-08-12,,,,6317.62,011.idv.tw (close only)
1996-08-13,,,,6325.16,011.idv.tw (close only)
1996-08-14,,,,6373.93,011.idv.tw (close only)
1996-08-15,,,,6284.93,011.idv.tw (close only)
1996-08-16,,,,6249.61,011.idv.tw (close only)
1996-08-17,,,,6228.62,011.idv.tw (close only)
1996-08-19,,,,6047.51,011.idv.tw (close only)
1996-08-20,,,,6057.44,011.idv.tw (close only)
1996-08-21,,,,6177.78,011.idv.tw (close only)
1996-08-22,,,,6160.82,011.idv.tw (close only)
1996-08-23,,,,6200.22,011.idv.tw (close only)
1996-08-24,,,,6190.56,011.idv.tw (close only)
1996-08-26,,,,6200.48,011.idv.tw (close only)
1996-08-27,,,,6232.53,011.idv.tw (close only)
1996-08-28,,,,6256.76,011.idv.tw (close only)
1996-08-29,,,,6312.43,011.idv.tw (close only)
1996-08-30,,,,6309.82,011.idv.tw (close only)
1996-08-31,,,,6324.60,011.idv.tw (close only)
1996-09-02,,,,6342.17,011.idv.tw (close only)
1996-09-03,,,,6257.97,011.idv.tw (close only)
1996-09-04,,,,6228.78,011.idv.tw (close only)
1996-09-05,,,,6304.96,011.idv.tw (close only)
1996-09-06,,,,6290.23,011.idv.tw (close only)
1996-09-07,,,,6371.97,011.idv.tw (close only)
1996-09-09,,,,6435.43,011.idv.tw (close only)
1996-09-10,,,,6415.76,011.idv.tw (close only)
1996-09-11,,,,6455.44,011.idv.tw (close only)
1996-09-12,,,,6425.68,011.idv.tw (close only)
1996-09-13,,,,6471.63,011.idv.tw (close only)
1996-09-14,,,,6464.55,011.idv.tw (close only)
1996-09-16,,,,6518.46,011.idv.tw (close only)
1996-09-17,,,,6478.44,011.idv.tw (close only)
1996-09-18,,,,6499.02,011.idv.tw (close only)
1996-09-19,,,,6535.59,011.idv.tw (close only)
1996-09-20,,,,6499.52,011.idv.tw (close only)
1996-09-21,,,,6490.09,011.idv.tw (close only)
1996-09-23,,,,6453.98,011.idv.tw (close only)
1996-09-24,,,,6477.85,011.idv.tw (close only)
1996-09-25,,,,6438.52,011.idv.tw (close only)
1996-09-26,,,,6508.17,011.idv.tw (close only)
1996-09-30,,,,6504.68,011.idv.tw (close only)
1996-10-01,,,,6513.73,011.idv.tw (close only)
1996-10-02,,,,6538.24,011.idv.tw (close only)
1996-10-03,,,,6611.58,011.idv.tw (close only)
1996-10-04,,,,6616.21,011.idv.tw (close only)
1996-10-05,,,,6644.66,011.idv.tw (close only)
1996-10-07,,,,6620.42,011.idv.tw (close only)
1996-10-08,,,,6584.91,011.idv.tw (close only)
1996-10-09,,,,6587.86,011.idv.tw (close only)
1996-10-11,,,,6578.36,011.idv.tw (close only)
1996-10-12,,,,6625.44,011.idv.tw (close only)
1996-10-14,,,,6626.41,011.idv.tw (close only)
1996-10-15,,,,6616.38,011.idv.tw (close only)
1996-10-16,,,,6551.26,011.idv.tw (close only)
1996-10-17,,,,6494.34,011.idv.tw (close only)
1996-10-18,,,,6475.42,011.idv.tw (close only)
1996-10-19,,,,6431.95,011.idv.tw (close only)
1996-10-21,,,,6441.15,011.idv.tw (close only)
1996-10-22,,,,6426.30,011.idv.tw (close only)
1996-10-23,,,,6437.06,011.idv.tw (close only)
1996-10-24,,,,6458.91,011.idv.tw (close only)
1996-10-28,,,,6424.72,011.idv.tw (close only)
1996-10-29,,,,6359.67,011.idv.tw (close only)
1996-10-30,,,,6426.09,011.idv.tw (close only)
1996-11-01,,,,6455.11,011.idv.tw (close only)
1996-11-02,,,,6562.94,011.idv.tw (close only)
1996-11-04,,,,6622.61,011.idv.tw (close only)
1996-11-05,,,,6604.14,011.idv.tw (close only)
1996-11-06,,,,6653.65,011.idv.tw (close only)
1996-11-07,,,,6629.68,011.idv.tw (close only)
1996-11-08,,,,6581.96,011.idv.tw (close only)
1996-11-09,,,,6583.08,011.idv.tw (close only)
1996-11-11,,,,6571.12,011.idv.tw (close only)
1996-11-13,,,,6577.29,011.idv.tw (close only)
1996-11-14,,,,6601.63,011.idv.tw (close only)
1996-11-15,,,,6587.44,011.idv.tw (close only)
1996-11-16,,,,6596.10,011.idv.tw (close only)
1996-11-18,,,,6659.72,011.idv.tw (close only)
1996-11-19,,,,6687.88,011.idv.tw (close only)
1996-11-20,,,,6729.36,011.idv.tw (close only)
1996-11-21,,,,6692.49,011.idv.tw (close only)
1996-11-22,,,,6761.39,011.idv.tw (close only)
1996-11-23,,,,6842.16,011.idv.tw (close only)
1996-11-25,,,,6938.87,011.idv.tw (close only)
1996-11-26,,,,6927.77,011.idv.tw (close only)
1996-11-27,,,,6932.96,011.idv.tw (close only)
1996-11-28,,,,6876.41,011.idv.tw (close only)
1996-11-29,,,,6765.93,011.idv.tw (close only)
1996-11-30,,,,6826.06,011.idv.tw (close only)
1996-12-02,,,,6982.81,011.idv.tw (close only)
1996-12-03,,,,6936.39,011.idv.tw (close only)
1996-12-04,,,,6943.64,011.idv.tw (close only)
1996-12-05,,,,6919.49,011.idv.tw (close only)
1996-12-06,,,,6806.81,011.idv.tw (close only)
1996-12-07,,,,6779.61,011.idv.tw (close only)
1996-12-09,,,,6808.83,011.idv.tw (close only)
1996-12-10,,,,6841.03,011.idv.tw (close only)
1996-12-11,,,,6802.74,011.idv.tw (close only)
1996-12-12,,,,6825.62,011.idv.tw (close only)
1996-12-13,,,,6825.10,011.idv.tw (close only)
1996-12-14,,,,6889.19,011.idv.tw (close only)
1996-12-16,,,,6891.42,011.idv.tw (close only)
1996-12-17,,,,6855.57,011.idv.tw (close only)
1996-12-18,,,,6896.52,011.idv.tw (close only)
1996-12-19,,,,6859.40,011.idv.tw (close only)
1996-12-20,,,,6890.66,011.idv.tw (close only)
1996-12-21,,,,6900.49,011.idv.tw (close only)
1996-12-23,,,,6932.00,011.idv.tw (close only)
1996-12-24,,,,6935.72,011.idv.tw (close only)
1996-12-26,,,,6889.03,011.idv.tw (close only)
1996-12-27,,,,6863.02,011.idv.tw (close only)
1996-12-28,,,,6903.90,011.idv.tw (close only)
1996-12-30,,,,6926.27,011.idv.tw (close only)
1996-12-31,,,,6933.94,011.idv.tw (close only)
1997-01-04,,,,6820.35,011.idv.tw (close only)
1997-01-06,,,,6844.75,011.idv.tw (close only)
1997-01-07,,,,6875.02,011.idv.tw (close only)
1997-01-08,,,,7019.43,011.idv.tw (close only)
1997-01-09,,,,7010.76,011.idv.tw (close only)
1997-01-10,,,,7094.77,011.idv.tw (close only)
1997-01-11,,,,7118.07,011.idv.tw (close only)
1997-01-13,,,,7189.47,011.idv.tw (close only)
1997-01-14,,,,7137.76,011.idv.tw (close only)
1997-01-15,,,,7165.46,011.idv.tw (close only)
1997-01-16,,,,7206.42,011.idv.tw (close only)
1997-01-17,,,,7173.42,011.idv.tw (close only)
1997-01-18,,,,7154.20,011.idv.tw (close only)
1997-01-20,,,,7254.32,011.idv.tw (close only)
1997-01-21,,,,7251.04,011.idv.tw (close only)
1997-01-22,,,,7290.77,011.idv.tw (close only)
1997-01-23,,,,7219.55,011.idv.tw (close only)
1997-01-24,,,,7248.01,011.idv.tw (close only)
1997-01-25,,,,7212.28,011.idv.tw (close only)
1997-01-27,,,,7156.96,011.idv.tw (close only)
1997-01-28,,,,7146.21,011.idv.tw (close only)
1997-01-29,,,,7149.54,011.idv.tw (close only)
1997-01-30,,,,7221.98,011.idv.tw (close only)
1997-01-31,,,,7283.40,011.idv.tw (close only)
1997-02-01,,,,7315.39,011.idv.tw (close only)
1997-02-03,,,,7346.88,011.idv.tw (close only)
1997-02-11,,,,7410.47,011.idv.tw (close only)
1997-02-12,,,,7424.10,011.idv.tw (close only)
1997-02-13,,,,7536.28,011.idv.tw (close only)
1997-02-14,,,,7499.51,011.idv.tw (close only)
1997-02-15,,,,7598.93,011.idv.tw (close only)
1997-02-17,,,,7687.18,011.idv.tw (close only)
1997-02-18,,,,7642.03,011.idv.tw (close only)
1997-02-19,,,,7656.85,011.idv.tw (close only)
1997-02-20,,,,7678.04,011.idv.tw (close only)
1997-02-21,,,,7791.19,011.idv.tw (close only)
1997-02-22,,,,7739.94,011.idv.tw (close only)
1997-02-24,,,,7908.61,011.idv.tw (close only)
1997-02-25,,,,7887.36,011.idv.tw (close only)
1997-02-26,,,,7730.49,011.idv.tw (close only)
1997-02-27,,,,7832.07,011.idv.tw (close only)
1997-02-28,,,,7875.32,011.idv.tw (close only)
1997-03-01,,,,7983.71,011.idv.tw (close only)
1997-03-03,,,,7880.45,011.idv.tw (close only)
1997-03-04,,,,7956.57,011.idv.tw (close only)
1997-03-05,,,,8019.46,011.idv.tw (close only)
1997-03-06,,,,8081.00,011.idv.tw (close only)
1997-03-07,,,,8162.68,011.idv.tw (close only)
1997-03-08,,,,8182.44,011.idv.tw (close only)
1997-03-10,,,,8174.18,011.idv.tw (close only)
1997-03-11,,,,8246.64,011.idv.tw (close only)
1997-03-12,,,,8255.07,011.idv.tw (close only)
1997-03-13,,,,8268.15,011.idv.tw (close only)
1997-03-14,,,,8275.57,011.idv.tw (close only)
1997-03-15,,,,8291.31,011.idv.tw (close only)
1997-03-17,,,,8426.42,011.idv.tw (close only)
1997-03-18,,,,8526.20,011.idv.tw (close only)
1997-03-19,,,,8441.52,011.idv.tw (close only)
1997-03-20,,,,8492.67,011.idv.tw (close only)
1997-03-21,,,,8230.07,011.idv.tw (close only)
1997-03-22,,,,8234.07,011.idv.tw (close only)
1997-03-24,,,,7946.88,011.idv.tw (close only)
1997-03-25,,,,7843.43,011.idv.tw (close only)
1997-03-26,,,,8029.33,011.idv.tw (close only)
1997-03-27,,,,8089.71,011.idv.tw (close only)
1997-03-28,,,,8119.70,011.idv.tw (close only)
1997-03-31,,,,8004.20,011.idv.tw (close only)
1997-04-01,,,,8163.41,011.idv.tw (close only)
1997-04-02,,,,8203.89,011.idv.tw (close only)
1997-04-03,,,,8367.57,011.idv.tw (close only)
1997-04-07,,,,8517.70,011.idv.tw (close only)
1997-04-08,,,,8460.63,011.idv.tw (close only)
1997-04-09,,,,8655.82,011.idv.tw (close only)
1997-04-10,,,,8584.12,011.idv.tw (close only)
1997-04-11,,,,8593.08,011.idv.tw (close only)
1997-04-12,,,,8487.89,011.idv.tw (close only)
1997-04-14,,,,8639.37,011.idv.tw (close only)
1997-04-15,,,,8616.11,011.idv.tw (close only)
1997-04-16,,,,8614.78,011.idv.tw (close only)
1997-04-17,,,,8492.10,011.idv.tw (close only)
1997-04-18,,,,8326.53,011.idv.tw (close only)
1997-04-19,,,,8302.25,011.idv.tw (close only)
1997-04-21,,,,8421.87,011.idv.tw (close only)
1997-04-22,,,,8430.62,011.idv.tw (close only)
1997-04-23,,,,8576.94,011.idv.tw (close only)
1997-04-24,,,,8629.23,011.idv.tw (close only)
1997-04-25,,,,8654.19,011.idv.tw (close only)
1997-04-26,,,,8661.72,011.idv.tw (close only)
1997-04-28,,,,8660.76,011.idv.tw (close only)
1997-04-29,,,,8592.44,011.idv.tw (close only)
1997-04-30,,,,8485.66,011.idv.tw (close only)
1997-05-02,,,,8187.00,011.idv.tw (close only)
1997-05-03,,,,8314.67,011.idv.tw (close only)
1997-05-05,,,,8269.43,011.idv.tw (close only)
1997-05-06,,,,8294.27,011.idv.tw (close only)
1997-05-07,,,,8427.07,011.idv.tw (close only)
1997-05-08,,,,8349.85,011.idv.tw (close only)
1997-05-09,,,,8233.37,011.idv.tw (close only)
1997-05-10,,,,8274.19,011.idv.tw (close only)
1997-05-12,,,,7966.64,011.idv.tw (close only)
1997-05-13,,,,7952.12,011.idv.tw (close only)
1997-05-14,,,,8181.62,011.idv.tw (close only)
1997-05-15,,,,7996.10,011.idv.tw (close only)
1997-05-16,,,,8081.79,011.idv.tw (close only)
1997-05-17,,,,8141.12,011.idv.tw (close only)
1997-05-19,,,,8107.54,011.idv.tw (close only)
1997-05-20,,,,7996.75,011.idv.tw (close only)
1997-05-21,,,,8022.89,011.idv.tw (close only)
1997-05-22,,,,8150.66,011.idv.tw (close only)
1997-05-23,,,,8144.38,011.idv.tw (close only)
1997-05-24,,,,8178.70,011.idv.tw (close only)
1997-05-26,,,,8194.66,011.idv.tw (close only)
1997-05-27,,,,8123.26,011.idv.tw (close only)
1997-05-28,,,,8058.46,011.idv.tw (close only)
1997-05-29,,,,7997.65,011.idv.tw (close only)
1997-05-30,,,,8004.49,011.idv.tw (close only)
1997-05-31,,,,8163.11,011.idv.tw (close only)
1997-06-02,,,,8197.30,011.idv.tw (close only)
1997-06-03,,,,8255.78,011.idv.tw (close only)
1997-06-04,,,,8282.91,011.idv.tw (close only)
1997-06-05,,,,8231.30,011.idv.tw (close only)
1997-06-06,,,,8342.94,011.idv.tw (close only)
1997-06-07,,,,8367.46,011.idv.tw (close only)
1997-06-10,,,,8392.98,011.idv.tw (close only)
1997-06-11,,,,8267.00,011.idv.tw (close only)
1997-06-12,,,,8259.28,011.idv.tw (close only)
1997-06-13,,,,8315.02,011.idv.tw (close only)
1997-06-14,,,,8502.18,011.idv.tw (close only)
1997-06-16,,,,8640.45,011.idv.tw (close only)
1997-06-17,,,,8679.24,011.idv.tw (close only)
1997-06-18,,,,8713.49,011.idv.tw (close only)
1997-06-19,,,,8636.29,011.idv.tw (close only)
1997-06-20,,,,8882.13,011.idv.tw (close only)
1997-06-21,,,,8833.83,011.idv.tw (close only)
1997-06-23,,,,8925.12,011.idv.tw (close only)
1997-06-24,,,,8918.17,011.idv.tw (close only)
1997-06-25,,,,8956.41,011.idv.tw (close only)
1997-06-26,,,,8871.76,011.idv.tw (close only)
1997-06-27,,,,8984.59,011.idv.tw (close only)
1997-06-28,,,,9024.48,011.idv.tw (close only)
1997-06-30,,,,9030.28,011.idv.tw (close only)
1997-07-02,,,,8996.72,011.idv.tw (close only)
1997-07-03,,,,9027.63,011.idv.tw (close only)
1997-07-04,,,,9192.57,011.idv.tw (close only)
1997-07-05,,,,9258.63,011.idv.tw (close only)
1997-07-07,,,,9322.84,011.idv.tw (close only)
1997-07-08,,,,9305.27,011.idv.tw (close only)
1997-07-09,,,,9362.68,011.idv.tw (close only)
1997-07-10,,,,9429.74,011.idv.tw (close only)
1997-07-11,,,,9394.63,011.idv.tw (close only)
1997-07-12,,,,9501.08,011.idv.tw (close only)
1997-07-14,,,,9593.54,011.idv.tw (close only)
1997-07-15,,,,9555.98,011.idv.tw (close only)
1997-07-16,,,,9544.56,011.idv.tw (close only)
1997-07-17,,,,9571.80,011.idv.tw (close only)
1997-07-18,,,,9677.40,011.idv.tw (close only)
1997-07-19,,,,9749.30,011.idv.tw (close only)
1997-07-21,,,,9833.77,011.idv.tw (close only)
1997-07-22,,,,9550.40,011.idv.tw (close only)
1997-07-23,,,,9381.06,011.idv.tw (close only)
1997-07-24,,,,9632.42,011.idv.tw (close only)
1997-07-25,,,,9808.91,011.idv.tw (close only)
1997-07-26,,,,9869.25,011.idv.tw (close only)
1997-07-28,,,,9923.05,011.idv.tw (close only)
1997-07-29,,,,9892.34,011.idv.tw (close only)
1997-07-30,,,,9942.79,011.idv.tw (close only)
1997-07-31,,,,10066.35,011.idv.tw (close only)
1997-08-01,,,,10001.56,011.idv.tw (close only)
1997-08-02,,,,10048.90,011.idv.tw (close only)
1997-08-04,,,,10065.76,011.idv.tw (close only)
1997-08-05,,,,9919.68,011.idv.tw (close only)
1997-08-06,,,,9861.47,011.idv.tw (close only)
1997-08-07,,,,9840.88,011.idv.tw (close only)
1997-08-08,,,,9923.84,011.idv.tw (close only)
1997-08-09,,,,9993.54,011.idv.tw (close only)
1997-08-11,,,,9897.27,011.idv.tw (close only)
1997-08-12,,,,9807.74,011.idv.tw (close only)
1997-08-13,,,,9556.12,011.idv.tw (close only)
1997-08-14,,,,9632.34,011.idv.tw (close only)
1997-08-15,,,,9770.80,011.idv.tw (close only)
1997-08-16,,,,9706.57,011.idv.tw (close only)
1997-08-19,,,,9712.45,011.idv.tw (close only)
1997-08-20,,,,9855.16,011.idv.tw (close only)
1997-08-21,,,,10025.13,011.idv.tw (close only)
1997-08-22,,,,10020.55,011.idv.tw (close only)
1997-08-23,,,,9965.42,011.idv.tw (close only)
1997-08-25,,,,10011.47,011.idv.tw (close only)
1997-08-26,,,,10116.84,011.idv.tw (close only)
1997-08-27,,,,10050.67,011.idv.tw (close only)
1997-08-28,,,,9827.49,011.idv.tw (close only)
1997-08-30,,,,9756.47,011.idv.tw (close only)
1997-09-01,,,,9504.99,011.idv.tw (close only)
1997-09-02,,,,9211.67,011.idv.tw (close only)
1997-09-03,,,,9460.76,011.idv.tw (close only)
1997-09-04,,,,9147.85,011.idv.tw (close only)
1997-09-05,,,,9290.39,011.idv.tw (close only)
1997-09-06,,,,9382.73,011.idv.tw (close only)
1997-09-08,,,,9149.29,011.idv.tw (close only)
1997-09-09,,,,9079.36,011.idv.tw (close only)
1997-09-10,,,,9145.18,011.idv.tw (close only)
1997-09-11,,,,9115.10,011.idv.tw (close only)
1997-09-12,,,,9155.24,011.idv.tw (close only)
1997-09-13,,,,9093.84,011.idv.tw (close only)
1997-09-15,,,,8932.02,011.idv.tw (close only)
1997-09-17,,,,9087.55,011.idv.tw (close only)
1997-09-18,,,,9141.33,011.idv.tw (close only)
1997-09-19,,,,9243.71,011.idv.tw (close only)
1997-09-20,,,,9201.21,011.idv.tw (close only)
1997-09-22,,,,9220.99,011.idv.tw (close only)
1997-09-23,,,,9073.77,011.idv.tw (close only)
1997-09-24,,,,8994.02,011.idv.tw (close only)
1997-09-25,,,,8791.81,011.idv.tw (close only)
1997-09-26,,,,8719.00,011.idv.tw (close only)
1997-09-27,,,,8829.38,011.idv.tw (close only)
1997-09-30,,,,8708.83,011.idv.tw (close only)
1997-10-01,,,,8695.02,011.idv.tw (close only)
1997-10-02,,,,8504.66,011.idv.tw (close only)
1997-10-03,,,,8537.18,011.idv.tw (close only)
1997-10-04,,,,8380.83,011.idv.tw (close only)
1997-10-06,,,,8392.59,011.idv.tw (close only)
1997-10-07,,,,8221.35,011.idv.tw (close only)
1997-10-08,,,,8255.82,011.idv.tw (close only)
1997-10-09,,,,8461.87,011.idv.tw (close only)
1997-10-13,,,,8463.16,011.idv.tw (close only)
1997-10-14,,,,8429.35,011.idv.tw (close only)
1997-10-15,,,,8262.40,011.idv.tw (close only)
1997-10-16,,,,7997.81,011.idv.tw (close only)
1997-10-17,,,,7832.15,011.idv.tw (close only)
1997-10-18,,,,7618.45,011.idv.tw (close only)
1997-10-20,,,,7316.78,011.idv.tw (close only)
1997-10-21,,,,7734.05,011.idv.tw (close only)
1997-10-22,,,,7692.47,011.idv.tw (close only)
1997-10-23,,,,7825.01,011.idv.tw (close only)
1997-10-24,,,,7719.04,011.idv.tw (close only)
1997-10-27,,,,7662.53,011.idv.tw (close only)
1997-10-28,,,,7210.01,011.idv.tw (close only)
1997-10-29,,,,7089.56,011.idv.tw (close only)
1997-10-30,,,,7313.40,011.idv.tw (close only)
1997-11-03,,,,7646.35,011.idv.tw (close only)
1997-11-04,,,,7785.32,011.idv.tw (close only)
1997-11-05,,,,7864.22,011.idv.tw (close only)
1997-11-06,,,,8076.77,011.idv.tw (close only)
1997-11-07,,,,7860.09,011.idv.tw (close only)
1997-11-08,,,,7670.76,011.idv.tw (close only)
1997-11-10,,,,7767.14,011.idv.tw (close only)
1997-11-11,,,,7712.16,011.idv.tw (close only)
1997-11-13,,,,7554.94,011.idv.tw (close only)
1997-11-14,,,,7482.92,011.idv.tw (close only)
1997-11-15,,,,7492.26,011.idv.tw (close only)
1997-11-17,,,,7690.54,011.idv.tw (close only)
1997-11-18,,,,7644.97,011.idv.tw (close only)
1997-11-19,,,,7705.40,011.idv.tw (close only)
1997-11-20,,,,7693.29,011.idv.tw (close only)
1997-11-21,,,,7773.35,011.idv.tw (close only)
1997-11-22,,,,7907.49,011.idv.tw (close only)
1997-11-24,,,,7756.25,011.idv.tw (close only)
1997-11-25,,,,7759.97,011.idv.tw (close only)
1997-11-26,,,,7698.24,011.idv.tw (close only)
1997-11-27,,,,7762.15,011.idv.tw (close only)
1997-11-28,,,,7797.19,011.idv.tw (close only)
1997-12-01,,,,7400.64,011.idv.tw (close only)
1997-12-02,,,,7679.53,011.idv.tw (close only)
1997-12-03,,,,7902.51,011.idv.tw (close only)
1997-12-04,,,,8050.13,011.idv.tw (close only)
1997-12-05,,,,8166.87,011.idv.tw (close only)
1997-12-06,,,,8243.76,011.idv.tw (close only)
1997-12-08,,,,8402.17,011.idv.tw (close only)
1997-12-09,,,,8333.49,011.idv.tw (close only)
1997-12-10,,,,8503.55,011.idv.tw (close only)
1997-12-11,,,,8270.58,011.idv.tw (close only)
1997-12-12,,,,8398.27,011.idv.tw (close only)
1997-12-13,,,,8343.88,011.idv.tw (close only)
1997-12-15,,,,8241.49,011.idv.tw (close only)
1997-12-16,,,,8193.65,011.idv.tw (close only)
1997-12-17,,,,8347.20,011.idv.tw (close only)
1997-12-18,,,,8255.05,011.idv.tw (close only)
1997-12-19,,,,8092.58,011.idv.tw (close only)
1997-12-20,,,,8154.27,011.idv.tw (close only)
1997-12-22,,,,8104.03,011.idv.tw (close only)
1997-12-23,,,,8038.31,011.idv.tw (close only)
1997-12-24,,,,8075.05,011.idv.tw (close only)
1997-12-26,,,,8132.50,011.idv.tw (close only)
1997-12-27,,,,8104.64,011.idv.tw (close only)
1997-12-29,,,,8076.65,011.idv.tw (close only)
1997-12-30,,,,8145.77,011.idv.tw (close only)
1997-12-31,,,,8187.27,011.idv.tw (close only)
1998-01-03,,,,8159.11,011.idv.tw (close only)
1998-01-05,,,,8028.63,011.idv.tw (close only)
1998-01-06,,,,7966.18,011.idv.tw (close only)
1998-01-07,,,,7835.56,011.idv.tw (close only)
1998-01-08,,,,7778.16,011.idv.tw (close only)
1998-01-09,,,,7737.20,011.idv.tw (close only)
1998-01-12,,,,7375.14,011.idv.tw (close only)
1998-01-13,,,,7513.24,011.idv.tw (close only)
1998-01-14,,,,7798.25,011.idv.tw (close only)
1998-01-15,,,,7770.77,011.idv.tw (close only)
1998-01-16,,,,7799.10,011.idv.tw (close only)
1998-01-17,,,,7895.48,011.idv.tw (close only)
1998-01-19,,,,7847.62,011.idv.tw (close only)
1998-01-20,,,,7907.68,011.idv.tw (close only)
1998-01-21,,,,8098.65,011.idv.tw (close only)
1998-01-22,,,,8085.47,011.idv.tw (close only)
1998-02-02,,,,8405.11,011.idv.tw (close only)
1998-02-03,,,,8514.18,011.idv.tw (close only)
1998-02-04,,,,8470.61,011.idv.tw (close only)
1998-02-05,,,,8621.97,011.idv.tw (close only)
1998-02-06,,,,8544.14,011.idv.tw (close only)
1998-02-07,,,,8683.46,011.idv.tw (close only)
1998-02-09,,,,8634.61,011.idv.tw (close only)
1998-02-10,,,,8567.66,011.idv.tw (close only)
1998-02-11,,,,8713.42,011.idv.tw (close only)
1998-02-12,,,,8800.02,011.idv.tw (close only)
1998-02-13,,,,8706.46,011.idv.tw (close only)
1998-02-16,,,,8708.29,011.idv.tw (close only)
1998-02-17,,,,8782.09,011.idv.tw (close only)
1998-02-18,,,,8837.34,011.idv.tw (close only)
1998-02-19,,,,8978.51,011.idv.tw (close only)
1998-02-20,,,,9037.48,011.idv.tw (close only)
1998-02-21,,,,9088.81,011.idv.tw (close only)
1998-02-23,,,,9147.00,011.idv.tw (close only)
1998-02-24,,,,9066.46,011.idv.tw (close only)
1998-02-25,,,,9027.10,011.idv.tw (close only)
1998-02-26,,,,9229.19,011.idv.tw (close only)
1998-02-27,,,,9202.56,011.idv.tw (close only)
1998-03-02,,,,9277.09,011.idv.tw (close only)
1998-03-03,,,,9211.83,011.idv.tw (close only)
1998-03-04,,,,8977.54,011.idv.tw (close only)
1998-03-05,,,,8765.32,011.idv.tw (close only)
1998-03-06,,,,8847.65,011.idv.tw (close only)
1998-03-07,,,,8850.74,011.idv.tw (close only)
1998-03-09,,,,8887.36,011.idv.tw (close only)
1998-03-10,,,,8897.27,011.idv.tw (close only)
1998-03-11,,,,9030.55,011.idv.tw (close only)
1998-03-12,,,,9056.37,011.idv.tw (close only)
1998-03-13,,,,9055.51,011.idv.tw (close only)
1998-03-16,,,,9065.30,011.idv.tw (close only)
1998-03-17,,,,9045.55,011.idv.tw (close only)
1998-03-18,,,,8952.66,011.idv.tw (close only)
1998-03-19,,,,8859.41,011.idv.tw (close only)
1998-03-20,,,,8904.23,011.idv.tw (close only)
1998-03-21,,,,8856.06,011.idv.tw (close only)
1998-03-23,,,,8757.59,011.idv.tw (close only)
1998-03-24,,,,8806.85,011.idv.tw (close only)
1998-03-25,,,,9040.75,011.idv.tw (close only)
1998-03-26,,,,9014.17,011.idv.tw (close only)
1998-03-27,,,,9095.83,011.idv.tw (close only)
1998-03-30,,,,9088.96,011.idv.tw (close only)
1998-03-31,,,,9091.16,011.idv.tw (close only)
1998-04-01,,,,9041.50,011.idv.tw (close only)
1998-04-02,,,,9013.10,011.idv.tw (close only)
1998-04-03,,,,9134.06,011.idv.tw (close only)
1998-04-04,,,,9239.48,011.idv.tw (close only)
1998-04-07,,,,9266.68,011.idv.tw (close only)
1998-04-08,,,,9263.44,011.idv.tw (close only)
1998-04-09,,,,9090.31,011.idv.tw (close only)
1998-04-10,,,,9054.02,011.idv.tw (close only)
1998-04-13,,,,8863.11,011.idv.tw (close only)
1998-04-14,,,,8764.58,011.idv.tw (close only)
1998-04-15,,,,8807.31,011.idv.tw (close only)
1998-04-16,,,,8780.21,011.idv.tw (close only)
1998-04-17,,,,8619.49,011.idv.tw (close only)
1998-04-18,,,,8725.94,011.idv.tw (close only)
1998-04-20,,,,8508.56,011.idv.tw (close only)
1998-04-21,,,,8440.20,011.idv.tw (close only)
1998-04-22,,,,8636.51,011.idv.tw (close only)
1998-04-23,,,,8613.96,011.idv.tw (close only)
1998-04-24,,,,8636.11,011.idv.tw (close only)
1998-04-27,,,,8471.62,011.idv.tw (close only)
1998-04-28,,,,8434.67,011.idv.tw (close only)
1998-04-29,,,,8348.35,011.idv.tw (close only)
1998-04-30,,,,8304.21,011.idv.tw (close only)
1998-05-02,,,,8293.46,011.idv.tw (close only)
1998-05-04,,,,8360.60,011.idv.tw (close only)
1998-05-05,,,,8330.15,011.idv.tw (close only)
1998-05-06,,,,8325.64,011.idv.tw (close only)
1998-05-07,,,,8290.37,011.idv.tw (close only)
1998-05-08,,,,8210.84,011.idv.tw (close only)
1998-05-11,,,,8378.88,011.idv.tw (close only)
1998-05-12,,,,8278.43,011.idv.tw (close only)
1998-05-13,,,,8202.90,011.idv.tw (close only)
1998-05-14,,,,8193.50,011.idv.tw (close only)
1998-05-15,,,,8167.50,011.idv.tw (close only)
1998-05-16,,,,8066.16,011.idv.tw (close only)
1998-05-18,,,,8134.89,011.idv.tw (close only)
1998-05-19,,,,8136.27,011.idv.tw (close only)
1998-05-20,,,,8267.49,011.idv.tw (close only)
1998-05-21,,,,8369.32,011.idv.tw (close only)
1998-05-22,,,,8384.91,011.idv.tw (close only)
1998-05-25,,,,8314.09,011.idv.tw (close only)
1998-05-26,,,,8178.39,011.idv.tw (close only)
1998-05-27,,,,8068.17,011.idv.tw (close only)
1998-05-28,,,,8124.50,011.idv.tw (close only)
1998-05-29,,,,7903.34,011.idv.tw (close only)
1998-06-01,,,,7606.25,011.idv.tw (close only)
1998-06-02,,,,7565.64,011.idv.tw (close only)
1998-06-03,,,,7643.20,011.idv.tw (close only)
1998-06-04,,,,7425.96,011.idv.tw (close only)
1998-06-05,,,,7505.58,011.idv.tw (close only)
1998-06-06,,,,7636.73,011.idv.tw (close only)
1998-06-08,,,,7591.27,011.idv.tw (close only)
1998-06-09,,,,7455.63,011.idv.tw (close only)
1998-06-10,,,,7223.13,011.idv.tw (close only)
1998-06-11,,,,7210.74,011.idv.tw (close only)
1998-06-12,,,,7117.11,011.idv.tw (close only)
1998-06-15,,,,7283.83,011.idv.tw (close only)
1998-06-16,,,,7404.27,011.idv.tw (close only)
1998-06-17,,,,7466.38,011.idv.tw (close only)
1998-06-18,,,,7768.31,011.idv.tw (close only)
1998-06-19,,,,7754.43,011.idv.tw (close only)
1998-06-20,,,,7817.27,011.idv.tw (close only)
1998-06-22,,,,7692.91,011.idv.tw (close only)
1998-06-23,,,,7633.36,011.idv.tw (close only)
1998-06-24,,,,7670.71,011.idv.tw (close only)
1998-06-25,,,,7722.64,011.idv.tw (close only)
1998-06-26,,,,7681.96,011.idv.tw (close only)
1998-06-29,,,,7535.73,011.idv.tw (close only)
1998-06-30,,,,7548.81,011.idv.tw (close only)
1998-07-02,,,,7817.11,011.idv.tw (close only)
1998-07-03,,,,7758.63,011.idv.tw (close only)
1998-07-04,,,,7876.24,011.idv.tw (close only)
1998-07-06,,,,7894.85,011.idv.tw (close only)
1998-07-07,,,,7845.97,011.idv.tw (close only)
1998-07-08,,,,7936.82,011.idv.tw (close only)
1998-07-09,,,,7947.53,011.idv.tw (close only)
1998-07-10,,,,7883.16,011.idv.tw (close only)
1998-07-13,,,,7815.53,011.idv.tw (close only)
1998-07-14,,,,7789.22,011.idv.tw (close only)
1998-07-15,,,,7875.91,011.idv.tw (close only)
1998-07-16,,,,7924.84,011.idv.tw (close only)
1998-07-17,,,,8032.86,011.idv.tw (close only)
1998-07-18,,,,8039.80,011.idv.tw (close only)
1998-07-20,,,,8047.67,011.idv.tw (close only)
1998-07-21,,,,7949.20,011.idv.tw (close only)
1998-07-22,,,,7881.06,011.idv.tw (close only)
1998-07-23,,,,7879.89,011.idv.tw (close only)
1998-07-24,,,,7902.40,011.idv.tw (close only)
1998-07-27,,,,7890.30,011.idv.tw (close only)
1998-07-28,,,,7830.14,011.idv.tw (close only)
1998-07-29,,,,7775.33,011.idv.tw (close only)
1998-07-30,,,,7730.43,011.idv.tw (close only)
1998-07-31,,,,7653.51,011.idv.tw (close only)
1998-08-01,,,,7622.68,011.idv.tw (close only)
1998-08-03,,,,7599.04,011.idv.tw (close only)
1998-08-04,,,,7593.14,011.idv.tw (close only)
1998-08-05,,,,7499.73,011.idv.tw (close only)
1998-08-06,,,,7471.74,011.idv.tw (close only)
1998-08-07,,,,7530.02,011.idv.tw (close only)
1998-08-10,,,,7372.12,011.idv.tw (close only)
1998-08-11,,,,7383.98,011.idv.tw (close only)
1998-08-12,,,,7351.51,011.idv.tw (close only)
1998-08-13,,,,7362.55,011.idv.tw (close only)
1998-08-14,,,,7348.04,011.idv.tw (close only)
1998-08-15,,,,7371.84,011.idv.tw (close only)
1998-08-17,,,,7273.85,011.idv.tw (close only)
1998-08-18,,,,7181.59,011.idv.tw (close only)
1998-08-19,,,,7293.40,011.idv.tw (close only)
1998-08-20,,,,7270.84,011.idv.tw (close only)
1998-08-21,,,,7213.37,011.idv.tw (close only)
1998-08-24,,,,6957.75,011.idv.tw (close only)
1998-08-25,,,,6908.33,011.idv.tw (close only)
1998-08-26,,,,6814.33,011.idv.tw (close only)
1998-08-27,,,,6813.30,011.idv.tw (close only)
1998-08-28,,,,6723.77,011.idv.tw (close only)
1998-08-29,,,,6735.92,011.idv.tw (close only)
1998-08-31,,,,6550.11,011.idv.tw (close only)
1998-09-01,,,,6335.09,011.idv.tw (close only)
1998-09-02,,,,6471.68,011.idv.tw (close only)
1998-09-03,,,,6251.38,011.idv.tw (close only)
1998-09-04,,,,6463.15,011.idv.tw (close only)
1998-09-05,,,,6755.71,011.idv.tw (close only)
1998-09-07,,,,6800.73,011.idv.tw (close only)
1998-09-08,,,,6942.26,011.idv.tw (close only)
1998-09-09,,,,6894.57,011.idv.tw (close only)
1998-09-10,,,,6803.83,011.idv.tw (close only)
1998-09-11,,,,6841.83,011.idv.tw (close only)
1998-09-14,,,,6860.17,011.idv.tw (close only)
1998-09-15,,,,6857.96,011.idv.tw (close only)
1998-09-16,,,,6972.54,011.idv.tw (close only)
1998-09-17,,,,7000.52,011.idv.tw (close only)
1998-09-18,,,,6961.76,011.idv.tw (close only)
1998-09-19,,,,7149.59,011.idv.tw (close only)
1998-09-21,,,,7029.40,011.idv.tw (close only)
1998-09-22,,,,7033.99,011.idv.tw (close only)
1998-09-23,,,,6962.17,011.idv.tw (close only)
1998-09-24,,,,6979.95,011.idv.tw (close only)
1998-09-25,,,,6979.89,011.idv.tw (close only)
1998-09-28,,,,6910.61,011.idv.tw (close only)
1998-09-29,,,,6884.50,011.idv.tw (close only)
1998-09-30,,,,6833.95,011.idv.tw (close only)
1998-10-01,,,,6702.06,011.idv.tw (close only)
1998-10-02,,,,6436.00,011.idv.tw (close only)
1998-10-03,,,,6619.97,011.idv.tw (close only)
1998-10-06,,,,6534.65,011.idv.tw (close only)
1998-10-07,,,,6674.89,011.idv.tw (close only)
1998-10-08,,,,6970.23,011.idv.tw (close only)
1998-10-09,,,,6944.17,011.idv.tw (close only)
1998-10-12,,,,6920.45,011.idv.tw (close only)
1998-10-13,,,,6909.22,011.idv.tw (close only)
1998-10-14,,,,6819.12,011.idv.tw (close only)
1998-10-15,,,,6799.88,011.idv.tw (close only)
1998-10-17,,,,6901.19,011.idv.tw (close only)
1998-10-19,,,,6904.56,011.idv.tw (close only)
1998-10-20,,,,6848.72,011.idv.tw (close only)
1998-10-21,,,,7021.42,011.idv.tw (close only)
1998-10-22,,,,6987.79,011.idv.tw (close only)
1998-10-23,,,,7055.46,011.idv.tw (close only)
1998-10-26,,,,7050.32,011.idv.tw (close only)
1998-10-27,,,,7036.63,011.idv.tw (close only)
1998-10-28,,,,6962.09,011.idv.tw (close only)
1998-10-29,,,,7016.89,011.idv.tw (close only)
1998-10-30,,,,7101.46,011.idv.tw (close only)
1998-10-31,,,,7165.98,011.idv.tw (close only)
1998-11-02,,,,7218.09,011.idv.tw (close only)
1998-11-03,,,,7071.44,011.idv.tw (close only)
1998-11-04,,,,6905.32,011.idv.tw (close only)
1998-11-05,,,,6957.27,011.idv.tw (close only)
1998-11-06,,,,6889.65,011.idv.tw (close only)
1998-11-07,,,,6978.72,011.idv.tw (close only)
1998-11-09,,,,6957.40,011.idv.tw (close only)
1998-11-10,,,,6812.30,011.idv.tw (close only)
1998-11-11,,,,6654.79,011.idv.tw (close only)
1998-11-13,,,,6829.62,011.idv.tw (close only)
1998-11-16,,,,7003.87,011.idv.tw (close only)
1998-11-17,,,,7131.90,011.idv.tw (close only)
1998-11-18,,,,7100.14,011.idv.tw (close only)
1998-11-19,,,,7300.34,011.idv.tw (close only)
1998-11-20,,,,7380.53,011.idv.tw (close only)
1998-11-21,,,,7366.11,011.idv.tw (close only)
1998-11-23,,,,7312.26,011.idv.tw (close only)
1998-11-24,,,,7435.84,011.idv.tw (close only)
1998-11-25,,,,7213.50,011.idv.tw (close only)
1998-11-26,,,,7377.86,011.idv.tw (close only)
1998-11-27,,,,7320.12,011.idv.tw (close only)
1998-11-30,,,,7177.22,011.idv.tw (close only)
1998-12-01,,,,7102.37,011.idv.tw (close only)
1998-12-02,,,,7157.22,011.idv.tw (close only)
1998-12-03,,,,7140.11,011.idv.tw (close only)
1998-12-04,,,,7201.84,011.idv.tw (close only)
1998-12-07,,,,7303.34,011.idv.tw (close only)
1998-12-08,,,,7212.68,011.idv.tw (close only)
1998-12-09,,,,7117.91,011.idv.tw (close only)
1998-12-10,,,,7048.57,011.idv.tw (close only)
1998-12-11,,,,6939.74,011.idv.tw (close only)
1998-12-14,,,,6889.50,011.idv.tw (close only)
1998-12-15,,,,6936.82,011.idv.tw (close only)
1998-12-16,,,,6769.52,011.idv.tw (close only)
1998-12-17,,,,6650.64,011.idv.tw (close only)
1998-12-18,,,,6636.66,011.idv.tw (close only)
1998-12-19,,,,6478.11,011.idv.tw (close only)
1998-12-21,,,,6558.28,011.idv.tw (close only)
1998-12-22,,,,6782.68,011.idv.tw (close only)
1998-12-23,,,,6688.65,011.idv.tw (close only)
1998-12-24,,,,6683.00,011.idv.tw (close only)
1998-12-28,,,,6481.65,011.idv.tw (close only)
1998-12-29,,,,6478.27,011.idv.tw (close only)
1998-12-30,,,,6462.03,011.idv.tw (close only)
1998-12-31,,,,6418.43,011.idv.tw (close only)
1999-01-05,6310.41,6310.41,6111.64,6152.43,TWSE
1999-01-06,6082.02,6280.93,5988.06,6199.91,TWSE
1999-01-07,6280.38,6409.55,6181.62,6404.31,TWSE
1999-01-08,6371.34,6492.87,6371.34,6421.75,TWSE
1999-01-11,6472.02,6492.90,6392.49,6406.99,TWSE
1999-01-12,6429.54,6441.79,6357.11,6363.89,TWSE
1999-01-13,6293.59,6365.60,6292.55,6319.34,TWSE
1999-01-14,6295.99,6295.99,6187.32,6241.32,TWSE
1999-01-15,6190.95,6454.60,6176.09,6454.60,TWSE
1999-01-16,6529.77,6577.92,6483.30,6483.30,TWSE
1999-01-18,6436.17,6477.44,6377.25,6377.25,TWSE
1999-01-19,6358.88,6421.78,6323.89,6343.36,TWSE
1999-01-20,6355.15,6360.75,6292.00,6310.71,TWSE
1999-01-21,6332.68,6424.54,6330.65,6332.20,TWSE
1999-01-22,6303.86,6328.31,6221.24,6228.95,TWSE
1999-01-25,6142.73,6161.80,6018.98,6033.21,TWSE
1999-01-26,6083.57,6115.64,5987.42,6115.64,TWSE
1999-01-27,6161.78,6204.46,6129.40,6138.87,TWSE
1999-01-28,6110.82,6145.77,6059.54,6063.41,TWSE
1999-01-29,6090.44,6090.44,5975.48,5984.00,TWSE
1999-01-30,5949.45,6076.41,5949.45,5998.32,TWSE
1999-02-01,5948.35,5948.35,5862.79,5862.79,TWSE
1999-02-02,5892.93,5892.93,5726.25,5749.64,TWSE
1999-02-03,5658.01,5772.89,5596.58,5743.86,TWSE
1999-02-04,5711.80,5747.47,5511.85,5514.89,TWSE
1999-02-05,5506.55,5625.65,5422.66,5474.79,TWSE
1999-02-06,5572.69,5710.18,5515.67,5710.18,TWSE
1999-02-08,5784.14,5869.15,5757.61,5822.98,TWSE
1999-02-09,5798.92,5798.92,5723.73,5723.73,TWSE
1999-02-10,5669.23,5811.33,5669.23,5798.00,TWSE
1999-02-20,6040.57,6086.76,5977.01,6072.33,TWSE
1999-02-22,6216.01,6343.84,6168.94,6313.63,TWSE
1999-02-23,6383.04,6383.04,6180.94,6180.94,TWSE
1999-02-24,6167.84,6267.12,6158.35,6238.87,TWSE
1999-02-25,6291.89,6362.31,6240.82,6275.53,TWSE
1999-02-26,6256.80,6318.52,6225.94,6318.52,TWSE
1999-03-01,6324.40,6345.93,6276.40,6312.25,TWSE
1999-03-02,6343.30,6343.30,6228.53,6263.54,TWSE
1999-03-03,6262.69,6420.91,6262.69,6403.14,TWSE
1999-03-04,6460.58,6467.51,6385.70,6393.74,TWSE
1999-03-05,6426.21,6457.94,6339.99,6383.09,TWSE
1999-03-06,6478.34,6498.05,6416.82,6421.73,TWSE
1999-03-08,6436.97,6436.97,6388.51,6431.96,TWSE
1999-03-09,6447.41,6530.74,6447.41,6493.43,TWSE
1999-03-10,6482.93,6513.91,6460.65,6486.61,TWSE
1999-03-11,6532.78,6537.35,6436.80,6436.80,TWSE
1999-03-12,6444.75,6469.97,6412.47,6462.73,TWSE
1999-03-15,6478.57,6598.32,6447.95,6598.32,TWSE
1999-03-16,6698.45,6718.99,6616.64,6672.23,TWSE
1999-03-17,6739.82,6805.03,6707.60,6757.07,TWSE
1999-03-18,6834.74,6895.01,6791.91,6895.01,TWSE
1999-03-19,6989.27,7021.96,6915.12,6997.29,TWSE
1999-03-20,7006.66,7050.28,6957.83,6993.38,TWSE
1999-03-22,7023.14,7057.97,6982.54,7043.23,TWSE
1999-03-23,7133.03,7133.03,6945.48,6945.48,TWSE
1999-03-24,6877.49,6931.90,6845.80,6889.42,TWSE
1999-03-25,6961.23,6969.37,6878.41,6941.38,TWSE
1999-03-26,7015.11,7052.44,6973.81,7033.25,TWSE
1999-03-29,7047.24,7047.24,6901.68,6901.68,TWSE
1999-03-30,6964.41,6964.41,6831.94,6898.66,TWSE
1999-03-31,6882.81,6936.72,6839.95,6881.72,TWSE
1999-04-01,6876.64,7018.68,6876.64,7018.68,TWSE
1999-04-02,7098.11,7232.51,7098.11,7232.51,TWSE
1999-04-03,7276.29,7276.29,7177.70,7182.20,TWSE
1999-04-06,7229.94,7229.94,7163.99,7163.99,TWSE
1999-04-07,7190.57,7190.57,7110.59,7135.89,TWSE
1999-04-08,7204.69,7312.90,7195.42,7273.41,TWSE
1999-04-09,7362.05,7381.64,7265.70,7265.70,TWSE
1999-04-12,7262.36,7303.90,7189.45,7242.40,TWSE
1999-04-13,7291.15,7341.74,7280.15,7337.85,TWSE
1999-04-14,7390.61,7445.37,7383.88,7398.65,TWSE
1999-04-15,7415.67,7498.17,7344.70,7498.17,TWSE
1999-04-16,7590.92,7590.92,7414.62,7466.82,TWSE
1999-04-17,7480.43,7584.93,7479.12,7581.50,TWSE
1999-04-19,7633.73,7683.94,7614.61,7623.18,TWSE
1999-04-20,7580.39,7671.48,7539.10,7627.74,TWSE
1999-04-21,7703.76,7703.76,7456.18,7474.16,TWSE
1999-04-22,7540.52,7548.45,7447.52,7494.60,TWSE
1999-04-23,7602.56,7659.59,7567.75,7612.80,TWSE
1999-04-26,7641.08,7659.84,7566.05,7629.09,TWSE
1999-04-27,7664.42,7664.42,7527.10,7550.13,TWSE
1999-04-28,7563.25,7577.72,7482.50,7496.61,TWSE
1999-04-29,7396.32,7428.52,7281.30,7289.62,TWSE
1999-04-30,7316.05,7371.17,7224.22,7371.17,TWSE
1999-05-03,7393.58,7403.68,7312.47,7383.26,TWSE
1999-05-04,7433.52,7588.04,7433.52,7588.04,TWSE
1999-05-05,7594.28,7644.45,7554.19,7572.16,TWSE
1999-05-06,7619.44,7664.89,7545.33,7560.05,TWSE
1999-05-07,7538.73,7582.34,7456.99,7469.33,TWSE
1999-05-10,7441.28,7484.37,7399.92,7484.37,TWSE
1999-05-11,7530.27,7584.57,7474.25,7474.45,TWSE
1999-05-12,7516.13,7532.07,7423.38,7448.41,TWSE
1999-05-13,7458.02,7499.63,7411.14,7416.20,TWSE
1999-05-14,7470.19,7592.98,7470.19,7592.53,TWSE
1999-05-15,7564.72,7622.74,7538.50,7576.64,TWSE
1999-05-17,7627.30,7705.63,7587.76,7599.76,TWSE
1999-05-18,7621.19,7658.67,7484.06,7585.51,TWSE
1999-05-19,7583.40,7634.73,7542.78,7614.60,TWSE
1999-05-20,7665.66,7701.26,7608.88,7608.88,TWSE
1999-05-21,7639.61,7696.97,7594.76,7606.69,TWSE
1999-05-24,7629.71,7644.97,7538.52,7588.23,TWSE
1999-05-25,7544.31,7553.35,7413.98,7417.03,TWSE
1999-05-26,7361.84,7460.87,7348.88,7426.63,TWSE
1999-05-27,7488.06,7510.42,7440.72,7469.01,TWSE
1999-05-28,7463.29,7465.80,7377.06,7387.37,TWSE
1999-05-29,7447.29,7483.93,7398.68,7419.70,TWSE
1999-05-31,7438.97,7449.10,7310.52,7316.57,TWSE
1999-06-01,7324.42,7397.62,7313.12,7397.62,TWSE
1999-06-02,7426.06,7493.68,7426.06,7488.03,TWSE
1999-06-03,7552.36,7604.51,7552.36,7572.91,TWSE
1999-06-04,7613.15,7628.14,7576.98,7590.44,TWSE
1999-06-05,7649.47,7684.85,7618.80,7639.30,TWSE
1999-06-07,7693.25,7818.09,7688.84,7802.69,TWSE
1999-06-08,7900.93,7940.38,7858.61,7892.13,TWSE
1999-06-09,7928.24,7980.11,7900.89,7957.71,TWSE
1999-06-10,7993.61,8058.18,7985.48,7996.76,TWSE
1999-06-11,8008.96,8028.39,7937.77,7979.40,TWSE
1999-06-14,8023.71,8039.64,7926.53,7973.58,TWSE
1999-06-15,8091.81,8109.28,7940.90,7960.00,TWSE
1999-06-16,7994.33,8059.02,7924.41,8059.02,TWSE
1999-06-17,8155.44,8290.25,8155.44,8274.36,TWSE
1999-06-21,8361.05,8483.95,8308.43,8413.48,TWSE
1999-06-22,8482.38,8640.11,8446.00,8608.91,TWSE
1999-06-23,8607.54,8661.39,8492.32,8492.32,TWSE
1999-06-24,8497.90,8627.88,8433.74,8589.31,TWSE
1999-06-25,8469.12,8497.60,8251.65,8265.96,TWSE
1999-06-28,8281.70,8341.85,8240.35,8281.45,TWSE
1999-06-29,8377.68,8514.27,8377.68,8514.27,TWSE
1999-06-30,8544.26,8576.78,8444.59,8467.37,TWSE
1999-07-02,8508.79,8642.62,8508.79,8572.09,TWSE
1999-07-03,8655.11,8710.71,8538.14,8563.55,TWSE
1999-07-05,8588.15,8668.15,8535.03,8593.35,TWSE
1999-07-06,8631.25,8663.92,8446.19,8454.49,TWSE
1999-07-07,8464.75,8500.61,8390.99,8470.07,TWSE
1999-07-08,8533.87,8610.90,8525.43,8592.43,TWSE
1999-07-09,8624.38,8663.06,8538.82,8550.27,TWSE
1999-07-12,8582.89,8592.05,8455.14,8463.90,TWSE
1999-07-13,8441.14,8441.14,8194.97,8204.50,TWSE
1999-07-14,8162.72,8249.16,7792.54,7888.66,TWSE
1999-07-15,7868.47,7964.99,7737.38,7918.04,TWSE
1999-07-16,7987.26,8024.19,7402.53,7411.58,TWSE
1999-07-17,7224.23,7368.50,7068.88,7366.23,TWSE
1999-07-19,7364.88,7455.22,7192.99,7386.89,TWSE
1999-07-20,7543.61,7826.49,7543.61,7806.85,TWSE
1999-07-21,7704.24,7830.76,7640.32,7786.65,TWSE
1999-07-22,7743.42,7798.94,7675.25,7678.67,TWSE
1999-07-23,7634.82,7735.52,7619.41,7724.52,TWSE
1999-07-26,7702.08,7730.60,7590.39,7595.71,TWSE
1999-07-27,7520.79,7538.53,7329.74,7367.97,TWSE
1999-07-28,7485.25,7533.87,7433.53,7484.50,TWSE
1999-07-29,7513.08,7513.08,7343.58,7359.37,TWSE
1999-07-30,7169.35,7420.84,7150.04,7413.11,TWSE
1999-07-31,7397.48,7467.33,7321.96,7326.75,TWSE
1999-08-02,7328.54,7355.15,7176.54,7195.94,TWSE
1999-08-03,7114.65,7191.96,6968.54,7175.19,TWSE
1999-08-04,7181.08,7274.66,7105.91,7110.80,TWSE
1999-08-05,7038.54,7078.58,6941.65,6959.73,TWSE
1999-08-06,6988.51,7031.80,6817.58,6823.52,TWSE
1999-08-07,6820.95,7070.67,6771.75,7049.74,TWSE
1999-08-09,7066.76,7110.82,7017.86,7028.01,TWSE
1999-08-10,7051.33,7269.60,7030.26,7269.60,TWSE
1999-08-11,7276.96,7321.00,7206.02,7228.68,TWSE
1999-08-12,7294.53,7393.89,7277.81,7330.24,TWSE
1999-08-13,7530.52,7683.03,7504.88,7626.05,TWSE
1999-08-16,7748.15,8018.47,7748.15,8018.47,TWSE
1999-08-17,8006.30,8101.41,7924.01,8083.43,TWSE
1999-08-18,8105.07,8155.74,7993.10,7993.71,TWSE
1999-08-19,7953.93,8005.43,7916.43,7964.67,TWSE
1999-08-20,7976.84,8135.66,7975.52,8117.42,TWSE
1999-08-21,8219.57,8278.30,8153.57,8153.57,TWSE
1999-08-23,8168.77,8193.76,8086.27,8119.98,TWSE
1999-08-24,8212.38,8255.48,7984.39,7984.39,TWSE
1999-08-25,7999.13,8133.95,7954.35,8127.09,TWSE
1999-08-26,8171.28,8240.17,8077.18,8097.57,TWSE
1999-08-27,8082.91,8135.24,8027.86,8053.97,TWSE
1999-08-30,8054.83,8159.56,8041.42,8071.36,TWSE
1999-08-31,8075.80,8196.66,8072.45,8157.73,TWSE
1999-09-01,8225.61,8360.84,8225.61,8273.33,TWSE
1999-09-02,8349.03,8414.60,8214.61,8226.15,TWSE
1999-09-03,8208.70,8217.24,8073.97,8073.97,TWSE
1999-09-04,8187.49,8215.51,8015.41,8065.11,TWSE
1999-09-06,8072.77,8135.37,8006.25,8130.28,TWSE
1999-09-07,8162.80,8196.38,7933.28,7945.76,TWSE
1999-09-08,7946.67,8033.31,7891.66,7973.30,TWSE
1999-09-09,7981.28,8048.14,7955.81,8025.02,TWSE
1999-09-10,8085.36,8175.36,8085.36,8161.46,TWSE
1999-09-13,8201.00,8250.73,8159.19,8178.69,TWSE
1999-09-14,8195.61,8200.53,8054.87,8092.02,TWSE
1999-09-15,8077.41,8117.97,7970.07,7971.04,TWSE
1999-09-16,7911.88,8003.40,7897.56,7968.90,TWSE
1999-09-17,7987.74,8043.51,7903.30,7916.92,TWSE
1999-09-18,7995.30,8069.70,7985.12,8016.93,TWSE
1999-09-20,8028.42,8028.42,7947.94,7972.14,TWSE
1999-09-27,7789.84,7789.84,7755.86,7759.93,TWSE
1999-09-28,7636.47,7636.47,7537.47,7577.85,TWSE
1999-09-29,7515.48,7615.45,7415.58,7615.45,TWSE
1999-09-30,7598.96,7680.32,7566.99,7598.79,TWSE
1999-10-01,7633.08,7704.76,7613.92,7694.99,TWSE
1999-10-02,7715.77,7739.50,7587.21,7659.55,TWSE
1999-10-04,7668.69,7715.38,7592.34,7685.48,TWSE
1999-10-05,7743.72,7763.61,7545.72,7557.01,TWSE
1999-10-06,7526.91,7546.78,7462.45,7501.63,TWSE
1999-10-07,7558.09,7656.85,7558.09,7612.00,TWSE
1999-10-08,7610.29,7634.76,7542.47,7552.98,TWSE
1999-10-11,7555.94,7642.26,7554.07,7607.11,TWSE
1999-10-12,7658.21,7840.57,7658.21,7835.37,TWSE
1999-10-13,7806.92,7890.86,7784.44,7836.94,TWSE
1999-10-14,7777.70,7879.91,7773.21,7879.91,TWSE
1999-10-15,7923.19,7959.52,7818.42,7819.09,TWSE
1999-10-16,7721.69,7838.39,7714.03,7829.39,TWSE
1999-10-18,7804.80,7818.60,7726.62,7745.26,TWSE
1999-10-19,7759.93,7798.16,7684.30,7692.96,TWSE
1999-10-20,7698.62,7721.15,7653.85,7666.64,TWSE
1999-10-21,7766.74,7792.72,7645.46,7654.90,TWSE
1999-10-22,7670.33,7691.34,7505.07,7559.63,TWSE
1999-10-25,7583.70,7680.87,7570.71,7680.87,TWSE
1999-10-26,7690.31,7787.38,7667.21,7700.29,TWSE
1999-10-27,7731.17,7780.21,7669.83,7701.22,TWSE
1999-10-28,7729.62,7744.33,7669.49,7681.85,TWSE
1999-10-29,7751.51,7776.85,7667.81,7706.67,TWSE
1999-10-30,7778.45,7859.55,7766.62,7854.85,TWSE
1999-11-01,7871.07,7874.26,7808.90,7814.89,TWSE
1999-11-02,7789.35,7805.82,7687.72,7721.59,TWSE
1999-11-03,7729.10,7741.52,7572.11,7580.09,TWSE
1999-11-04,7589.93,7605.95,7460.21,7469.23,TWSE
1999-11-05,7466.63,7498.19,7404.31,7488.26,TWSE
1999-11-06,7526.65,7532.49,7371.51,7376.56,TWSE
1999-11-08,7318.28,7411.73,7261.31,7401.49,TWSE
1999-11-09,7420.05,7430.40,7362.69,7362.69,TWSE
1999-11-10,7356.73,7506.46,7355.38,7401.81,TWSE
1999-11-11,7464.99,7549.29,7464.99,7532.22,TWSE
1999-11-15,7575.61,7577.56,7492.48,7545.03,TWSE
1999-11-16,7570.98,7646.25,7554.17,7606.20,TWSE
1999-11-17,7661.25,7687.04,7612.19,7645.78,TWSE
1999-11-18,7633.61,7745.90,7626.05,7718.06,TWSE
1999-11-19,7787.20,7858.40,7756.34,7770.81,TWSE
1999-11-20,7890.51,7944.49,7864.57,7900.34,TWSE
1999-11-22,7967.05,8088.53,7944.02,8052.31,TWSE
1999-11-23,8105.12,8152.33,8007.17,8046.19,TWSE
1999-11-24,7950.12,8034.73,7913.21,7921.85,TWSE
1999-11-25,7919.68,7933.82,7808.92,7904.53,TWSE
1999-11-26,7913.91,7955.13,7558.40,7595.44,TWSE
1999-11-29,7706.12,7823.90,7688.58,7823.90,TWSE
1999-11-30,7857.05,7884.23,7707.17,7720.87,TWSE
1999-12-01,7702.18,7767.08,7684.42,7766.20,TWSE
1999-12-02,7802.83,7872.58,7773.75,7806.26,TWSE
1999-12-03,7880.49,7957.09,7858.58,7933.17,TWSE
1999-12-04,8039.64,8087.49,7946.11,7964.49,TWSE
1999-12-06,7982.74,7982.74,7859.76,7894.46,TWSE
1999-12-07,7899.85,7907.01,7812.29,7827.05,TWSE
1999-12-08,7826.85,7910.76,7798.92,7811.02,TWSE
1999-12-09,7797.61,7862.37,7728.77,7738.84,TWSE
1999-12-10,7754.57,7767.99,7687.36,7733.77,TWSE
1999-12-13,7782.48,7883.61,7782.48,7883.61,TWSE
1999-12-14,7921.20,7932.47,7843.58,7850.14,TWSE
1999-12-15,7832.26,7895.22,7831.87,7859.89,TWSE
1999-12-16,7891.08,7904.84,7721.50,7739.76,TWSE
1999-12-17,7762.88,7792.99,7684.64,7723.22,TWSE
1999-12-18,7748.69,7841.50,7748.69,7797.87,TWSE
1999-12-20,7821.95,7827.49,7741.84,7782.94,TWSE
1999-12-21,7803.93,7946.05,7803.93,7934.26,TWSE
1999-12-22,8033.37,8079.57,7979.72,8002.76,TWSE
1999-12-23,8043.88,8117.73,8013.18,8083.49,TWSE
1999-12-24,8144.84,8225.39,8144.84,8219.45,TWSE
1999-12-27,8274.83,8415.07,8253.79,8415.07,TWSE
1999-12-28,8451.72,8480.50,8376.29,8448.84,TWSE
2000-01-04,8644.91,8803.61,8642.50,8756.55,TWSE
2000-01-05,8690.60,8867.68,8668.02,8849.87,TWSE
2000-01-06,8876.59,9023.99,8863.91,8922.03,TWSE
2000-01-07,8856.87,8940.77,8739.43,8845.47,TWSE
2000-01-10,8918.60,9126.02,8891.79,9102.60,TWSE
2000-01-11,9199.10,9332.52,8890.45,8927.03,TWSE
2000-01-12,8964.78,9144.65,8937.31,9144.65,TWSE
2000-01-13,9168.73,9237.85,9095.35,9107.19,TWSE
2000-01-14,9172.17,9236.85,8967.56,9023.24,TWSE
2000-01-15,9155.74,9210.37,9105.02,9191.37,TWSE
2000-01-17,9256.57,9384.52,9230.39,9315.43,TWSE
2000-01-18,9346.98,9353.89,9210.36,9250.19,TWSE
2000-01-19,9255.70,9335.73,9150.86,9151.44,TWSE
2000-01-20,9175.27,9211.34,9077.70,9136.95,TWSE
2000-01-21,9170.41,9305.27,9170.41,9255.94,TWSE
2000-01-24,9327.98,9425.87,9327.98,9387.07,TWSE
2000-01-25,9411.10,9413.21,9308.01,9372.37,TWSE
2000-01-26,9469.74,9617.32,9469.74,9581.96,TWSE
2000-01-27,9639.86,9733.26,9618.30,9628.98,TWSE
2000-01-28,9600.45,9753.72,9600.45,9696.91,TWSE
2000-01-29,9618.78,9677.55,9585.82,9636.38,TWSE
2000-01-31,9653.24,9749.51,9613.80,9744.89,TWSE
2000-02-01,9829.68,9901.80,9800.63,9856.39,TWSE
2000-02-09,10039.67,10137.24,9932.07,10008.88,TWSE
2000-02-10,10008.38,10098.30,9957.66,10057.67,TWSE
2000-02-11,10125.51,10227.33,10096.54,10128.67,TWSE
2000-02-14,10140.65,10167.71,9963.50,9971.45,TWSE
2000-02-15,9982.27,10014.25,9853.86,9957.74,TWSE
2000-02-16,10010.87,10099.97,10010.87,10064.49,TWSE
2000-02-17,10089.89,10267.46,10089.89,10202.20,TWSE
2000-02-18,10266.79,10393.59,10062.23,10096.38,TWSE
2000-02-19,10084.29,10168.18,10031.92,10161.05,TWSE
2000-02-21,10165.24,10212.99,9912.67,9912.67,TWSE
2000-02-22,9860.12,9917.13,9596.68,9731.93,TWSE
2000-02-23,9738.19,9803.81,9623.46,9642.26,TWSE
2000-02-24,9725.30,9781.31,9582.00,9599.17,TWSE
2000-02-25,9620.92,9639.12,9407.79,9432.49,TWSE
2000-02-29,9525.65,9581.00,9410.11,9435.94,TWSE
2000-03-01,9572.24,9689.10,9572.24,9689.10,TWSE
2000-03-02,9757.08,9781.27,9543.58,9543.82,TWSE
2000-03-03,9557.66,9650.74,9547.40,9588.03,TWSE
2000-03-04,9668.21,9712.24,9505.93,9517.97,TWSE
2000-03-06,9519.80,9519.80,9356.58,9367.91,TWSE
2000-03-07,9340.49,9440.32,9286.39,9380.07,TWSE
2000-03-08,9402.70,9482.18,9379.29,9389.49,TWSE
2000-03-09,9453.70,9587.27,9453.70,9587.27,TWSE
2000-03-10,9662.61,9712.39,9428.99,9429.60,TWSE
2000-03-13,9279.90,9279.90,8807.36,8811.95,TWSE
2000-03-14,8728.30,8871.83,8598.07,8835.58,TWSE
2000-03-15,8794.30,8905.82,8638.24,8640.03,TWSE
2000-03-16,8472.54,8714.06,8250.46,8682.76,TWSE
2000-03-17,8700.99,8799.09,8610.58,8763.27,TWSE
2000-03-20,8509.32,8536.05,8483.41,8536.05,TWSE
2000-03-21,8438.24,9021.89,8355.89,9004.48,TWSE
2000-03-22,9009.25,9201.15,8908.32,9069.39,TWSE
2000-03-23,9198.45,9567.89,9198.45,9533.87,TWSE
2000-03-24,9565.24,9571.28,9405.14,9482.64,TWSE
2000-03-27,9531.91,9858.57,9531.91,9807.57,TWSE
2000-03-28,9884.18,9985.15,9772.54,9856.60,TWSE
2000-03-29,9852.48,9914.14,9794.48,9805.69,TWSE
2000-03-30,9827.85,10071.26,9827.85,9931.94,TWSE
2000-03-31,9890.89,10011.96,9798.61,9854.95,TWSE
2000-04-01,9892.78,10050.43,9816.22,10050.43,TWSE
2000-04-05,9923.74,10238.11,9923.74,10186.17,TWSE
2000-04-06,10225.77,10328.98,9969.28,9969.28,TWSE
2000-04-07,10035.26,10128.26,9913.38,9921.03,TWSE
2000-04-08,10009.75,10061.03,9894.26,9934.57,TWSE
2000-04-10,9962.65,10168.72,9956.65,10127.48,TWSE
2000-04-11,10104.87,10194.91,10059.41,10068.05,TWSE
2000-04-12,10067.27,10149.32,9909.03,9911.39,TWSE
2000-04-13,9720.67,9746.99,9564.72,9662.60,TWSE
2000-04-14,9517.45,9662.12,9374.49,9374.61,TWSE
2000-04-15,9086.36,9086.36,8780.08,8866.80,TWSE
2000-04-17,8848.16,9013.14,8796.77,8993.68,TWSE
2000-04-18,9220.96,9389.35,9220.96,9307.03,TWSE
2000-04-19,9435.02,9477.67,9104.40,9104.40,TWSE
2000-04-20,9084.86,9175.75,8943.89,9109.05,TWSE
2000-04-21,9130.32,9243.04,9105.31,9120.48,TWSE
2000-04-24,9128.95,9128.95,8808.09,8808.09,TWSE
2000-04-25,8711.68,8923.27,8672.41,8921.12,TWSE
2000-04-26,8992.62,9022.77,8465.76,8535.96,TWSE
2000-04-27,8587.03,8633.39,8458.40,8541.95,TWSE
2000-04-28,8595.01,8860.50,8478.48,8824.36,TWSE
2000-04-29,8835.17,8906.67,8725.38,8777.35,TWSE
2000-05-02,8836.83,8838.78,8636.27,8638.75,TWSE
2000-05-03,8537.35,8587.00,8395.23,8420.00,TWSE
2000-05-04,8444.07,8655.20,8338.92,8425.38,TWSE
2000-05-05,8389.90,8699.02,8343.37,8698.53,TWSE
2000-05-06,8699.48,8774.25,8620.58,8657.13,TWSE
2000-05-08,8669.47,8742.69,8538.50,8616.18,TWSE
2000-05-09,8607.65,8660.77,8566.64,8635.84,TWSE
2000-05-10,8693.87,8749.62,8559.87,8559.87,TWSE
2000-05-11,8427.34,8440.78,8281.68,8349.91,TWSE
2000-05-12,8472.82,8603.87,8454.72,8560.44,TWSE
2000-05-15,8639.94,8639.94,8461.27,8465.02,TWSE
2000-05-16,8534.18,8733.46,8496.44,8727.82,TWSE
2000-05-17,8885.24,9131.86,8885.24,9085.74,TWSE
2000-05-18,9040.33,9135.13,9002.03,9087.21,TWSE
2000-05-19,9034.41,9146.59,9030.57,9119.77,TWSE
2000-05-20,9093.14,9167.78,8700.19,8820.35,TWSE
2000-05-22,8903.32,8967.36,8800.37,8807.57,TWSE
2000-05-23,8811.44,8820.73,8634.73,8671.01,TWSE
2000-05-24,8496.06,8623.12,8470.56,8500.41,TWSE
2000-05-25,8609.80,8643.66,8418.50,8438.10,TWSE
2000-05-26,8397.01,8578.32,8386.37,8559.46,TWSE
2000-05-29,8593.62,8701.61,8571.35,8588.25,TWSE
2000-05-30,8668.70,8764.42,8641.43,8764.42,TWSE
2000-05-31,8951.11,8969.65,8879.43,8939.52,TWSE
2000-06-01,8936.43,8961.54,8815.43,8842.63,TWSE
2000-06-02,8979.78,9026.86,8880.98,8883.45,TWSE
2000-06-03,9017.03,9059.88,8911.89,8935.64,TWSE
2000-06-05,8961.36,8975.99,8894.82,8958.21,TWSE
2000-06-07,8943.63,9116.24,8943.63,9115.47,TWSE
2000-06-08,9151.31,9209.48,9055.72,9067.88,TWSE
2000-06-09,9113.07,9136.75,9011.20,9036.66,TWSE
2000-06-12,9065.22,9083.85,8935.47,8955.44,TWSE
2000-06-13,8905.45,8984.13,8879.52,8891.09,TWSE
2000-06-14,8978.65,9014.27,8911.38,8935.23,TWSE
2000-06-15,8932.59,8968.99,8826.69,8844.97,TWSE
2000-06-16,8852.32,8893.59,8791.67,8832.15,TWSE
2000-06-17,8827.35,8871.90,8753.67,8770.80,TWSE
2000-06-19,8786.37,8799.68,8653.62,8751.10,TWSE
2000-06-20,8852.97,8861.03,8688.72,8690.66,TWSE
2000-06-21,8733.20,8742.23,8631.64,8637.60,TWSE
2000-06-22,8623.40,8771.77,8616.85,8771.77,TWSE
2000-06-23,8742.21,8785.53,8682.02,8684.93,TWSE
2000-06-26,8672.80,8675.47,8507.42,8529.56,TWSE
2000-06-27,8569.35,8587.40,8412.01,8424.17,TWSE
2000-06-28,8429.05,8476.89,8248.95,8365.63,TWSE
2000-06-29,8433.90,8440.84,8112.08,8120.89,TWSE
2000-06-30,8159.41,8290.63,8050.02,8265.09,TWSE
2000-07-03,8260.95,8368.56,8138.72,8297.77,TWSE
2000-07-04,8329.77,8333.57,8024.55,8052.54,TWSE
2000-07-05,8079.28,8438.72,7988.54,8421.74,TWSE
2000-07-06,8291.27,8383.69,8277.94,8289.39,TWSE
2000-07-07,8318.47,8370.56,8173.08,8173.08,TWSE
2000-07-10,8209.86,8211.35,8015.38,8154.67,TWSE
2000-07-11,8153.81,8262.64,8116.02,8158.63,TWSE
2000-07-12,8168.56,8180.06,8025.19,8059.75,TWSE
2000-07-13,8101.38,8304.01,8101.38,8267.66,TWSE
2000-07-14,8309.67,8530.50,8309.67,8497.13,TWSE
2000-07-15,8569.40,8605.04,8483.63,8518.13,TWSE
2000-07-17,8601.26,8643.21,8564.97,8585.52,TWSE
2000-07-18,8582.75,8582.75,8367.05,8368.78,TWSE
2000-07-19,8275.48,8423.59,8270.57,8411.88,TWSE
2000-07-20,8355.21,8406.05,8210.53,8219.53,TWSE
2000-07-21,8273.04,8300.68,8058.14,8167.37,TWSE
2000-07-24,8132.39,8177.70,8064.20,8064.20,TWSE
2000-07-25,7984.79,8119.63,7900.39,7900.39,TWSE
2000-07-26,7944.90,8113.27,7922.81,7961.54,TWSE
2000-07-27,7932.86,7959.96,7723.44,7956.28,TWSE
2000-07-28,7861.04,8147.79,7861.04,8122.11,TWSE
2000-07-29,8086.63,8178.74,8069.01,8143.93,TWSE
2000-07-31,8154.99,8165.12,8068.09,8114.92,TWSE
2000-08-01,8171.58,8192.73,7984.65,7984.65,TWSE
2000-08-02,7985.83,8044.87,7910.28,7916.85,TWSE
2000-08-03,7888.32,7912.40,7736.19,7844.93,TWSE
2000-08-04,7881.72,8029.14,7856.60,7925.20,TWSE
2000-08-05,7926.79,7982.71,7834.13,7841.43,TWSE
2000-08-07,7804.00,7809.44,7680.53,7715.99,TWSE
2000-08-08,7751.28,7818.67,7670.28,7797.78,TWSE
2000-08-09,7866.11,8048.14,7866.11,8048.14,TWSE
2000-08-10,8087.10,8105.63,7988.39,8024.69,TWSE
2000-08-11,8012.64,8082.07,7962.05,7974.65,TWSE
2000-08-14,7977.42,7982.13,7838.50,7848.87,TWSE
2000-08-15,7883.84,7913.77,7821.74,7845.69,TWSE
2000-08-16,7870.58,8023.17,7870.58,8003.53,TWSE
2000-08-17,8059.02,8143.25,8000.46,8143.25,TWSE
2000-08-18,8192.30,8276.24,8175.35,8176.82,TWSE
2000-08-19,8195.25,8234.73,8145.94,8209.07,TWSE
2000-08-21,8232.91,8305.67,8216.42,8257.88,TWSE
2000-08-22,8244.42,8244.42,8086.66,8118.05,TWSE
2000-08-24,8162.00,8222.08,8090.18,8098.84,TWSE
2000-08-25,8120.96,8142.47,8014.95,8026.32,TWSE
2000-08-28,7985.45,7985.45,7842.53,7845.87,TWSE
2000-08-29,7769.93,7828.37,7621.13,7817.49,TWSE
2000-08-30,7784.74,7809.35,7543.96,7543.96,TWSE
2000-08-31,7458.34,7661.73,7440.81,7616.98,TWSE
2000-09-01,7659.82,7660.90,7381.01,7420.06,TWSE
2000-09-02,7442.37,7713.03,7442.37,7707.59,TWSE
2000-09-04,7758.54,7814.49,7694.71,7803.02,TWSE
2000-09-05,7829.34,7829.34,7723.14,7785.62,TWSE
2000-09-06,7725.01,7758.45,7605.32,7610.78,TWSE
2000-09-07,7467.94,7520.17,7418.52,7430.93,TWSE
2000-09-08,7457.86,7494.67,7360.50,7367.99,TWSE
2000-09-11,7297.78,7379.85,7295.88,7335.20,TWSE
2000-09-13,7279.36,7407.78,7153.23,7391.66,TWSE
2000-09-14,7348.81,7367.27,7149.48,7152.29,TWSE
2000-09-15,7160.01,7364.46,7120.31,7155.45,TWSE
2000-09-16,7096.49,7129.02,7003.60,7053.29,TWSE
2000-09-18,6990.48,7026.27,6902.54,6910.14,TWSE
2000-09-19,6811.72,6950.04,6712.20,6734.90,TWSE
2000-09-20,6843.95,6910.91,6720.34,6880.09,TWSE
2000-09-21,6818.96,6946.84,6774.47,6920.90,TWSE
2000-09-22,6737.54,6780.27,6600.10,6612.09,TWSE
2000-09-25,6618.16,6726.75,6550.21,6677.46,TWSE
2000-09-26,6647.94,6780.68,6491.34,6749.03,TWSE
2000-09-27,6706.45,6840.38,6668.07,6717.04,TWSE
2000-09-28,6744.79,6799.62,6564.87,6564.87,TWSE
2000-09-29,6571.62,6589.82,6427.12,6432.36,TWSE
2000-09-30,6228.86,6292.55,6155.65,6185.14,TWSE
2000-10-02,6165.64,6248.12,6014.87,6024.07,TWSE
2000-10-03,5943.79,6214.53,5907.04,6143.44,TWSE
2000-10-04,5989.45,5997.92,5946.95,5997.92,TWSE
2000-10-05,5932.79,6047.78,5904.98,6029.65,TWSE
2000-10-06,6037.54,6367.39,6037.54,6353.67,TWSE
2000-10-07,6385.39,6425.69,6289.52,6352.03,TWSE
2000-10-09,6336.30,6338.52,6203.47,6209.42,TWSE
2000-10-11,6070.43,6070.43,6013.53,6040.55,TWSE
2000-10-12,5850.26,5981.67,5763.81,5805.01,TWSE
2000-10-13,5577.86,5876.11,5482.98,5876.11,TWSE
2000-10-16,6060.44,6161.16,5602.72,5630.95,TWSE
2000-10-17,5512.00,5742.68,5512.00,5702.36,TWSE
2000-10-18,5606.53,5626.74,5427.46,5432.23,TWSE
2000-10-19,5261.94,5284.34,5074.44,5081.28,TWSE
2000-10-20,5241.57,5407.06,5241.57,5404.78,TWSE
2000-10-21,5528.36,5599.74,5506.49,5599.74,TWSE
2000-10-23,5644.73,5718.17,5539.97,5680.95,TWSE
2000-10-24,5701.15,5933.42,5645.05,5918.63,TWSE
2000-10-25,5914.37,6035.17,5898.97,6023.78,TWSE
2000-10-26,5937.22,6011.05,5909.35,5941.85,TWSE
2000-10-27,5991.83,6003.38,5805.17,5805.17,TWSE
2000-10-30,5644.26,5666.96,5615.90,5659.08,TWSE
2000-10-31,5530.80,5626.03,5502.67,5544.18,TWSE
2000-11-01,5552.30,5570.58,5400.26,5425.02,TWSE
2000-11-02,5385.54,5630.01,5381.42,5626.08,TWSE
2000-11-03,5723.35,5813.44,5663.74,5796.08,TWSE
2000-11-04,5858.11,5875.08,5673.00,5677.30,TWSE
2000-11-06,5679.09,5708.77,5609.14,5657.48,TWSE
2000-11-07,5721.88,5877.77,5720.89,5877.77,TWSE
2000-11-08,5926.40,6164.62,5889.01,6067.94,TWSE
2000-11-09,6025.16,6089.55,5926.64,6089.55,TWSE
2000-11-10,6039.19,6126.09,6018.45,6088.74,TWSE
2000-11-13,5878.64,5878.64,5748.43,5793.52,TWSE
2000-11-14,5747.00,5855.28,5721.69,5772.51,TWSE
2000-11-15,5896.64,5942.06,5696.01,5737.02,TWSE
2000-11-16,5554.00,5581.93,5436.85,5454.13,TWSE
2000-11-17,5264.93,5367.65,5168.97,5351.36,TWSE
2000-11-18,5255.66,5354.94,5134.31,5167.35,TWSE
2000-11-20,4994.73,5036.62,4841.67,4845.21,TWSE
2000-11-21,4770.78,5103.00,4760.68,5103.00,TWSE
2000-11-22,5128.98,5293.89,5113.22,5130.61,TWSE
2000-11-23,5057.30,5148.30,5032.20,5146.92,TWSE
2000-11-24,5218.18,5423.43,5218.18,5419.99,TWSE
2000-11-27,5510.80,5526.13,5384.04,5433.78,TWSE
2000-11-28,5388.68,5411.00,5337.42,5362.26,TWSE
2000-11-29,5275.38,5386.36,5266.14,5319.46,TWSE
2000-11-30,5323.70,5372.01,5223.31,5256.93,TWSE
2000-12-01,5173.02,5342.06,5163.23,5342.06,TWSE
2000-12-02,5346.93,5379.00,5260.97,5277.35,TWSE
2000-12-04,5239.82,5243.05,5168.91,5174.02,TWSE
2000-12-05,5139.53,5241.17,5102.68,5199.20,TWSE
2000-12-06,5323.20,5366.79,5164.43,5170.62,TWSE
2000-12-07,5131.94,5216.22,5131.94,5212.73,TWSE
2000-12-08,5216.36,5269.62,5186.35,5252.83,TWSE
2000-12-11,5283.81,5300.30,5237.19,5284.41,TWSE
2000-12-12,5320.61,5403.14,5320.61,5380.09,TWSE
2000-12-13,5380.34,5397.29,5332.52,5384.36,TWSE
2000-12-14,5350.26,5350.26,5274.15,5320.16,TWSE
2000-12-15,5256.09,5264.18,5202.04,5224.74,TWSE
2000-12-16,5179.46,5205.51,5132.76,5134.10,TWSE
2000-12-18,5116.07,5127.73,5022.34,5055.20,TWSE
2000-12-19,5004.60,5044.07,4957.27,5040.25,TWSE
2000-12-20,4966.80,4998.35,4919.20,4947.89,TWSE
2000-12-21,4834.76,4834.76,4797.27,4817.22,TWSE
2000-12-22,4765.10,4888.35,4728.41,4811.22,TWSE
2000-12-26,4871.86,4880.41,4711.38,4721.36,TWSE
2000-12-27,4663.65,4663.65,4602.95,4614.63,TWSE
2000-12-28,4581.06,4797.14,4555.91,4797.14,TWSE
2000-12-29,4797.08,4813.64,4728.43,4743.94,TWSE
2000-12-30,4687.95,4793.24,4670.39,4739.09,TWSE
2001-01-02,4717.49,4945.09,4678.00,4935.28,TWSE
2001-01-03,4843.54,4970.45,4831.12,4894.79,TWSE
2001-01-04,5028.32,5169.13,5028.32,5136.13,TWSE
2001-01-05,5153.01,5295.53,5117.63,5295.53,TWSE
2001-01-08,5248.10,5368.77,5188.51,5188.51,TWSE
2001-01-09,5206.50,5376.12,5206.50,5376.12,TWSE
2001-01-10,5406.13,5476.90,5350.07,5436.78,TWSE
2001-01-11,5475.59,5531.20,5348.34,5369.24,TWSE
2001-01-12,5404.35,5423.19,5288.79,5339.40,TWSE
2001-01-15,5292.75,5380.49,5254.83,5379.66,TWSE
2001-01-16,5399.70,5665.98,5399.70,5662.94,TWSE
2001-01-17,5702.87,5805.26,5652.52,5769.95,TWSE
2001-01-18,5803.52,5892.53,5734.49,5847.91,TWSE
2001-01-29,5850.70,5933.68,5680.06,5680.06,TWSE
2001-01-30,5685.19,5792.50,5577.87,5792.50,TWSE
2001-01-31,5853.62,5992.43,5821.89,5936.20,TWSE
2001-02-01,5927.25,5975.05,5850.99,5897.93,TWSE
2001-02-02,5958.78,6103.10,5958.78,6049.26,TWSE
2001-02-05,6012.43,6012.43,5867.79,5932.42,TWSE
2001-02-06,5905.60,6042.72,5828.33,5849.06,TWSE
2001-02-07,5738.66,5781.20,5685.59,5693.58,TWSE
2001-02-08,5693.63,5763.14,5653.86,5758.60,TWSE
2001-02-09,5782.42,5893.40,5742.45,5809.84,TWSE
2001-02-12,5807.61,5894.27,5795.68,5847.07,TWSE
2001-02-13,5922.02,6027.49,5917.63,6027.49,TWSE
2001-02-14,6060.89,6097.29,5887.68,5887.68,TWSE
2001-02-15,5963.07,6104.24,5945.06,6104.24,TWSE
2001-02-16,6156.36,6198.22,5997.63,6045.67,TWSE
2001-02-19,5921.18,5991.29,5846.07,5937.30,TWSE
2001-02-20,5992.74,6079.62,5949.35,5971.29,TWSE
2001-02-21,5920.95,5957.78,5863.14,5949.96,TWSE
2001-02-22,5885.67,5885.67,5733.35,5759.04,TWSE
2001-02-23,5727.03,5778.10,5678.23,5726.93,TWSE
2001-02-26,5746.65,5789.17,5708.17,5716.02,TWSE
2001-02-27,5788.02,5805.40,5660.14,5674.69,TWSE
2001-03-01,5581.95,5584.46,5478.65,5499.86,TWSE
2001-03-02,5536.19,5561.38,5471.62,5499.54,TWSE
2001-03-05,5506.60,5609.74,5473.01,5609.74,TWSE
2001-03-06,5689.64,5736.32,5626.87,5635.06,TWSE
2001-03-07,5735.79,5793.76,5735.79,5777.13,TWSE
2001-03-08,5794.34,5794.34,5697.67,5711.02,TWSE
2001-03-09,5655.92,5683.11,5632.26,5680.43,TWSE
2001-03-12,5578.69,5615.82,5556.07,5582.67,TWSE
2001-03-13,5509.79,5646.86,5498.56,5610.40,TWSE
2001-03-14,5683.88,5703.52,5642.26,5658.21,TWSE
2001-03-15,5656.42,5742.74,5600.66,5742.74,TWSE
2001-03-16,5749.48,5846.39,5749.48,5783.93,TWSE
2001-03-19,5783.02,5791.38,5629.12,5641.89,TWSE
2001-03-20,5693.05,5717.21,5624.30,5642.70,TWSE
2001-03-21,5602.14,5684.35,5602.14,5623.42,TWSE
2001-03-22,5647.44,5735.74,5647.44,5730.95,TWSE
2001-03-23,5801.57,5836.17,5790.29,5800.55,TWSE
2001-03-26,5848.63,5906.17,5810.66,5896.32,TWSE
2001-03-27,5943.91,5981.31,5871.11,5884.33,TWSE
2001-03-28,5907.53,5922.81,5819.29,5819.39,TWSE
2001-03-29,5812.60,5846.63,5787.12,5833.88,TWSE
2001-03-30,5863.58,5865.48,5772.39,5797.92,TWSE
2001-04-02,5797.85,5797.85,5596.18,5607.73,TWSE
2001-04-03,5521.99,5538.09,5439.40,5446.82,TWSE
2001-04-04,5386.59,5455.52,5345.60,5405.85,TWSE
2001-04-06,5570.71,5584.14,5508.81,5515.13,TWSE
2001-04-09,5476.75,5476.75,5391.09,5401.83,TWSE
2001-04-10,5432.96,5506.10,5349.14,5353.50,TWSE
2001-04-11,5470.67,5474.17,5362.43,5467.75,TWSE
2001-04-12,5521.93,5563.51,5503.11,5533.22,TWSE
2001-04-13,5592.30,5601.49,5492.44,5495.47,TWSE
2001-04-16,5490.42,5490.42,5409.05,5432.28,TWSE
2001-04-17,5404.76,5458.73,5391.25,5431.95,TWSE
2001-04-18,5479.47,5523.72,5472.79,5508.61,TWSE
2001-04-19,5682.46,5683.63,5605.07,5608.50,TWSE
2001-04-20,5645.11,5645.11,5590.87,5596.63,TWSE
2001-04-23,5607.46,5612.69,5562.67,5597.70,TWSE
2001-04-24,5569.62,5644.68,5567.43,5589.34,TWSE
2001-04-25,5594.19,5601.35,5500.97,5516.20,TWSE
2001-04-26,5542.39,5548.67,5461.50,5518.73,TWSE
2001-04-27,5505.61,5509.32,5416.67,5416.67,TWSE
2001-04-30,5430.59,5469.66,5371.81,5381.67,TWSE
2001-05-02,5469.95,5502.53,5267.04,5304.24,TWSE
2001-05-03,5287.72,5405.54,5264.96,5405.54,TWSE
2001-05-04,5384.30,5436.53,5211.70,5244.05,TWSE
2001-05-07,5278.91,5316.79,5200.75,5229.93,TWSE
2001-05-08,5214.25,5256.79,5105.37,5176.71,TWSE
2001-05-09,5195.04,5248.29,5166.39,5232.64,TWSE
2001-05-10,5215.55,5215.55,5117.14,5122.17,TWSE
2001-05-11,5110.91,5251.39,5033.56,5232.72,TWSE
2001-05-14,5161.25,5212.04,5144.17,5176.45,TWSE
2001-05-15,5166.97,5210.36,5142.89,5158.79,TWSE
2001-05-16,5147.02,5148.60,5081.14,5082.02,TWSE
2001-05-17,5112.23,5175.53,5090.86,5143.44,TWSE
2001-05-18,5180.91,5180.91,5094.79,5111.67,TWSE
2001-05-21,5079.72,5079.72,4902.22,4958.61,TWSE
2001-05-22,4991.67,5049.04,4973.06,4991.48,TWSE
2001-05-23,4998.68,5209.97,4963.46,5209.97,TWSE
2001-05-24,5193.87,5246.79,5172.05,5226.79,TWSE
2001-05-25,5206.23,5229.79,5165.30,5170.08,TWSE
2001-05-28,5123.90,5141.38,5073.15,5079.72,TWSE
2001-05-29,5086.30,5174.81,5086.30,5095.26,TWSE
2001-05-30,5078.91,5103.65,5048.98,5057.07,TWSE
2001-05-31,5014.93,5094.56,5012.28,5048.86,TWSE
2001-06-01,5090.66,5096.43,4991.32,5013.96,TWSE
2001-06-04,5012.14,5012.14,4944.98,4985.11,TWSE
2001-06-05,5016.26,5065.06,4991.50,5065.06,TWSE
2001-06-06,5129.48,5234.12,5129.48,5220.44,TWSE
2001-06-07,5172.69,5177.47,5126.30,5153.35,TWSE
2001-06-08,5231.17,5282.82,5206.27,5226.28,TWSE
2001-06-11,5211.70,5271.30,5198.44,5271.30,TWSE
2001-06-12,5247.42,5298.69,5244.74,5266.24,TWSE
2001-06-13,5270.16,5318.71,5206.42,5209.71,TWSE
2001-06-14,5179.40,5200.50,5091.52,5119.19,TWSE
2001-06-15,5080.80,5158.63,5080.80,5158.63,TWSE
2001-06-18,5132.52,5132.60,5052.25,5070.52,TWSE
2001-06-19,5073.35,5089.57,5030.51,5039.98,TWSE
2001-06-20,5038.89,5074.09,5025.08,5029.64,TWSE
2001-06-21,5044.20,5066.17,4965.86,4984.88,TWSE
2001-06-22,4957.19,4985.38,4884.91,4904.34,TWSE
2001-06-26,4932.15,4948.44,4784.67,4785.12,TWSE
2001-06-27,4822.67,4871.74,4773.88,4825.28,TWSE
2001-06-28,4826.27,4826.68,4741.54,4768.55,TWSE
2001-06-29,4854.60,4898.99,4843.55,4883.43,TWSE
2001-07-02,4886.49,4888.37,4805.49,4886.86,TWSE
2001-07-03,4861.41,4906.82,4825.85,4843.82,TWSE
2001-07-04,4801.26,4801.26,4713.84,4739.16,TWSE
2001-07-05,4696.56,4761.05,4686.32,4709.20,TWSE
2001-07-06,4670.27,4766.27,4663.82,4707.01,TWSE
2001-07-09,4677.04,4693.76,4636.90,4657.30,TWSE
2001-07-10,4674.29,4692.41,4612.84,4616.71,TWSE
2001-07-11,4589.03,4614.79,4538.47,4548.29,TWSE
2001-07-12,4587.69,4638.48,4562.05,4633.54,TWSE
2001-07-13,4715.33,4715.33,4483.09,4485.68,TWSE
2001-07-16,4505.72,4510.74,4305.02,4368.69,TWSE
2001-07-17,4318.02,4410.70,4301.89,4371.99,TWSE
2001-07-18,4387.07,4387.19,4204.60,4219.89,TWSE
2001-07-19,4090.51,4238.34,4065.64,4190.78,TWSE
2001-07-20,4197.42,4270.19,4154.90,4220.33,TWSE
2001-07-23,4248.35,4262.77,4137.28,4151.93,TWSE
2001-07-24,4101.61,4101.61,4008.08,4040.77,TWSE
2001-07-25,4026.09,4139.38,4026.09,4136.39,TWSE
2001-07-26,4157.58,4308.20,4100.30,4300.41,TWSE
2001-07-27,4341.49,4417.62,4289.37,4320.59,TWSE
2001-07-31,4299.57,4365.90,4275.42,4352.98,TWSE
2001-08-01,4402.71,4411.92,4328.53,4354.52,TWSE
2001-08-02,4393.31,4490.19,4379.66,4490.19,TWSE
2001-08-03,4499.68,4579.16,4488.54,4530.68,TWSE
2001-08-06,4507.84,4527.75,4451.04,4470.73,TWSE
2001-08-07,4425.24,4426.02,4367.54,4404.00,TWSE
2001-08-08,4413.13,4514.10,4413.13,4514.10,TWSE
2001-08-09,4469.92,4521.16,4445.15,4448.52,TWSE
2001-08-10,4470.75,4491.45,4394.09,4476.91,TWSE
2001-08-13,4492.28,4557.85,4470.17,4520.76,TWSE
2001-08-14,4547.75,4589.60,4523.35,4589.60,TWSE
2001-08-15,4593.65,4665.37,4581.64,4623.11,TWSE
2001-08-16,4651.03,4710.14,4632.68,4687.33,TWSE
2001-08-17,4713.58,4715.20,4626.84,4638.36,TWSE
2001-08-20,4520.12,4595.75,4520.12,4550.36,TWSE
2001-08-21,4553.95,4575.65,4519.70,4562.73,TWSE
2001-08-22,4509.03,4575.44,4483.04,4487.52,TWSE
2001-08-23,4491.23,4506.92,4435.97,4459.76,TWSE
2001-08-24,4430.42,4430.42,4303.34,4310.32,TWSE
2001-08-27,4352.34,4407.82,4333.20,4384.55,TWSE
2001-08-28,4405.22,4406.97,4340.65,4368.38,TWSE
2001-08-29,4350.91,4508.69,4342.01,4508.69,TWSE
2001-08-30,4495.92,4576.33,4469.59,4503.86,TWSE
2001-08-31,4450.20,4513.26,4430.43,4509.44,TWSE
2001-09-03,4520.00,4526.27,4446.27,4454.77,TWSE
2001-09-04,4450.56,4493.53,4403.96,4493.53,TWSE
2001-09-05,4476.80,4510.58,4410.78,4424.91,TWSE
2001-09-06,4398.53,4412.42,4314.08,4338.26,TWSE
2001-09-07,4274.76,4305.65,4244.86,4302.16,TWSE
2001-09-10,4254.48,4305.74,4214.94,4289.10,TWSE
2001-09-11,4294.62,4304.57,4169.67,4176.93,TWSE
2001-09-13,3902.93,3952.49,3902.93,3952.49,TWSE
2001-09-14,3871.31,3916.93,3763.42,3774.62,TWSE
2001-09-18,3871.31,3916.93,3763.42,3774.62,Yahoo Finance ^TWII
2001-09-19,3670.73,3781.17,3663.66,3781.17,TWSE
2001-09-20,3693.91,3725.91,3693.11,3698.84,TWSE
2001-09-21,3599.73,3607.20,3588.46,3591.85,TWSE
2001-09-24,3503.33,3547.67,3461.97,3533.51,TWSE
2001-09-25,3622.46,3649.19,3473.56,3493.78,TWSE
2001-09-26,3475.87,3625.53,3411.68,3625.53,TWSE
2001-09-27,3586.81,3602.18,3546.27,3567.63,TWSE
2001-09-28,3587.81,3645.48,3587.81,3636.94,TWSE
2001-10-02,3623.67,3623.67,3484.08,3492.12,TWSE
2001-10-03,3480.19,3511.38,3436.25,3446.26,TWSE
2001-10-04,3610.16,3610.16,3491.32,3493.66,TWSE
2001-10-05,3502.37,3585.64,3467.94,3585.46,TWSE
2001-10-08,3519.35,3568.19,3495.93,3520.35,TWSE
2001-10-09,3561.16,3618.93,3535.20,3618.93,TWSE
2001-10-11,3721.06,3810.84,3716.19,3789.93,TWSE
2001-10-12,3898.36,3898.36,3769.89,3801.50,TWSE
2001-10-15,3724.66,3756.40,3706.15,3712.82,TWSE
2001-10-16,3715.09,3794.86,3699.82,3794.86,TWSE
2001-10-17,3829.61,3872.81,3800.20,3817.13,TWSE
2001-10-18,3761.10,3811.20,3758.58,3811.20,TWSE
2001-10-19,3786.19,3860.16,3759.51,3845.62,TWSE
2001-10-22,3866.70,3924.30,3861.71,3900.62,TWSE
2001-10-23,3959.14,3959.14,3868.92,3874.42,TWSE
2001-10-24,3884.62,3986.67,3884.62,3986.67,TWSE
2001-10-25,4006.42,4043.21,3983.64,4012.20,TWSE
2001-10-26,4042.47,4104.21,4031.05,4043.57,TWSE
2001-10-29,4081.94,4084.89,4033.98,4065.10,TWSE
2001-10-30,3961.56,3976.22,3906.70,3915.61,TWSE
2001-10-31,3877.24,3944.31,3872.33,3903.49,TWSE
2001-11-01,3939.08,3960.32,3910.84,3929.69,TWSE
2001-11-02,3999.86,4037.31,3981.61,3998.48,TWSE
2001-11-05,4014.74,4080.51,3984.68,4080.51,TWSE
2001-11-06,4136.85,4158.20,4082.92,4082.92,TWSE
2001-11-07,4135.97,4175.45,4114.84,4158.15,TWSE
2001-11-08,4179.05,4208.51,4112.07,4135.03,TWSE
2001-11-09,4135.03,4143.92,4087.35,4123.78,TWSE
2001-11-12,4126.00,4178.83,4090.96,4172.63,TWSE
2001-11-13,4151.46,4193.50,4134.93,4136.54,TWSE
2001-11-14,4241.04,4286.52,4210.55,4277.70,TWSE
2001-11-15,4291.15,4403.59,4285.33,4403.59,TWSE
2001-11-16,4427.78,4491.50,4395.34,4446.62,TWSE
2001-11-19,4459.39,4556.54,4436.90,4548.63,TWSE
2001-11-20,4577.26,4605.68,4452.93,4455.80,TWSE
2001-11-21,4409.07,4533.37,4401.46,4533.37,TWSE
2001-11-22,4538.29,4557.28,4438.40,4450.02,TWSE
2001-11-23,4470.42,4534.70,4440.89,4519.08,TWSE
2001-11-26,4560.56,4622.33,4560.56,4608.32,TWSE
2001-11-27,4722.18,4722.18,4523.00,4580.33,TWSE
2001-11-28,4578.70,4617.90,4447.58,4447.58,TWSE
2001-11-29,4398.12,4465.83,4376.22,4465.83,TWSE
2001-11-30,4497.25,4507.94,4441.12,4441.12,TWSE
2001-12-03,4534.37,4647.71,4532.19,4646.61,TWSE
2001-12-04,4638.89,4767.92,4603.12,4766.43,TWSE
2001-12-05,4892.31,4968.64,4854.24,4924.56,TWSE
2001-12-06,5097.57,5214.77,5084.14,5208.86,TWSE
2001-12-07,5234.54,5335.01,5180.40,5333.93,TWSE
2001-12-10,5345.51,5435.48,5304.99,5321.28,TWSE
2001-12-11,5252.71,5322.05,5191.32,5273.97,TWSE
2001-12-12,5333.73,5553.89,5333.73,5539.31,TWSE
2001-12-13,5623.60,5651.98,5349.67,5407.54,TWSE
2001-12-14,5293.52,5486.73,5293.52,5486.73,TWSE
2001-12-17,5502.04,5535.75,5413.97,5456.15,TWSE
2001-12-18,5588.45,5588.45,5309.38,5329.19,TWSE
2001-12-19,5391.31,5402.65,5214.13,5221.96,TWSE
2001-12-20,5199.47,5309.10,5142.83,5309.10,TWSE
2001-12-21,5209.27,5264.08,5090.55,5109.24,TWSE
2001-12-24,5132.61,5208.00,5100.52,5164.73,TWSE
2001-12-25,5198.17,5381.22,5197.32,5372.81,TWSE
2001-12-26,5421.73,5481.62,5348.15,5392.43,TWSE
2001-12-27,5464.52,5505.19,5293.54,5332.98,TWSE
2001-12-28,5372.85,5408.15,5307.38,5398.28,TWSE
2001-12-31,5481.07,5583.82,5477.53,5551.24,TWSE
2002-01-02,5575.34,5645.11,5493.59,5600.05,TWSE
2002-01-03,5684.91,5690.29,5517.40,5526.32,TWSE
2002-01-04,5678.36,5684.88,5600.93,5638.53,TWSE
2002-01-07,5691.15,5834.89,5657.93,5834.89,TWSE
2002-01-08,5843.68,5885.60,5753.62,5810.08,TWSE
2002-01-09,5885.89,5915.42,5781.62,5865.54,TWSE
2002-01-10,5868.54,5910.77,5806.13,5871.28,TWSE
2002-01-11,5889.49,5926.99,5685.29,5687.59,TWSE
2002-01-14,5625.64,5661.02,5578.46,5611.86,TWSE
2002-01-15,5582.65,5628.65,5494.04,5592.74,TWSE
2002-01-16,5615.29,5645.40,5488.33,5488.33,TWSE
2002-01-17,5375.40,5519.81,5375.40,5501.13,TWSE
2002-01-18,5589.61,5632.17,5511.29,5522.80,TWSE
2002-01-21,5569.60,5799.87,5565.01,5798.05,TWSE
2002-01-22,5863.58,5880.83,5731.70,5804.10,TWSE
2002-01-23,5770.96,5958.39,5744.89,5769.78,TWSE
2002-01-24,5853.87,5875.32,5735.70,5801.92,TWSE
2002-01-25,5925.78,5978.57,5897.67,5950.64,TWSE
2002-01-28,6026.87,6049.12,5984.21,6007.33,TWSE
2002-01-29,6008.22,6008.22,5841.44,5846.19,TWSE
2002-01-30,5738.99,5849.36,5738.99,5812.67,TWSE
2002-01-31,5871.38,5915.38,5823.94,5872.14,TWSE
2002-02-01,5948.10,5948.10,5849.05,5857.93,TWSE
2002-02-04,5867.45,5909.46,5834.50,5849.85,TWSE
2002-02-05,5812.70,5849.02,5773.07,5844.25,TWSE
2002-02-06,5887.31,5978.89,5887.31,5926.08,TWSE
2002-02-18,6048.65,6048.65,5953.75,5968.61,TWSE
2002-02-19,6000.61,6000.61,5860.31,5861.66,TWSE
2002-02-20,5817.74,5838.65,5685.82,5692.18,TWSE
2002-02-21,5766.40,5769.59,5640.15,5656.10,TWSE
2002-02-22,5562.17,5632.12,5532.17,5609.83,TWSE
2002-02-25,5644.22,5663.62,5499.85,5510.71,TWSE
2002-02-26,5607.28,5629.68,5492.94,5499.79,TWSE
2002-02-27,5536.81,5699.67,5536.81,5696.11,TWSE
2002-03-01,5672.03,5736.22,5645.80,5680.78,TWSE
2002-03-04,5878.46,5923.21,5834.26,5874.48,TWSE
2002-03-05,6033.71,6033.71,5877.41,5957.75,TWSE
2002-03-06,5955.27,6097.57,5942.28,6097.57,TWSE
2002-03-07,6130.74,6137.01,6037.63,6048.15,TWSE
2002-03-08,6077.70,6125.46,5971.91,6011.65,TWSE
2002-03-11,6088.19,6212.28,6078.29,6196.26,TWSE
2002-03-12,6198.75,6208.58,6086.41,6122.54,TWSE
2002-03-13,6119.13,6203.15,6068.23,6088.34,TWSE
2002-03-14,6045.55,6111.84,6006.08,6070.50,TWSE
2002-03-15,6062.13,6112.64,5939.46,5951.45,TWSE
2002-03-18,5999.60,6002.33,5917.07,5972.11,TWSE
2002-03-19,5989.73,6007.66,5877.39,5906.73,TWSE
2002-03-20,5948.00,6068.29,5900.34,6059.06,TWSE
2002-03-21,5981.77,6080.45,5980.81,6046.52,TWSE
2002-03-22,6149.16,6203.21,6127.04,6140.42,TWSE
2002-03-25,6194.16,6243.51,6154.73,6219.17,TWSE
2002-03-26,6206.18,6259.81,6181.75,6242.64,TWSE
2002-03-27,6303.44,6326.43,6139.18,6147.75,TWSE
2002-03-28,6190.08,6209.92,6100.72,6209.92,TWSE
2002-03-29,6265.02,6265.02,6154.56,6167.47,TWSE
2002-04-01,6118.45,6213.32,6118.45,6186.44,TWSE
2002-04-02,6248.04,6326.13,6230.35,6243.46,TWSE
2002-04-03,6220.49,6306.44,6207.13,6294.66,TWSE
2002-04-04,6303.71,6307.32,6164.06,6207.09,TWSE
2002-04-08,6204.57,6246.32,6176.79,6190.83,TWSE
2002-04-09,6222.72,6235.97,6069.07,6069.85,TWSE
2002-04-10,6036.08,6082.94,6016.04,6059.21,TWSE
2002-04-11,6098.54,6145.57,6065.59,6073.76,TWSE
2002-04-12,6036.45,6182.59,6009.45,6182.59,TWSE
2002-04-15,6226.57,6261.78,6179.61,6196.00,TWSE
2002-04-16,6249.93,6292.18,6222.43,6257.73,TWSE
2002-04-17,6398.03,6413.76,6344.57,6390.68,TWSE
2002-04-18,6434.46,6450.30,6373.97,6387.21,TWSE
2002-04-19,6397.54,6460.87,6392.90,6448.12,TWSE
2002-04-22,6470.45,6484.93,6424.78,6462.30,TWSE
2002-04-23,6440.93,6462.88,6372.40,6390.62,TWSE
2002-04-24,6403.77,6460.66,6379.48,6455.39,TWSE
2002-04-25,6440.07,6464.42,6348.42,6355.59,TWSE
2002-04-26,6359.95,6369.95,6266.46,6306.93,TWSE
2002-04-29,6244.26,6258.18,6175.71,6205.09,TWSE
2002-04-30,6201.84,6214.47,6035.82,6065.73,TWSE
2002-05-02,6099.27,6106.77,5855.96,5867.83,TWSE
2002-05-03,5785.73,5910.67,5750.82,5910.32,TWSE
2002-05-06,5807.50,5807.50,5601.50,5642.48,TWSE
2002-05-07,5525.30,5700.69,5525.30,5663.98,TWSE
2002-05-08,5724.06,5777.47,5670.36,5711.53,TWSE
2002-05-09,5884.28,5884.28,5737.18,5739.28,TWSE
2002-05-10,5701.18,5813.33,5647.75,5807.30,TWSE
2002-05-13,5751.46,5775.66,5718.60,5742.66,TWSE
2002-05-14,5801.54,5822.66,5729.43,5755.92,TWSE
2002-05-15,5836.22,5933.68,5815.08,5910.69,TWSE
2002-05-16,5883.57,5883.57,5795.84,5801.47,TWSE
2002-05-17,5830.72,5865.44,5779.43,5789.84,TWSE
2002-05-20,5739.45,5739.45,5564.96,5574.71,TWSE
2002-05-21,5497.98,5540.49,5429.01,5443.18,TWSE
2002-05-22,5444.57,5544.18,5421.80,5541.64,TWSE
2002-05-23,5536.41,5595.90,5526.74,5549.96,TWSE
2002-05-24,5588.59,5718.74,5586.93,5706.40,TWSE
2002-05-27,5624.81,5733.97,5623.88,5729.90,TWSE
2002-05-28,5765.56,5796.73,5652.59,5669.53,TWSE
2002-05-29,5620.87,5630.44,5565.00,5623.23,TWSE
2002-05-30,5646.44,5751.89,5646.44,5736.19,TWSE
2002-05-31,5718.29,5718.29,5645.95,5675.65,TWSE
2002-06-03,5628.27,5628.27,5517.62,5571.08,TWSE
2002-06-04,5443.87,5535.62,5443.87,5527.80,TWSE
2002-06-05,5583.88,5626.31,5567.06,5599.42,TWSE
2002-06-06,5613.66,5656.91,5578.06,5591.02,TWSE
2002-06-07,5472.62,5523.82,5423.26,5433.02,TWSE
2002-06-10,5477.01,5520.18,5442.64,5499.33,TWSE
2002-06-11,5536.87,5540.56,5391.75,5405.42,TWSE
2002-06-12,5380.07,5422.70,5357.12,5399.96,TWSE
2002-06-13,5458.21,5580.07,5457.51,5562.23,TWSE
2002-06-14,5539.21,5585.51,5534.83,5562.12,TWSE
2002-06-17,5589.64,5621.05,5531.64,5537.81,TWSE
2002-06-18,5625.15,5625.15,5516.54,5536.42,TWSE
2002-06-19,5532.28,5565.46,5388.46,5399.50,TWSE
2002-06-20,5333.83,5445.77,5264.35,5445.77,TWSE
2002-06-21,5377.55,5516.55,5357.51,5460.53,TWSE
2002-06-24,5440.61,5467.25,5361.29,5384.89,TWSE
2002-06-25,5419.93,5432.38,5299.19,5316.04,TWSE
2002-06-26,5225.58,5233.76,5094.42,5123.04,TWSE
2002-06-27,5144.57,5172.67,5048.31,5071.76,TWSE
2002-06-28,5143.41,5181.37,5109.83,5153.71,TWSE
2002-07-01,5124.50,5124.50,4947.63,4969.32,TWSE
2002-07-02,4881.12,5005.25,4881.12,4995.08,TWSE
2002-07-03,4901.70,5054.25,4808.16,5047.82,TWSE
2002-07-04,5064.43,5134.90,5024.44,5130.80,TWSE
2002-07-05,5146.17,5255.23,5110.38,5255.23,TWSE
2002-07-08,5350.31,5417.10,5324.35,5377.86,TWSE
2002-07-09,5352.71,5388.52,5310.73,5388.52,TWSE
2002-07-10,5315.81,5332.06,5249.38,5262.01,TWSE
2002-07-11,5163.27,5277.39,5162.26,5202.59,TWSE
2002-07-12,5287.46,5420.15,5287.46,5416.50,TWSE
2002-07-15,5427.33,5440.06,5371.20,5393.01,TWSE
2002-07-16,5441.97,5460.09,5311.32,5318.01,TWSE
2002-07-17,5273.01,5317.90,5202.83,5250.82,TWSE
2002-07-18,5257.89,5315.79,5219.94,5242.11,TWSE
2002-07-19,5168.55,5191.77,5133.29,5161.92,TWSE
2002-07-22,5064.51,5089.19,5003.39,5043.50,TWSE
2002-07-23,5016.14,5159.23,4979.85,5159.23,TWSE
2002-07-24,5066.87,5111.64,4998.84,5039.48,TWSE
2002-07-25,5164.53,5171.51,5043.04,5045.07,TWSE
2002-07-26,4902.50,4916.41,4828.51,4855.34,TWSE
2002-07-29,4826.82,4917.26,4796.45,4858.44,TWSE
2002-07-30,4971.98,5019.82,4937.11,5005.04,TWSE
2002-07-31,5006.62,5006.62,4927.44,4940.38,TWSE
2002-08-01,4923.29,4970.36,4911.51,4916.59,TWSE
2002-08-02,4848.59,4920.89,4805.77,4920.89,TWSE
2002-08-05,4684.55,4737.77,4624.76,4636.67,TWSE
2002-08-06,4506.60,4629.93,4506.60,4572.35,TWSE
2002-08-07,4696.40,4736.63,4684.50,4720.73,TWSE
2002-08-08,4736.59,4764.03,4677.02,4700.23,TWSE
2002-08-09,4802.41,4861.98,4786.21,4851.44,TWSE
2002-08-12,4855.61,4895.63,4824.23,4852.07,TWSE
2002-08-13,4845.00,4847.31,4804.92,4817.93,TWSE
2002-08-14,4788.18,4887.43,4787.96,4887.43,TWSE
2002-08-15,4966.04,5008.35,4927.61,4931.47,TWSE
2002-08-16,4979.05,4979.52,4895.83,4919.02,TWSE
2002-08-19,4937.77,4948.93,4875.89,4888.00,TWSE
2002-08-20,4950.01,4953.01,4907.59,4919.26,TWSE
2002-08-21,4886.78,4906.78,4856.03,4887.79,TWSE
2002-08-22,4926.22,4989.13,4909.23,4956.49,TWSE
2002-08-23,5005.74,5030.24,4964.81,4968.85,TWSE
2002-08-26,4933.85,4949.43,4899.50,4935.92,TWSE
2002-08-27,4947.80,4958.78,4875.04,4878.85,TWSE
2002-08-28,4845.18,4858.61,4775.74,4789.63,TWSE
2002-08-29,4770.91,4809.83,4747.42,4800.63,TWSE
2002-08-30,4812.95,4812.95,4762.20,4764.94,TWSE
2002-09-02,4756.01,4756.01,4643.66,4644.58,TWSE
2002-09-03,4654.15,4666.39,4577.94,4588.06,TWSE
2002-09-04,4499.51,4595.91,4490.99,4534.15,TWSE
2002-09-05,4578.94,4585.25,4459.37,4459.37,TWSE
2002-09-09,4475.99,4533.27,4438.91,4533.27,TWSE
2002-09-10,4545.83,4668.01,4522.37,4668.01,TWSE
2002-09-11,4690.88,4707.55,4649.21,4660.53,TWSE
2002-09-12,4653.37,4687.33,4609.70,4647.37,TWSE
2002-09-13,4590.79,4613.47,4573.72,4580.17,TWSE
2002-09-16,4578.15,4579.60,4451.20,4457.16,TWSE
2002-09-17,4478.58,4633.86,4463.86,4633.86,TWSE
2002-09-18,4531.13,4540.53,4469.67,4482.65,TWSE
2002-09-19,4502.03,4542.84,4475.75,4491.31,TWSE
2002-09-20,4420.43,4438.44,4369.51,4429.25,TWSE
2002-09-23,4424.16,4450.08,4328.40,4328.40,TWSE
2002-09-24,4303.85,4355.64,4272.60,4286.94,TWSE
2002-09-25,4277.00,4287.33,4127.59,4185.95,TWSE
2002-09-26,4263.67,4287.63,4219.57,4222.22,TWSE
2002-09-27,4240.48,4279.00,4202.84,4208.80,TWSE
2002-09-30,4147.04,4191.81,4082.94,4191.81,TWSE
2002-10-01,4146.67,4223.52,4143.62,4162.77,Yahoo Finance ^TWII
2002-10-02,4246.16,4260.41,4171.76,4171.76,Yahoo Finance ^TWII
2002-10-03,4138.29,4140.23,4073.96,4075.98,Yahoo Finance ^TWII
2002-10-04,4027.46,4098.57,4014.21,4067.79,Yahoo Finance ^TWII
2002-10-07,4020.42,4020.42,3910.50,3924.04,Yahoo Finance ^TWII
2002-10-08,3903.74,3975.98,3874.25,3964.28,Yahoo Finance ^TWII
2002-10-09,3974.51,4031.57,3947.61,3947.61,Yahoo Finance ^TWII
2002-10-11,4012.40,4014.63,3845.76,3850.04,Yahoo Finance ^TWII
2002-10-14,3885.68,3920.75,3847.10,3910.98,Yahoo Finance ^TWII
2002-10-15,3980.07,4132.08,3979.34,4131.47,Yahoo Finance ^TWII
2002-10-16,4249.23,4249.54,4155.02,4223.32,Yahoo Finance ^TWII
2002-10-17,4182.80,4298.50,4177.34,4280.81,Yahoo Finance ^TWII
2002-10-18,4373.17,4465.99,4360.66,4458.17,Yahoo Finance ^TWII
2002-10-21,4446.10,4489.63,4418.65,4463.52,Yahoo Finance ^TWII
2002-10-22,4512.82,4536.91,4361.05,4386.46,Yahoo Finance ^TWII
2002-10-23,4382.60,4593.40,4352.32,4589.88,Yahoo Finance ^TWII
2002-10-24,4611.42,4633.09,4542.33,4574.80,Yahoo Finance ^TWII
2002-10-25,4537.74,4604.17,4516.07,4564.06,Yahoo Finance ^TWII
2002-10-28,4630.84,4682.94,4601.37,4601.37,Yahoo Finance ^TWII
2002-10-29,4603.36,4619.72,4541.27,4554.13,Yahoo Finance ^TWII
2002-10-30,4537.86,4594.20,4448.03,4498.73,Yahoo Finance ^TWII
2002-10-31,4547.13,4605.44,4540.87,4579.14,Yahoo Finance ^TWII
2002-11-01,4596.69,4626.29,4486.34,4500.55,Yahoo Finance ^TWII
2002-11-04,4599.48,4625.44,4546.76,4583.68,Yahoo Finance ^TWII
2002-11-05,4631.71,4631.71,4552.94,4566.10,Yahoo Finance ^TWII
2002-11-06,4584.38,4732.57,4552.98,4725.34,Yahoo Finance ^TWII
2002-11-07,4757.36,4799.61,4737.36,4757.98,Yahoo Finance ^TWII
2002-11-08,4705.27,4811.01,4705.27,4811.01,Yahoo Finance ^TWII
2002-11-11,4790.94,4794.74,4664.65,4664.65,Yahoo Finance ^TWII
2002-11-12,4603.62,4688.42,4603.62,4676.47,Yahoo Finance ^TWII
2002-11-13,4697.50,4724.59,4634.97,4671.77,Yahoo Finance ^TWII
2002-11-14,4700.53,4740.71,4665.56,4665.56,Yahoo Finance ^TWII
2002-11-15,4770.02,4828.28,4767.07,4813.53,Yahoo Finance ^TWII
2002-11-18,4828.44,4862.66,4786.94,4790.61,Yahoo Finance ^TWII
2002-11-19,4784.04,4799.19,4719.41,4726.50,Yahoo Finance ^TWII
2002-11-20,4721.90,4736.66,4637.92,4653.50,Yahoo Finance ^TWII
2002-11-21,4722.06,4724.63,4573.08,4579.45,Yahoo Finance ^TWII
2002-11-22,4694.52,4746.68,4689.09,4707.61,Yahoo Finance ^TWII
2002-11-25,4731.31,4731.31,4661.04,4723.16,Yahoo Finance ^TWII
2002-11-26,4722.35,4772.36,4677.89,4677.89,Yahoo Finance ^TWII
2002-11-27,4641.99,4659.82,4588.40,4633.03,Yahoo Finance ^TWII
2002-11-28,4698.58,4712.01,4612.60,4612.60,Yahoo Finance ^TWII
2002-11-29,4637.25,4666.24,4609.66,4646.69,Yahoo Finance ^TWII
2002-12-02,4655.42,4683.18,4613.15,4683.18,Yahoo Finance ^TWII
2002-12-03,4684.12,4805.65,4675.16,4793.93,Yahoo Finance ^TWII
2002-12-04,4759.78,4775.40,4727.49,4727.49,Yahoo Finance ^TWII
2002-12-05,4725.00,4770.12,4718.05,4755.40,Yahoo Finance ^TWII
2002-12-06,4741.51,4771.67,4733.45,4738.98,Yahoo Finance ^TWII
2002-12-09,4826.12,4867.23,4809.60,4823.67,Yahoo Finance ^TWII
2002-12-10,4771.41,4780.37,4718.38,4755.01,Yahoo Finance ^TWII
2002-12-11,4786.34,4832.54,4696.39,4699.41,Yahoo Finance ^TWII
2002-12-12,4713.61,4735.89,4623.30,4669.70,Yahoo Finance ^TWII
2002-12-13,4652.57,4678.15,4586.41,4588.14,Yahoo Finance ^TWII
2002-12-16,4554.98,4592.12,4537.41,4582.05,Yahoo Finance ^TWII
2002-12-17,4627.71,4633.65,4545.62,4545.62,Yahoo Finance ^TWII
2002-12-18,4567.75,4581.18,4517.61,4535.93,Yahoo Finance ^TWII
2002-12-19,4498.13,4592.12,4480.98,4549.23,Yahoo Finance ^TWII
2002-12-20,4578.65,4605.72,4502.32,4595.67,Yahoo Finance ^TWII
2002-12-23,4607.79,4627.72,4559.50,4572.77,Yahoo Finance ^TWII
2002-12-24,4591.13,4612.96,4539.34,4544.50,Yahoo Finance ^TWII
2002-12-25,4542.38,4561.42,4482.65,4484.43,Yahoo Finance ^TWII
2002-12-26,4510.46,4567.37,4462.21,4567.37,Yahoo Finance ^TWII
2002-12-27,4560.42,4588.74,4547.32,4547.32,Yahoo Finance ^TWII
2002-12-30,4508.59,4513.87,4445.34,4457.75,Yahoo Finance ^TWII
2002-12-31,4455.92,4471.98,4413.14,4452.45,Yahoo Finance ^TWII
2003-01-02,4460.57,4553.11,4431.19,4524.87,Yahoo Finance ^TWII
2003-01-03,4618.24,4641.46,4602.24,4626.32,Yahoo Finance ^TWII
2003-01-06,4653.99,4710.31,4635.87,4689.86,Yahoo Finance ^TWII
2003-01-07,4759.81,4776.15,4695.44,4701.08,Yahoo Finance ^TWII
2003-01-08,4722.99,4859.78,4722.99,4836.93,Yahoo Finance ^TWII
2003-01-09,4833.55,4867.40,4798.16,4813.73,Yahoo Finance ^TWII
2003-01-10,4882.07,4884.64,4827.91,4850.80,Yahoo Finance ^TWII
2003-01-13,4895.30,5000.14,4895.30,4991.26,Yahoo Finance ^TWII
2003-01-14,5014.95,5057.21,4985.62,4992.42,Yahoo Finance ^TWII
2003-01-15,5039.76,5039.76,4952.16,5017.70,Yahoo Finance ^TWII
2003-01-16,5021.54,5082.39,4943.29,4943.29,Yahoo Finance ^TWII
2003-01-17,4955.94,4983.81,4897.03,4907.78,Yahoo Finance ^TWII
2003-01-20,4875.74,4951.03,4875.74,4951.03,Yahoo Finance ^TWII
2003-01-21,4972.85,5031.68,4942.18,4945.87,Yahoo Finance ^TWII
2003-01-22,4955.71,4993.27,4905.79,4993.27,Yahoo Finance ^TWII
2003-01-23,5035.79,5102.77,5035.79,5078.80,Yahoo Finance ^TWII
2003-01-24,5141.80,5141.80,5053.55,5057.32,Yahoo Finance ^TWII
2003-01-27,5037.10,5055.31,4942.89,4972.59,Yahoo Finance ^TWII
2003-01-28,4949.47,5023.24,4946.94,5015.16,Yahoo Finance ^TWII
2003-02-06,4975.65,4975.65,4833.58,4833.58,Yahoo Finance ^TWII
2003-02-07,4797.38,4833.84,4641.06,4735.37,Yahoo Finance ^TWII
2003-02-10,4696.57,4715.18,4627.53,4643.87,Yahoo Finance ^TWII
2003-02-11,4692.82,4704.46,4613.62,4618.98,Yahoo Finance ^TWII
2003-02-12,4599.67,4666.21,4592.41,4624.87,Yahoo Finance ^TWII
2003-02-13,4616.62,4639.56,4507.96,4507.96,Yahoo Finance ^TWII
2003-02-14,4562.24,4569.83,4463.06,4493.99,Yahoo Finance ^TWII
2003-02-17,4629.57,4707.73,4613.36,4705.08,Yahoo Finance ^TWII
2003-02-18,4698.10,4698.10,4595.98,4605.31,Yahoo Finance ^TWII
2003-02-19,4670.15,4672.03,4550.83,4550.83,Yahoo Finance ^TWII
2003-02-20,4555.65,4606.75,4520.76,4550.70,Yahoo Finance ^TWII
2003-02-21,4584.60,4594.67,4538.46,4548.35,Yahoo Finance ^TWII
2003-02-24,4585.80,4613.08,4538.55,4609.20,Yahoo Finance ^TWII
2003-02-25,4559.32,4559.32,4454.35,4454.35,Yahoo Finance ^TWII
2003-02-26,4478.14,4495.64,4436.52,4456.69,Yahoo Finance ^TWII
2003-02-27,4411.54,4473.53,4385.61,4432.46,Yahoo Finance ^TWII
2003-03-03,4483.44,4546.85,4472.17,4526.69,Yahoo Finance ^TWII
2003-03-04,4481.55,4515.97,4476.55,4499.69,Yahoo Finance ^TWII
2003-03-05,4457.46,4475.97,4411.97,4418.11,Yahoo Finance ^TWII
2003-03-06,4443.34,4451.40,4385.58,4397.44,Yahoo Finance ^TWII
2003-03-07,4352.73,4403.39,4312.28,4350.59,Yahoo Finance ^TWII
2003-03-10,4370.68,4384.64,4308.52,4319.99,Yahoo Finance ^TWII
2003-03-11,4272.02,4313.59,4240.60,4260.45,Yahoo Finance ^TWII
2003-03-12,4275.58,4328.15,4254.41,4328.15,Yahoo Finance ^TWII
2003-03-13,4320.48,4400.83,4298.46,4378.99,Yahoo Finance ^TWII
2003-03-14,4519.20,4532.97,4469.99,4476.17,Yahoo Finance ^TWII
2003-03-17,4441.80,4441.80,4357.88,4357.99,Yahoo Finance ^TWII
2003-03-18,4504.82,4569.12,4488.28,4539.72,Yahoo Finance ^TWII
2003-03-19,4533.45,4547.85,4495.03,4515.07,Yahoo Finance ^TWII
2003-03-20,4584.47,4613.69,4505.46,4599.25,Yahoo Finance ^TWII
2003-03-21,4589.81,4615.84,4565.05,4586.92,Yahoo Finance ^TWII
2003-03-24,4619.07,4619.98,4568.34,4570.68,Yahoo Finance ^TWII
2003-03-25,4473.56,4513.83,4473.56,4498.83,Yahoo Finance ^TWII
2003-03-26,4533.27,4537.00,4489.62,4496.05,Yahoo Finance ^TWII
2003-03-27,4467.74,4514.24,4467.16,4514.24,Yahoo Finance ^TWII
2003-03-28,4513.26,4517.51,4465.28,4477.01,Yahoo Finance ^TWII
2003-03-31,4442.10,4442.10,4306.54,4321.22,Yahoo Finance ^TWII
2003-04-01,4275.39,4338.24,4275.39,4337.61,Yahoo Finance ^TWII
2003-04-02,4339.16,4351.71,4295.15,4311.56,Yahoo Finance ^TWII
2003-04-03,4394.43,4411.07,4357.85,4358.39,Yahoo Finance ^TWII
2003-04-04,4343.43,4499.18,4339.20,4499.18,Yahoo Finance ^TWII
2003-04-07,4505.74,4597.23,4479.12,4575.83,Yahoo Finance ^TWII
2003-04-08,4559.22,4606.90,4544.83,4552.45,Yahoo Finance ^TWII
2003-04-09,4539.30,4544.90,4509.30,4537.39,Yahoo Finance ^TWII
2003-04-10,4537.15,4597.50,4532.30,4541.36,Yahoo Finance ^TWII
2003-04-11,4549.08,4562.95,4521.17,4530.40,Yahoo Finance ^TWII
2003-04-14,4540.09,4549.64,4456.96,4459.81,Yahoo Finance ^TWII
2003-04-15,4494.19,4500.28,4466.02,4487.59,Yahoo Finance ^TWII
2003-04-16,4541.66,4619.95,4541.66,4609.32,Yahoo Finance ^TWII
2003-04-17,4593.89,4628.00,4564.52,4566.66,Yahoo Finance ^TWII
2003-04-18,4633.59,4677.42,4633.59,4658.30,Yahoo Finance ^TWII
2003-04-21,4652.24,4661.89,4609.47,4648.12,Yahoo Finance ^TWII
2003-04-22,4622.25,4626.46,4556.10,4556.10,Yahoo Finance ^TWII
2003-04-23,4611.46,4621.78,4546.20,4564.93,Yahoo Finance ^TWII
2003-04-24,4538.37,4538.37,4360.83,4374.94,Yahoo Finance ^TWII
2003-04-25,4269.60,4338.27,4231.56,4233.54,Yahoo Finance ^TWII
2003-04-28,4126.25,4156.85,4044.73,4139.50,Yahoo Finance ^TWII
2003-04-29,4186.23,4227.82,4142.62,4200.32,Yahoo Finance ^TWII
2003-04-30,4260.08,4268.84,4128.34,4148.07,Yahoo Finance ^TWII
2003-05-02,4130.60,4193.19,4108.67,4187.82,Yahoo Finance ^TWII
2003-05-05,4167.42,4215.90,4146.14,4202.12,Yahoo Finance ^TWII
2003-05-06,4210.39,4250.89,4206.84,4220.45,Yahoo Finance ^TWII
2003-05-07,4253.43,4276.69,4217.73,4275.91,Yahoo Finance ^TWII
2003-05-08,4254.51,4254.51,4191.25,4191.25,Yahoo Finance ^TWII
2003-05-09,4194.55,4278.89,4194.55,4244.18,Yahoo Finance ^TWII
2003-05-12,4264.74,4296.72,4245.21,4261.02,Yahoo Finance ^TWII
2003-05-13,4320.13,4362.34,4320.13,4334.59,Yahoo Finance ^TWII
2003-05-14,4329.42,4351.54,4317.99,4341.10,Yahoo Finance ^TWII
2003-05-15,4329.98,4331.24,4288.49,4331.24,Yahoo Finance ^TWII
2003-05-16,4360.64,4365.11,4283.77,4283.77,Yahoo Finance ^TWII
2003-05-19,4259.88,4263.81,4233.75,4255.80,Yahoo Finance ^TWII
2003-05-20,4202.62,4254.14,4194.22,4251.59,Yahoo Finance ^TWII
2003-05-21,4248.68,4248.68,4212.50,4216.64,Yahoo Finance ^TWII
2003-05-22,4209.26,4271.30,4184.85,4271.30,Yahoo Finance ^TWII
2003-05-23,4295.76,4360.94,4289.53,4349.52,Yahoo Finance ^TWII
2003-05-26,4393.40,4465.57,4393.40,4465.57,Yahoo Finance ^TWII
2003-05-27,4463.36,4484.54,4445.74,4451.11,Yahoo Finance ^TWII
2003-05-28,4538.07,4558.53,4474.41,4474.41,Yahoo Finance ^TWII
2003-05-29,4496.50,4543.04,4472.59,4543.04,Yahoo Finance ^TWII
2003-05-30,4524.45,4639.01,4509.73,4555.90,Yahoo Finance ^TWII
2003-06-02,4620.54,4706.55,4612.10,4692.94,Yahoo Finance ^TWII
2003-06-03,4687.75,4717.19,4659.17,4678.08,Yahoo Finance ^TWII
2003-06-05,4743.98,4779.40,4720.36,4738.34,Yahoo Finance ^TWII
2003-06-06,4749.04,4751.46,4701.35,4740.45,Yahoo Finance ^TWII
2003-06-09,4725.84,4831.46,4715.82,4826.94,Yahoo Finance ^TWII
2003-06-10,4810.31,4854.04,4801.72,4832.20,Yahoo Finance ^TWII
2003-06-11,4872.46,4874.68,4804.65,4804.65,Yahoo Finance ^TWII
2003-06-12,4846.72,4914.41,4822.17,4878.43,Yahoo Finance ^TWII
2003-06-13,4878.47,4904.36,4865.91,4881.90,Yahoo Finance ^TWII
2003-06-16,4875.43,4934.87,4873.67,4892.36,Yahoo Finance ^TWII
2003-06-17,4978.43,4993.41,4953.26,4973.19,Yahoo Finance ^TWII
2003-06-18,5020.30,5089.08,4993.04,4999.07,Yahoo Finance ^TWII
2003-06-19,5038.34,5058.69,4982.37,5048.91,Yahoo Finance ^TWII
2003-06-20,5018.57,5078.79,4984.14,5002.58,Yahoo Finance ^TWII
2003-06-23,5014.80,5036.86,4920.33,4921.72,Yahoo Finance ^TWII
2003-06-24,4881.76,4922.93,4868.85,4909.31,Yahoo Finance ^TWII
2003-06-25,4923.85,4959.40,4898.01,4933.79,Yahoo Finance ^TWII
2003-06-26,4932.02,4954.28,4894.01,4894.01,Yahoo Finance ^TWII
2003-06-27,4936.11,4949.49,4856.33,4877.90,Yahoo Finance ^TWII
2003-06-30,4881.80,4900.44,4864.57,4872.15,Yahoo Finance ^TWII
2003-07-01,4893.58,5017.78,4893.58,5017.78,Yahoo Finance ^TWII
2003-07-02,5075.21,5121.73,5047.83,5095.24,Yahoo Finance ^TWII
2003-07-03,5167.86,5197.72,5095.31,5095.31,Yahoo Finance ^TWII
2003-07-04,5126.57,5151.85,5085.85,5151.85,Yahoo Finance ^TWII
2003-07-07,5227.31,5324.96,5214.09,5322.26,Yahoo Finance ^TWII
2003-07-08,5371.93,5416.98,5323.28,5367.97,Yahoo Finance ^TWII
2003-07-09,5365.98,5410.62,5342.03,5358.91,Yahoo Finance ^TWII
2003-07-10,5367.35,5398.97,5282.38,5282.38,Yahoo Finance ^TWII
2003-07-11,5234.02,5251.85,5179.36,5239.96,Yahoo Finance ^TWII
2003-07-14,5282.98,5390.86,5273.15,5349.94,Yahoo Finance ^TWII
2003-07-15,5399.26,5403.49,5326.08,5335.86,Yahoo Finance ^TWII
2003-07-16,5362.34,5435.12,5348.05,5413.87,Yahoo Finance ^TWII
2003-07-17,5389.52,5429.92,5299.51,5299.51,Yahoo Finance ^TWII
2003-07-18,5291.53,5326.62,5250.03,5287.38,Yahoo Finance ^TWII
2003-07-21,5338.53,5349.20,5219.30,5219.30,Yahoo Finance ^TWII
2003-07-22,5225.57,5271.63,5213.06,5261.01,Yahoo Finance ^TWII
2003-07-23,5299.12,5345.99,5277.30,5287.89,Yahoo Finance ^TWII
2003-07-24,5324.63,5402.75,5305.70,5402.75,Yahoo Finance ^TWII
2003-07-25,5389.89,5441.02,5379.81,5394.75,Yahoo Finance ^TWII
2003-07-28,5476.16,5504.38,5443.40,5451.80,Yahoo Finance ^TWII
2003-07-29,5463.14,5464.95,5338.00,5342.46,Yahoo Finance ^TWII
2003-07-30,5327.24,5354.96,5278.81,5307.18,Yahoo Finance ^TWII
2003-07-31,5294.52,5328.55,5260.83,5318.34,Yahoo Finance ^TWII
2003-08-01,5365.73,5408.15,5363.89,5390.51,Yahoo Finance ^TWII
2003-08-04,5393.10,5400.41,5361.87,5377.19,Yahoo Finance ^TWII
2003-08-05,5403.84,5407.50,5259.45,5259.45,Yahoo Finance ^TWII
2003-08-06,5214.09,5251.91,5207.61,5225.83,Yahoo Finance ^TWII
2003-08-07,5257.56,5286.99,5193.18,5259.07,Yahoo Finance ^TWII
2003-08-08,5270.95,5315.18,5232.55,5232.55,Yahoo Finance ^TWII
2003-08-11,5239.17,5239.17,5174.77,5214.60,Yahoo Finance ^TWII
2003-08-12,5250.45,5272.96,5245.09,5255.24,Yahoo Finance ^TWII
2003-08-13,5319.30,5454.36,5318.53,5442.27,Yahoo Finance ^TWII
2003-08-14,5463.54,5488.82,5410.12,5436.75,Yahoo Finance ^TWII
2003-08-15,5491.85,5540.00,5471.60,5488.74,Yahoo Finance ^TWII
2003-08-18,5528.09,5539.02,5480.64,5516.80,Yahoo Finance ^TWII
2003-08-19,5586.43,5594.93,5498.38,5512.16,Yahoo Finance ^TWII
2003-08-20,5548.84,5562.95,5525.45,5543.61,Yahoo Finance ^TWII
2003-08-21,5545.97,5612.15,5522.42,5611.86,Yahoo Finance ^TWII
2003-08-22,5648.94,5692.93,5629.20,5646.62,Yahoo Finance ^TWII
2003-08-25,5667.04,5686.85,5626.60,5686.85,Yahoo Finance ^TWII
2003-08-26,5656.07,5656.07,5542.43,5558.25,Yahoo Finance ^TWII
2003-08-27,5577.30,5626.46,5542.45,5553.43,Yahoo Finance ^TWII
2003-08-28,5596.56,5618.36,5504.52,5523.12,Yahoo Finance ^TWII
2003-08-29,5561.54,5657.05,5542.39,5650.83,Yahoo Finance ^TWII
2003-09-01,5690.84,5726.48,5651.04,5691.79,Yahoo Finance ^TWII
2003-09-02,5693.51,5715.95,5664.27,5715.95,Yahoo Finance ^TWII
2003-09-03,5751.37,5756.08,5673.18,5673.18,Yahoo Finance ^TWII
2003-09-04,5681.26,5702.16,5624.75,5625.63,Yahoo Finance ^TWII
2003-09-05,5670.30,5709.63,5620.29,5639.03,Yahoo Finance ^TWII
2003-09-08,5638.20,5751.99,5609.24,5727.01,Yahoo Finance ^TWII
2003-09-09,5786.97,5800.80,5680.69,5680.69,Yahoo Finance ^TWII
2003-09-10,5654.06,5683.85,5591.33,5623.43,Yahoo Finance ^TWII
2003-09-12,5627.35,5654.44,5600.18,5645.28,Yahoo Finance ^TWII
2003-09-15,5640.22,5651.15,5606.06,5623.22,Yahoo Finance ^TWII
2003-09-16,5606.17,5699.26,5605.99,5699.26,Yahoo Finance ^TWII
2003-09-17,5757.25,5779.95,5735.96,5747.14,Yahoo Finance ^TWII
2003-09-18,5747.23,5758.68,5697.82,5750.81,Yahoo Finance ^TWII
2003-09-19,5790.38,5809.43,5747.10,5757.91,Yahoo Finance ^TWII
2003-09-22,5732.81,5750.14,5675.75,5675.75,Yahoo Finance ^TWII
2003-09-23,5650.35,5686.46,5641.71,5684.01,Yahoo Finance ^TWII
2003-09-24,5704.01,5722.36,5678.64,5722.36,Yahoo Finance ^TWII
2003-09-25,5634.25,5695.46,5633.07,5688.23,Yahoo Finance ^TWII
2003-09-26,5690.87,5703.75,5650.11,5650.11,Yahoo Finance ^TWII
2003-09-29,5645.08,5668.92,5627.43,5643.50,Yahoo Finance ^TWII
2003-09-30,5672.77,5677.12,5611.41,5611.41,Yahoo Finance ^TWII
2003-10-01,5599.10,5613.18,5560.55,5581.66,Yahoo Finance ^TWII
2003-10-02,5644.50,5703.38,5639.98,5699.86,Yahoo Finance ^TWII
2003-10-03,5716.79,5759.00,5701.87,5747.79,Yahoo Finance ^TWII
2003-10-06,5810.84,5857.54,5782.89,5851.20,Yahoo Finance ^TWII
2003-10-07,5873.33,5879.68,5828.05,5856.68,Yahoo Finance ^TWII
2003-10-08,5860.40,5867.09,5808.19,5821.80,Yahoo Finance ^TWII
2003-10-09,5817.72,5872.98,5800.82,5869.88,Yahoo Finance ^TWII
2003-10-13,5907.21,5979.83,5906.96,5972.47,Yahoo Finance ^TWII
2003-10-14,6020.22,6020.22,5938.42,5938.42,Yahoo Finance ^TWII
2003-10-15,5967.93,5978.47,5913.28,5924.38,Yahoo Finance ^TWII
2003-10-16,5935.15,6037.53,5928.70,6035.74,Yahoo Finance ^TWII
2003-10-17,6063.40,6077.60,6016.10,6042.71,Yahoo Finance ^TWII
2003-10-20,6041.53,6085.62,6026.39,6077.89,Yahoo Finance ^TWII
2003-10-21,6105.03,6116.58,6017.26,6061.46,Yahoo Finance ^TWII
2003-10-22,6046.04,6075.75,6013.08,6041.86,Yahoo Finance ^TWII
2003-10-23,5971.42,5997.82,5938.67,5952.23,Yahoo Finance ^TWII
2003-10-24,5972.85,5990.72,5918.14,5918.14,Yahoo Finance ^TWII
2003-10-27,5946.02,5976.38,5941.09,5958.55,Yahoo Finance ^TWII
2003-10-28,5997.30,6087.32,5994.87,6075.45,Yahoo Finance ^TWII
2003-10-29,6173.85,6173.85,6080.40,6095.87,Yahoo Finance ^TWII
2003-10-30,6110.26,6119.06,6066.62,6108.13,Yahoo Finance ^TWII
2003-10-31,6110.78,6117.86,6029.54,6045.12,Yahoo Finance ^TWII
2003-11-03,6054.31,6098.01,6024.97,6087.45,Yahoo Finance ^TWII
2003-11-04,6147.05,6167.15,6106.94,6108.99,Yahoo Finance ^TWII
2003-11-05,6120.20,6156.51,6102.42,6142.32,Yahoo Finance ^TWII
2003-11-06,6160.85,6182.20,5958.87,6013.40,Yahoo Finance ^TWII
2003-11-07,6054.62,6062.95,5974.11,6056.83,Yahoo Finance ^TWII
2003-11-10,6053.14,6094.70,6024.66,6059.03,Yahoo Finance ^TWII
2003-11-11,6028.79,6047.32,5971.13,6022.08,Yahoo Finance ^TWII
2003-11-12,6024.04,6048.54,5982.75,5982.75,Yahoo Finance ^TWII
2003-11-13,6054.05,6060.79,6007.10,6035.44,Yahoo Finance ^TWII
2003-11-14,6040.31,6059.66,6007.93,6044.77,Yahoo Finance ^TWII
2003-11-17,6011.74,6011.74,5942.41,5952.32,Yahoo Finance ^TWII
2003-11-18,5941.82,5966.51,5890.88,5939.47,Yahoo Finance ^TWII
2003-11-19,5881.61,5893.58,5826.59,5865.51,Yahoo Finance ^TWII
2003-11-20,5872.61,5901.11,5828.41,5834.24,Yahoo Finance ^TWII
2003-11-21,5787.99,5830.06,5749.19,5830.06,Yahoo Finance ^TWII
2003-11-24,5845.49,5849.41,5802.69,5821.58,Yahoo Finance ^TWII
2003-11-25,5899.89,5917.70,5857.36,5861.18,Yahoo Finance ^TWII
2003-11-26,5872.19,5881.46,5846.89,5860.61,Yahoo Finance ^TWII
2003-11-27,5852.48,5856.82,5740.57,5740.57,Yahoo Finance ^TWII
2003-11-28,5804.82,5836.09,5758.85,5771.77,Yahoo Finance ^TWII
2003-12-01,5768.69,5878.13,5752.15,5870.17,Yahoo Finance ^TWII
2003-12-02,5919.23,5921.11,5884.32,5911.45,Yahoo Finance ^TWII
2003-12-03,5921.58,5927.56,5882.08,5884.97,Yahoo Finance ^TWII
2003-12-04,5895.28,5927.37,5888.23,5920.46,Yahoo Finance ^TWII
2003-12-05,5937.41,5945.53,5900.05,5900.05,Yahoo Finance ^TWII
2003-12-08,5869.16,5869.20,5842.21,5847.15,Yahoo Finance ^TWII
2003-12-09,5881.71,5881.71,5830.30,5859.56,Yahoo Finance ^TWII
2003-12-10,5813.28,5834.42,5773.75,5803.42,Yahoo Finance ^TWII
2003-12-11,5819.13,5868.57,5819.13,5867.05,Yahoo Finance ^TWII
2003-12-12,5912.93,5922.71,5849.42,5858.32,Yahoo Finance ^TWII
2003-12-15,5910.92,5924.24,5874.06,5924.24,Yahoo Finance ^TWII
2003-12-16,5876.56,5906.77,5871.88,5887.23,Yahoo Finance ^TWII
2003-12-17,5904.37,5910.63,5718.44,5752.01,Yahoo Finance ^TWII
2003-12-18,5743.03,5801.61,5724.94,5768.76,Yahoo Finance ^TWII
2003-12-19,5829.02,5829.02,5755.22,5759.23,Yahoo Finance ^TWII
2003-12-22,5782.09,5850.74,5773.64,5835.11,Yahoo Finance ^TWII
2003-12-23,5858.11,5858.34,5827.94,5845.51,Yahoo Finance ^TWII
2003-12-24,5865.93,5900.10,5849.57,5857.87,Yahoo Finance ^TWII
2003-12-25,5870.00,5896.46,5845.64,5853.70,Yahoo Finance ^TWII
2003-12-26,5873.40,5881.33,5835.99,5857.21,Yahoo Finance ^TWII
2003-12-29,5870.08,5874.20,5804.89,5804.89,Yahoo Finance ^TWII
2003-12-30,5845.17,5886.79,5813.34,5866.75,Yahoo Finance ^TWII
2003-12-31,5872.45,5900.82,5868.74,5890.69,Yahoo Finance ^TWII
2004-01-02,5907.15,6043.30,5907.15,6041.56,Yahoo Finance ^TWII
2004-01-05,6080.18,6137.91,6061.86,6125.42,Yahoo Finance ^TWII
2004-01-06,6170.02,6170.02,6110.69,6144.01,Yahoo Finance ^TWII
2004-01-07,6174.95,6215.45,6130.35,6141.25,Yahoo Finance ^TWII
2004-01-08,6180.36,6189.60,6142.24,6169.17,Yahoo Finance ^TWII
2004-01-09,6241.36,6257.89,6207.69,6226.98,Yahoo Finance ^TWII
2004-01-12,6225.23,6246.62,6196.41,6219.71,Yahoo Finance ^TWII
2004-01-13,6239.16,6255.94,6195.64,6210.22,Yahoo Finance ^TWII
2004-01-14,6195.09,6298.72,6190.35,6274.97,Yahoo Finance ^TWII
2004-01-15,6297.59,6306.95,6253.64,6264.37,Yahoo Finance ^TWII
2004-01-16,6300.76,6311.46,6264.04,6269.71,Yahoo Finance ^TWII
2004-01-27,6371.50,6399.82,6334.82,6384.63,Yahoo Finance ^TWII
2004-01-28,6360.71,6421.45,6335.54,6386.25,Yahoo Finance ^TWII
2004-01-29,6348.93,6379.05,6303.21,6312.65,Yahoo Finance ^TWII
2004-01-30,6331.71,6386.13,6329.17,6375.38,Yahoo Finance ^TWII
2004-02-02,6379.98,6388.97,6319.96,6319.96,Yahoo Finance ^TWII
2004-02-03,6281.53,6281.53,6210.35,6252.23,Yahoo Finance ^TWII
2004-02-04,6271.54,6297.92,6233.88,6241.39,Yahoo Finance ^TWII
2004-02-05,6241.92,6323.75,6241.92,6268.14,Yahoo Finance ^TWII
2004-02-06,6321.15,6384.09,6314.83,6353.35,Yahoo Finance ^TWII
2004-02-09,6442.84,6475.38,6422.62,6463.09,Yahoo Finance ^TWII
2004-02-10,6489.65,6503.24,6425.32,6488.34,Yahoo Finance ^TWII
2004-02-11,6518.16,6518.16,6440.30,6454.39,Yahoo Finance ^TWII
2004-02-12,6505.53,6578.82,6397.34,6436.95,Yahoo Finance ^TWII
2004-02-13,6467.15,6554.78,6459.14,6549.18,Yahoo Finance ^TWII
2004-02-16,6566.76,6590.25,6518.10,6565.37,Yahoo Finance ^TWII
2004-02-17,6586.49,6616.04,6576.22,6600.47,Yahoo Finance ^TWII
2004-02-18,6656.10,6661.13,6586.74,6605.85,Yahoo Finance ^TWII
2004-02-19,6647.86,6688.14,6626.47,6681.52,Yahoo Finance ^TWII
2004-02-20,6692.03,6708.04,6656.06,6665.54,Yahoo Finance ^TWII
2004-02-23,6686.67,6695.45,6607.36,6665.89,Yahoo Finance ^TWII
2004-02-24,6650.16,6686.85,6589.23,6589.23,Yahoo Finance ^TWII
2004-02-25,6619.69,6672.24,6595.24,6644.28,Yahoo Finance ^TWII
2004-02-26,6709.43,6730.96,6660.52,6693.25,Yahoo Finance ^TWII
2004-02-27,6732.63,6756.76,6713.67,6750.54,Yahoo Finance ^TWII
2004-03-01,6816.79,6896.36,6816.79,6888.43,Yahoo Finance ^TWII
2004-03-02,6964.66,6984.41,6897.36,6975.26,Yahoo Finance ^TWII
2004-03-03,6981.54,7003.88,6930.01,6932.17,Yahoo Finance ^TWII
2004-03-04,6963.23,7045.47,6963.23,7034.10,Yahoo Finance ^TWII
2004-03-05,7106.31,7135.00,6943.47,6943.68,Yahoo Finance ^TWII
2004-03-08,6997.66,7025.11,6901.48,6901.48,Yahoo Finance ^TWII
2004-03-09,6901.86,6974.95,6865.20,6973.90,Yahoo Finance ^TWII
2004-03-10,6967.16,6995.48,6874.91,6874.91,Yahoo Finance ^TWII
2004-03-11,6825.21,6906.50,6805.71,6879.11,Yahoo Finance ^TWII
2004-03-12,6781.11,6837.08,6766.16,6800.24,Yahoo Finance ^TWII
2004-03-15,6897.78,6897.78,6635.98,6635.98,Yahoo Finance ^TWII
2004-03-16,6645.43,6660.82,6564.31,6589.72,Yahoo Finance ^TWII
2004-03-17,6654.47,6669.93,6577.98,6577.98,Yahoo Finance ^TWII
2004-03-18,6572.73,6791.85,6570.53,6787.03,Yahoo Finance ^TWII
2004-03-19,6783.52,6833.49,6751.54,6815.09,Yahoo Finance ^TWII
2004-03-22,6360.33,6368.03,6358.73,6359.92,Yahoo Finance ^TWII
2004-03-23,6033.65,6299.09,6020.64,6172.89,Yahoo Finance ^TWII
2004-03-24,6265.74,6265.74,6100.83,6213.56,Yahoo Finance ^TWII
2004-03-25,6234.82,6250.40,6142.90,6156.73,Yahoo Finance ^TWII
2004-03-26,6227.17,6239.23,6117.27,6132.62,Yahoo Finance ^TWII
2004-03-29,6348.86,6474.17,6327.34,6474.11,Yahoo Finance ^TWII
2004-03-30,6492.93,6535.02,6441.43,6494.71,Yahoo Finance ^TWII
2004-03-31,6554.95,6569.56,6482.81,6522.19,Yahoo Finance ^TWII
2004-04-01,6504.54,6534.69,6459.74,6523.49,Yahoo Finance ^TWII
2004-04-02,6566.76,6581.99,6527.08,6545.54,Yahoo Finance ^TWII
2004-04-05,6627.23,6684.77,6555.41,6682.73,Yahoo Finance ^TWII
2004-04-06,6715.90,6744.56,6627.01,6635.54,Yahoo Finance ^TWII
2004-04-07,6642.43,6657.42,6606.83,6646.74,Yahoo Finance ^TWII
2004-04-08,6666.73,6690.45,6647.42,6672.86,Yahoo Finance ^TWII
2004-04-09,6650.31,6662.31,6607.89,6620.36,Yahoo Finance ^TWII
2004-04-12,6701.36,6801.50,6701.36,6777.78,Yahoo Finance ^TWII
2004-04-13,6824.23,6838.86,6766.87,6794.33,Yahoo Finance ^TWII
2004-04-14,6772.42,6880.18,6772.42,6880.18,Yahoo Finance ^TWII
2004-04-15,6905.16,6916.31,6736.79,6736.79,Yahoo Finance ^TWII
2004-04-16,6750.29,6840.75,6729.16,6818.20,Yahoo Finance ^TWII
2004-04-19,6852.45,6870.71,6767.17,6779.18,Yahoo Finance ^TWII
2004-04-20,6837.56,6856.98,6790.57,6799.97,Yahoo Finance ^TWII
2004-04-21,6801.75,6844.74,6792.15,6810.25,Yahoo Finance ^TWII
2004-04-22,6867.87,6912.09,6678.70,6732.09,Yahoo Finance ^TWII
2004-04-23,6791.36,6806.98,6694.59,6748.10,Yahoo Finance ^TWII
2004-04-26,6752.90,6775.67,6704.58,6710.70,Yahoo Finance ^TWII
2004-04-27,6717.52,6720.14,6582.71,6646.80,Yahoo Finance ^TWII
2004-04-28,6636.30,6673.05,6556.87,6574.75,Yahoo Finance ^TWII
2004-04-29,6484.98,6516.03,6354.45,6402.21,Yahoo Finance ^TWII
2004-04-30,6331.44,6343.03,6023.58,6117.81,Yahoo Finance ^TWII
2004-05-03,6102.60,6123.53,5986.85,6029.77,Yahoo Finance ^TWII
2004-05-04,6109.50,6191.84,6067.87,6188.15,Yahoo Finance ^TWII
2004-05-05,6190.90,6190.90,5854.23,5854.23,Yahoo Finance ^TWII
2004-05-06,5940.85,5999.74,5818.57,5909.79,Yahoo Finance ^TWII
2004-05-07,5892.94,6040.26,5889.89,6040.26,Yahoo Finance ^TWII
2004-05-10,5929.72,5929.72,5803.74,5825.05,Yahoo Finance ^TWII
2004-05-11,5855.72,5890.60,5704.21,5886.36,Yahoo Finance ^TWII
2004-05-12,5970.56,6026.64,5950.51,5958.79,Yahoo Finance ^TWII
2004-05-13,5928.57,5971.44,5878.61,5918.09,Yahoo Finance ^TWII
2004-05-14,5930.30,5934.80,5777.32,5777.32,Yahoo Finance ^TWII
2004-05-17,5632.58,5632.58,5450.72,5482.96,Yahoo Finance ^TWII
2004-05-18,5500.64,5613.35,5461.19,5557.68,Yahoo Finance ^TWII
2004-05-19,5690.18,5861.53,5684.52,5860.58,Yahoo Finance ^TWII
2004-05-20,5779.98,5926.27,5727.68,5815.33,Yahoo Finance ^TWII
2004-05-21,5836.08,5993.28,5805.72,5964.94,Yahoo Finance ^TWII
2004-05-24,5927.46,6021.50,5873.80,5942.08,Yahoo Finance ^TWII
2004-05-25,5917.08,6020.54,5917.08,5958.38,Yahoo Finance ^TWII
2004-05-26,6098.53,6116.45,6026.90,6027.27,Yahoo Finance ^TWII
2004-05-27,6068.95,6074.58,6001.44,6033.05,Yahoo Finance ^TWII
2004-05-28,6087.23,6137.26,6035.93,6137.26,Yahoo Finance ^TWII
2004-05-31,6106.19,6106.19,5977.84,5977.84,Yahoo Finance ^TWII
2004-06-01,5991.49,5999.77,5895.17,5986.20,Yahoo Finance ^TWII
2004-06-02,5908.01,5945.54,5875.22,5875.67,Yahoo Finance ^TWII
2004-06-03,5906.09,5919.72,5671.45,5671.45,Yahoo Finance ^TWII
2004-06-04,5667.08,5734.48,5630.12,5724.89,Yahoo Finance ^TWII
2004-06-07,5803.01,5938.04,5793.96,5935.82,Yahoo Finance ^TWII
2004-06-08,6004.99,6010.50,5937.73,5986.76,Yahoo Finance ^TWII
2004-06-09,5972.13,6010.05,5948.93,5965.70,Yahoo Finance ^TWII
2004-06-10,5915.96,5938.61,5834.04,5867.51,Yahoo Finance ^TWII
2004-06-11,5806.83,5827.51,5728.20,5735.07,Yahoo Finance ^TWII
2004-06-14,5753.23,5782.67,5560.78,5574.08,Yahoo Finance ^TWII
2004-06-15,5546.27,5646.49,5514.17,5646.49,Yahoo Finance ^TWII
2004-06-16,5722.18,5722.18,5526.60,5560.16,Yahoo Finance ^TWII
2004-06-17,5558.20,5709.50,5558.20,5664.35,Yahoo Finance ^TWII
2004-06-18,5628.80,5632.12,5551.10,5569.29,Yahoo Finance ^TWII
2004-06-21,5666.61,5666.61,5542.36,5556.54,Yahoo Finance ^TWII
2004-06-23,5591.79,5758.15,5591.79,5729.30,Yahoo Finance ^TWII
2004-06-24,5765.65,5799.81,5720.38,5779.09,Yahoo Finance ^TWII
2004-06-25,5767.38,5827.97,5753.51,5802.55,Yahoo Finance ^TWII
2004-06-28,5806.62,5807.26,5680.51,5709.84,Yahoo Finance ^TWII
2004-06-29,5672.72,5741.52,5652.44,5741.52,Yahoo Finance ^TWII
2004-06-30,5800.89,5851.17,5790.70,5839.44,Yahoo Finance ^TWII
2004-07-01,5849.74,5870.59,5810.88,5836.91,Yahoo Finance ^TWII
2004-07-02,5738.22,5775.76,5716.77,5746.70,Yahoo Finance ^TWII
2004-07-05,5687.61,5707.08,5627.72,5659.78,Yahoo Finance ^TWII
2004-07-06,5675.32,5733.57,5656.92,5733.57,Yahoo Finance ^TWII
2004-07-07,5643.65,5745.10,5643.65,5727.78,Yahoo Finance ^TWII
2004-07-08,5743.82,5780.68,5709.61,5713.39,Yahoo Finance ^TWII
2004-07-09,5736.95,5779.89,5694.76,5777.72,Yahoo Finance ^TWII
2004-07-12,5802.35,5804.92,5751.40,5758.74,Yahoo Finance ^TWII
2004-07-13,5718.18,5720.95,5683.56,5685.57,Yahoo Finance ^TWII
2004-07-14,5695.20,5698.86,5623.65,5623.65,Yahoo Finance ^TWII
2004-07-15,5596.07,5611.64,5506.21,5542.80,Yahoo Finance ^TWII
2004-07-16,5501.93,5577.19,5501.93,5502.14,Yahoo Finance ^TWII
2004-07-19,5483.61,5528.01,5433.31,5489.10,Yahoo Finance ^TWII
2004-07-20,5453.75,5476.75,5314.60,5325.68,Yahoo Finance ^TWII
2004-07-21,5388.35,5440.66,5361.82,5409.13,Yahoo Finance ^TWII
2004-07-22,5301.54,5395.78,5285.16,5387.96,Yahoo Finance ^TWII
2004-07-23,5372.35,5427.65,5360.30,5373.85,Yahoo Finance ^TWII
2004-07-26,5318.67,5336.86,5297.26,5331.71,Yahoo Finance ^TWII
2004-07-27,5335.56,5429.74,5280.42,5398.61,Yahoo Finance ^TWII
2004-07-28,5431.59,5444.71,5375.69,5383.57,Yahoo Finance ^TWII
2004-07-29,5378.23,5399.22,5349.66,5349.66,Yahoo Finance ^TWII
2004-07-30,5414.70,5450.38,5405.31,5420.57,Yahoo Finance ^TWII
2004-08-02,5404.19,5404.19,5337.57,5350.40,Yahoo Finance ^TWII
2004-08-03,5357.56,5396.40,5345.50,5367.22,Yahoo Finance ^TWII
2004-08-04,5338.42,5345.63,5287.78,5316.87,Yahoo Finance ^TWII
2004-08-05,5334.61,5442.32,5255.06,5427.61,Yahoo Finance ^TWII
2004-08-06,5372.23,5466.29,5372.23,5399.16,Yahoo Finance ^TWII
2004-08-09,5332.44,5405.79,5323.96,5399.45,Yahoo Finance ^TWII
2004-08-10,5407.83,5433.32,5389.30,5393.73,Yahoo Finance ^TWII
2004-08-11,5438.43,5438.43,5353.94,5367.34,Yahoo Finance ^TWII
2004-08-12,5349.53,5372.76,5329.75,5368.02,Yahoo Finance ^TWII
2004-08-13,5332.99,5408.76,5313.80,5389.93,Yahoo Finance ^TWII
2004-08-16,5380.64,5380.71,5352.01,5352.01,Yahoo Finance ^TWII
2004-08-17,5383.74,5391.36,5341.12,5342.49,Yahoo Finance ^TWII
2004-08-18,5349.24,5427.75,5299.62,5427.75,Yahoo Finance ^TWII
2004-08-19,5490.68,5605.04,5488.81,5602.99,Yahoo Finance ^TWII
2004-08-20,5601.35,5670.35,5591.03,5622.86,Yahoo Finance ^TWII
2004-08-23,5651.77,5674.40,5620.51,5660.97,Yahoo Finance ^TWII
2004-08-26,5743.39,5831.24,5743.39,5813.39,Yahoo Finance ^TWII
2004-08-27,5811.20,5837.61,5785.43,5797.71,Yahoo Finance ^TWII
2004-08-30,5791.87,5819.34,5771.03,5788.94,Yahoo Finance ^TWII
2004-08-31,5757.74,5864.57,5745.33,5765.54,Yahoo Finance ^TWII
2004-09-01,5799.82,5865.61,5799.82,5858.14,Yahoo Finance ^TWII
2004-09-02,5870.32,5871.60,5817.79,5852.85,Yahoo Finance ^TWII
2004-09-03,5859.78,5880.21,5758.77,5761.14,Yahoo Finance ^TWII
2004-09-06,5747.34,5784.79,5712.95,5775.99,Yahoo Finance ^TWII
2004-09-07,5786.19,5846.83,5786.19,5846.83,Yahoo Finance ^TWII
2004-09-08,5866.32,5887.49,5835.33,5846.02,Yahoo Finance ^TWII
2004-09-09,5853.88,5859.79,5817.42,5842.93,Yahoo Finance ^TWII
2004-09-10,5876.91,5898.80,5831.87,5846.19,Yahoo Finance ^TWII
2004-09-13,5917.61,5942.16,5888.95,5928.22,Yahoo Finance ^TWII
2004-09-14,5956.16,5970.29,5915.24,5919.77,Yahoo Finance ^TWII
2004-09-15,5910.76,5929.79,5861.45,5871.07,Yahoo Finance ^TWII
2004-09-16,5826.38,5895.06,5826.38,5891.05,Yahoo Finance ^TWII
2004-09-17,5901.79,5901.79,5814.40,5818.39,Yahoo Finance ^TWII
2004-09-20,5846.74,5892.36,5814.15,5864.54,Yahoo Finance ^TWII
2004-09-21,5901.97,5949.26,5894.52,5949.26,Yahoo Finance ^TWII
2004-09-22,5961.91,5970.18,5929.24,5970.18,Yahoo Finance ^TWII
2004-09-23,5921.68,5938.48,5907.20,5937.25,Yahoo Finance ^TWII
2004-09-24,5943.87,5943.87,5882.88,5892.21,Yahoo Finance ^TWII
2004-09-27,5872.02,5884.25,5832.37,5849.22,Yahoo Finance ^TWII
2004-09-29,5843.70,5877.08,5809.75,5809.75,Yahoo Finance ^TWII
2004-09-30,5864.05,5899.54,5827.38,5845.69,Yahoo Finance ^TWII
2004-10-01,5869.42,5945.35,5857.54,5945.35,Yahoo Finance ^TWII
2004-10-04,6020.68,6084.31,6012.92,6077.96,Yahoo Finance ^TWII
2004-10-05,6088.05,6111.23,6063.01,6081.01,Yahoo Finance ^TWII
2004-10-06,6093.22,6135.55,6060.61,6060.61,Yahoo Finance ^TWII
2004-10-07,6116.10,6133.96,6066.19,6103.00,Yahoo Finance ^TWII
2004-10-08,6083.01,6115.93,6073.41,6102.16,Yahoo Finance ^TWII
2004-10-11,6079.25,6096.28,6041.31,6089.28,Yahoo Finance ^TWII
2004-10-12,6073.47,6077.97,5979.56,5979.56,Yahoo Finance ^TWII
2004-10-13,5993.94,6005.99,5957.47,5963.07,Yahoo Finance ^TWII
2004-10-14,5924.44,5924.44,5823.58,5831.07,Yahoo Finance ^TWII
2004-10-15,5817.81,5863.91,5782.02,5820.82,Yahoo Finance ^TWII
2004-10-18,5848.15,5857.54,5772.12,5772.12,Yahoo Finance ^TWII
2004-10-19,5815.91,5824.14,5765.32,5807.79,Yahoo Finance ^TWII
2004-10-20,5790.24,5808.91,5760.41,5788.34,Yahoo Finance ^TWII
2004-10-21,5765.25,5849.18,5756.26,5797.24,Yahoo Finance ^TWII
2004-10-22,5833.63,5837.73,5768.12,5774.67,Yahoo Finance ^TWII
2004-10-26,5715.49,5715.49,5655.98,5662.88,Yahoo Finance ^TWII
2004-10-27,5663.76,5676.94,5597.80,5650.97,Yahoo Finance ^TWII
2004-10-28,5723.66,5735.24,5690.03,5695.56,Yahoo Finance ^TWII
2004-10-29,5693.11,5717.70,5673.07,5705.93,Yahoo Finance ^TWII
2004-11-01,5725.65,5732.70,5628.25,5656.17,Yahoo Finance ^TWII
2004-11-02,5670.77,5759.61,5648.29,5759.61,Yahoo Finance ^TWII
2004-11-03,5761.48,5862.85,5744.42,5862.85,Yahoo Finance ^TWII
2004-11-04,5864.12,5890.95,5831.55,5860.73,Yahoo Finance ^TWII
2004-11-05,5936.31,5959.88,5896.07,5931.31,Yahoo Finance ^TWII
2004-11-08,5937.16,5942.86,5894.98,5937.46,Yahoo Finance ^TWII
2004-11-09,5944.60,5947.51,5900.03,5945.20,Yahoo Finance ^TWII
2004-11-10,5948.38,5957.58,5899.25,5948.49,Yahoo Finance ^TWII
2004-11-11,5919.77,5931.37,5873.28,5874.52,Yahoo Finance ^TWII
2004-11-12,5901.79,5952.45,5894.39,5917.16,Yahoo Finance ^TWII
2004-11-15,5961.08,5974.35,5906.15,5906.69,Yahoo Finance ^TWII
2004-11-16,5917.42,5937.62,5894.98,5910.85,Yahoo Finance ^TWII
2004-11-17,5916.12,6028.68,5904.61,6028.68,Yahoo Finance ^TWII
2004-11-18,6063.56,6088.12,6035.36,6049.49,Yahoo Finance ^TWII
2004-11-19,6053.20,6065.68,6018.19,6026.55,Yahoo Finance ^TWII
2004-11-22,5962.32,5970.33,5838.42,5838.42,Yahoo Finance ^TWII
2004-11-23,5856.71,5872.88,5790.27,5851.10,Yahoo Finance ^TWII
2004-11-24,5868.73,5918.70,5862.99,5911.31,Yahoo Finance ^TWII
2004-11-25,5925.08,5925.08,5855.24,5855.24,Yahoo Finance ^TWII
2004-11-26,5883.59,5935.20,5778.65,5778.65,Yahoo Finance ^TWII
2004-11-29,5797.95,5812.17,5756.41,5785.26,Yahoo Finance ^TWII
2004-11-30,5770.81,5844.76,5722.18,5844.76,Yahoo Finance ^TWII
2004-12-01,5778.06,5815.87,5745.05,5798.62,Yahoo Finance ^TWII
2004-12-02,5861.52,5867.95,5826.51,5867.95,Yahoo Finance ^TWII
2004-12-03,5869.51,5893.27,5850.89,5893.27,Yahoo Finance ^TWII
2004-12-06,5864.45,5922.80,5857.64,5919.17,Yahoo Finance ^TWII
2004-12-07,5907.87,5927.68,5885.80,5925.28,Yahoo Finance ^TWII
2004-12-08,5908.92,5908.92,5879.88,5892.51,Yahoo Finance ^TWII
2004-12-09,5894.66,5923.54,5886.79,5913.97,Yahoo Finance ^TWII
2004-12-10,5906.26,5911.63,5869.07,5911.63,Yahoo Finance ^TWII
2004-12-13,5901.45,5978.96,5818.28,5878.89,Yahoo Finance ^TWII
2004-12-14,5908.13,5909.65,5873.40,5909.65,Yahoo Finance ^TWII
2004-12-15,5930.85,6011.12,5912.95,6002.58,Yahoo Finance ^TWII
2004-12-16,6007.00,6025.46,5990.59,6019.23,Yahoo Finance ^TWII
2004-12-17,6019.80,6028.75,6002.39,6009.32,Yahoo Finance ^TWII
2004-12-20,5913.27,5985.94,5910.04,5985.94,Yahoo Finance ^TWII
2004-12-21,5981.97,6000.77,5975.73,5987.85,Yahoo Finance ^TWII
2004-12-22,6008.67,6043.77,6001.52,6001.52,Yahoo Finance ^TWII
2004-12-23,6002.80,6011.43,5966.10,5997.67,Yahoo Finance ^TWII
2004-12-24,5989.77,6037.71,5989.73,6019.42,Yahoo Finance ^TWII
2004-12-27,6018.02,6018.02,5973.17,5985.94,Yahoo Finance ^TWII
2004-12-28,5980.13,6020.59,5980.13,6000.57,Yahoo Finance ^TWII
2004-12-29,6038.14,6102.89,6038.14,6088.49,Yahoo Finance ^TWII
2004-12-30,6109.98,6117.66,6087.32,6100.86,Yahoo Finance ^TWII
2004-12-31,6118.63,6160.96,6077.51,6139.69,Yahoo Finance ^TWII
2005-01-03,6166.39,6183.15,6129.28,6143.12,Yahoo Finance ^TWII
2005-01-04,6117.87,6129.38,6053.18,6060.46,Yahoo Finance ^TWII
2005-01-05,5999.47,6030.19,5988.37,5988.37,Yahoo Finance ^TWII
2005-01-06,5988.72,6002.52,5971.58,5982.12,Yahoo Finance ^TWII
2005-01-07,5990.78,6007.34,5934.83,5935.99,Yahoo Finance ^TWII
2005-01-10,5950.12,5962.64,5929.11,5942.85,Yahoo Finance ^TWII
2005-01-11,5948.07,5993.39,5942.14,5975.66,Yahoo Finance ^TWII
2005-01-12,5957.90,5978.41,5878.39,5879.08,Yahoo Finance ^TWII
2005-01-13,5899.76,5922.26,5828.09,5853.94,Yahoo Finance ^TWII
2005-01-14,5831.70,5895.35,5813.15,5889.52,Yahoo Finance ^TWII
2005-01-17,5955.62,5969.03,5940.06,5945.27,Yahoo Finance ^TWII
2005-01-18,5964.08,5964.08,5926.80,5933.57,Yahoo Finance ^TWII
2005-01-19,5952.59,5961.78,5895.35,5895.35,Yahoo Finance ^TWII
2005-01-20,5835.68,5918.33,5835.68,5888.10,Yahoo Finance ^TWII
2005-01-21,5877.31,5898.86,5846.95,5848.91,Yahoo Finance ^TWII
2005-01-24,5859.89,5862.62,5763.84,5771.48,Yahoo Finance ^TWII
2005-01-25,5759.21,5796.85,5734.87,5782.75,Yahoo Finance ^TWII
2005-01-26,5815.48,5847.41,5810.14,5835.37,Yahoo Finance ^TWII
2005-01-27,5849.23,5859.70,5820.72,5842.76,Yahoo Finance ^TWII
2005-01-28,5845.59,5902.72,5836.47,5879.93,Yahoo Finance ^TWII
2005-01-31,5905.30,6002.37,5900.37,5994.23,Yahoo Finance ^TWII
2005-02-01,6015.78,6015.78,5979.92,5981.54,Yahoo Finance ^TWII
2005-02-02,6016.33,6064.66,6010.76,6018.69,Yahoo Finance ^TWII
2005-02-03,6028.94,6044.43,6006.23,6034.60,Yahoo Finance ^TWII
2005-02-14,6130.32,6148.95,6089.44,6112.40,Yahoo Finance ^TWII
2005-02-15,6121.97,6142.44,6106.50,6122.39,Yahoo Finance ^TWII
2005-02-16,6134.53,6158.80,6086.30,6143.49,Yahoo Finance ^TWII
2005-02-17,6118.62,6139.65,6072.16,6072.16,Yahoo Finance ^TWII
2005-02-18,6072.45,6128.64,6062.96,6115.43,Yahoo Finance ^TWII
2005-02-21,6145.56,6172.27,6133.11,6142.78,Yahoo Finance ^TWII
2005-02-22,6155.54,6161.00,6106.19,6107.17,Yahoo Finance ^TWII
2005-02-23,6082.34,6128.70,6048.63,6121.52,Yahoo Finance ^TWII
2005-02-24,6123.59,6171.56,6109.90,6128.34,Yahoo Finance ^TWII
2005-02-25,6195.24,6233.53,6192.38,6207.83,Yahoo Finance ^TWII
2005-03-01,6227.42,6260.32,6207.78,6259.69,Yahoo Finance ^TWII
2005-03-02,6267.52,6267.52,6219.93,6225.25,Yahoo Finance ^TWII
2005-03-03,6219.71,6219.71,6164.15,6202.38,Yahoo Finance ^TWII
2005-03-04,6191.42,6219.07,6178.26,6193.62,Yahoo Finance ^TWII
2005-03-07,6224.44,6257.54,6220.52,6220.52,Yahoo Finance ^TWII
2005-03-08,6250.58,6255.68,6156.98,6173.34,Yahoo Finance ^TWII
2005-03-09,6163.56,6227.13,6163.56,6213.28,Yahoo Finance ^TWII
2005-03-10,6207.86,6215.47,6168.76,6192.53,Yahoo Finance ^TWII
2005-03-11,6225.75,6238.43,6194.14,6204.23,Yahoo Finance ^TWII
2005-03-14,6181.83,6193.32,6151.80,6155.51,Yahoo Finance ^TWII
2005-03-15,6155.49,6169.52,6028.17,6063.48,Yahoo Finance ^TWII
2005-03-16,6052.30,6093.41,6048.40,6072.36,Yahoo Finance ^TWII
2005-03-17,6021.80,6054.71,6002.10,6032.47,Yahoo Finance ^TWII
2005-03-18,6039.23,6054.75,6018.63,6043.95,Yahoo Finance ^TWII
2005-03-21,6056.10,6077.94,6051.53,6058.96,Yahoo Finance ^TWII
2005-03-22,6057.90,6057.90,5998.78,6018.79,Yahoo Finance ^TWII
2005-03-23,6005.36,6023.76,5970.20,6019.49,Yahoo Finance ^TWII
2005-03-24,6029.74,6054.65,6001.00,6001.00,Yahoo Finance ^TWII
2005-03-25,6018.79,6065.91,6016.48,6065.91,Yahoo Finance ^TWII
2005-03-28,6091.83,6093.19,6048.74,6048.74,Yahoo Finance ^TWII
2005-03-29,6035.77,6035.77,5961.24,5961.24,Yahoo Finance ^TWII
2005-03-30,5940.18,5980.50,5940.18,5957.98,Yahoo Finance ^TWII
2005-03-31,6005.87,6017.04,5995.27,6005.88,Yahoo Finance ^TWII
2005-04-01,6010.71,6028.99,5959.28,6028.75,Yahoo Finance ^TWII
2005-04-04,6013.70,6048.37,6006.30,6019.93,Yahoo Finance ^TWII
2005-04-06,6025.29,6046.16,6006.81,6013.49,Yahoo Finance ^TWII
2005-04-07,6032.01,6043.10,5971.76,5971.76,Yahoo Finance ^TWII
2005-04-08,6002.35,6028.55,5997.29,6024.07,Yahoo Finance ^TWII
2005-04-11,6021.33,6021.33,5969.40,5979.42,Yahoo Finance ^TWII
2005-04-12,5974.71,5995.93,5955.24,5993.89,Yahoo Finance ^TWII
2005-04-13,6004.49,6008.60,5990.20,5998.08,Yahoo Finance ^TWII
2005-04-14,5966.84,5994.99,5964.33,5976.68,Yahoo Finance ^TWII
2005-04-15,5946.20,5946.20,5875.67,5888.37,Yahoo Finance ^TWII
2005-04-18,5809.76,5809.76,5679.35,5715.16,Yahoo Finance ^TWII
2005-04-19,5736.97,5773.32,5726.96,5748.35,Yahoo Finance ^TWII
2005-04-20,5799.85,5799.85,5683.00,5693.01,Yahoo Finance ^TWII
2005-04-21,5565.41,5725.48,5565.41,5721.99,Yahoo Finance ^TWII
2005-04-22,5777.49,5799.73,5741.49,5747.09,Yahoo Finance ^TWII
2005-04-25,5753.24,5771.38,5727.42,5758.31,Yahoo Finance ^TWII
2005-04-26,5773.77,5815.14,5755.88,5805.25,Yahoo Finance ^TWII
2005-04-27,5806.69,5817.92,5777.41,5778.27,Yahoo Finance ^TWII
2005-04-28,5775.25,5842.27,5755.08,5842.27,Yahoo Finance ^TWII
2005-04-29,5810.34,5818.07,5780.97,5818.07,Yahoo Finance ^TWII
2005-05-03,5845.14,5865.90,5818.22,5818.22,Yahoo Finance ^TWII
2005-05-04,5827.74,5831.02,5793.25,5803.68,Yahoo Finance ^TWII
2005-05-05,5851.50,5957.87,5851.50,5927.50,Yahoo Finance ^TWII
2005-05-06,5932.04,5974.86,5917.02,5967.96,Yahoo Finance ^TWII
2005-05-09,5957.92,5973.60,5950.63,5966.85,Yahoo Finance ^TWII
2005-05-10,5973.37,5976.83,5939.48,5949.80,Yahoo Finance ^TWII
2005-05-11,5900.72,5925.02,5900.72,5917.13,Yahoo Finance ^TWII
2005-05-12,5917.99,5934.60,5906.37,5934.60,Yahoo Finance ^TWII
2005-05-13,5931.53,6001.19,5925.67,5981.48,Yahoo Finance ^TWII
2005-05-16,5992.31,5997.77,5925.88,5925.88,Yahoo Finance ^TWII
2005-05-17,5939.31,5943.92,5879.19,5894.01,Yahoo Finance ^TWII
2005-05-18,5901.08,5921.17,5889.47,5890.83,Yahoo Finance ^TWII
2005-05-19,5963.90,5997.76,5958.34,5970.71,Yahoo Finance ^TWII
2005-05-20,5987.10,5996.11,5954.69,5954.69,Yahoo Finance ^TWII
2005-05-23,5953.28,5953.28,5884.06,5885.45,Yahoo Finance ^TWII
2005-05-24,5888.85,5925.88,5888.85,5909.10,Yahoo Finance ^TWII
2005-05-25,5921.59,5956.64,5879.08,5888.53,Yahoo Finance ^TWII
2005-05-26,5903.01,5939.42,5883.18,5939.42,Yahoo Finance ^TWII
2005-05-27,5966.41,5998.78,5966.41,5991.55,Yahoo Finance ^TWII
2005-05-30,5996.89,6009.52,5971.97,6009.52,Yahoo Finance ^TWII
2005-05-31,5998.90,6026.53,5981.24,6011.56,Yahoo Finance ^TWII
2005-06-01,6002.55,6023.34,5962.88,5971.62,Yahoo Finance ^TWII
2005-06-02,6008.90,6065.23,6008.90,6039.48,Yahoo Finance ^TWII
2005-06-03,6062.78,6113.49,6051.27,6107.95,Yahoo Finance ^TWII
2005-06-06,6109.30,6140.74,6086.41,6137.57,Yahoo Finance ^TWII
2005-06-07,6144.25,6146.94,6096.84,6105.79,Yahoo Finance ^TWII
2005-06-08,6121.34,6170.47,6121.21,6161.66,Yahoo Finance ^TWII
2005-06-09,6172.37,6188.59,6144.27,6145.92,Yahoo Finance ^TWII
2005-06-10,6188.10,6198.30,6158.13,6192.35,Yahoo Finance ^TWII
2005-06-13,6194.90,6236.15,6167.78,6231.05,Yahoo Finance ^TWII
2005-06-14,6244.56,6266.25,6205.76,6205.76,Yahoo Finance ^TWII
2005-06-15,6219.80,6252.10,6215.73,6252.10,Yahoo Finance ^TWII
2005-06-16,6298.35,6298.35,6249.00,6282.41,Yahoo Finance ^TWII
2005-06-17,6304.24,6357.39,6293.23,6293.56,Yahoo Finance ^TWII
2005-06-20,6311.67,6315.29,6272.97,6296.89,Yahoo Finance ^TWII
2005-06-21,6304.33,6304.88,6265.69,6278.46,Yahoo Finance ^TWII
2005-06-22,6291.91,6381.23,6291.91,6357.83,Yahoo Finance ^TWII
2005-06-23,6382.60,6401.81,6369.21,6373.86,Yahoo Finance ^TWII
2005-06-24,6350.74,6363.88,6324.22,6340.69,Yahoo Finance ^TWII
2005-06-27,6307.61,6342.45,6279.39,6302.99,Yahoo Finance ^TWII
2005-06-28,6303.66,6323.10,6294.18,6316.84,Yahoo Finance ^TWII
2005-06-29,6370.14,6375.68,6231.65,6231.65,Yahoo Finance ^TWII
2005-06-30,6278.75,6280.53,6240.84,6241.94,Yahoo Finance ^TWII
2005-07-01,6240.08,6275.48,6195.17,6272.14,Yahoo Finance ^TWII
2005-07-04,6269.63,6288.96,6257.90,6271.20,Yahoo Finance ^TWII
2005-07-05,6269.78,6279.20,6232.04,6232.04,Yahoo Finance ^TWII
2005-07-06,6249.29,6256.90,6221.03,6222.05,Yahoo Finance ^TWII
2005-07-07,6219.46,6221.59,6180.58,6212.60,Yahoo Finance ^TWII
2005-07-08,6199.79,6230.51,6186.79,6201.40,Yahoo Finance ^TWII
2005-07-11,6255.40,6305.61,6249.41,6298.86,Yahoo Finance ^TWII
2005-07-12,6337.50,6365.76,6337.50,6358.81,Yahoo Finance ^TWII
2005-07-13,6360.60,6406.99,6352.21,6377.09,Yahoo Finance ^TWII
2005-07-14,6403.08,6427.32,6375.75,6418.35,Yahoo Finance ^TWII
2005-07-15,6428.44,6454.33,6410.59,6410.59,Yahoo Finance ^TWII
2005-07-19,6403.71,6432.58,6387.86,6416.34,Yahoo Finance ^TWII
2005-07-20,6438.22,6480.97,6415.78,6423.81,Yahoo Finance ^TWII
2005-07-21,6344.84,6478.64,6344.84,6394.03,Yahoo Finance ^TWII
2005-07-22,6412.87,6415.43,6365.38,6380.73,Yahoo Finance ^TWII
2005-07-25,6406.45,6434.45,6400.11,6420.45,Yahoo Finance ^TWII
2005-07-26,6416.22,6439.98,6366.16,6366.16,Yahoo Finance ^TWII
2005-07-27,6364.01,6376.05,6305.93,6327.25,Yahoo Finance ^TWII
2005-07-28,6347.89,6375.64,6326.00,6375.64,Yahoo Finance ^TWII
2005-07-29,6409.56,6420.64,6310.63,6311.98,Yahoo Finance ^TWII
2005-08-01,6320.67,6327.83,6290.93,6307.93,Yahoo Finance ^TWII
2005-08-02,6344.40,6360.43,6296.78,6343.54,Yahoo Finance ^TWII
2005-08-03,6391.68,6455.57,6379.51,6455.57,Yahoo Finance ^TWII
2005-08-04,6481.62,6481.62,6439.89,6446.01,Yahoo Finance ^TWII
2005-08-08,6400.04,6408.05,6375.89,6380.03,Yahoo Finance ^TWII
2005-08-09,6374.60,6397.37,6361.19,6380.00,Yahoo Finance ^TWII
2005-08-10,6408.86,6430.13,6356.84,6356.84,Yahoo Finance ^TWII
2005-08-11,6362.62,6380.39,6326.37,6353.71,Yahoo Finance ^TWII
2005-08-12,6389.27,6398.72,6350.90,6350.90,Yahoo Finance ^TWII
2005-08-15,6344.88,6344.88,6238.02,6245.13,Yahoo Finance ^TWII
2005-08-16,6262.87,6266.33,6207.58,6242.40,Yahoo Finance ^TWII
2005-08-17,6216.08,6256.11,6213.59,6241.92,Yahoo Finance ^TWII
2005-08-18,6252.32,6260.28,6204.42,6205.09,Yahoo Finance ^TWII
2005-08-19,6190.33,6190.33,6138.62,6158.94,Yahoo Finance ^TWII
2005-08-22,6194.89,6207.95,6181.51,6206.65,Yahoo Finance ^TWII
2005-08-23,6211.15,6234.31,6195.18,6195.18,Yahoo Finance ^TWII
2005-08-24,6174.25,6174.79,6126.97,6127.24,Yahoo Finance ^TWII
2005-08-25,6103.46,6153.62,6097.23,6109.66,Yahoo Finance ^TWII
2005-08-26,6130.83,6148.95,6107.00,6136.55,Yahoo Finance ^TWII
2005-08-29,6117.27,6130.79,6031.20,6049.44,Yahoo Finance ^TWII
2005-08-30,6087.86,6087.86,6021.97,6032.12,Yahoo Finance ^TWII
2005-08-31,6041.86,6078.17,5976.40,6033.47,Yahoo Finance ^TWII
2005-09-02,6081.71,6116.05,6075.35,6116.05,Yahoo Finance ^TWII
2005-09-05,6131.95,6131.95,6094.00,6098.78,Yahoo Finance ^TWII
2005-09-06,6141.28,6145.30,6123.84,6140.14,Yahoo Finance ^TWII
2005-09-07,6168.51,6168.51,6130.56,6141.14,Yahoo Finance ^TWII
2005-09-08,6157.47,6170.00,6140.34,6149.88,Yahoo Finance ^TWII
2005-09-09,6161.80,6167.90,6108.40,6119.06,Yahoo Finance ^TWII
2005-09-12,6155.38,6166.11,6130.99,6164.98,Yahoo Finance ^TWII
2005-09-13,6170.37,6186.12,6156.12,6169.08,Yahoo Finance ^TWII
2005-09-14,6159.97,6172.89,6132.99,6148.70,Yahoo Finance ^TWII
2005-09-15,6132.45,6139.99,6079.57,6082.56,Yahoo Finance ^TWII
2005-09-16,6080.19,6086.88,6015.56,6031.24,Yahoo Finance ^TWII
2005-09-19,6044.16,6050.40,6023.08,6035.59,Yahoo Finance ^TWII
2005-09-20,6015.98,6115.54,5994.46,6105.35,Yahoo Finance ^TWII
2005-09-21,6099.13,6121.62,6066.37,6067.34,Yahoo Finance ^TWII
2005-09-22,6017.25,6039.85,5966.16,5972.06,Yahoo Finance ^TWII
2005-09-23,5957.79,5973.72,5899.59,5925.54,Yahoo Finance ^TWII
2005-09-26,5967.69,5975.98,5894.99,5930.20,Yahoo Finance ^TWII
2005-09-27,5929.87,5966.97,5905.44,5945.05,Yahoo Finance ^TWII
2005-09-28,5943.12,5961.21,5912.88,5931.38,Yahoo Finance ^TWII
2005-09-29,5932.79,6009.99,5931.02,6009.99,Yahoo Finance ^TWII
2005-09-30,6053.59,6118.61,6047.20,6118.61,Yahoo Finance ^TWII
2005-10-03,6128.97,6139.22,6090.78,6123.92,Yahoo Finance ^TWII
2005-10-04,6141.74,6158.68,6114.02,6142.12,Yahoo Finance ^TWII
2005-10-05,6136.66,6171.87,6125.11,6135.01,Yahoo Finance ^TWII
2005-10-06,6094.18,6105.05,6075.67,6095.81,Yahoo Finance ^TWII
2005-10-07,6090.99,6112.83,6076.15,6081.84,Yahoo Finance ^TWII
2005-10-11,6097.88,6112.68,6065.57,6066.59,Yahoo Finance ^TWII
2005-10-12,6042.15,6045.73,5987.40,5987.40,Yahoo Finance ^TWII
2005-10-13,5970.10,5974.03,5928.86,5960.11,Yahoo Finance ^TWII
2005-10-14,5987.05,6006.96,5967.71,5969.07,Yahoo Finance ^TWII
2005-10-17,5990.23,5991.35,5826.27,5826.27,Yahoo Finance ^TWII
2005-10-18,5853.28,5865.24,5805.70,5830.79,Yahoo Finance ^TWII
2005-10-19,5788.83,5788.83,5692.28,5694.16,Yahoo Finance ^TWII
2005-10-20,5719.03,5763.72,5647.92,5748.00,Yahoo Finance ^TWII
2005-10-21,5678.62,5761.16,5678.62,5738.76,Yahoo Finance ^TWII
2005-10-24,5761.33,5766.35,5713.63,5717.28,Yahoo Finance ^TWII
2005-10-25,5796.81,5803.67,5721.31,5721.31,Yahoo Finance ^TWII
2005-10-26,5731.87,5739.94,5672.89,5700.72,Yahoo Finance ^TWII
2005-10-27,5663.24,5717.05,5632.23,5661.18,Yahoo Finance ^TWII
2005-10-28,5646.80,5690.98,5618.90,5632.97,Yahoo Finance ^TWII
2005-10-31,5692.82,5774.61,5681.20,5764.30,Yahoo Finance ^TWII
2005-11-01,5803.25,5829.82,5786.64,5798.41,Yahoo Finance ^TWII
2005-11-02,5832.34,5870.37,5816.90,5870.37,Yahoo Finance ^TWII
2005-11-03,5907.22,5908.69,5855.13,5858.01,Yahoo Finance ^TWII
2005-11-04,5907.27,5930.24,5888.40,5911.74,Yahoo Finance ^TWII
2005-11-07,5905.36,5905.36,5842.37,5860.39,Yahoo Finance ^TWII
2005-11-08,5865.91,5867.07,5836.24,5849.63,Yahoo Finance ^TWII
2005-11-09,5843.97,5971.06,5843.39,5971.06,Yahoo Finance ^TWII
2005-11-10,5987.28,6021.38,5971.89,5988.37,Yahoo Finance ^TWII
2005-11-11,6050.87,6075.26,6019.06,6075.26,Yahoo Finance ^TWII
2005-11-14,6066.24,6090.87,6061.22,6083.62,Yahoo Finance ^TWII
2005-11-15,6072.48,6073.44,6003.48,6030.74,Yahoo Finance ^TWII
2005-11-16,6021.61,6079.30,6002.18,6046.20,Yahoo Finance ^TWII
2005-11-17,6063.09,6063.09,5994.91,6020.94,Yahoo Finance ^TWII
2005-11-18,6084.07,6121.60,6077.98,6106.74,Yahoo Finance ^TWII
2005-11-21,6130.80,6138.40,6093.44,6103.42,Yahoo Finance ^TWII
2005-11-22,6091.77,6094.68,6050.24,6059.19,Yahoo Finance ^TWII
2005-11-23,6095.18,6123.52,6074.33,6123.52,Yahoo Finance ^TWII
2005-11-24,6122.97,6143.87,6104.11,6111.89,Yahoo Finance ^TWII
2005-11-25,6133.70,6145.01,6122.17,6128.20,Yahoo Finance ^TWII
2005-11-28,6167.08,6212.35,6156.29,6203.84,Yahoo Finance ^TWII
2005-11-29,6192.94,6207.05,6139.51,6139.51,Yahoo Finance ^TWII
2005-11-30,6172.96,6206.45,6171.38,6203.47,Yahoo Finance ^TWII
2005-12-01,6196.36,6202.91,6162.86,6179.82,Yahoo Finance ^TWII
2005-12-02,6254.35,6258.34,6209.77,6228.95,Yahoo Finance ^TWII
2005-12-05,6280.81,6348.31,6244.49,6348.31,Yahoo Finance ^TWII
2005-12-06,6319.13,6364.17,6318.95,6350.52,Yahoo Finance ^TWII
2005-12-07,6362.51,6370.82,6290.60,6329.52,Yahoo Finance ^TWII
2005-12-08,6302.08,6316.58,6223.35,6249.19,Yahoo Finance ^TWII
2005-12-09,6269.94,6274.04,6233.23,6264.36,Yahoo Finance ^TWII
2005-12-12,6272.61,6272.61,6206.83,6266.29,Yahoo Finance ^TWII
2005-12-13,6270.24,6282.23,6242.41,6261.18,Yahoo Finance ^TWII
2005-12-14,6272.48,6280.52,6227.35,6235.35,Yahoo Finance ^TWII
2005-12-15,6240.37,6259.21,6227.25,6258.47,Yahoo Finance ^TWII
2005-12-16,6293.41,6375.33,6293.41,6350.69,Yahoo Finance ^TWII
2005-12-19,6386.36,6439.20,6374.49,6431.42,Yahoo Finance ^TWII
2005-12-20,6428.25,6443.89,6413.46,6427.84,Yahoo Finance ^TWII
2005-12-21,6442.32,6481.56,6427.86,6471.89,Yahoo Finance ^TWII
2005-12-22,6501.37,6504.09,6417.20,6417.20,Yahoo Finance ^TWII
2005-12-23,6450.65,6516.11,6426.23,6512.63,Yahoo Finance ^TWII
2005-12-26,6565.67,6573.97,6530.76,6534.77,Yahoo Finance ^TWII
2005-12-27,6539.29,6570.42,6505.46,6531.59,Yahoo Finance ^TWII
2005-12-28,6492.80,6530.02,6479.34,6524.40,Yahoo Finance ^TWII
2005-12-29,6549.72,6600.12,6546.75,6575.53,Yahoo Finance ^TWII
2005-12-30,6589.84,6600.17,6548.34,6548.34,Yahoo Finance ^TWII
2006-01-02,6457.61,6492.92,6424.03,6462.06,Yahoo Finance ^TWII
2006-01-03,6476.20,6591.77,6457.09,6591.77,Yahoo Finance ^TWII
2006-01-04,6658.32,6670.96,6579.66,6616.44,Yahoo Finance ^TWII
2006-01-05,6669.80,6717.12,6666.84,6709.87,Yahoo Finance ^TWII
2006-01-06,6757.41,6761.01,6676.65,6694.82,Yahoo Finance ^TWII
2006-01-09,6752.09,6763.86,6708.59,6742.39,Yahoo Finance ^TWII
2006-01-10,6751.56,6751.56,6678.84,6707.40,Yahoo Finance ^TWII
2006-01-11,6702.47,6741.92,6650.61,6735.89,Yahoo Finance ^TWII
2006-01-12,6782.15,6797.20,6725.57,6725.61,Yahoo Finance ^TWII
2006-01-13,6729.58,6729.58,6669.64,6682.35,Yahoo Finance ^TWII
2006-01-16,6680.88,6733.52,6664.80,6724.18,Yahoo Finance ^TWII
2006-01-17,6752.24,6775.73,6711.04,6711.04,Yahoo Finance ^TWII
2006-01-18,6620.77,6629.44,6467.73,6498.92,Yahoo Finance ^TWII
2006-01-19,6514.71,6545.89,6442.78,6512.29,Yahoo Finance ^TWII
2006-01-20,6571.64,6571.64,6475.30,6486.63,Yahoo Finance ^TWII
2006-01-23,6385.88,6417.72,6373.63,6381.97,Yahoo Finance ^TWII
2006-01-24,6418.58,6478.50,6418.58,6451.94,Yahoo Finance ^TWII
2006-01-25,6500.63,6536.89,6477.34,6532.18,Yahoo Finance ^TWII
2006-02-03,6592.19,6626.43,6547.17,6594.60,Yahoo Finance ^TWII
2006-02-06,6568.35,6719.96,6530.80,6719.96,Yahoo Finance ^TWII
2006-02-07,6692.42,6747.43,6681.53,6720.08,Yahoo Finance ^TWII
2006-02-08,6712.87,6715.18,6623.23,6624.11,Yahoo Finance ^TWII
2006-02-09,6696.65,6700.86,6620.32,6630.13,Yahoo Finance ^TWII
2006-02-10,6652.33,6652.33,6574.01,6594.92,Yahoo Finance ^TWII
2006-02-13,6591.99,6623.55,6557.76,6562.29,Yahoo Finance ^TWII
2006-02-14,6553.28,6613.86,6540.71,6612.97,Yahoo Finance ^TWII
2006-02-15,6628.98,6659.52,6592.94,6598.49,Yahoo Finance ^TWII
2006-02-16,6661.30,6701.74,6647.03,6683.93,Yahoo Finance ^TWII
2006-02-17,6723.66,6726.73,6665.63,6673.75,Yahoo Finance ^TWII
2006-02-20,6652.55,6697.31,6631.81,6686.55,Yahoo Finance ^TWII
2006-02-21,6708.21,6717.53,6631.51,6631.51,Yahoo Finance ^TWII
2006-02-22,6634.83,6650.71,6503.70,6530.70,Yahoo Finance ^TWII
2006-02-23,6523.85,6528.50,6466.21,6474.69,Yahoo Finance ^TWII
2006-02-24,6474.05,6538.22,6473.80,6538.22,Yahoo Finance ^TWII
2006-02-27,6496.55,6567.91,6481.99,6561.63,Yahoo Finance ^TWII
2006-03-01,6518.00,6636.92,6518.00,6613.39,Yahoo Finance ^TWII
2006-03-02,6678.46,6685.45,6637.90,6642.96,Yahoo Finance ^TWII
2006-03-03,6643.79,6659.44,6543.43,6553.66,Yahoo Finance ^TWII
2006-03-06,6547.73,6582.21,6531.50,6575.78,Yahoo Finance ^TWII
2006-03-07,6553.97,6557.15,6494.15,6494.15,Yahoo Finance ^TWII
2006-03-08,6487.07,6521.27,6436.14,6459.57,Yahoo Finance ^TWII
2006-03-09,6476.96,6505.56,6465.23,6486.47,Yahoo Finance ^TWII
2006-03-10,6492.04,6528.56,6473.18,6490.68,Yahoo Finance ^TWII
2006-03-13,6520.36,6551.13,6502.51,6544.63,Yahoo Finance ^TWII
2006-03-14,6532.25,6545.12,6444.14,6460.01,Yahoo Finance ^TWII
2006-03-15,6516.14,6534.61,6478.71,6518.70,Yahoo Finance ^TWII
2006-03-16,6528.14,6594.18,6504.98,6504.98,Yahoo Finance ^TWII
2006-03-17,6507.55,6530.43,6471.71,6528.57,Yahoo Finance ^TWII
2006-03-20,6554.18,6569.53,6510.58,6516.52,Yahoo Finance ^TWII
2006-03-21,6525.30,6536.01,6458.03,6458.03,Yahoo Finance ^TWII
2006-03-22,6419.46,6441.27,6387.36,6391.26,Yahoo Finance ^TWII
2006-03-23,6412.66,6418.48,6344.73,6364.60,Yahoo Finance ^TWII
2006-03-24,6366.96,6401.62,6351.89,6376.62,Yahoo Finance ^TWII
2006-03-27,6408.20,6430.23,6399.08,6421.85,Yahoo Finance ^TWII
2006-03-28,6433.23,6469.67,6424.94,6453.85,Yahoo Finance ^TWII
2006-03-29,6447.70,6498.03,6444.40,6498.03,Yahoo Finance ^TWII
2006-03-30,6540.81,6559.21,6504.75,6546.06,Yahoo Finance ^TWII
2006-03-31,6564.86,6632.63,6564.86,6613.97,Yahoo Finance ^TWII
2006-04-03,6627.32,6672.11,6615.98,6660.76,Yahoo Finance ^TWII
2006-04-04,6679.82,6684.10,6651.96,6665.60,Yahoo Finance ^TWII
2006-04-06,6724.97,6760.82,6710.68,6760.82,Yahoo Finance ^TWII
2006-04-07,6758.82,6802.94,6722.39,6781.94,Yahoo Finance ^TWII
2006-04-10,6759.38,6815.73,6758.07,6780.64,Yahoo Finance ^TWII
2006-04-11,6772.96,6775.65,6723.23,6757.17,Yahoo Finance ^TWII
2006-04-12,6710.62,6813.66,6709.83,6808.50,Yahoo Finance ^TWII
2006-04-13,6850.19,6868.74,6828.95,6855.74,Yahoo Finance ^TWII
2006-04-14,6888.18,6952.54,6876.47,6952.54,Yahoo Finance ^TWII
2006-04-17,6982.47,7015.91,6950.58,7000.09,Yahoo Finance ^TWII
2006-04-18,7007.45,7007.45,6918.46,6989.46,Yahoo Finance ^TWII
2006-04-19,7073.32,7093.43,7038.78,7038.78,Yahoo Finance ^TWII
2006-04-20,7061.38,7107.68,7030.89,7102.74,Yahoo Finance ^TWII
2006-04-21,7130.68,7160.74,7092.93,7093.05,Yahoo Finance ^TWII
2006-04-24,7066.19,7141.29,7057.19,7096.04,Yahoo Finance ^TWII
2006-04-25,7125.90,7166.47,7052.90,7059.94,Yahoo Finance ^TWII
2006-04-26,7080.62,7173.56,7047.96,7168.98,Yahoo Finance ^TWII
2006-04-27,7203.75,7229.35,7136.21,7136.21,Yahoo Finance ^TWII
2006-04-28,7172.31,7184.37,7103.87,7171.77,Yahoo Finance ^TWII
2006-05-02,7174.93,7217.37,7141.91,7199.60,Yahoo Finance ^TWII
2006-05-03,7242.04,7265.17,7233.84,7242.37,Yahoo Finance ^TWII
2006-05-04,7280.82,7351.87,7278.49,7345.04,Yahoo Finance ^TWII
2006-05-05,7409.65,7455.83,7355.42,7370.44,Yahoo Finance ^TWII
2006-05-08,7438.41,7474.05,7401.99,7474.05,Yahoo Finance ^TWII
2006-05-09,7470.01,7476.07,7364.19,7388.94,Yahoo Finance ^TWII
2006-05-10,7398.27,7426.37,7272.39,7324.71,Yahoo Finance ^TWII
2006-05-11,7271.75,7361.45,7254.97,7361.45,Yahoo Finance ^TWII
2006-05-12,7269.92,7326.48,7267.79,7278.96,Yahoo Finance ^TWII
2006-05-15,7225.80,7240.92,7167.03,7176.35,Yahoo Finance ^TWII
2006-05-16,7202.35,7202.90,7069.90,7069.90,Yahoo Finance ^TWII
2006-05-17,7116.75,7144.28,7057.99,7116.83,Yahoo Finance ^TWII
2006-05-18,6989.48,7045.87,6987.65,7034.03,Yahoo Finance ^TWII
2006-05-19,7040.42,7097.27,7010.69,7074.15,Yahoo Finance ^TWII
2006-05-22,7111.42,7112.42,6938.26,6938.26,Yahoo Finance ^TWII
2006-05-23,6874.09,6909.58,6833.98,6843.98,Yahoo Finance ^TWII
2006-05-24,6904.28,6932.28,6791.11,6877.01,Yahoo Finance ^TWII
2006-05-25,6892.27,6914.45,6842.92,6861.65,Yahoo Finance ^TWII
2006-05-26,6951.76,6976.33,6856.55,6879.51,Yahoo Finance ^TWII
2006-05-29,6913.10,6919.96,6864.76,6878.88,Yahoo Finance ^TWII
2006-05-30,6910.30,6912.95,6829.40,6846.95,Yahoo Finance ^TWII
2006-06-01,6874.66,6922.34,6868.42,6872.84,Yahoo Finance ^TWII
2006-06-02,6951.42,6967.09,6885.39,6959.64,Yahoo Finance ^TWII
2006-06-05,6956.77,6967.38,6700.47,6715.27,Yahoo Finance ^TWII
2006-06-06,6684.58,6738.78,6621.17,6730.27,Yahoo Finance ^TWII
2006-06-07,6691.50,6699.54,6612.74,6612.74,Yahoo Finance ^TWII
2006-06-08,6562.10,6564.10,6331.81,6331.81,Yahoo Finance ^TWII
2006-06-09,6389.98,6451.17,6268.92,6444.63,Yahoo Finance ^TWII
2006-06-12,6384.32,6443.21,6339.24,6442.90,Yahoo Finance ^TWII
2006-06-13,6349.09,6401.55,6328.38,6337.21,Yahoo Finance ^TWII
2006-06-14,6343.66,6494.92,6340.28,6469.01,Yahoo Finance ^TWII
2006-06-15,6531.81,6535.13,6418.77,6426.39,Yahoo Finance ^TWII
2006-06-16,6589.70,6629.33,6550.13,6575.77,Yahoo Finance ^TWII
2006-06-19,6576.55,6603.98,6541.33,6583.04,Yahoo Finance ^TWII
2006-06-20,6536.11,6552.17,6324.69,6363.55,Yahoo Finance ^TWII
2006-06-21,6354.43,6399.22,6290.63,6299.59,Yahoo Finance ^TWII
2006-06-22,6427.71,6487.91,6397.13,6485.15,Yahoo Finance ^TWII
2006-06-23,6432.46,6462.91,6362.23,6452.31,Yahoo Finance ^TWII
2006-06-26,6464.40,6548.94,6448.51,6523.68,Yahoo Finance ^TWII
2006-06-27,6520.77,6622.81,6513.03,6572.39,Yahoo Finance ^TWII
2006-06-28,6500.38,6540.93,6481.65,6540.93,Yahoo Finance ^TWII
2006-06-29,6578.58,6623.39,6574.40,6607.39,Yahoo Finance ^TWII
2006-06-30,6731.07,6731.07,6682.38,6704.41,Yahoo Finance ^TWII
2006-07-03,6727.23,6735.34,6705.25,6718.50,Yahoo Finance ^TWII
2006-07-04,6748.47,6789.55,6722.39,6734.51,Yahoo Finance ^TWII
2006-07-05,6709.21,6741.52,6651.55,6659.96,Yahoo Finance ^TWII
2006-07-06,6630.04,6659.07,6608.49,6659.07,Yahoo Finance ^TWII
2006-07-07,6651.02,6671.74,6628.46,6660.61,Yahoo Finance ^TWII
2006-07-10,6609.86,6694.75,6588.55,6682.46,Yahoo Finance ^TWII
2006-07-11,6672.32,6702.64,6639.13,6639.13,Yahoo Finance ^TWII
2006-07-12,6681.90,6725.42,6612.34,6634.09,Yahoo Finance ^TWII
2006-07-13,6591.56,6624.04,6562.54,6567.60,Yahoo Finance ^TWII
2006-07-14,6472.29,6489.65,6413.92,6428.03,Yahoo Finance ^TWII
2006-07-17,6402.77,6416.41,6232.49,6257.80,Yahoo Finance ^TWII
2006-07-18,6257.45,6293.12,6244.15,6285.31,Yahoo Finance ^TWII
2006-07-19,6317.58,6359.82,6277.24,6277.24,Yahoo Finance ^TWII
2006-07-20,6423.61,6446.29,6393.89,6443.74,Yahoo Finance ^TWII
2006-07-21,6396.70,6423.52,6373.59,6420.01,Yahoo Finance ^TWII
2006-07-24,6316.83,6363.68,6308.72,6359.63,Yahoo Finance ^TWII
2006-07-25,6433.32,6435.83,6390.99,6390.99,Yahoo Finance ^TWII
2006-07-26,6389.49,6406.66,6360.11,6376.39,Yahoo Finance ^TWII
2006-07-27,6379.40,6461.92,6373.11,6459.25,Yahoo Finance ^TWII
2006-07-28,6450.04,6490.36,6448.37,6480.07,Yahoo Finance ^TWII
2006-07-31,6528.23,6531.11,6428.26,6454.58,Yahoo Finance ^TWII
2006-08-01,6464.59,6478.34,6435.93,6441.46,Yahoo Finance ^TWII
2006-08-02,6426.23,6488.68,6421.78,6471.42,Yahoo Finance ^TWII
2006-08-03,6496.01,6514.90,6460.03,6462.32,Yahoo Finance ^TWII
2006-08-04,6483.07,6491.67,6421.55,6442.61,Yahoo Finance ^TWII
2006-08-07,6425.99,6450.06,6405.09,6416.61,Yahoo Finance ^TWII
2006-08-08,6442.68,6502.14,6441.16,6502.14,Yahoo Finance ^TWII
2006-08-09,6493.89,6574.49,6488.59,6573.22,Yahoo Finance ^TWII
2006-08-10,6555.28,6606.28,6555.28,6578.61,Yahoo Finance ^TWII
2006-08-11,6612.48,6617.23,6559.27,6571.10,Yahoo Finance ^TWII
2006-08-14,6588.47,6634.73,6587.36,6611.90,Yahoo Finance ^TWII
2006-08-15,6628.50,6628.50,6595.35,6615.13,Yahoo Finance ^TWII
2006-08-16,6686.23,6699.83,6663.07,6696.63,Yahoo Finance ^TWII
2006-08-17,6752.99,6761.79,6722.58,6733.46,Yahoo Finance ^TWII
2006-08-18,6761.40,6761.40,6719.75,6721.08,Yahoo Finance ^TWII
2006-08-21,6715.72,6715.72,6498.18,6505.92,Yahoo Finance ^TWII
2006-08-22,6524.72,6590.20,6517.28,6590.20,Yahoo Finance ^TWII
2006-08-23,6584.66,6587.46,6454.71,6556.33,Yahoo Finance ^TWII
2006-08-24,6540.03,6570.62,6525.36,6550.64,Yahoo Finance ^TWII
2006-08-25,6594.82,6600.94,6526.22,6526.22,Yahoo Finance ^TWII
2006-08-28,6515.08,6515.08,6422.38,6444.76,Yahoo Finance ^TWII
2006-08-29,6485.98,6500.89,6460.67,6479.91,Yahoo Finance ^TWII
2006-08-30,6523.68,6602.81,6523.68,6587.12,Yahoo Finance ^TWII
2006-08-31,6647.67,6667.62,6611.77,6611.77,Yahoo Finance ^TWII
2006-09-01,6631.83,6658.13,6625.23,6651.46,Yahoo Finance ^TWII
2006-09-04,6706.51,6761.65,6706.51,6750.78,Yahoo Finance ^TWII
2006-09-05,6764.95,6766.81,6725.58,6734.73,Yahoo Finance ^TWII
2006-09-06,6712.80,6747.98,6661.56,6688.40,Yahoo Finance ^TWII
2006-09-07,6638.79,6689.20,6630.25,6685.23,Yahoo Finance ^TWII
2006-09-08,6664.11,6718.83,6654.77,6693.11,Yahoo Finance ^TWII
2006-09-11,6714.36,6802.84,6674.55,6693.88,Yahoo Finance ^TWII
2006-09-12,6698.38,6698.38,6620.71,6625.73,Yahoo Finance ^TWII
2006-09-13,6687.71,6690.29,6631.97,6664.87,Yahoo Finance ^TWII
2006-09-14,6687.57,6691.51,6550.03,6598.87,Yahoo Finance ^TWII
2006-09-15,6585.03,6681.09,6575.87,6681.09,Yahoo Finance ^TWII
2006-09-18,6784.77,6886.30,6775.12,6882.48,Yahoo Finance ^TWII
2006-09-19,6897.59,6915.08,6858.85,6881.87,Yahoo Finance ^TWII
2006-09-20,6850.40,6890.63,6839.69,6877.77,Yahoo Finance ^TWII
2006-09-21,6924.37,6938.93,6862.28,6889.89,Yahoo Finance ^TWII
2006-09-22,6872.26,6890.90,6854.02,6885.60,Yahoo Finance ^TWII
2006-09-25,6879.68,6921.36,6844.33,6911.21,Yahoo Finance ^TWII
2006-09-26,6945.04,6958.79,6899.37,6901.75,Yahoo Finance ^TWII
2006-09-27,6957.08,6961.71,6922.99,6946.27,Yahoo Finance ^TWII
2006-09-28,6955.60,6961.92,6858.03,6885.12,Yahoo Finance ^TWII
2006-09-29,6887.39,6903.72,6860.52,6883.05,Yahoo Finance ^TWII
2006-10-02,6907.43,6961.78,6907.43,6960.95,Yahoo Finance ^TWII
2006-10-03,6942.07,6976.62,6935.80,6956.88,Yahoo Finance ^TWII
2006-10-04,6967.77,6980.67,6874.98,6874.98,Yahoo Finance ^TWII
2006-10-05,6955.74,7004.42,6926.73,6997.24,Yahoo Finance ^TWII
2006-10-11,6984.45,7022.49,6984.45,7006.67,Yahoo Finance ^TWII
2006-10-12,7032.76,7039.93,6983.46,6984.58,Yahoo Finance ^TWII
2006-10-13,7060.19,7096.51,7046.65,7068.80,Yahoo Finance ^TWII
2006-10-14,,,,7076.85,011.idv.tw (close only)
2006-10-16,7102.97,7159.85,7099.11,7151.42,Yahoo Finance ^TWII
2006-10-17,7133.85,7133.85,7070.30,7075.13,Yahoo Finance ^TWII
2006-10-18,7021.96,7035.45,6980.07,7017.60,Yahoo Finance ^TWII
2006-10-19,7000.68,7045.99,6986.85,6995.83,Yahoo Finance ^TWII
2006-10-20,7029.65,7048.09,7021.34,7039.37,Yahoo Finance ^TWII
2006-10-23,7041.70,7043.48,7008.13,7040.26,Yahoo Finance ^TWII
2006-10-24,7075.81,7120.24,7070.17,7097.42,Yahoo Finance ^TWII
2006-10-25,7099.94,7110.93,7059.89,7059.89,Yahoo Finance ^TWII
2006-10-26,7083.15,7119.55,7080.84,7080.84,Yahoo Finance ^TWII
2006-10-27,7112.54,7132.29,7082.68,7086.74,Yahoo Finance ^TWII
2006-10-30,7050.05,7050.05,6995.10,6995.20,Yahoo Finance ^TWII
2006-10-31,7020.35,7025.21,7004.15,7021.32,Yahoo Finance ^TWII
2006-11-01,7036.07,7058.69,7013.99,7013.99,Yahoo Finance ^TWII
2006-11-02,7008.42,7089.70,7005.13,7078.10,Yahoo Finance ^TWII
2006-11-03,7079.71,7186.98,7079.71,7161.61,Yahoo Finance ^TWII
2006-11-06,7036.89,7160.66,7036.89,7120.44,Yahoo Finance ^TWII
2006-11-07,7198.90,7219.06,7180.75,7184.65,Yahoo Finance ^TWII
2006-11-08,7200.77,7207.33,7176.66,7178.34,Yahoo Finance ^TWII
2006-11-09,7209.90,7242.45,7146.72,7151.13,Yahoo Finance ^TWII
2006-11-10,7159.80,7176.06,7130.57,7174.20,Yahoo Finance ^TWII
2006-11-13,7182.78,7191.09,7136.06,7136.06,Yahoo Finance ^TWII
2006-11-14,7185.66,7216.64,7168.85,7204.04,Yahoo Finance ^TWII
2006-11-15,7254.47,7269.01,7229.02,7236.85,Yahoo Finance ^TWII
2006-11-16,7272.50,7290.25,7240.25,7257.48,Yahoo Finance ^TWII
2006-11-17,7282.38,7287.91,7251.65,7259.54,Yahoo Finance ^TWII
2006-11-20,7266.40,7270.28,7228.97,7261.48,Yahoo Finance ^TWII
2006-11-21,7258.63,7320.06,7245.42,7309.69,Yahoo Finance ^TWII
2006-11-22,7330.01,7350.63,7314.36,7348.77,Yahoo Finance ^TWII
2006-11-23,7371.30,7430.90,7368.01,7384.69,Yahoo Finance ^TWII
2006-11-24,7394.75,7427.36,7366.08,7427.36,Yahoo Finance ^TWII
2006-11-27,7494.59,7506.07,7463.88,7498.15,Yahoo Finance ^TWII
2006-11-28,7447.67,7483.43,7444.94,7444.94,Yahoo Finance ^TWII
2006-11-29,7476.54,7513.51,7431.87,7474.19,Yahoo Finance ^TWII
2006-11-30,7527.47,7567.72,7500.24,7567.72,Yahoo Finance ^TWII
2006-12-01,7587.51,7621.81,7557.62,7613.57,Yahoo Finance ^TWII
2006-12-04,7622.09,7659.84,7590.92,7647.01,Yahoo Finance ^TWII
2006-12-05,7700.15,7703.25,7575.14,7609.90,Yahoo Finance ^TWII
2006-12-06,7634.79,7697.24,7620.98,7693.33,Yahoo Finance ^TWII
2006-12-07,7697.12,7716.85,7669.22,7686.52,Yahoo Finance ^TWII
2006-12-08,7658.04,7658.04,7601.30,7636.30,Yahoo Finance ^TWII
2006-12-11,7635.69,7635.72,7582.62,7612.12,Yahoo Finance ^TWII
2006-12-12,7604.75,7604.75,7441.01,7458.56,Yahoo Finance ^TWII
2006-12-13,7480.04,7494.49,7369.09,7450.30,Yahoo Finance ^TWII
2006-12-14,7456.31,7492.30,7428.38,7480.41,Yahoo Finance ^TWII
2006-12-15,7546.81,7568.02,7531.48,7538.82,Yahoo Finance ^TWII
2006-12-18,7568.82,7648.06,7561.88,7624.62,Yahoo Finance ^TWII
2006-12-19,7624.75,7648.76,7598.88,7598.88,Yahoo Finance ^TWII
2006-12-20,7627.94,7661.94,7614.71,7648.35,Yahoo Finance ^TWII
2006-12-21,7655.64,7685.88,7614.45,7620.94,Yahoo Finance ^TWII
2006-12-22,7636.73,7660.33,7621.48,7652.47,Yahoo Finance ^TWII
2006-12-25,7658.05,7667.44,7635.16,7646.81,Yahoo Finance ^TWII
2006-12-26,7668.92,7749.46,7668.92,7727.59,Yahoo Finance ^TWII
2006-12-27,7761.09,7790.31,7733.18,7733.18,Yahoo Finance ^TWII
2006-12-28,7777.86,7782.42,7720.29,7732.93,Yahoo Finance ^TWII
2006-12-29,7747.62,7823.72,7747.62,7823.72,Yahoo Finance ^TWII
2007-01-02,7871.41,7937.26,7843.60,7920.80,Yahoo Finance ^TWII
2007-01-03,7954.96,7999.42,7917.30,7917.30,Yahoo Finance ^TWII
2007-01-04,7929.89,7955.90,7901.24,7934.51,Yahoo Finance ^TWII
2007-01-05,7940.20,7942.23,7821.71,7835.57,Yahoo Finance ^TWII
2007-01-08,7778.57,7797.57,7736.11,7736.71,Yahoo Finance ^TWII
2007-01-09,7778.38,7827.93,7778.38,7790.01,Yahoo Finance ^TWII
2007-01-10,7737.25,7748.79,7682.82,7698.52,Yahoo Finance ^TWII
2007-01-11,7724.10,7748.96,7599.55,7618.55,Yahoo Finance ^TWII
2007-01-12,7713.63,7769.31,7704.39,7761.71,Yahoo Finance ^TWII
2007-01-15,7809.91,7814.85,7741.49,7783.50,Yahoo Finance ^TWII
2007-01-16,7792.77,7831.20,7780.65,7792.08,Yahoo Finance ^TWII
2007-01-17,7757.80,7841.26,7747.58,7833.98,Yahoo Finance ^TWII
2007-01-18,7852.26,7896.95,7830.23,7895.18,Yahoo Finance ^TWII
2007-01-19,7859.47,7892.61,7840.08,7840.08,Yahoo Finance ^TWII
2007-01-22,7866.17,7871.01,7784.21,7842.47,Yahoo Finance ^TWII
2007-01-23,7837.44,7869.55,7818.58,7852.36,Yahoo Finance ^TWII
2007-01-24,7943.24,7949.48,7916.39,7935.54,Yahoo Finance ^TWII
2007-01-25,7982.64,7990.55,7917.65,7923.77,Yahoo Finance ^TWII
2007-01-26,7825.75,7883.50,7793.91,7821.32,Yahoo Finance ^TWII
2007-01-29,7831.57,7838.92,7746.37,7751.79,Yahoo Finance ^TWII
2007-01-30,7763.53,7778.24,7725.41,7739.91,Yahoo Finance ^TWII
2007-01-31,7759.79,7778.69,7637.54,7699.64,Yahoo Finance ^TWII
2007-02-01,7751.30,7757.63,7679.78,7701.54,Yahoo Finance ^TWII
2007-02-02,7754.16,7801.63,7751.53,7777.03,Yahoo Finance ^TWII
2007-02-05,7786.77,7823.94,7772.05,7783.12,Yahoo Finance ^TWII
2007-02-06,7816.30,7875.75,7802.94,7875.75,Yahoo Finance ^TWII
2007-02-07,7894.77,7894.77,7850.06,7850.06,Yahoo Finance ^TWII
2007-02-08,7875.52,7884.73,7790.63,7842.22,Yahoo Finance ^TWII
2007-02-09,7847.18,7884.55,7822.53,7859.53,Yahoo Finance ^TWII
2007-02-12,7826.46,7826.46,7764.51,7776.36,Yahoo Finance ^TWII
2007-02-13,7782.07,7800.87,7725.81,7736.83,Yahoo Finance ^TWII
2007-02-14,7800.98,7812.18,7764.31,7809.45,Yahoo Finance ^TWII
2007-02-26,7939.40,7950.20,7899.55,7900.20,Yahoo Finance ^TWII
2007-02-27,7908.79,7939.50,7881.92,7901.96,Yahoo Finance ^TWII
2007-03-01,7707.63,7761.40,7663.17,7678.67,Yahoo Finance ^TWII
2007-03-02,7653.35,7695.15,7625.99,7670.77,Yahoo Finance ^TWII
2007-03-03,,,,7630.15,011.idv.tw (close only)
2007-03-05,7565.95,7565.95,7306.07,7344.56,Yahoo Finance ^TWII
2007-03-06,7379.08,7452.84,7349.98,7451.06,Yahoo Finance ^TWII
2007-03-07,7516.21,7519.46,7449.67,7480.89,Yahoo Finance ^TWII
2007-03-08,7517.77,7573.87,7510.44,7573.87,Yahoo Finance ^TWII
2007-03-09,7615.81,7619.35,7550.83,7568.20,Yahoo Finance ^TWII
2007-03-12,7611.15,7640.14,7590.82,7629.15,Yahoo Finance ^TWII
2007-03-13,7664.70,7694.59,7661.76,7684.00,Yahoo Finance ^TWII
2007-03-14,7552.73,7575.52,7526.48,7570.27,Yahoo Finance ^TWII
2007-03-15,7631.67,7708.98,7631.67,7695.96,Yahoo Finance ^TWII
2007-03-16,7707.15,7743.37,7676.39,7719.80,Yahoo Finance ^TWII
2007-03-19,7739.56,7759.66,7713.78,7737.46,Yahoo Finance ^TWII
2007-03-20,7784.27,7798.27,7736.20,7736.20,Yahoo Finance ^TWII
2007-03-21,7780.30,7784.19,7746.35,7757.03,Yahoo Finance ^TWII
2007-03-22,7843.64,7856.99,7822.63,7823.67,Yahoo Finance ^TWII
2007-03-23,7834.62,7879.09,7806.89,7859.32,Yahoo Finance ^TWII
2007-03-26,7878.59,7887.33,7853.15,7877.82,Yahoo Finance ^TWII
2007-03-27,7876.76,7928.03,7839.22,7845.17,Yahoo Finance ^TWII
2007-03-28,7832.62,7841.40,7769.30,7788.14,Yahoo Finance ^TWII
2007-03-29,7765.07,7863.63,7764.05,7848.33,Yahoo Finance ^TWII
2007-03-30,7877.75,7888.82,7839.91,7884.41,Yahoo Finance ^TWII
2007-04-02,7888.17,7931.99,7866.59,7884.99,Yahoo Finance ^TWII
2007-04-03,7894.87,7932.91,7879.88,7932.91,Yahoo Finance ^TWII
2007-04-04,7989.65,8021.59,7970.46,8004.61,Yahoo Finance ^TWII
2007-04-09,8048.34,8066.77,8026.33,8056.56,Yahoo Finance ^TWII
2007-04-10,8064.54,8064.54,8002.49,8048.39,Yahoo Finance ^TWII
2007-04-11,8073.67,8105.82,8055.67,8084.45,Yahoo Finance ^TWII
2007-04-12,8043.78,8090.94,8039.13,8075.20,Yahoo Finance ^TWII
2007-04-13,8100.08,8108.50,7999.69,8002.30,Yahoo Finance ^TWII
2007-04-14,,,,8045.12,011.idv.tw (close only)
2007-04-16,8088.83,8096.84,8030.50,8043.54,Yahoo Finance ^TWII
2007-04-17,8100.61,8100.61,7952.18,7959.29,Yahoo Finance ^TWII
2007-04-18,7981.36,8003.31,7946.35,8003.31,Yahoo Finance ^TWII
2007-04-19,7978.59,7991.69,7883.92,7888.63,Yahoo Finance ^TWII
2007-04-20,7915.91,7945.70,7912.49,7942.67,Yahoo Finance ^TWII
2007-04-23,8009.55,8062.70,8006.42,8010.46,Yahoo Finance ^TWII
2007-04-24,8011.81,8051.67,7998.22,8045.01,Yahoo Finance ^TWII
2007-04-25,8035.74,8041.27,7984.65,7984.65,Yahoo Finance ^TWII
2007-04-26,8046.72,8052.55,8000.04,8000.04,Yahoo Finance ^TWII
2007-04-27,8019.49,8026.51,7949.42,7949.42,Yahoo Finance ^TWII
2007-04-30,7956.03,7956.03,7843.05,7875.42,Yahoo Finance ^TWII
2007-05-02,7900.76,7951.69,7890.54,7903.04,Yahoo Finance ^TWII
2007-05-03,7954.16,7965.93,7861.43,7926.66,Yahoo Finance ^TWII
2007-05-04,7990.97,8066.06,7990.97,8066.06,Yahoo Finance ^TWII
2007-05-07,8122.20,8132.80,8095.04,8115.27,Yahoo Finance ^TWII
2007-05-08,8111.51,8113.31,8083.18,8095.84,Yahoo Finance ^TWII
2007-05-09,8092.10,8093.51,8043.46,8052.70,Yahoo Finance ^TWII
2007-05-10,8094.72,8105.09,8071.50,8096.86,Yahoo Finance ^TWII
2007-05-11,8026.36,8049.50,8018.64,8031.54,Yahoo Finance ^TWII
2007-05-14,8072.15,8072.15,8013.83,8030.56,Yahoo Finance ^TWII
2007-05-15,8022.58,8041.55,7968.92,7975.03,Yahoo Finance ^TWII
2007-05-16,7988.97,8014.88,7978.25,7988.57,Yahoo Finance ^TWII
2007-05-17,8029.60,8080.63,8029.60,8037.96,Yahoo Finance ^TWII
2007-05-18,8066.01,8075.21,8013.89,8034.14,Yahoo Finance ^TWII
2007-05-21,8067.23,8159.26,8043.90,8141.59,Yahoo Finance ^TWII
2007-05-22,8158.99,8205.89,8158.29,8188.63,Yahoo Finance ^TWII
2007-05-23,8232.53,8256.25,8214.58,8221.79,Yahoo Finance ^TWII
2007-05-24,8231.65,8249.48,8207.96,8216.41,Yahoo Finance ^TWII
2007-05-25,8170.58,8170.58,8130.17,8159.97,Yahoo Finance ^TWII
2007-05-28,8194.83,8201.65,8154.22,8156.82,Yahoo Finance ^TWII
2007-05-29,8178.70,8229.44,8166.46,8181.49,Yahoo Finance ^TWII
2007-05-30,8163.81,8177.76,8110.28,8147.34,Yahoo Finance ^TWII
2007-05-31,8204.72,8220.81,8144.95,8144.95,Yahoo Finance ^TWII
2007-06-01,8236.76,8261.67,8224.28,8249.90,Yahoo Finance ^TWII
2007-06-04,8310.09,8317.60,8282.79,8294.79,Yahoo Finance ^TWII
2007-06-05,8321.42,8321.42,8267.59,8303.99,Yahoo Finance ^TWII
2007-06-06,8330.72,8376.97,8313.59,8314.68,Yahoo Finance ^TWII
2007-06-07,8298.97,8368.56,8263.61,8355.26,Yahoo Finance ^TWII
2007-06-08,8288.26,8308.45,8279.96,8300.71,Yahoo Finance ^TWII
2007-06-11,8351.03,8359.75,8328.61,8338.88,Yahoo Finance ^TWII
2007-06-12,8371.70,8396.22,8345.01,8370.26,Yahoo Finance ^TWII
2007-06-13,8388.49,8388.49,8336.53,8346.39,Yahoo Finance ^TWII
2007-06-14,8421.21,8476.13,8409.00,8450.72,Yahoo Finance ^TWII
2007-06-15,8519.38,8578.33,8511.07,8573.64,Yahoo Finance ^TWII
2007-06-20,8651.26,8761.88,8636.47,8755.88,Yahoo Finance ^TWII
2007-06-21,8789.09,8871.72,8722.15,8851.99,Yahoo Finance ^TWII
2007-06-22,8879.99,8884.03,8799.29,8846.39,Yahoo Finance ^TWII
2007-06-23,,,,8812.91,011.idv.tw (close only)
2007-06-25,8882.30,8985.93,8882.30,8939.19,Yahoo Finance ^TWII
2007-06-26,8965.82,8983.96,8856.29,8865.75,Yahoo Finance ^TWII
2007-06-27,8862.29,8887.88,8820.68,8844.22,Yahoo Finance ^TWII
2007-06-28,8914.69,8914.69,8841.96,8892.83,Yahoo Finance ^TWII
2007-06-29,8932.18,8932.95,8849.04,8883.21,Yahoo Finance ^TWII
2007-07-02,8903.77,8939.49,8849.35,8939.49,Yahoo Finance ^TWII
2007-07-03,8983.24,9019.93,8977.09,8996.20,Yahoo Finance ^TWII
2007-07-04,9069.32,9112.74,9034.50,9068.98,Yahoo Finance ^TWII
2007-07-05,9114.06,9148.78,9086.19,9148.78,Yahoo Finance ^TWII
2007-07-06,9169.56,9199.66,9118.26,9188.31,Yahoo Finance ^TWII
2007-07-09,9246.44,9369.84,9239.20,9369.84,Yahoo Finance ^TWII
2007-07-10,9404.76,9404.76,9306.62,9384.73,Yahoo Finance ^TWII
2007-07-11,9322.69,9341.32,9263.26,9290.95,Yahoo Finance ^TWII
2007-07-12,9346.95,9400.37,9316.91,9354.41,Yahoo Finance ^TWII
2007-07-13,9530.72,9540.35,9411.04,9471.30,Yahoo Finance ^TWII
2007-07-16,9514.09,9539.20,9403.73,9417.32,Yahoo Finance ^TWII
2007-07-17,9444.87,9513.95,9337.67,9509.73,Yahoo Finance ^TWII
2007-07-18,9512.39,9574.69,9482.55,9485.35,Yahoo Finance ^TWII
2007-07-19,9449.72,9529.35,9441.79,9473.31,Yahoo Finance ^TWII
2007-07-20,9537.24,9585.90,9487.95,9585.90,Yahoo Finance ^TWII
2007-07-23,9576.06,9637.18,9563.72,9621.57,Yahoo Finance ^TWII
2007-07-24,9674.24,9745.32,9643.27,9744.06,Yahoo Finance ^TWII
2007-07-25,9683.97,9763.26,9656.04,9740.13,Yahoo Finance ^TWII
2007-07-26,9793.76,9807.91,9566.42,9566.42,Yahoo Finance ^TWII
2007-07-27,9244.62,9376.95,9162.28,9162.28,Yahoo Finance ^TWII
2007-07-30,9037.35,9136.45,8996.81,9072.57,Yahoo Finance ^TWII
2007-07-31,9211.80,9307.81,9173.48,9287.25,Yahoo Finance ^TWII
2007-08-01,9188.60,9265.70,8891.88,8891.88,Yahoo Finance ^TWII
2007-08-02,9076.11,9080.07,8727.64,8950.57,Yahoo Finance ^TWII
2007-08-03,9104.34,9134.60,9025.70,9057.82,Yahoo Finance ^TWII
2007-08-06,8865.58,8960.75,8856.91,8941.73,Yahoo Finance ^TWII
2007-08-07,9068.04,9068.83,8862.31,8862.31,Yahoo Finance ^TWII
2007-08-08,8961.12,9099.46,8938.54,9099.46,Yahoo Finance ^TWII
2007-08-09,9213.47,9219.02,9140.47,9182.60,Yahoo Finance ^TWII
2007-08-10,8870.27,8969.31,8870.27,8931.31,Yahoo Finance ^TWII
2007-08-13,9030.82,9030.93,8913.40,8938.96,Yahoo Finance ^TWII
2007-08-14,8952.54,9023.26,8840.26,8910.99,Yahoo Finance ^TWII
2007-08-15,8782.05,8808.59,8561.02,8593.04,Yahoo Finance ^TWII
2007-08-16,8397.24,8438.08,8166.08,8201.37,Yahoo Finance ^TWII
2007-08-17,8209.91,8307.37,7987.61,8090.29,Yahoo Finance ^TWII
2007-08-20,8496.97,8516.75,8397.26,8515.60,Yahoo Finance ^TWII
2007-08-21,8542.13,8586.73,8424.01,8479.08,Yahoo Finance ^TWII
2007-08-22,8487.24,8512.45,8432.32,8493.46,Yahoo Finance ^TWII
2007-08-23,8699.40,8735.10,8686.06,8732.84,Yahoo Finance ^TWII
2007-08-24,8727.09,8741.64,8668.05,8690.09,Yahoo Finance ^TWII
2007-08-27,8849.96,8849.96,8704.59,8718.31,Yahoo Finance ^TWII
2007-08-28,8697.15,8753.39,8672.81,8727.55,Yahoo Finance ^TWII
2007-08-29,8514.47,8643.32,8514.47,8643.32,Yahoo Finance ^TWII
2007-08-30,8782.35,8825.92,8750.62,8771.21,Yahoo Finance ^TWII
2007-08-31,8807.70,8982.16,8785.70,8982.16,Yahoo Finance ^TWII
2007-09-03,9018.89,9019.41,8947.06,8979.96,Yahoo Finance ^TWII
2007-09-04,9019.61,9027.77,8883.87,8922.98,Yahoo Finance ^TWII
2007-09-05,9017.51,9026.30,8902.14,8913.85,Yahoo Finance ^TWII
2007-09-06,8896.67,9017.08,8841.64,9017.08,Yahoo Finance ^TWII
2007-09-07,9056.14,9078.47,9000.95,9018.08,Yahoo Finance ^TWII
2007-09-10,8868.00,8953.45,8845.90,8937.58,Yahoo Finance ^TWII
2007-09-11,8981.34,9017.30,8953.37,9003.12,Yahoo Finance ^TWII
2007-09-12,9078.09,9084.97,9011.26,9018.12,Yahoo Finance ^TWII
2007-09-13,9062.31,9062.31,8924.62,8927.42,Yahoo Finance ^TWII
2007-09-14,8995.53,9046.51,8952.88,9031.63,Yahoo Finance ^TWII
2007-09-17,9039.28,9044.37,8874.71,8899.91,Yahoo Finance ^TWII
2007-09-19,9090.90,9090.90,8900.80,8926.38,Yahoo Finance ^TWII
2007-09-20,8987.52,9109.52,8950.62,8983.03,Yahoo Finance ^TWII
2007-09-21,9018.68,9105.28,8994.01,9105.28,Yahoo Finance ^TWII
2007-09-26,9180.93,9269.62,9178.77,9257.47,Yahoo Finance ^TWII
2007-09-27,9337.04,9413.65,9291.72,9413.65,Yahoo Finance ^TWII
2007-09-28,9447.33,9474.05,9411.95,9411.95,Yahoo Finance ^TWII
2007-09-29,,,,9476.52,011.idv.tw (close only)
2007-10-01,9523.98,9555.07,9474.40,9488.50,Yahoo Finance ^TWII
2007-10-02,9597.96,9642.95,9582.70,9623.25,Yahoo Finance ^TWII
2007-10-03,9650.03,9783.75,9618.14,9700.07,Yahoo Finance ^TWII
2007-10-04,9663.53,9676.35,9574.01,9627.39,Yahoo Finance ^TWII
2007-10-05,9645.63,9670.13,9565.00,9617.26,Yahoo Finance ^TWII
2007-10-08,9736.93,9744.97,9683.14,9717.17,Yahoo Finance ^TWII
2007-10-09,9743.61,9743.61,9591.94,9639.83,Yahoo Finance ^TWII
2007-10-11,9707.93,9729.47,9661.23,9697.67,Yahoo Finance ^TWII
2007-10-12,9677.33,9731.16,9490.01,9496.47,Yahoo Finance ^TWII
2007-10-15,9565.36,9577.04,9431.66,9518.45,Yahoo Finance ^TWII
2007-10-16,9468.88,9618.03,9461.27,9592.47,Yahoo Finance ^TWII
2007-10-17,9582.19,9616.26,9492.89,9562.16,Yahoo Finance ^TWII
2007-10-18,9605.49,9667.07,9574.96,9637.07,Yahoo Finance ^TWII
2007-10-19,9666.58,9673.96,9609.58,9611.72,Yahoo Finance ^TWII
2007-10-22,9278.89,9381.65,9275.72,9360.63,Yahoo Finance ^TWII
2007-10-23,9419.54,9512.56,9419.54,9502.39,Yahoo Finance ^TWII
2007-10-24,9593.20,9640.49,9442.62,9442.62,Yahoo Finance ^TWII
2007-10-25,9546.85,9573.29,9503.83,9568.26,Yahoo Finance ^TWII
2007-10-26,9637.49,9661.94,9573.00,9631.51,Yahoo Finance ^TWII
2007-10-29,9743.73,9822.37,9735.43,9809.88,Yahoo Finance ^TWII
2007-10-30,9854.27,9859.65,9727.58,9757.93,Yahoo Finance ^TWII
2007-10-31,9777.58,9787.90,9664.64,9711.37,Yahoo Finance ^TWII
2007-11-01,9780.59,9785.75,9556.22,9598.23,Yahoo Finance ^TWII
2007-11-02,9373.41,9433.07,9248.34,9273.09,Yahoo Finance ^TWII
2007-11-05,9251.86,9313.85,9129.49,9308.60,Yahoo Finance ^TWII
2007-11-06,9324.61,9368.46,9278.01,9292.80,Yahoo Finance ^TWII
2007-11-07,9437.43,9437.43,9300.22,9300.22,Yahoo Finance ^TWII
2007-11-08,9096.03,9105.63,8890.10,8937.58,Yahoo Finance ^TWII
2007-11-09,8962.24,9016.73,8853.81,8970.92,Yahoo Finance ^TWII
2007-11-12,8755.37,8765.51,8626.58,8670.61,Yahoo Finance ^TWII
2007-11-13,8673.20,8742.41,8599.39,8727.21,Yahoo Finance ^TWII
2007-11-14,8965.66,8993.89,8940.96,8942.93,Yahoo Finance ^TWII
2007-11-15,8920.03,8962.21,8897.89,8905.41,Yahoo Finance ^TWII
2007-11-16,8767.21,8790.57,8678.55,8764.82,Yahoo Finance ^TWII
2007-11-19,8818.42,8838.28,8680.71,8680.71,Yahoo Finance ^TWII
2007-11-20,8483.61,8680.86,8372.05,8680.86,Yahoo Finance ^TWII
2007-11-21,8676.96,8704.08,8484.11,8484.11,Yahoo Finance ^TWII
2007-11-22,8431.03,8573.74,8390.85,8499.37,Yahoo Finance ^TWII
2007-11-23,8550.70,8559.05,8342.20,8342.20,Yahoo Finance ^TWII
2007-11-26,8462.93,8534.27,8407.34,8528.33,Yahoo Finance ^TWII
2007-11-27,8319.69,8454.36,8207.97,8375.76,Yahoo Finance ^TWII
2007-11-28,8429.09,8440.12,8276.26,8276.26,Yahoo Finance ^TWII
2007-11-29,8454.57,8481.45,8376.09,8447.03,Yahoo Finance ^TWII
2007-11-30,8499.23,8590.63,8499.23,8586.40,Yahoo Finance ^TWII
2007-12-03,8623.12,8645.62,8565.08,8583.84,Yahoo Finance ^TWII
2007-12-04,8557.32,8656.89,8557.00,8651.28,Yahoo Finance ^TWII
2007-12-05,8626.52,8705.87,8601.13,8676.95,Yahoo Finance ^TWII
2007-12-06,8784.69,8797.61,8654.86,8694.41,Yahoo Finance ^TWII
2007-12-07,8774.57,8804.93,8722.38,8722.38,Yahoo Finance ^TWII
2007-12-10,8700.48,8706.58,8594.95,8598.03,Yahoo Finance ^TWII
2007-12-11,8648.88,8659.36,8569.54,8638.33,Yahoo Finance ^TWII
2007-12-12,8495.59,8554.12,8451.65,8490.84,Yahoo Finance ^TWII
2007-12-13,8485.56,8522.14,8187.95,8187.95,Yahoo Finance ^TWII
2007-12-14,8186.25,8202.94,7922.66,8118.08,Yahoo Finance ^TWII
2007-12-17,8041.60,8092.96,7830.85,7830.85,Yahoo Finance ^TWII
2007-12-18,7730.79,7913.88,7664.62,7807.39,Yahoo Finance ^TWII
2007-12-19,7881.01,8020.39,7865.48,8014.31,Yahoo Finance ^TWII
2007-12-20,8044.17,8048.00,7840.71,7857.08,Yahoo Finance ^TWII
2007-12-21,7903.14,8006.56,7810.27,7941.44,Yahoo Finance ^TWII
2007-12-24,8074.44,8135.48,8061.31,8135.48,Yahoo Finance ^TWII
2007-12-25,8166.18,8181.61,8119.85,8167.07,Yahoo Finance ^TWII
2007-12-26,8125.45,8173.90,8071.63,8156.39,Yahoo Finance ^TWII
2007-12-27,8169.19,8355.28,8169.19,8313.72,Yahoo Finance ^TWII
2007-12-28,8269.32,8460.18,8269.32,8396.95,Yahoo Finance ^TWII
2007-12-31,8450.32,8506.28,8414.79,8506.28,Yahoo Finance ^TWII
2008-01-02,8491.57,8532.92,8319.58,8323.05,Yahoo Finance ^TWII
2008-01-03,8171.68,8243.93,8130.41,8184.20,Yahoo Finance ^TWII
2008-01-04,8134.04,8247.18,8097.85,8221.10,Yahoo Finance ^TWII
2008-01-07,7959.92,8015.93,7883.37,7883.37,Yahoo Finance ^TWII
2008-01-08,7909.26,8011.07,7895.78,7962.91,Yahoo Finance ^TWII
2008-01-09,7842.16,8085.06,7818.31,8085.06,Yahoo Finance ^TWII
2008-01-10,8153.08,8177.13,8057.27,8057.27,Yahoo Finance ^TWII
2008-01-11,8134.11,8151.95,8026.34,8029.31,Yahoo Finance ^TWII
2008-01-14,8254.00,8260.88,8097.68,8173.41,Yahoo Finance ^TWII
2008-01-15,8316.24,8546.20,8312.02,8428.84,Yahoo Finance ^TWII
2008-01-16,8286.31,8375.06,8179.54,8179.54,Yahoo Finance ^TWII
2008-01-17,8245.19,8300.29,8004.47,8101.63,Yahoo Finance ^TWII
2008-01-18,7934.86,8184.65,7883.91,8184.65,Yahoo Finance ^TWII
2008-01-21,8167.48,8220.63,8099.59,8110.20,Yahoo Finance ^TWII
2008-01-22,7595.17,7741.99,7566.75,7581.96,Yahoo Finance ^TWII
2008-01-23,7708.27,7708.27,7384.61,7408.40,Yahoo Finance ^TWII
2008-01-24,7639.23,7653.08,7412.97,7517.05,Yahoo Finance ^TWII
2008-01-25,7648.29,7739.59,7648.29,7739.59,Yahoo Finance ^TWII
2008-01-28,7678.81,7705.61,7478.20,7485.79,Yahoo Finance ^TWII
2008-01-29,7593.71,7603.38,7447.44,7576.42,Yahoo Finance ^TWII
2008-01-30,7604.29,7667.07,7507.52,7543.50,Yahoo Finance ^TWII
2008-01-31,7528.18,7579.43,7400.74,7521.13,Yahoo Finance ^TWII
2008-02-01,7613.58,7706.03,7583.65,7673.99,Yahoo Finance ^TWII
2008-02-12,7568.30,7619.98,7530.37,7553.30,Yahoo Finance ^TWII
2008-02-13,7644.80,7655.89,7533.60,7550.55,Yahoo Finance ^TWII
2008-02-14,7711.45,7865.28,7707.00,7865.28,Yahoo Finance ^TWII
2008-02-15,7766.49,7888.15,7761.93,7876.37,Yahoo Finance ^TWII
2008-02-18,7925.30,7988.02,7872.71,7890.90,Yahoo Finance ^TWII
2008-02-19,7985.47,8024.41,7932.79,8024.41,Yahoo Finance ^TWII
2008-02-20,8000.12,8040.83,7855.48,7894.47,Yahoo Finance ^TWII
2008-02-21,7982.35,8085.93,7972.13,8085.93,Yahoo Finance ^TWII
2008-02-22,8013.35,8108.71,7986.97,8108.71,Yahoo Finance ^TWII
2008-02-25,8228.92,8307.75,8228.92,8286.31,Yahoo Finance ^TWII
2008-02-26,8379.55,8386.54,8258.87,8307.67,Yahoo Finance ^TWII
2008-02-27,8401.12,8462.08,8362.94,8462.08,Yahoo Finance ^TWII
2008-02-29,8367.45,8473.71,8367.45,8412.76,Yahoo Finance ^TWII
2008-03-03,8213.70,8265.85,8147.27,8262.87,Yahoo Finance ^TWII
2008-03-04,8279.02,8471.07,8279.02,8470.11,Yahoo Finance ^TWII
2008-03-05,8493.97,8559.59,8439.35,8483.95,Yahoo Finance ^TWII
2008-03-06,8559.08,8658.64,8526.37,8658.64,Yahoo Finance ^TWII
2008-03-07,8537.24,8624.65,8513.24,8531.38,Yahoo Finance ^TWII
2008-03-10,8500.81,8507.29,8286.57,8299.37,Yahoo Finance ^TWII
2008-03-11,8206.74,8381.60,8206.74,8381.60,Yahoo Finance ^TWII
2008-03-12,8577.85,8577.85,8424.10,8435.30,Yahoo Finance ^TWII
2008-03-13,8408.46,8447.98,8198.77,8210.99,Yahoo Finance ^TWII
2008-03-14,8293.12,8315.23,8120.49,8161.39,Yahoo Finance ^TWII
2008-03-17,8041.31,8053.08,7900.80,8005.46,Yahoo Finance ^TWII
2008-03-18,8039.29,8082.57,7955.48,8057.82,Yahoo Finance ^TWII
2008-03-19,8215.80,8233.47,8142.73,8179.35,Yahoo Finance ^TWII
2008-03-20,8151.53,8343.38,8124.67,8337.62,Yahoo Finance ^TWII
2008-03-21,8453.56,8539.91,8412.52,8524.99,Yahoo Finance ^TWII
2008-03-24,9049.23,9049.23,8781.02,8865.35,Yahoo Finance ^TWII
2008-03-25,8853.78,8899.26,8761.01,8795.09,Yahoo Finance ^TWII
2008-03-26,8776.19,8842.52,8712.39,8768.02,Yahoo Finance ^TWII
2008-03-27,8698.16,8708.92,8559.10,8605.95,Yahoo Finance ^TWII
2008-03-28,8591.91,8668.22,8564.03,8623.48,Yahoo Finance ^TWII
2008-03-31,8605.90,8627.53,8499.03,8572.59,Yahoo Finance ^TWII
2008-04-01,8593.20,8608.95,8419.72,8419.72,Yahoo Finance ^TWII
2008-04-02,8578.59,8619.78,8519.67,8605.32,Yahoo Finance ^TWII
2008-04-03,8593.85,8621.59,8555.62,8596.34,Yahoo Finance ^TWII
2008-04-07,8638.63,8729.79,8619.99,8729.79,Yahoo Finance ^TWII
2008-04-08,8717.06,8725.69,8672.85,8672.85,Yahoo Finance ^TWII
2008-04-09,8684.66,8759.75,8628.62,8667.93,Yahoo Finance ^TWII
2008-04-10,8682.10,8829.40,8681.89,8829.40,Yahoo Finance ^TWII
2008-04-11,8872.65,8937.12,8840.04,8909.58,Yahoo Finance ^TWII
2008-04-14,8877.47,8928.87,8839.12,8892.68,Yahoo Finance ^TWII
2008-04-15,8931.08,8951.56,8885.32,8924.78,Yahoo Finance ^TWII
2008-04-16,9007.63,9068.97,8981.91,9066.04,Yahoo Finance ^TWII
2008-04-17,9185.58,9194.86,9063.69,9090.43,Yahoo Finance ^TWII
2008-04-18,9092.93,9123.07,9025.01,9074.34,Yahoo Finance ^TWII
2008-04-21,9156.77,9160.10,9047.66,9083.32,Yahoo Finance ^TWII
2008-04-22,9067.90,9081.29,8997.02,9037.25,Yahoo Finance ^TWII
2008-04-23,9032.61,9079.43,8951.53,9008.49,Yahoo Finance ^TWII
2008-04-24,9025.47,9064.15,8974.79,8990.33,Yahoo Finance ^TWII
2008-04-25,9053.30,9062.97,8945.22,8947.83,Yahoo Finance ^TWII
2008-04-28,8965.73,9079.60,8953.95,9079.60,Yahoo Finance ^TWII
2008-04-29,9056.16,9077.77,8891.74,8891.74,Yahoo Finance ^TWII
2008-04-30,8917.62,8962.99,8882.57,8919.92,Yahoo Finance ^TWII
2008-05-02,8998.06,9010.71,8950.28,8963.63,Yahoo Finance ^TWII
2008-05-05,8968.54,8976.22,8814.48,8837.07,Yahoo Finance ^TWII
2008-05-06,8852.20,8862.50,8782.96,8857.37,Yahoo Finance ^TWII
2008-05-07,8919.93,8977.90,8902.19,8926.34,Yahoo Finance ^TWII
2008-05-08,8865.73,8880.71,8806.99,8866.62,Yahoo Finance ^TWII
2008-05-09,8895.05,8896.31,8792.39,8792.39,Yahoo Finance ^TWII
2008-05-12,8808.59,8838.99,8754.27,8830.05,Yahoo Finance ^TWII
2008-05-13,8894.94,8995.35,8859.24,8989.53,Yahoo Finance ^TWII
2008-05-14,9038.85,9056.80,8994.17,9018.42,Yahoo Finance ^TWII
2008-05-15,9093.21,9158.95,9087.95,9157.18,Yahoo Finance ^TWII
2008-05-16,9211.21,9241.52,9171.39,9197.41,Yahoo Finance ^TWII
2008-05-19,9249.57,9295.20,9207.27,9295.20,Yahoo Finance ^TWII
2008-05-20,9309.95,9309.95,9057.31,9068.89,Yahoo Finance ^TWII
2008-05-21,9036.57,9079.91,8973.15,9015.57,Yahoo Finance ^TWII
2008-05-22,8898.94,9008.03,8878.06,9008.03,Yahoo Finance ^TWII
2008-05-23,9007.21,9050.78,8834.73,8834.73,Yahoo Finance ^TWII
2008-05-26,8808.74,8811.07,8706.78,8707.83,Yahoo Finance ^TWII
2008-05-27,8779.34,8789.77,8723.72,8778.39,Yahoo Finance ^TWII
2008-05-28,8826.94,8834.52,8665.73,8665.73,Yahoo Finance ^TWII
2008-05-29,8773.81,8794.02,8675.71,8684.92,Yahoo Finance ^TWII
2008-05-30,8762.30,8765.99,8548.32,8619.08,Yahoo Finance ^TWII
2008-06-02,8638.48,8724.47,8631.46,8724.47,Yahoo Finance ^TWII
2008-06-03,8664.66,8693.48,8558.46,8579.43,Yahoo Finance ^TWII
2008-06-04,8594.88,8635.94,8562.13,8627.80,Yahoo Finance ^TWII
2008-06-05,8649.72,8745.90,8520.80,8738.46,Yahoo Finance ^TWII
2008-06-06,8802.51,8809.33,8745.35,8745.35,Yahoo Finance ^TWII
2008-06-09,8522.37,8596.23,8514.93,8587.96,Yahoo Finance ^TWII
2008-06-10,8581.99,8602.11,8370.00,8370.00,Yahoo Finance ^TWII
2008-06-11,8402.31,8423.42,8297.92,8345.59,Yahoo Finance ^TWII
2008-06-12,8212.34,8216.43,8053.07,8062.31,Yahoo Finance ^TWII
2008-06-13,8119.49,8161.64,8042.89,8105.59,Yahoo Finance ^TWII
2008-06-16,8191.22,8227.39,8139.84,8169.77,Yahoo Finance ^TWII
2008-06-17,8182.35,8203.98,8067.96,8201.79,Yahoo Finance ^TWII
2008-06-18,8158.64,8253.85,8148.61,8217.58,Yahoo Finance ^TWII
2008-06-19,8075.26,8107.20,8044.66,8047.74,Yahoo Finance ^TWII
2008-06-20,8088.38,8088.38,7897.97,7902.44,Yahoo Finance ^TWII
2008-06-23,7767.59,7916.92,7749.62,7876.49,Yahoo Finance ^TWII
2008-06-24,7888.75,7928.41,7738.12,7738.12,Yahoo Finance ^TWII
2008-06-25,7751.12,7855.06,7679.08,7855.06,Yahoo Finance ^TWII
2008-06-26,7872.56,7904.90,7801.52,7811.80,Yahoo Finance ^TWII
2008-06-27,7489.97,7586.50,7466.20,7548.76,Yahoo Finance ^TWII
2008-06-30,7602.51,7604.42,7479.21,7523.54,Yahoo Finance ^TWII
2008-07-01,7528.54,7569.18,7407.98,7407.98,Yahoo Finance ^TWII
2008-07-02,7386.28,7485.28,7351.74,7353.86,Yahoo Finance ^TWII
2008-07-03,7190.75,7439.47,7115.07,7394.10,Yahoo Finance ^TWII
2008-07-04,7405.34,7416.25,7226.84,7228.41,Yahoo Finance ^TWII
2008-07-07,7207.92,7343.63,7179.24,7341.11,Yahoo Finance ^TWII
2008-07-08,7274.94,7274.94,7016.21,7051.85,Yahoo Finance ^TWII
2008-07-09,7153.68,7225.60,7042.46,7048.25,Yahoo Finance ^TWII
2008-07-10,7028.63,7141.02,6976.60,7075.65,Yahoo Finance ^TWII
2008-07-11,7095.76,7258.31,7044.48,7244.76,Yahoo Finance ^TWII
2008-07-14,7214.21,7270.49,7140.47,7156.96,Yahoo Finance ^TWII
2008-07-15,7022.98,7036.42,6832.30,6834.24,Yahoo Finance ^TWII
2008-07-16,6846.02,6867.73,6708.46,6710.64,Yahoo Finance ^TWII
2008-07-17,6892.35,6976.96,6859.97,6974.51,Yahoo Finance ^TWII
2008-07-18,7075.50,7075.50,6782.20,6815.32,Yahoo Finance ^TWII
2008-07-21,6991.71,7097.65,6991.71,7085.67,Yahoo Finance ^TWII
2008-07-22,7029.84,7098.68,6998.13,7065.65,Yahoo Finance ^TWII
2008-07-23,7194.22,7330.83,7177.73,7309.83,Yahoo Finance ^TWII
2008-07-24,7357.15,7368.08,7294.13,7368.08,Yahoo Finance ^TWII
2008-07-25,7213.32,7234.12,7170.36,7233.62,Yahoo Finance ^TWII
2008-07-29,7052.58,7052.58,6958.89,7014.47,Yahoo Finance ^TWII
2008-07-30,7147.26,7151.33,7049.58,7070.35,Yahoo Finance ^TWII
2008-07-31,7135.04,7172.48,6965.08,7024.06,Yahoo Finance ^TWII
2008-08-01,6920.75,7008.00,6903.85,7002.54,Yahoo Finance ^TWII
2008-08-04,6947.25,7010.93,6927.31,6977.36,Yahoo Finance ^TWII
2008-08-05,7005.17,7005.17,6809.96,6813.40,Yahoo Finance ^TWII
2008-08-06,6941.50,7026.24,6921.97,7026.24,Yahoo Finance ^TWII
2008-08-07,7022.28,7082.36,6993.20,7024.58,Yahoo Finance ^TWII
2008-08-08,7000.75,7216.58,7000.75,7209.04,Yahoo Finance ^TWII
2008-08-11,7313.08,7357.69,7278.90,7325.62,Yahoo Finance ^TWII
2008-08-12,7337.67,7337.67,7260.12,7293.80,Yahoo Finance ^TWII
2008-08-13,7272.49,7311.30,7213.11,7292.34,Yahoo Finance ^TWII
2008-08-14,7265.01,7353.31,7253.63,7326.07,Yahoo Finance ^TWII
2008-08-15,7374.38,7376.69,7181.69,7196.50,Yahoo Finance ^TWII
2008-08-18,7189.68,7213.69,6996.78,7000.74,Yahoo Finance ^TWII
2008-08-19,6876.23,6998.24,6849.83,6978.60,Yahoo Finance ^TWII
2008-08-20,6927.46,7053.56,6898.29,7040.90,Yahoo Finance ^TWII
2008-08-21,6989.94,7017.10,6918.48,6918.48,Yahoo Finance ^TWII
2008-08-22,6966.12,6994.80,6837.25,6911.64,Yahoo Finance ^TWII
2008-08-25,6974.07,7050.31,6935.59,7030.72,Yahoo Finance ^TWII
2008-08-26,6945.14,6980.85,6917.31,6964.60,Yahoo Finance ^TWII
2008-08-27,6950.88,7106.64,6929.87,7080.97,Yahoo Finance ^TWII
2008-08-28,7090.32,7127.84,7025.30,7033.37,Yahoo Finance ^TWII
2008-08-29,7092.85,7111.70,7021.32,7046.11,Yahoo Finance ^TWII
2008-09-01,6967.22,6967.22,6801.22,6813.09,Yahoo Finance ^TWII
2008-09-02,6802.96,6811.57,6675.09,6699.82,Yahoo Finance ^TWII
2008-09-03,6706.87,6748.52,6552.10,6584.93,Yahoo Finance ^TWII
2008-09-04,6534.67,6603.10,6384.14,6412.63,Yahoo Finance ^TWII
2008-09-05,6227.07,6347.47,6211.35,6307.28,Yahoo Finance ^TWII
2008-09-08,6560.73,6668.45,6548.36,6658.69,Yahoo Finance ^TWII
2008-09-09,6598.61,6598.61,6407.75,6424.77,Yahoo Finance ^TWII
2008-09-10,6396.28,6497.72,6396.28,6458.01,Yahoo Finance ^TWII
2008-09-11,6438.49,6438.49,6249.52,6251.95,Yahoo Finance ^TWII
2008-09-12,6338.61,6354.68,6171.35,6310.68,Yahoo Finance ^TWII
2008-09-15,6198.30,6202.14,6020.70,6052.45,Yahoo Finance ^TWII
2008-09-16,5748.17,5851.90,5724.52,5756.59,Yahoo Finance ^TWII
2008-09-17,5953.88,6027.29,5747.30,5800.87,Yahoo Finance ^TWII
2008-09-18,5558.05,5681.83,5530.19,5641.95,Yahoo Finance ^TWII
2008-09-19,5910.76,5982.64,5858.19,5970.38,Yahoo Finance ^TWII
2008-09-22,6156.86,6156.86,6032.16,6110.60,Yahoo Finance ^TWII
2008-09-23,6016.56,6182.21,6011.71,6182.21,Yahoo Finance ^TWII
2008-09-24,6136.98,6198.48,6100.33,6132.60,Yahoo Finance ^TWII
2008-09-25,6056.70,6164.59,6028.77,6060.83,Yahoo Finance ^TWII
2008-09-26,6095.14,6095.14,5881.58,5929.63,Yahoo Finance ^TWII
2008-09-30,5534.72,5719.28,5534.72,5719.28,Yahoo Finance ^TWII
2008-10-01,5854.00,5854.00,5727.72,5764.01,Yahoo Finance ^TWII
2008-10-02,5764.48,5840.09,5672.39,5703.72,Yahoo Finance ^TWII
2008-10-03,5611.51,5747.73,5558.35,5742.23,Yahoo Finance ^TWII
2008-10-06,5566.56,5590.52,5505.70,5505.70,Yahoo Finance ^TWII
2008-10-07,5352.90,5539.31,5352.08,5524.66,Yahoo Finance ^TWII
2008-10-08,5374.27,5411.72,5206.40,5206.40,Yahoo Finance ^TWII
2008-10-09,5183.43,5295.05,5130.71,5130.71,Yahoo Finance ^TWII
2008-10-13,4996.06,5025.73,4971.36,5020.44,Yahoo Finance ^TWII
2008-10-14,5321.25,5321.25,5277.30,5291.56,Yahoo Finance ^TWII
2008-10-15,5225.05,5246.26,5178.68,5246.26,Yahoo Finance ^TWII
2008-10-16,5069.07,5085.97,5069.07,5075.97,Yahoo Finance ^TWII
2008-10-17,4993.79,5024.43,4924.73,4960.40,Yahoo Finance ^TWII
2008-10-20,4845.31,4931.84,4805.68,4931.84,Yahoo Finance ^TWII
2008-10-21,4988.85,5045.45,4890.32,4942.72,Yahoo Finance ^TWII
2008-10-22,4843.71,4955.61,4839.17,4862.59,Yahoo Finance ^TWII
2008-10-23,4706.13,4730.51,4706.13,4730.51,Yahoo Finance ^TWII
2008-10-24,4599.13,4603.56,4579.62,4579.62,Yahoo Finance ^TWII
2008-10-27,4301.33,4391.95,4301.33,4366.87,Yahoo Finance ^TWII
2008-10-28,4160.53,4425.90,4110.09,4399.97,Yahoo Finance ^TWII
2008-10-29,4622.55,4622.55,4395.61,4406.52,Yahoo Finance ^TWII
2008-10-30,4448.51,4684.11,4448.51,4683.64,Yahoo Finance ^TWII
2008-10-31,4707.75,4911.80,4659.67,4870.66,Yahoo Finance ^TWII
2008-11-03,4925.74,5010.57,4836.51,4995.06,Yahoo Finance ^TWII
2008-11-04,4991.25,5015.12,4876.00,4992.63,Yahoo Finance ^TWII
2008-11-05,5077.01,5095.98,4965.40,4978.26,Yahoo Finance ^TWII
2008-11-06,4699.09,4741.14,4688.11,4694.12,Yahoo Finance ^TWII
2008-11-07,4468.08,4777.23,4468.08,4742.33,Yahoo Finance ^TWII
2008-11-10,4711.61,4772.32,4657.47,4740.27,Yahoo Finance ^TWII
2008-11-11,4652.63,4706.18,4593.86,4638.57,Yahoo Finance ^TWII
2008-11-12,4587.20,4673.33,4545.86,4615.57,Yahoo Finance ^TWII
2008-11-13,4425.25,4438.82,4374.64,4437.83,Yahoo Finance ^TWII
2008-11-14,4537.43,4541.35,4422.75,4452.70,Yahoo Finance ^TWII
2008-11-17,4362.53,4475.93,4362.53,4439.80,Yahoo Finance ^TWII
2008-11-18,4366.34,4376.28,4265.05,4305.18,Yahoo Finance ^TWII
2008-11-19,4266.00,4320.85,4226.49,4284.09,Yahoo Finance ^TWII
2008-11-20,4120.51,4191.37,4089.93,4089.93,Yahoo Finance ^TWII
2008-11-21,3962.69,4194.71,3955.43,4171.10,Yahoo Finance ^TWII
2008-11-24,4158.76,4172.49,4081.66,4160.54,Yahoo Finance ^TWII
2008-11-25,4280.43,4323.94,4220.97,4266.49,Yahoo Finance ^TWII
2008-11-26,4265.65,4315.08,4244.05,4271.80,Yahoo Finance ^TWII
2008-11-27,4348.49,4472.07,4348.49,4453.75,Yahoo Finance ^TWII
2008-11-28,4444.37,4476.33,4419.03,4460.49,Yahoo Finance ^TWII
2008-12-01,4436.12,4567.76,4418.24,4518.43,Yahoo Finance ^TWII
2008-12-02,4310.50,4356.98,4292.08,4356.98,Yahoo Finance ^TWII
2008-12-03,4346.05,4379.25,4289.13,4307.26,Yahoo Finance ^TWII
2008-12-04,4347.66,4347.66,4209.91,4254.96,Yahoo Finance ^TWII
2008-12-05,4213.07,4261.32,4190.02,4225.07,Yahoo Finance ^TWII
2008-12-08,4278.61,4424.09,4278.61,4418.33,Yahoo Finance ^TWII
2008-12-09,4479.14,4524.38,4456.44,4472.66,Yahoo Finance ^TWII
2008-12-10,4470.73,4658.87,4470.73,4658.87,Yahoo Finance ^TWII
2008-12-11,4665.04,4694.40,4617.17,4655.57,Yahoo Finance ^TWII
2008-12-12,4600.97,4654.75,4401.05,4481.27,Yahoo Finance ^TWII
2008-12-15,4604.50,4676.46,4588.14,4613.72,Yahoo Finance ^TWII
2008-12-16,4570.52,4616.89,4532.41,4616.89,Yahoo Finance ^TWII
2008-12-17,4706.23,4725.06,4628.22,4648.02,Yahoo Finance ^TWII
2008-12-18,4674.36,4694.81,4625.69,4694.81,Yahoo Finance ^TWII
2008-12-19,4661.69,4723.70,4622.49,4694.52,Yahoo Finance ^TWII
2008-12-22,4735.17,4750.96,4535.54,4535.54,Yahoo Finance ^TWII
2008-12-23,4517.05,4523.13,4359.55,4405.86,Yahoo Finance ^TWII
2008-12-24,4330.42,4439.13,4325.46,4423.09,Yahoo Finance ^TWII
2008-12-25,4430.10,4434.43,4385.78,4413.45,Yahoo Finance ^TWII
2008-12-26,4398.53,4466.75,4396.26,4425.08,Yahoo Finance ^TWII
2008-12-29,4429.35,4429.35,4381.49,4416.16,Yahoo Finance ^TWII
2008-12-30,4463.30,4602.21,4463.30,4589.04,Yahoo Finance ^TWII
2008-12-31,4627.98,4627.98,4537.52,4591.22,Yahoo Finance ^TWII
2009-01-05,4725.26,4778.52,4687.57,4698.31,Yahoo Finance ^TWII
2009-01-06,4719.54,4754.88,4679.43,4727.26,Yahoo Finance ^TWII
2009-01-07,4780.44,4817.44,4752.91,4789.84,Yahoo Finance ^TWII
2009-01-08,4670.62,4687.40,4532.74,4535.79,Yahoo Finance ^TWII
2009-01-09,4515.10,4546.71,4472.45,4502.74,Yahoo Finance ^TWII
2009-01-10,,,,4467.53,011.idv.tw (close only)
2009-01-12,4487.68,4523.01,4431.04,4453.90,Yahoo Finance ^TWII
2009-01-13,4442.38,4532.36,4423.14,4532.36,Yahoo Finance ^TWII
2009-01-14,4538.25,4579.24,4521.47,4521.47,Yahoo Finance ^TWII
2009-01-15,4350.49,4351.47,4315.62,4320.77,Yahoo Finance ^TWII
2009-01-16,4374.78,4382.43,4313.19,4353.70,Yahoo Finance ^TWII
2009-01-17,,,,4366.10,011.idv.tw (close only)
2009-01-19,4389.08,4398.53,4366.19,4366.76,Yahoo Finance ^TWII
2009-01-20,4304.35,4304.35,4242.61,4242.61,Yahoo Finance ^TWII
2009-01-21,4164.68,4265.33,4164.19,4247.97,Yahoo Finance ^TWII
2009-02-02,4277.10,4285.12,4240.08,4259.98,Yahoo Finance ^TWII
2009-02-03,4300.56,4389.87,4295.26,4372.81,Yahoo Finance ^TWII
2009-02-04,4422.56,4422.56,4366.41,4389.97,Yahoo Finance ^TWII
2009-02-05,4380.80,4422.41,4363.25,4363.25,Yahoo Finance ^TWII
2009-02-06,4438.30,4507.30,4432.16,4471.25,Yahoo Finance ^TWII
2009-02-09,4562.68,4574.74,4494.59,4494.59,Yahoo Finance ^TWII
2009-02-10,4524.05,4533.95,4491.84,4526.10,Yahoo Finance ^TWII
2009-02-11,4448.24,4575.95,4448.24,4575.95,Yahoo Finance ^TWII
2009-02-12,4581.30,4594.75,4466.42,4466.42,Yahoo Finance ^TWII
2009-02-13,4504.71,4599.61,4504.71,4592.50,Yahoo Finance ^TWII
2009-02-16,4605.77,4607.97,4575.98,4591.26,Yahoo Finance ^TWII
2009-02-17,4572.97,4585.28,4475.17,4491.78,Yahoo Finance ^TWII
2009-02-18,4455.75,4520.67,4428.29,4498.37,Yahoo Finance ^TWII
2009-02-19,4475.16,4571.31,4433.43,4528.87,Yahoo Finance ^TWII
2009-02-20,4483.91,4513.99,4436.94,4436.94,Yahoo Finance ^TWII
2009-02-23,4420.43,4485.36,4371.02,4477.78,Yahoo Finance ^TWII
2009-02-24,4407.95,4452.96,4394.76,4430.18,Yahoo Finance ^TWII
2009-02-25,4498.91,4549.32,4488.07,4493.74,Yahoo Finance ^TWII
2009-02-26,4548.53,4556.82,4492.70,4518.56,Yahoo Finance ^TWII
2009-02-27,4523.56,4564.32,4507.39,4557.15,Yahoo Finance ^TWII
2009-03-02,4528.27,4528.27,4408.51,4425.83,Yahoo Finance ^TWII
2009-03-03,4364.37,4435.34,4328.05,4435.34,Yahoo Finance ^TWII
2009-03-04,4442.71,4549.98,4429.51,4541.42,Yahoo Finance ^TWII
2009-03-05,4628.54,4677.89,4598.80,4637.20,Yahoo Finance ^TWII
2009-03-06,4604.84,4662.36,4597.89,4653.63,Yahoo Finance ^TWII
2009-03-09,4643.62,4660.13,4578.05,4628.24,Yahoo Finance ^TWII
2009-03-10,4605.92,4688.63,4605.92,4671.02,Yahoo Finance ^TWII
2009-03-11,4789.80,4798.06,4747.89,4759.96,Yahoo Finance ^TWII
2009-03-12,4782.21,4794.94,4743.76,4754.65,Yahoo Finance ^TWII
2009-03-13,4844.97,4923.57,4830.17,4897.39,Yahoo Finance ^TWII
2009-03-16,4940.85,4991.59,4915.40,4971.32,Yahoo Finance ^TWII
2009-03-17,4998.90,5050.63,4954.50,5041.39,Yahoo Finance ^TWII
2009-03-18,5074.63,5083.55,5021.48,5047.54,Yahoo Finance ^TWII
2009-03-19,5090.50,5125.40,5035.82,5035.93,Yahoo Finance ^TWII
2009-03-20,5060.25,5069.42,4961.62,4961.62,Yahoo Finance ^TWII
2009-03-23,5022.60,5124.18,5015.82,5124.18,Yahoo Finance ^TWII
2009-03-24,5237.78,5264.94,5205.94,5242.18,Yahoo Finance ^TWII
2009-03-25,5248.78,5365.81,5226.49,5346.38,Yahoo Finance ^TWII
2009-03-26,5374.77,5422.95,5335.35,5386.56,Yahoo Finance ^TWII
2009-03-27,5468.49,5468.49,5367.99,5390.70,Yahoo Finance ^TWII
2009-03-30,5362.90,5362.90,5166.87,5206.05,Yahoo Finance ^TWII
2009-03-31,5214.96,5286.45,5194.93,5210.84,Yahoo Finance ^TWII
2009-04-01,,,,5314.45,011.idv.tw (close only)
2009-04-02,5428.92,5477.97,5401.30,5473.78,Yahoo Finance ^TWII
2009-04-03,5541.34,5567.15,5482.18,5529.63,Yahoo Finance ^TWII
2009-04-06,5590.70,5624.28,5521.88,5556.22,Yahoo Finance ^TWII
2009-04-07,5497.88,5576.85,5484.89,5576.85,Yahoo Finance ^TWII
2009-04-08,5534.58,5608.96,5435.04,5443.56,Yahoo Finance ^TWII
2009-04-09,5532.99,5667.80,5526.13,5667.80,Yahoo Finance ^TWII
2009-04-10,5784.90,5788.21,5696.56,5781.96,Yahoo Finance ^TWII
2009-04-13,5814.17,5861.11,5784.10,5857.64,Yahoo Finance ^TWII
2009-04-14,5814.42,5898.76,5765.81,5892.68,Yahoo Finance ^TWII
2009-04-15,5879.86,5904.28,5798.62,5875.19,Yahoo Finance ^TWII
2009-04-16,6009.67,6025.85,5965.48,5997.17,Yahoo Finance ^TWII
2009-04-17,6068.55,6071.06,5706.03,5755.38,Yahoo Finance ^TWII
2009-04-20,5764.48,5797.63,5648.10,5781.66,Yahoo Finance ^TWII
2009-04-21,5665.94,5881.41,5663.56,5881.41,Yahoo Finance ^TWII
2009-04-22,5887.48,5925.92,5856.13,5886.11,Yahoo Finance ^TWII
2009-04-23,5900.45,5903.47,5789.27,5875.24,Yahoo Finance ^TWII
2009-04-24,5913.13,5987.23,5824.42,5880.77,Yahoo Finance ^TWII
2009-04-27,5931.87,5946.97,5672.25,5705.05,Yahoo Finance ^TWII
2009-04-28,5744.77,5773.53,5596.73,5596.73,Yahoo Finance ^TWII
2009-04-29,5627.54,5649.24,5571.93,5614.06,Yahoo Finance ^TWII
2009-04-30,5964.03,5995.12,5932.03,5992.57,Yahoo Finance ^TWII
2009-05-04,6285.60,6356.29,6256.29,6330.40,Yahoo Finance ^TWII
2009-05-05,6557.75,6562.77,6326.76,6379.94,Yahoo Finance ^TWII
2009-05-06,6389.55,6570.50,6372.94,6566.70,Yahoo Finance ^TWII
2009-05-07,6603.52,6628.54,6455.23,6572.87,Yahoo Finance ^TWII
2009-05-08,6510.22,6587.62,6483.21,6583.87,Yahoo Finance ^TWII
2009-05-11,6581.70,6680.97,6571.41,6647.50,Yahoo Finance ^TWII
2009-05-12,6550.28,6553.69,6404.93,6432.55,Yahoo Finance ^TWII
2009-05-13,6449.46,6512.07,6435.49,6485.14,Yahoo Finance ^TWII
2009-05-14,6362.77,6435.41,6339.47,6364.17,Yahoo Finance ^TWII
2009-05-15,6446.40,6520.04,6427.63,6489.09,Yahoo Finance ^TWII
2009-05-18,6516.13,6577.81,6457.14,6577.81,Yahoo Finance ^TWII
2009-05-19,6750.04,6784.26,6620.53,6655.59,Yahoo Finance ^TWII
2009-05-20,6708.54,6740.75,6590.79,6703.62,Yahoo Finance ^TWII
2009-05-21,6690.85,6746.10,6650.33,6718.81,Yahoo Finance ^TWII
2009-05-22,6650.51,6781.14,6650.51,6737.29,Yahoo Finance ^TWII
2009-05-25,6838.70,6878.66,6708.19,6734.46,Yahoo Finance ^TWII
2009-05-26,6780.37,6830.24,6649.95,6683.11,Yahoo Finance ^TWII
2009-05-27,6800.56,6930.59,6743.39,6890.44,Yahoo Finance ^TWII
2009-06-01,7033.33,7033.33,6892.69,6954.10,Yahoo Finance ^TWII
2009-06-02,7058.12,7084.83,6899.98,6949.08,Yahoo Finance ^TWII
2009-06-03,6915.00,6931.29,6847.76,6893.14,Yahoo Finance ^TWII
2009-06-04,6887.88,6907.87,6716.33,6786.06,Yahoo Finance ^TWII
2009-06-05,6825.73,6829.66,6743.15,6767.10,Yahoo Finance ^TWII
2009-06-06,,,,6856.74,011.idv.tw (close only)
2009-06-08,6907.32,6907.32,6628.02,6628.02,Yahoo Finance ^TWII
2009-06-09,6636.84,6640.44,6394.34,6414.39,Yahoo Finance ^TWII
2009-06-10,6478.46,6512.22,6389.94,6462.27,Yahoo Finance ^TWII
2009-06-11,6458.62,6567.37,6353.78,6567.37,Yahoo Finance ^TWII
2009-06-12,6552.58,6586.20,6443.86,6448.23,Yahoo Finance ^TWII
2009-06-15,6362.22,6383.98,6188.70,6225.56,Yahoo Finance ^TWII
2009-06-16,6220.54,6257.13,6143.24,6220.81,Yahoo Finance ^TWII
2009-06-17,6239.51,6306.46,6191.58,6195.91,Yahoo Finance ^TWII
2009-06-18,6246.85,6279.36,6100.08,6144.53,Yahoo Finance ^TWII
2009-06-19,6187.97,6231.88,6151.51,6231.15,Yahoo Finance ^TWII
2009-06-22,6256.38,6348.74,6193.09,6341.21,Yahoo Finance ^TWII
2009-06-23,6206.31,6262.29,6197.47,6197.47,Yahoo Finance ^TWII
2009-06-24,6230.76,6511.97,6191.63,6380.08,Yahoo Finance ^TWII
2009-06-25,6427.88,6497.38,6404.38,6457.61,Yahoo Finance ^TWII
2009-06-26,6515.64,6527.86,6460.91,6463.56,Yahoo Finance ^TWII
2009-06-29,6512.42,6522.13,6391.15,6391.15,Yahoo Finance ^TWII
2009-06-30,6485.33,6503.98,6381.42,6432.16,Yahoo Finance ^TWII
2009-07-01,6445.85,6593.78,6433.69,6578.97,Yahoo Finance ^TWII
2009-07-02,6613.72,6686.70,6600.91,6667.53,Yahoo Finance ^TWII
2009-07-03,6632.98,6685.28,6607.62,6665.40,Yahoo Finance ^TWII
2009-07-06,6691.02,6693.44,6615.90,6649.91,Yahoo Finance ^TWII
2009-07-07,6675.81,6745.31,6656.89,6715.22,Yahoo Finance ^TWII
2009-07-08,6667.98,6692.76,6629.83,6668.14,Yahoo Finance ^TWII
2009-07-09,6696.72,6803.83,6696.72,6748.18,Yahoo Finance ^TWII
2009-07-10,6807.46,6807.46,6739.05,6769.86,Yahoo Finance ^TWII
2009-07-13,6795.23,6797.72,6525.90,6530.82,Yahoo Finance ^TWII
2009-07-14,6584.90,6657.17,6568.91,6639.41,Yahoo Finance ^TWII
2009-07-15,6672.28,6774.28,6651.86,6738.60,Yahoo Finance ^TWII
2009-07-16,6863.86,6878.68,6770.51,6780.30,Yahoo Finance ^TWII
2009-07-17,6851.96,6870.58,6791.75,6850.99,Yahoo Finance ^TWII
2009-07-20,6921.64,6961.45,6861.02,6938.86,Yahoo Finance ^TWII
2009-07-21,6995.50,7002.32,6904.88,6953.34,Yahoo Finance ^TWII
2009-07-22,6979.41,7030.13,6955.37,6985.32,Yahoo Finance ^TWII
2009-07-23,6987.79,7023.67,6926.27,6980.88,Yahoo Finance ^TWII
2009-07-24,7046.46,7046.46,6950.92,6973.28,Yahoo Finance ^TWII
2009-07-27,7008.18,7059.46,6954.30,7028.43,Yahoo Finance ^TWII
2009-07-28,7038.73,7142.63,7038.73,7142.63,Yahoo Finance ^TWII
2009-07-29,7185.52,7185.52,7070.72,7083.63,Yahoo Finance ^TWII
2009-07-30,7063.47,7068.43,6944.50,7027.11,Yahoo Finance ^TWII
2009-07-31,7111.15,7132.11,7044.70,7077.71,Yahoo Finance ^TWII
2009-08-03,7036.47,7084.59,6986.29,7056.71,Yahoo Finance ^TWII
2009-08-04,7129.43,7138.94,6921.04,6955.87,Yahoo Finance ^TWII
2009-08-05,6979.73,7013.60,6827.16,6848.24,Yahoo Finance ^TWII
2009-08-06,6886.70,6888.09,6775.87,6868.65,Yahoo Finance ^TWII
2009-08-10,6858.87,6909.16,6836.96,6882.87,Yahoo Finance ^TWII
2009-08-11,6904.45,6921.85,6812.06,6909.02,Yahoo Finance ^TWII
2009-08-12,6878.34,6933.51,6864.91,6898.90,Yahoo Finance ^TWII
2009-08-13,6949.50,7037.47,6931.55,7034.96,Yahoo Finance ^TWII
2009-08-14,7091.82,7132.33,7062.49,7069.51,Yahoo Finance ^TWII
2009-08-17,7034.27,7051.78,6931.80,6931.80,Yahoo Finance ^TWII
2009-08-18,6843.27,6904.64,6746.30,6789.77,Yahoo Finance ^TWII
2009-08-19,6843.69,6854.59,6786.79,6788.58,Yahoo Finance ^TWII
2009-08-20,6784.91,6784.91,6647.32,6733.23,Yahoo Finance ^TWII
2009-08-21,6785.70,6824.65,6629.10,6654.80,Yahoo Finance ^TWII
2009-08-24,6766.76,6859.79,6762.68,6838.25,Yahoo Finance ^TWII
2009-08-25,6840.27,6865.92,6800.35,6809.41,Yahoo Finance ^TWII
2009-08-26,6816.42,6827.89,6663.84,6719.21,Yahoo Finance ^TWII
2009-08-27,6678.24,6753.73,6658.73,6690.75,Yahoo Finance ^TWII
2009-08-28,6727.42,6824.65,6711.16,6809.86,Yahoo Finance ^TWII
2009-08-31,6844.91,6848.96,6760.05,6825.95,Yahoo Finance ^TWII
2009-09-01,6834.63,7019.75,6807.62,7019.75,Yahoo Finance ^TWII
2009-09-02,6966.18,7057.01,6961.01,7039.77,Yahoo Finance ^TWII
2009-09-03,7060.66,7131.31,7011.36,7104.65,Yahoo Finance ^TWII
2009-09-04,7167.24,7178.54,7121.21,7153.13,Yahoo Finance ^TWII
2009-09-07,7192.16,7240.34,7169.40,7224.59,Yahoo Finance ^TWII
2009-09-08,7263.23,7350.88,7202.69,7313.99,Yahoo Finance ^TWII
2009-09-09,7344.26,7363.11,7250.72,7250.72,Yahoo Finance ^TWII
2009-09-10,7507.49,7507.49,7286.82,7332.08,Yahoo Finance ^TWII
2009-09-11,7300.01,7355.96,7295.85,7337.14,Yahoo Finance ^TWII
2009-09-14,7337.04,7350.92,7218.18,7256.95,Yahoo Finance ^TWII
2009-09-15,7269.90,7362.16,7252.33,7346.26,Yahoo Finance ^TWII
2009-09-16,7414.96,7457.40,7391.84,7440.24,Yahoo Finance ^TWII
2009-09-17,7502.69,7513.73,7451.30,7477.30,Yahoo Finance ^TWII
2009-09-18,7463.39,7526.55,7434.83,7526.55,Yahoo Finance ^TWII
2009-09-21,7523.00,7558.88,7439.03,7502.46,Yahoo Finance ^TWII
2009-09-22,7522.83,7526.23,7463.41,7469.03,Yahoo Finance ^TWII
2009-09-23,7493.98,7534.66,7352.23,7376.76,Yahoo Finance ^TWII
2009-09-24,7372.11,7386.99,7280.04,7324.22,Yahoo Finance ^TWII
2009-09-25,7298.37,7361.93,7284.33,7345.22,Yahoo Finance ^TWII
2009-09-28,7332.49,7354.80,7257.63,7284.61,Yahoo Finance ^TWII
2009-09-29,7385.84,7436.29,7378.97,7429.98,Yahoo Finance ^TWII
2009-09-30,7456.57,7534.55,7443.88,7509.17,Yahoo Finance ^TWII
2009-10-01,7581.38,7599.62,7492.62,7545.29,Yahoo Finance ^TWII
2009-10-02,7415.16,7483.43,7391.63,7411.88,Yahoo Finance ^TWII
2009-10-05,7424.24,7437.98,7381.02,7437.98,Yahoo Finance ^TWII
2009-10-06,7479.51,7566.88,7447.54,7536.05,Yahoo Finance ^TWII
2009-10-07,7617.79,7619.03,7562.90,7608.66,Yahoo Finance ^TWII
2009-10-08,7615.61,7635.66,7500.32,7503.31,Yahoo Finance ^TWII
2009-10-09,7572.79,7597.79,7506.77,7571.96,Yahoo Finance ^TWII
2009-10-12,7620.17,7620.17,7537.20,7599.88,Yahoo Finance ^TWII
2009-10-13,7484.46,7607.41,7471.53,7596.60,Yahoo Finance ^TWII
2009-10-14,7649.07,7700.42,7618.79,7695.75,Yahoo Finance ^TWII
2009-10-15,7778.35,7780.66,7692.58,7710.40,Yahoo Finance ^TWII
2009-10-16,7712.03,7738.04,7691.39,7715.10,Yahoo Finance ^TWII
2009-10-19,7712.33,7758.13,7691.21,7751.32,Yahoo Finance ^TWII
2009-10-20,7808.03,7811.92,7753.52,7753.52,Yahoo Finance ^TWII
2009-10-21,7751.75,7774.40,7675.61,7701.50,Yahoo Finance ^TWII
2009-10-22,7692.75,7710.82,7577.89,7607.93,Yahoo Finance ^TWII
2009-10-23,7651.64,7671.91,7614.75,7649.28,Yahoo Finance ^TWII
2009-10-26,7701.19,7751.68,7658.22,7668.40,Yahoo Finance ^TWII
2009-10-27,7635.09,7657.34,7586.53,7657.34,Yahoo Finance ^TWII
2009-10-28,7637.44,7675.15,7533.95,7533.95,Yahoo Finance ^TWII
2009-10-29,7417.13,7426.47,7233.63,7355.69,Yahoo Finance ^TWII
2009-10-30,7428.72,7433.21,7340.08,7340.08,Yahoo Finance ^TWII
2009-11-02,7238.30,7336.65,7218.89,7335.18,Yahoo Finance ^TWII
2009-11-03,7339.36,7368.28,7314.97,7322.93,Yahoo Finance ^TWII
2009-11-04,7375.82,7467.04,7365.26,7467.04,Yahoo Finance ^TWII
2009-11-05,7471.61,7481.58,7412.74,7417.46,Yahoo Finance ^TWII
2009-11-06,7516.40,7521.01,7450.68,7463.05,Yahoo Finance ^TWII
2009-11-09,7562.59,7562.59,7512.50,7536.70,Yahoo Finance ^TWII
2009-11-10,7613.34,7614.54,7576.28,7593.49,Yahoo Finance ^TWII
2009-11-11,7603.68,7670.76,7555.83,7668.06,Yahoo Finance ^TWII
2009-11-12,7682.75,7709.89,7658.60,7670.93,Yahoo Finance ^TWII
2009-11-13,7651.13,7695.11,7639.57,7665.63,Yahoo Finance ^TWII
2009-11-16,7701.97,7792.68,7699.32,7792.68,Yahoo Finance ^TWII
2009-11-17,7875.48,7875.48,7733.21,7733.21,Yahoo Finance ^TWII
2009-11-18,7766.68,7803.36,7737.59,7766.69,Yahoo Finance ^TWII
2009-11-19,7767.98,7797.41,7751.06,7759.98,Yahoo Finance ^TWII
2009-11-20,7741.72,7741.72,7649.19,7682.97,Yahoo Finance ^TWII
2009-11-23,7694.90,7714.70,7671.54,7687.15,Yahoo Finance ^TWII
2009-11-24,7723.13,7735.91,7696.10,7714.56,Yahoo Finance ^TWII
2009-11-25,7718.78,7784.28,7716.36,7756.31,Yahoo Finance ^TWII
2009-11-26,7795.26,7818.00,7733.75,7739.16,Yahoo Finance ^TWII
2009-11-27,7614.41,7633.50,7490.91,7490.91,Yahoo Finance ^TWII
2009-11-30,7582.69,7604.55,7569.24,7582.21,Yahoo Finance ^TWII
2009-12-01,7615.95,7659.82,7549.01,7649.23,Yahoo Finance ^TWII
2009-12-02,7715.64,7741.85,7671.99,7677.62,Yahoo Finance ^TWII
2009-12-03,7733.51,7738.03,7658.51,7684.67,Yahoo Finance ^TWII
2009-12-04,7685.14,7707.11,7650.77,7650.91,Yahoo Finance ^TWII
2009-12-07,7704.69,7783.20,7704.69,7775.64,Yahoo Finance ^TWII
2009-12-08,7802.27,7802.27,7731.01,7768.71,Yahoo Finance ^TWII
2009-12-09,7747.60,7797.42,7742.92,7797.42,Yahoo Finance ^TWII
2009-12-10,7822.66,7829.41,7631.06,7677.91,Yahoo Finance ^TWII
2009-12-11,7709.96,7795.07,7700.76,7795.07,Yahoo Finance ^TWII
2009-12-14,7793.14,7841.51,7770.20,7819.13,Yahoo Finance ^TWII
2009-12-15,7838.53,7846.78,7792.56,7807.62,Yahoo Finance ^TWII
2009-12-16,7801.30,7801.30,7724.58,7751.60,Yahoo Finance ^TWII
2009-12-17,7804.70,7836.43,7728.88,7742.17,Yahoo Finance ^TWII
2009-12-18,7690.44,7753.63,7688.00,7753.63,Yahoo Finance ^TWII
2009-12-21,7797.65,7827.14,7787.27,7787.27,Yahoo Finance ^TWII
2009-12-22,7850.05,7871.59,7823.34,7856.00,Yahoo Finance ^TWII
2009-12-23,7892.75,7910.88,7873.22,7901.50,Yahoo Finance ^TWII
2009-12-24,7935.34,7988.15,7928.09,7963.54,Yahoo Finance ^TWII
2009-12-25,8007.50,8009.00,7965.37,7972.59,Yahoo Finance ^TWII
2009-12-28,8007.54,8079.62,8007.54,8057.49,Yahoo Finance ^TWII
2009-12-29,8088.01,8088.01,8031.49,8053.83,Yahoo Finance ^TWII
2009-12-30,8078.91,8118.63,8060.33,8112.28,Yahoo Finance ^TWII
2009-12-31,8155.17,8188.80,8138.58,8188.11,Yahoo Finance ^TWII
2010-01-04,8222.42,8240.45,8143.45,8207.85,Yahoo Finance ^TWII
2010-01-05,8277.71,8283.64,8162.54,8211.40,Yahoo Finance ^TWII
2010-01-06,8237.10,8327.87,8216.92,8327.62,Yahoo Finance ^TWII
2010-01-07,8344.56,8369.55,8233.59,8237.42,Yahoo Finance ^TWII
2010-01-08,8266.87,8290.66,8178.93,8280.90,Yahoo Finance ^TWII
2010-01-11,8291.52,8357.90,8281.72,8323.82,Yahoo Finance ^TWII
2010-01-12,8343.73,8356.97,8262.58,8309.37,Yahoo Finance ^TWII
2010-01-13,8229.25,8257.83,8194.81,8196.56,Yahoo Finance ^TWII
2010-01-14,8245.86,8313.94,8237.67,8289.98,Yahoo Finance ^TWII
2010-01-15,8340.60,8380.23,8325.82,8356.89,Yahoo Finance ^TWII
2010-01-18,8290.38,8367.65,8290.38,8337.82,Yahoo Finance ^TWII
2010-01-19,8387.66,8395.39,8227.30,8249.00,Yahoo Finance ^TWII
2010-01-20,8309.19,8309.19,8191.44,8220.93,Yahoo Finance ^TWII
2010-01-21,8189.50,8208.21,8107.55,8127.87,Yahoo Finance ^TWII
2010-01-22,7986.43,8015.95,7912.85,7927.31,Yahoo Finance ^TWII
2010-01-25,7845.30,7938.14,7828.34,7872.99,Yahoo Finance ^TWII
2010-01-26,7903.03,7922.07,7572.58,7598.81,Yahoo Finance ^TWII
2010-01-27,7639.72,7656.95,7530.41,7560.03,Yahoo Finance ^TWII
2010-01-28,7630.16,7756.77,7607.56,7694.58,Yahoo Finance ^TWII
2010-01-29,7593.38,7649.73,7481.90,7640.44,Yahoo Finance ^TWII
2010-02-01,7653.89,7661.70,7493.81,7524.67,Yahoo Finance ^TWII
2010-02-02,7633.74,7635.73,7398.80,7429.61,Yahoo Finance ^TWII
2010-02-03,7523.79,7550.82,7441.92,7547.98,Yahoo Finance ^TWII
2010-02-04,7563.19,7578.18,7504.96,7542.04,Yahoo Finance ^TWII
2010-02-05,7323.16,7352.98,7196.39,7217.83,Yahoo Finance ^TWII
2010-02-06,,,,7212.87,011.idv.tw (close only)
2010-02-08,7236.63,7253.24,7173.18,7215.88,Yahoo Finance ^TWII
2010-02-09,7225.71,7381.82,7197.13,7361.04,Yahoo Finance ^TWII
2010-02-10,7438.12,7496.34,7404.97,7441.84,Yahoo Finance ^TWII
2010-02-22,7619.87,7619.87,7553.29,7560.04,Yahoo Finance ^TWII
2010-02-23,7575.62,7597.44,7502.45,7597.44,Yahoo Finance ^TWII
2010-02-24,7516.47,7585.19,7515.38,7529.67,Yahoo Finance ^TWII
2010-02-25,7568.42,7568.42,7400.42,7426.96,Yahoo Finance ^TWII
2010-02-26,7451.17,7479.28,7383.68,7436.10,Yahoo Finance ^TWII
2010-03-01,7492.84,7620.56,7451.09,7577.75,Yahoo Finance ^TWII
2010-03-02,7649.62,7664.49,7592.66,7597.62,Yahoo Finance ^TWII
2010-03-03,7628.78,7670.25,7604.86,7629.52,Yahoo Finance ^TWII
2010-03-04,7664.00,7664.00,7524.19,7569.80,Yahoo Finance ^TWII
2010-03-05,7659.76,7694.89,7618.00,7666.26,Yahoo Finance ^TWII
2010-03-08,7741.80,7763.76,7716.28,7762.27,Yahoo Finance ^TWII
2010-03-09,7762.40,7770.59,7737.65,7770.59,Yahoo Finance ^TWII
2010-03-10,7797.70,7803.27,7736.70,7779.08,Yahoo Finance ^TWII
2010-03-11,7817.59,7818.84,7749.40,7749.66,Yahoo Finance ^TWII
2010-03-12,7773.52,7773.52,7726.09,7748.33,Yahoo Finance ^TWII
2010-03-15,7750.87,7766.36,7634.92,7634.92,Yahoo Finance ^TWII
2010-03-16,7671.41,7695.81,7645.17,7695.63,Yahoo Finance ^TWII
2010-03-17,7763.43,7849.38,7762.85,7847.84,Yahoo Finance ^TWII
2010-03-18,7861.27,7922.48,7847.55,7886.34,Yahoo Finance ^TWII
2010-03-19,7899.01,7899.01,7859.29,7897.91,Yahoo Finance ^TWII
2010-03-22,7861.90,7872.78,7791.25,7835.98,Yahoo Finance ^TWII
2010-03-23,7880.12,7889.04,7804.40,7811.87,Yahoo Finance ^TWII
2010-03-24,7875.27,7881.37,7822.71,7822.71,Yahoo Finance ^TWII
2010-03-25,7824.74,7856.31,7753.51,7838.10,Yahoo Finance ^TWII
2010-03-26,7808.15,7909.41,7770.42,7876.86,Yahoo Finance ^TWII
2010-03-29,7918.95,7961.14,7909.06,7947.45,Yahoo Finance ^TWII
2010-03-30,7992.12,7994.62,7942.47,7962.22,Yahoo Finance ^TWII
2010-03-31,7962.91,7974.89,7920.06,7920.06,Yahoo Finance ^TWII
2010-04-01,7952.62,8026.06,7952.62,8013.09,Yahoo Finance ^TWII
2010-04-02,8046.29,8050.99,8021.91,8025.93,Yahoo Finance ^TWII
2010-04-06,8083.03,8128.08,8082.37,8089.65,Yahoo Finance ^TWII
2010-04-07,8131.40,8133.45,8091.28,8121.78,Yahoo Finance ^TWII
2010-04-08,8106.00,8149.68,8038.37,8057.60,Yahoo Finance ^TWII
2010-04-09,8073.52,8094.35,8039.41,8092.03,Yahoo Finance ^TWII
2010-04-12,8149.76,8152.53,8092.94,8117.75,Yahoo Finance ^TWII
2010-04-13,8090.54,8104.14,8022.94,8029.73,Yahoo Finance ^TWII
2010-04-14,8077.94,8102.38,8040.01,8097.13,Yahoo Finance ^TWII
2010-04-15,8168.11,8190.01,8136.32,8171.94,Yahoo Finance ^TWII
2010-04-16,8161.85,8162.85,8090.68,8111.57,Yahoo Finance ^TWII
2010-04-19,8003.02,8042.05,7845.77,7854.22,Yahoo Finance ^TWII
2010-04-20,7908.11,7923.27,7842.07,7900.42,Yahoo Finance ^TWII
2010-04-21,7949.96,7998.76,7947.90,7990.53,Yahoo Finance ^TWII
2010-04-22,7948.89,7985.49,7897.14,7978.69,Yahoo Finance ^TWII
2010-04-23,8021.71,8030.11,7996.77,8004.89,Yahoo Finance ^TWII
2010-04-26,8107.22,8168.47,8093.14,8158.14,Yahoo Finance ^TWII
2010-04-27,8174.85,8174.85,8121.14,8146.44,Yahoo Finance ^TWII
2010-04-28,7944.70,8092.48,7944.70,8081.55,Yahoo Finance ^TWII
2010-04-29,8105.96,8107.36,8053.02,8054.05,Yahoo Finance ^TWII
2010-04-30,8116.39,8163.94,7999.28,8004.25,Yahoo Finance ^TWII
2010-05-03,7979.80,8022.45,7916.04,7952.17,Yahoo Finance ^TWII
2010-05-04,8006.79,8010.98,7889.93,7930.77,Yahoo Finance ^TWII
2010-05-05,7759.18,7785.55,7695.69,7696.90,Yahoo Finance ^TWII
2010-05-06,7696.27,7702.11,7562.03,7579.48,Yahoo Finance ^TWII
2010-05-07,7393.27,7572.79,7387.19,7567.10,Yahoo Finance ^TWII
2010-05-10,7610.88,7664.73,7577.31,7664.73,Yahoo Finance ^TWII
2010-05-11,7718.17,7743.41,7608.44,7608.44,Yahoo Finance ^TWII
2010-05-12,7663.34,7674.52,7596.21,7602.70,Yahoo Finance ^TWII
2010-05-13,7703.48,7787.32,7687.55,7770.57,Yahoo Finance ^TWII
2010-05-14,7735.60,7772.54,7725.82,7772.13,Yahoo Finance ^TWII
2010-05-17,7697.79,7697.79,7574.06,7598.72,Yahoo Finance ^TWII
2010-05-18,7630.10,7637.99,7560.89,7585.30,Yahoo Finance ^TWII
2010-05-19,7527.62,7588.09,7467.20,7559.16,Yahoo Finance ^TWII
2010-05-20,7557.17,7557.17,7424.43,7424.43,Yahoo Finance ^TWII
2010-05-21,7229.17,7277.93,7164.21,7237.71,Yahoo Finance ^TWII
2010-05-24,7296.15,7344.92,7269.81,7322.73,Yahoo Finance ^TWII
2010-05-25,7238.16,7241.84,7032.40,7086.37,Yahoo Finance ^TWII
2010-05-26,7161.40,7174.38,7079.85,7167.35,Yahoo Finance ^TWII
2010-05-27,7139.45,7254.68,7105.11,7243.16,Yahoo Finance ^TWII
2010-05-28,7338.77,7364.01,7271.30,7295.32,Yahoo Finance ^TWII
2010-05-31,7312.26,7373.98,7292.54,7373.98,Yahoo Finance ^TWII
2010-06-01,7327.01,7348.56,7276.52,7289.33,Yahoo Finance ^TWII
2010-06-02,7252.79,7304.13,7159.75,7195.71,Yahoo Finance ^TWII
2010-06-03,7322.51,7361.70,7309.46,7360.28,Yahoo Finance ^TWII
2010-06-04,7377.56,7377.56,7337.35,7344.59,Yahoo Finance ^TWII
2010-06-07,7139.76,7172.30,7085.55,7157.83,Yahoo Finance ^TWII
2010-06-08,7142.31,7179.14,7128.92,7151.99,Yahoo Finance ^TWII
2010-06-09,7166.19,7193.04,7048.60,7071.67,Yahoo Finance ^TWII
2010-06-10,7134.16,7182.99,7085.34,7181.77,Yahoo Finance ^TWII
2010-06-11,7302.97,7321.60,7273.70,7299.49,Yahoo Finance ^TWII
2010-06-14,7372.93,7393.41,7347.23,7387.40,Yahoo Finance ^TWII
2010-06-15,7388.57,7489.68,7364.34,7454.06,Yahoo Finance ^TWII
2010-06-17,7503.12,7534.06,7481.72,7515.78,Yahoo Finance ^TWII
2010-06-18,7538.55,7538.55,7459.93,7493.11,Yahoo Finance ^TWII
2010-06-21,7595.93,7645.71,7562.25,7635.56,Yahoo Finance ^TWII
2010-06-22,7630.64,7639.66,7610.62,7612.68,Yahoo Finance ^TWII
2010-06-23,7576.29,7615.44,7549.98,7582.15,Yahoo Finance ^TWII
2010-06-24,7601.72,7607.63,7567.96,7589.89,Yahoo Finance ^TWII
2010-06-25,7509.72,7537.37,7463.29,7474.71,Yahoo Finance ^TWII
2010-06-28,7507.15,7536.61,7489.55,7500.79,Yahoo Finance ^TWII
2010-06-29,7554.78,7584.81,7423.57,7423.57,Yahoo Finance ^TWII
2010-06-30,7277.39,7337.32,7255.09,7329.37,Yahoo Finance ^TWII
2010-07-01,7326.89,7327.40,7251.60,7254.06,Yahoo Finance ^TWII
2010-07-02,7285.01,7378.77,7285.01,7330.74,Yahoo Finance ^TWII
2010-07-05,7351.18,7447.18,7351.18,7439.96,Yahoo Finance ^TWII
2010-07-06,7385.33,7548.48,7382.37,7548.48,Yahoo Finance ^TWII
2010-07-07,7560.22,7565.37,7517.68,7534.46,Yahoo Finance ^TWII
2010-07-08,7612.71,7622.46,7583.36,7608.85,Yahoo Finance ^TWII
2010-07-09,7644.11,7652.55,7599.84,7647.25,Yahoo Finance ^TWII
2010-07-12,7674.26,7705.11,7636.81,7639.55,Yahoo Finance ^TWII
2010-07-13,7664.71,7671.48,7587.87,7597.42,Yahoo Finance ^TWII
2010-07-14,7688.82,7720.63,7683.83,7714.51,Yahoo Finance ^TWII
2010-07-15,7699.49,7732.31,7681.87,7704.52,Yahoo Finance ^TWII
2010-07-16,7717.24,7719.05,7660.76,7664.57,Yahoo Finance ^TWII
2010-07-19,7602.68,7666.58,7596.26,7649.83,Yahoo Finance ^TWII
2010-07-20,7678.89,7730.88,7638.49,7712.03,Yahoo Finance ^TWII
2010-07-21,7742.48,7752.80,7678.30,7701.29,Yahoo Finance ^TWII
2010-07-22,7699.36,7718.92,7665.78,7666.34,Yahoo Finance ^TWII
2010-07-23,7747.03,7782.02,7739.04,7761.22,Yahoo Finance ^TWII
2010-07-26,7787.07,7807.07,7765.68,7787.45,Yahoo Finance ^TWII
2010-07-27,7806.25,7806.25,7748.01,7748.01,Yahoo Finance ^TWII
2010-07-28,7736.59,7786.23,7726.40,7784.81,Yahoo Finance ^TWII
2010-07-29,7778.74,7799.57,7738.48,7798.99,Yahoo Finance ^TWII
2010-07-30,7765.25,7781.24,7731.19,7760.63,Yahoo Finance ^TWII
2010-08-02,7829.19,7917.95,7829.19,7911.68,Yahoo Finance ^TWII
2010-08-03,7961.68,7970.58,7915.83,7957.53,Yahoo Finance ^TWII
2010-08-04,7960.30,7978.16,7938.92,7972.66,Yahoo Finance ^TWII
2010-08-05,8010.07,8018.74,7921.98,7936.85,Yahoo Finance ^TWII
2010-08-06,7938.09,7963.30,7922.29,7963.30,Yahoo Finance ^TWII
2010-08-09,7974.67,8040.94,7971.19,8034.49,Yahoo Finance ^TWII
2010-08-10,8054.29,8054.29,7975.38,7976.74,Yahoo Finance ^TWII
2010-08-11,7923.57,7956.90,7869.52,7895.03,Yahoo Finance ^TWII
2010-08-12,7789.46,7837.38,7776.66,7829.79,Yahoo Finance ^TWII
2010-08-13,7845.98,7906.35,7830.46,7891.58,Yahoo Finance ^TWII
2010-08-16,7884.28,7941.22,7850.13,7941.22,Yahoo Finance ^TWII
2010-08-17,7962.70,7973.15,7931.09,7931.09,Yahoo Finance ^TWII
2010-08-18,7978.52,7984.57,7897.18,7924.10,Yahoo Finance ^TWII
2010-08-19,7925.48,7948.73,7886.73,7928.94,Yahoo Finance ^TWII
2010-08-20,7915.16,7941.61,7905.01,7927.31,Yahoo Finance ^TWII
2010-08-23,7938.21,8013.12,7924.10,7975.93,Yahoo Finance ^TWII
2010-08-24,7983.62,7990.49,7940.64,7940.64,Yahoo Finance ^TWII
2010-08-25,7889.57,7889.57,7736.98,7736.98,Yahoo Finance ^TWII
2010-08-26,7743.32,7758.14,7666.51,7689.74,Yahoo Finance ^TWII
2010-08-27,7702.59,7722.91,7662.23,7722.91,Yahoo Finance ^TWII
2010-08-30,7797.26,7806.91,7737.28,7741.20,Yahoo Finance ^TWII
2010-08-31,7669.31,7687.47,7577.10,7616.28,Yahoo Finance ^TWII
2010-09-01,7643.61,7679.43,7625.72,7668.25,Yahoo Finance ^TWII
2010-09-02,7764.80,7780.53,7715.31,7720.82,Yahoo Finance ^TWII
2010-09-03,7770.93,7830.21,7770.93,7830.21,Yahoo Finance ^TWII
2010-09-06,7879.70,7902.56,7841.83,7890.95,Yahoo Finance ^TWII
2010-09-07,7914.38,7922.07,7876.67,7884.40,Yahoo Finance ^TWII
2010-09-08,7866.35,7898.76,7824.65,7851.31,Yahoo Finance ^TWII
2010-09-09,7901.83,7903.47,7817.87,7835.54,Yahoo Finance ^TWII
2010-09-10,7900.56,7911.66,7859.33,7890.11,Yahoo Finance ^TWII
2010-09-13,7961.98,8091.30,7946.98,8091.30,Yahoo Finance ^TWII
2010-09-14,8121.68,8132.60,8081.79,8132.60,Yahoo Finance ^TWII
2010-09-15,8152.63,8163.82,8113.97,8163.82,Yahoo Finance ^TWII
2010-09-16,8174.85,8182.80,8099.75,8099.75,Yahoo Finance ^TWII
2010-09-17,8150.94,8197.82,8134.30,8158.33,Yahoo Finance ^TWII
2010-09-20,8174.88,8195.74,8161.82,8186.96,Yahoo Finance ^TWII
2010-09-21,8249.60,8251.42,8177.40,8196.40,Yahoo Finance ^TWII
2010-09-23,8201.68,8223.22,8154.97,8202.54,Yahoo Finance ^TWII
2010-09-24,8182.16,8190.96,8129.21,8166.62,Yahoo Finance ^TWII
2010-09-27,8239.11,8240.86,8189.38,8191.54,Yahoo Finance ^TWII
2010-09-28,8201.81,8211.42,8173.26,8189.44,Yahoo Finance ^TWII
2010-09-29,8241.65,8286.93,8218.75,8240.89,Yahoo Finance ^TWII
2010-09-30,8259.24,8267.55,8204.84,8237.78,Yahoo Finance ^TWII
2010-10-01,8259.08,8260.28,8220.73,8244.18,Yahoo Finance ^TWII
2010-10-04,8261.16,8300.04,8240.67,8246.10,Yahoo Finance ^TWII
2010-10-05,8217.86,8217.86,8155.30,8200.43,Yahoo Finance ^TWII
2010-10-06,8296.23,8301.39,8267.61,8284.03,Yahoo Finance ^TWII
2010-10-07,8304.91,8310.80,8270.31,8283.92,Yahoo Finance ^TWII
2010-10-08,8306.32,8309.91,8232.02,8244.19,Yahoo Finance ^TWII
2010-10-11,8277.78,8277.78,8165.20,8176.76,Yahoo Finance ^TWII
2010-10-12,8176.70,8180.39,8058.59,8090.22,Yahoo Finance ^TWII
2010-10-13,8116.69,8143.19,8067.87,8106.66,Yahoo Finance ^TWII
2010-10-14,8181.51,8252.20,8178.34,8215.45,Yahoo Finance ^TWII
2010-10-15,8216.87,8242.77,8184.29,8205.30,Yahoo Finance ^TWII
2010-10-18,8209.39,8209.39,8057.12,8060.54,Yahoo Finance ^TWII
2010-10-19,8044.90,8074.68,8018.31,8046.23,Yahoo Finance ^TWII
2010-10-20,7993.43,8131.19,7992.81,8124.62,Yahoo Finance ^TWII
2010-10-21,8135.57,8171.49,8109.79,8131.23,Yahoo Finance ^TWII
2010-10-22,8169.51,8174.03,8148.26,8168.06,Yahoo Finance ^TWII
2010-10-25,8204.01,8307.59,8199.49,8306.98,Yahoo Finance ^TWII
2010-10-26,8336.95,8353.86,8319.01,8343.23,Yahoo Finance ^TWII
2010-10-27,8369.75,8372.52,8285.73,8291.04,Yahoo Finance ^TWII
2010-10-28,8315.00,8386.29,8281.52,8354.05,Yahoo Finance ^TWII
2010-10-29,8348.39,8348.39,8278.72,8287.09,Yahoo Finance ^TWII
2010-11-01,8343.52,8407.91,8343.52,8379.75,Yahoo Finance ^TWII
2010-11-02,8380.06,8390.10,8344.76,8344.76,Yahoo Finance ^TWII
2010-11-03,8394.53,8398.30,8273.47,8293.90,Yahoo Finance ^TWII
2010-11-04,8321.36,8367.19,8317.86,8357.85,Yahoo Finance ^TWII
2010-11-05,8444.81,8458.47,8420.65,8449.34,Yahoo Finance ^TWII
2010-11-08,8473.66,8473.66,8416.20,8430.58,Yahoo Finance ^TWII
2010-11-09,8430.70,8457.41,8421.13,8445.63,Yahoo Finance ^TWII
2010-11-10,8457.09,8471.57,8425.24,8450.63,Yahoo Finance ^TWII
2010-11-11,8437.02,8458.49,8422.96,8436.95,Yahoo Finance ^TWII
2010-11-12,8404.43,8416.35,8309.36,8316.05,Yahoo Finance ^TWII
2010-11-15,8287.83,8301.35,8226.71,8240.65,Yahoo Finance ^TWII
2010-11-16,8234.22,8324.51,8234.22,8312.21,Yahoo Finance ^TWII
2010-11-17,8249.95,8284.51,8228.24,8255.54,Yahoo Finance ^TWII
2010-11-18,8285.55,8286.92,8238.77,8283.45,Yahoo Finance ^TWII
2010-11-19,8344.66,8372.16,8283.27,8306.12,Yahoo Finance ^TWII
2010-11-22,8343.32,8391.25,8334.42,8374.91,Yahoo Finance ^TWII
2010-11-23,8388.26,8396.49,8323.81,8328.63,Yahoo Finance ^TWII
2010-11-24,8277.33,8337.19,8277.33,8297.05,Yahoo Finance ^TWII
2010-11-25,8337.90,8355.39,8330.92,8349.99,Yahoo Finance ^TWII
2010-11-26,8371.27,8371.27,8312.15,8312.15,Yahoo Finance ^TWII
2010-11-29,8399.77,8401.42,8331.51,8367.17,Yahoo Finance ^TWII
2010-11-30,8384.64,8443.38,8363.97,8372.48,Yahoo Finance ^TWII
2010-12-01,8430.60,8520.11,8428.64,8520.11,Yahoo Finance ^TWII
2010-12-02,8598.01,8641.13,8572.65,8585.77,Yahoo Finance ^TWII
2010-12-03,8630.88,8659.62,8618.26,8624.01,Yahoo Finance ^TWII
2010-12-06,8675.45,8718.53,8675.45,8702.23,Yahoo Finance ^TWII
2010-12-07,8716.00,8716.00,8654.49,8704.39,Yahoo Finance ^TWII
2010-12-08,8727.88,8729.70,8683.98,8703.79,Yahoo Finance ^TWII
2010-12-09,8769.34,8782.82,8736.77,8753.84,Yahoo Finance ^TWII
2010-12-10,8740.71,8744.67,8684.05,8718.83,Yahoo Finance ^TWII
2010-12-13,8748.64,8764.51,8736.54,8736.59,Yahoo Finance ^TWII
2010-12-14,8771.90,8789.25,8717.53,8740.43,Yahoo Finance ^TWII
2010-12-15,8755.32,8756.71,8698.41,8756.71,Yahoo Finance ^TWII
2010-12-16,8770.74,8797.98,8767.44,8782.20,Yahoo Finance ^TWII
2010-12-17,8828.05,8860.38,8817.51,8817.90,Yahoo Finance ^TWII
2010-12-20,8861.09,8861.09,8740.30,8768.72,Yahoo Finance ^TWII
2010-12-21,8802.86,8827.79,8772.59,8827.79,Yahoo Finance ^TWII
2010-12-22,8847.27,8865.42,8834.32,8860.49,Yahoo Finance ^TWII
2010-12-23,8891.41,8914.34,8874.87,8898.87,Yahoo Finance ^TWII
2010-12-24,8910.61,8911.41,8861.01,8861.10,Yahoo Finance ^TWII
2010-12-27,8866.67,8908.42,8828.67,8892.31,Yahoo Finance ^TWII
2010-12-28,8919.26,8919.26,8839.83,8870.76,Yahoo Finance ^TWII
2010-12-29,8878.10,8893.14,8844.67,8866.35,Yahoo Finance ^TWII
2010-12-30,8883.21,8920.79,8871.07,8907.91,Yahoo Finance ^TWII
2010-12-31,8936.11,8990.38,8932.64,8972.50,Yahoo Finance ^TWII
2011-01-03,9039.63,9041.32,8994.50,9025.30,Yahoo Finance ^TWII
2011-01-04,9045.11,9046.18,8988.58,8997.19,Yahoo Finance ^TWII
2011-01-05,9014.32,9027.16,8812.36,8846.31,Yahoo Finance ^TWII
2011-01-06,8866.23,8883.21,8813.63,8883.21,Yahoo Finance ^TWII
2011-01-07,8905.25,8907.11,8738.93,8782.72,Yahoo Finance ^TWII
2011-01-10,8798.05,8817.88,8762.50,8817.88,Yahoo Finance ^TWII
2011-01-11,8810.77,8935.27,8794.77,8931.36,Yahoo Finance ^TWII
2011-01-12,8992.01,9000.78,8955.47,8965.00,Yahoo Finance ^TWII
2011-01-13,9034.17,9034.17,8948.23,8975.58,Yahoo Finance ^TWII
2011-01-14,8985.34,8998.14,8937.50,8972.51,Yahoo Finance ^TWII
2011-01-17,8998.89,9006.36,8921.19,8925.09,Yahoo Finance ^TWII
2011-01-18,8889.84,9003.45,8887.03,8988.00,Yahoo Finance ^TWII
2011-01-19,9023.30,9092.28,9005.77,9086.02,Yahoo Finance ^TWII
2011-01-20,9059.80,9063.52,9017.80,9022.17,Yahoo Finance ^TWII
2011-01-21,8935.29,8980.54,8892.27,8954.38,Yahoo Finance ^TWII
2011-01-24,8983.59,8993.56,8927.49,8947.79,Yahoo Finance ^TWII
2011-01-25,9001.74,9032.30,8991.39,8991.39,Yahoo Finance ^TWII
2011-01-26,9010.41,9072.76,9009.18,9055.59,Yahoo Finance ^TWII
2011-01-27,9093.54,9126.93,9092.97,9102.33,Yahoo Finance ^TWII
2011-01-28,9122.16,9154.93,9095.71,9145.35,Yahoo Finance ^TWII
2011-02-08,9220.69,9220.69,9085.41,9111.46,Yahoo Finance ^TWII
2011-02-09,9107.96,9129.88,8992.64,9006.82,Yahoo Finance ^TWII
2011-02-10,8962.07,8979.35,8836.56,8836.56,Yahoo Finance ^TWII
2011-02-11,8842.41,8842.41,8574.65,8609.86,Yahoo Finance ^TWII
2011-02-14,8666.61,8715.97,8626.66,8685.47,Yahoo Finance ^TWII
2011-02-15,8679.12,8753.05,8565.05,8721.93,Yahoo Finance ^TWII
2011-02-16,8740.32,8767.09,8702.81,8712.96,Yahoo Finance ^TWII
2011-02-17,8738.71,8745.65,8669.77,8683.88,Yahoo Finance ^TWII
2011-02-18,8763.69,8874.50,8763.69,8843.84,Yahoo Finance ^TWII
2011-02-21,8867.16,8867.16,8797.25,8839.22,Yahoo Finance ^TWII
2011-02-22,8744.81,8744.81,8613.34,8673.67,Yahoo Finance ^TWII
2011-02-23,8604.32,8673.20,8521.25,8528.94,Yahoo Finance ^TWII
2011-02-24,8561.16,8633.24,8541.64,8541.64,Yahoo Finance ^TWII
2011-02-25,8597.87,8635.04,8470.09,8599.65,Yahoo Finance ^TWII
2011-03-01,8611.79,8734.24,8611.79,8727.56,Yahoo Finance ^TWII
2011-03-02,8675.37,8709.57,8619.90,8619.90,Yahoo Finance ^TWII
2011-03-03,8661.63,8758.89,8661.63,8738.37,Yahoo Finance ^TWII
2011-03-04,8815.52,8829.23,8771.89,8784.40,Yahoo Finance ^TWII
2011-03-07,8769.87,8769.87,8706.38,8713.79,Yahoo Finance ^TWII
2011-03-08,8692.10,8768.31,8692.10,8747.75,Yahoo Finance ^TWII
2011-03-09,8810.35,8824.41,8730.74,8750.02,Yahoo Finance ^TWII
2011-03-10,8754.41,8754.41,8635.75,8642.90,Yahoo Finance ^TWII
2011-03-11,8566.91,8593.71,8513.51,8567.82,Yahoo Finance ^TWII
2011-03-14,8616.29,8616.29,8395.11,8520.02,Yahoo Finance ^TWII
2011-03-15,8493.83,8519.90,8070.52,8234.78,Yahoo Finance ^TWII
2011-03-16,8317.38,8372.02,8257.08,8324.58,Yahoo Finance ^TWII
2011-03-17,8190.50,8282.69,8150.73,8282.69,Yahoo Finance ^TWII
2011-03-18,8343.79,8399.17,8312.88,8394.75,Yahoo Finance ^TWII
2011-03-21,8421.66,8508.20,8394.22,8467.71,Yahoo Finance ^TWII
2011-03-22,8523.27,8552.82,8508.04,8508.04,Yahoo Finance ^TWII
2011-03-23,8529.93,8551.12,8481.96,8545.08,Yahoo Finance ^TWII
2011-03-24,8589.71,8603.43,8550.60,8576.40,Yahoo Finance ^TWII
2011-03-25,8645.37,8658.05,8587.84,8610.39,Yahoo Finance ^TWII
2011-03-28,8587.99,8604.24,8549.26,8553.06,Yahoo Finance ^TWII
2011-03-29,8538.44,8596.57,8522.57,8596.57,Yahoo Finance ^TWII
2011-03-30,8605.83,8671.59,8605.83,8646.31,Yahoo Finance ^TWII
2011-03-31,8683.69,8685.44,8608.05,8683.30,Yahoo Finance ^TWII
2011-04-01,8697.84,8705.13,8654.40,8705.13,Yahoo Finance ^TWII
2011-04-06,8772.13,8860.02,8767.21,8851.98,Yahoo Finance ^TWII
2011-04-07,8884.84,8901.72,8828.92,8901.72,Yahoo Finance ^TWII
2011-04-08,8904.44,8929.06,8862.49,8894.54,Yahoo Finance ^TWII
2011-04-11,8922.75,8922.75,8836.38,8880.27,Yahoo Finance ^TWII
2011-04-12,8839.22,8839.22,8708.86,8732.59,Yahoo Finance ^TWII
2011-04-13,8727.95,8780.20,8700.08,8780.20,Yahoo Finance ^TWII
2011-04-14,8787.75,8835.39,8772.30,8802.73,Yahoo Finance ^TWII
2011-04-15,8828.63,8834.07,8716.70,8718.12,Yahoo Finance ^TWII
2011-04-18,8752.56,8764.65,8703.11,8714.48,Yahoo Finance ^TWII
2011-04-19,8643.40,8658.97,8592.23,8638.55,Yahoo Finance ^TWII
2011-04-20,8704.48,8813.28,8698.97,8813.28,Yahoo Finance ^TWII
2011-04-21,8893.07,8992.08,8892.06,8957.65,Yahoo Finance ^TWII
2011-04-22,8980.43,8992.67,8956.07,8969.43,Yahoo Finance ^TWII
2011-04-25,9015.91,9037.09,8950.75,8950.75,Yahoo Finance ^TWII
2011-04-26,8894.01,8966.86,8866.74,8948.14,Yahoo Finance ^TWII
2011-04-27,9012.28,9060.50,9012.28,9049.25,Yahoo Finance ^TWII
2011-04-28,9088.97,9099.75,9021.36,9040.77,Yahoo Finance ^TWII
2011-04-29,9050.49,9058.78,8943.99,9007.87,Yahoo Finance ^TWII
2011-05-03,9014.33,9018.70,8895.25,8946.08,Yahoo Finance ^TWII
2011-05-04,8937.30,8947.35,8864.55,8947.35,Yahoo Finance ^TWII
2011-05-05,8930.24,9029.58,8907.97,9018.61,Yahoo Finance ^TWII
2011-05-06,8997.73,9018.40,8954.81,8977.23,Yahoo Finance ^TWII
2011-05-09,9001.80,9081.26,8984.43,9035.48,Yahoo Finance ^TWII
2011-05-10,9048.25,9055.91,9007.93,9023.28,Yahoo Finance ^TWII
2011-05-11,9073.88,9082.01,9014.36,9020.40,Yahoo Finance ^TWII
2011-05-12,8977.77,9052.98,8963.24,9033.68,Yahoo Finance ^TWII
2011-05-13,9039.55,9059.46,8986.18,9006.61,Yahoo Finance ^TWII
2011-05-16,8996.70,8996.70,8911.71,8911.71,Yahoo Finance ^TWII
2011-05-17,8917.25,8928.99,8854.14,8884.09,Yahoo Finance ^TWII
2011-05-18,8885.40,8946.99,8885.40,8944.84,Yahoo Finance ^TWII
2011-05-19,8952.25,9026.18,8888.21,8892.88,Yahoo Finance ^TWII
2011-05-20,8944.38,8944.38,8822.75,8837.03,Yahoo Finance ^TWII
2011-05-23,8767.30,8776.46,8695.34,8747.51,Yahoo Finance ^TWII
2011-05-24,8730.23,8756.90,8673.38,8756.61,Yahoo Finance ^TWII
2011-05-25,8732.30,8763.64,8682.49,8727.09,Yahoo Finance ^TWII
2011-05-26,8797.29,8807.08,8751.52,8788.40,Yahoo Finance ^TWII
2011-05-27,8806.29,8860.03,8803.59,8810.00,Yahoo Finance ^TWII
2011-05-30,8757.66,8844.03,8748.13,8823.68,Yahoo Finance ^TWII
2011-05-31,8860.58,9003.60,8860.58,8988.84,Yahoo Finance ^TWII
2011-06-01,8999.84,9089.47,8999.84,9062.35,Yahoo Finance ^TWII
2011-06-02,8981.71,9036.27,8977.67,8991.36,Yahoo Finance ^TWII
2011-06-03,9024.54,9052.18,8997.35,9046.28,Yahoo Finance ^TWII
2011-06-07,9025.21,9059.19,8981.44,9057.10,Yahoo Finance ^TWII
2011-06-08,9044.85,9070.25,9007.53,9007.53,Yahoo Finance ^TWII
2011-06-09,9020.60,9045.44,8996.08,9000.94,Yahoo Finance ^TWII
2011-06-10,9042.35,9053.39,8837.82,8837.82,Yahoo Finance ^TWII
2011-06-13,8791.67,8811.97,8703.52,8712.95,Yahoo Finance ^TWII
2011-06-14,8737.24,8836.51,8737.24,8829.21,Yahoo Finance ^TWII
2011-06-15,8833.86,8876.14,8733.60,8831.45,Yahoo Finance ^TWII
2011-06-16,8739.84,8739.84,8654.43,8654.43,Yahoo Finance ^TWII
2011-06-17,8671.45,8702.00,8618.85,8636.10,Yahoo Finance ^TWII
2011-06-20,8679.15,8685.33,8518.66,8530.68,Yahoo Finance ^TWII
2011-06-21,8571.93,8617.96,8523.04,8597.62,Yahoo Finance ^TWII
2011-06-22,8663.86,8679.37,8598.08,8621.04,Yahoo Finance ^TWII
2011-06-23,8601.15,8619.39,8559.33,8567.28,Yahoo Finance ^TWII
2011-06-24,8567.46,8569.59,8508.16,8532.83,Yahoo Finance ^TWII
2011-06-27,8456.36,8519.21,8433.46,8500.16,Yahoo Finance ^TWII
2011-06-28,8536.13,8572.62,8478.69,8478.86,Yahoo Finance ^TWII
2011-06-29,8540.35,8598.22,8499.24,8573.38,Yahoo Finance ^TWII
2011-06-30,8582.08,8652.59,8576.65,8652.59,Yahoo Finance ^TWII
2011-07-01,8684.39,8744.20,8659.57,8739.82,Yahoo Finance ^TWII
2011-07-04,8801.51,8808.47,8772.33,8774.72,Yahoo Finance ^TWII
2011-07-05,8777.22,8794.14,8743.45,8784.44,Yahoo Finance ^TWII
2011-07-06,8790.94,8842.17,8768.35,8824.44,Yahoo Finance ^TWII
2011-07-07,8795.00,8795.88,8757.47,8773.42,Yahoo Finance ^TWII
2011-07-08,8782.72,8839.14,8740.00,8749.55,Yahoo Finance ^TWII
2011-07-11,8749.55,8749.55,8633.55,8665.85,Yahoo Finance ^TWII
2011-07-12,8581.43,8595.07,8479.90,8491.01,Yahoo Finance ^TWII
2011-07-13,8480.26,8539.18,8452.86,8488.06,Yahoo Finance ^TWII
2011-07-14,8495.51,8531.96,8410.44,8481.35,Yahoo Finance ^TWII
2011-07-15,8494.70,8579.80,8462.05,8574.91,Yahoo Finance ^TWII
2011-07-18,8550.16,8580.33,8473.91,8538.57,Yahoo Finance ^TWII
2011-07-19,8528.20,8554.41,8490.79,8524.57,Yahoo Finance ^TWII
2011-07-20,8612.53,8706.17,8612.53,8706.17,Yahoo Finance ^TWII
2011-07-21,8705.84,8725.97,8683.05,8717.14,Yahoo Finance ^TWII
2011-07-22,8770.95,8794.48,8741.09,8765.32,Yahoo Finance ^TWII
2011-07-25,8764.68,8786.03,8661.76,8683.51,Yahoo Finance ^TWII
2011-07-26,8700.59,8794.24,8689.15,8794.24,Yahoo Finance ^TWII
2011-07-27,8775.18,8819.93,8754.51,8817.49,Yahoo Finance ^TWII
2011-07-28,8739.83,8790.68,8702.84,8767.20,Yahoo Finance ^TWII
2011-07-29,8737.72,8771.64,8638.67,8644.18,Yahoo Finance ^TWII
2011-08-01,8629.97,8707.87,8629.97,8701.38,Yahoo Finance ^TWII
2011-08-02,8629.09,8629.09,8557.70,8584.72,Yahoo Finance ^TWII
2011-08-03,8466.35,8472.27,8360.73,8456.86,Yahoo Finance ^TWII
2011-08-04,8472.37,8496.07,8317.27,8317.27,Yahoo Finance ^TWII
2011-08-05,7962.87,7975.82,7844.77,7853.13,Yahoo Finance ^TWII
2011-08-08,7769.60,7799.49,7451.29,7552.80,Yahoo Finance ^TWII
2011-08-09,7261.54,7599.14,7148.76,7493.12,Yahoo Finance ^TWII
2011-08-10,7717.58,7751.59,7632.34,7736.32,Yahoo Finance ^TWII
2011-08-11,7566.39,7761.40,7499.54,7719.09,Yahoo Finance ^TWII
2011-08-12,7825.80,7853.53,7637.02,7637.02,Yahoo Finance ^TWII
2011-08-15,7769.17,7819.39,7748.46,7819.39,Yahoo Finance ^TWII
2011-08-16,7886.93,7896.19,7778.65,7798.59,Yahoo Finance ^TWII
2011-08-17,7807.67,7821.99,7732.32,7741.76,Yahoo Finance ^TWII
2011-08-18,7721.19,7721.19,7561.02,7614.97,Yahoo Finance ^TWII
2011-08-19,7414.36,7429.96,7316.83,7342.96,Yahoo Finance ^TWII
2011-08-22,7348.71,7468.74,7248.69,7312.59,Yahoo Finance ^TWII
2011-08-23,7369.43,7564.64,7349.57,7550.23,Yahoo Finance ^TWII
2011-08-24,7592.51,7594.81,7432.52,7502.93,Yahoo Finance ^TWII
2011-08-25,7559.47,7564.87,7409.02,7410.87,Yahoo Finance ^TWII
2011-08-26,7438.52,7503.38,7389.57,7445.10,Yahoo Finance ^TWII
2011-08-29,7482.92,7608.77,7474.31,7578.01,Yahoo Finance ^TWII
2011-08-30,7654.37,7675.17,7599.27,7646.19,Yahoo Finance ^TWII
2011-08-31,7665.22,7741.36,7602.68,7741.36,Yahoo Finance ^TWII
2011-09-01,7799.18,7886.04,7755.55,7757.76,Yahoo Finance ^TWII
2011-09-02,7801.28,7801.28,7703.10,7757.06,Yahoo Finance ^TWII
2011-09-05,7637.90,7637.90,7538.58,7551.57,Yahoo Finance ^TWII
2011-09-06,7496.24,7522.94,7357.76,7367.19,Yahoo Finance ^TWII
2011-09-07,7468.29,7529.01,7428.70,7529.01,Yahoo Finance ^TWII
2011-09-08,7601.29,7626.78,7520.76,7548.37,Yahoo Finance ^TWII
2011-09-09,7568.22,7651.27,7547.00,7610.57,Yahoo Finance ^TWII
2011-09-13,7530.00,7538.04,7382.00,7391.37,Yahoo Finance ^TWII
2011-09-14,7455.50,7477.86,7186.75,7228.47,Yahoo Finance ^TWII
2011-09-15,7374.58,7430.29,7348.21,7385.68,Yahoo Finance ^TWII
2011-09-16,7494.29,7606.70,7494.29,7577.40,Yahoo Finance ^TWII
2011-09-19,7572.83,7572.94,7468.77,7480.88,Yahoo Finance ^TWII
2011-09-20,7485.60,7544.88,7389.39,7492.85,Yahoo Finance ^TWII
2011-09-21,7515.66,7574.78,7465.98,7535.88,Yahoo Finance ^TWII
2011-09-22,7419.49,7419.49,7287.76,7305.50,Yahoo Finance ^TWII
2011-09-23,7101.34,7126.81,6997.61,7046.22,Yahoo Finance ^TWII
2011-09-26,7026.49,7058.43,6877.12,6877.12,Yahoo Finance ^TWII
2011-09-27,7031.13,7119.14,7027.89,7089.95,Yahoo Finance ^TWII
2011-09-28,7148.38,7154.40,7099.73,7146.98,Yahoo Finance ^TWII
2011-09-29,7090.12,7218.57,7061.01,7182.61,Yahoo Finance ^TWII
2011-09-30,7222.16,7251.87,7163.75,7225.38,Yahoo Finance ^TWII
2011-10-03,7128.66,7128.66,6998.37,7013.97,Yahoo Finance ^TWII
2011-10-04,6937.24,7047.99,6889.99,7047.87,Yahoo Finance ^TWII
2011-10-05,7061.17,7091.01,6989.15,6989.15,Yahoo Finance ^TWII
2011-10-06,7094.61,7170.92,7094.61,7132.00,Yahoo Finance ^TWII
2011-10-07,7210.92,7253.09,7196.22,7211.96,Yahoo Finance ^TWII
2011-10-11,7348.86,7398.71,7348.86,7398.71,Yahoo Finance ^TWII
2011-10-12,7390.06,7407.08,7323.54,7382.35,Yahoo Finance ^TWII
2011-10-13,7423.18,7444.33,7372.41,7428.33,Yahoo Finance ^TWII
2011-10-14,7430.50,7430.50,7353.80,7358.08,Yahoo Finance ^TWII
2011-10-17,7412.88,7475.06,7401.30,7461.12,Yahoo Finance ^TWII
2011-10-18,7352.12,7379.08,7322.01,7359.48,Yahoo Finance ^TWII
2011-10-19,7393.73,7393.73,7316.58,7353.37,Yahoo Finance ^TWII
2011-10-20,7347.93,7361.22,7240.15,7244.32,Yahoo Finance ^TWII
2011-10-21,7272.51,7272.51,7205.21,7254.51,Yahoo Finance ^TWII
2011-10-24,7352.43,7472.50,7352.43,7470.30,Yahoo Finance ^TWII
2011-10-25,7506.08,7506.08,7468.53,7491.21,Yahoo Finance ^TWII
2011-10-26,7437.77,7548.51,7425.99,7535.82,Yahoo Finance ^TWII
2011-10-27,7548.36,7590.88,7504.96,7565.21,Yahoo Finance ^TWII
2011-10-28,7693.24,7743.37,7602.63,7616.06,Yahoo Finance ^TWII
2011-10-31,7637.48,7658.97,7557.05,7587.69,Yahoo Finance ^TWII
2011-11-01,7547.24,7656.26,7505.96,7622.01,Yahoo Finance ^TWII
2011-11-02,7500.54,7599.54,7448.28,7598.45,Yahoo Finance ^TWII
2011-11-03,7603.45,7603.45,7460.31,7460.31,Yahoo Finance ^TWII
2011-11-04,7581.61,7635.75,7578.36,7603.23,Yahoo Finance ^TWII
2011-11-07,7623.16,7638.03,7586.86,7621.72,Yahoo Finance ^TWII
2011-11-08,7652.47,7683.09,7600.79,7600.79,Yahoo Finance ^TWII
2011-11-09,7646.12,7654.15,7561.86,7561.86,Yahoo Finance ^TWII
2011-11-10,7431.26,7434.37,7274.84,7308.68,Yahoo Finance ^TWII
2011-11-11,7369.73,7385.98,7288.49,7367.29,Yahoo Finance ^TWII
2011-11-14,7472.16,7544.23,7472.16,7525.65,Yahoo Finance ^TWII
2011-11-15,7515.50,7528.78,7475.33,7491.06,Yahoo Finance ^TWII
2011-11-16,7520.95,7541.68,7385.13,7387.52,Yahoo Finance ^TWII
2011-11-17,7333.57,7392.82,7284.30,7387.81,Yahoo Finance ^TWII
2011-11-18,7296.09,7327.67,7233.78,7233.78,Yahoo Finance ^TWII
2011-11-21,7166.26,7183.47,7042.64,7042.64,Yahoo Finance ^TWII
2011-11-22,7064.61,7082.40,6970.72,7000.03,Yahoo Finance ^TWII
2011-11-23,6967.66,6981.54,6806.43,6806.43,Yahoo Finance ^TWII
2011-11-24,6748.92,6885.24,6744.26,6864.39,Yahoo Finance ^TWII
2011-11-25,6906.34,6950.50,6751.48,6784.52,Yahoo Finance ^TWII
2011-11-28,6844.30,6920.79,6844.30,6898.78,Yahoo Finance ^TWII
2011-11-29,6966.58,6998.06,6934.87,6988.65,Yahoo Finance ^TWII
2011-11-30,7001.59,7001.59,6860.05,6904.12,Yahoo Finance ^TWII
2011-12-01,7132.41,7199.26,7129.07,7178.69,Yahoo Finance ^TWII
2011-12-02,7164.00,7186.66,7109.71,7140.68,Yahoo Finance ^TWII
2011-12-05,7149.58,7149.59,7057.33,7098.08,Yahoo Finance ^TWII
2011-12-06,7075.84,7075.84,6956.28,6956.28,Yahoo Finance ^TWII
2011-12-07,7004.18,7046.39,6992.27,7033.00,Yahoo Finance ^TWII
2011-12-08,7018.64,7018.64,6907.95,6982.90,Yahoo Finance ^TWII
2011-12-09,6891.47,6927.99,6831.39,6893.30,Yahoo Finance ^TWII
2011-12-12,6975.62,7002.09,6923.88,6949.04,Yahoo Finance ^TWII
2011-12-13,6883.08,6919.68,6850.88,6896.31,Yahoo Finance ^TWII
2011-12-14,6912.54,6926.09,6860.39,6922.57,Yahoo Finance ^TWII
2011-12-15,6874.18,6874.18,6764.59,6764.59,Yahoo Finance ^TWII
2011-12-16,6783.02,6810.08,6757.33,6785.09,Yahoo Finance ^TWII
2011-12-19,6780.64,6780.64,6609.11,6633.33,Yahoo Finance ^TWII
2011-12-20,6654.67,6696.93,6646.30,6662.64,Yahoo Finance ^TWII
2011-12-21,6878.63,6966.48,6878.63,6966.48,Yahoo Finance ^TWII
2011-12-22,6968.22,6989.59,6940.85,6966.35,Yahoo Finance ^TWII
2011-12-23,7035.10,7122.28,7035.10,7110.73,Yahoo Finance ^TWII
2011-12-26,7125.04,7125.67,7078.06,7092.58,Yahoo Finance ^TWII
2011-12-27,7085.50,7107.67,7043.64,7085.03,Yahoo Finance ^TWII
2011-12-28,7086.10,7093.47,7036.92,7056.67,Yahoo Finance ^TWII
2011-12-29,7026.86,7074.82,6998.97,7074.82,Yahoo Finance ^TWII
2011-12-30,7109.85,7139.03,7054.79,7072.08,Yahoo Finance ^TWII
2012-01-02,,,,6952.21,011.idv.tw (close only)
2012-01-03,7005.39,7073.79,7005.39,7053.38,Yahoo Finance ^TWII
2012-01-04,7093.07,7116.22,7064.58,7082.97,Yahoo Finance ^TWII
2012-01-05,7099.35,7130.86,7073.32,7130.86,Yahoo Finance ^TWII
2012-01-06,7129.53,7139.04,7090.47,7120.51,Yahoo Finance ^TWII
2012-01-09,7103.09,7103.09,7050.25,7093.04,Yahoo Finance ^TWII
2012-01-10,7128.86,7181.74,7128.86,7178.87,Yahoo Finance ^TWII
2012-01-11,7203.10,7212.36,7184.38,7188.21,Yahoo Finance ^TWII
2012-01-12,7202.38,7209.74,7173.87,7186.58,Yahoo Finance ^TWII
2012-01-13,7226.24,7249.94,7169.92,7181.54,Yahoo Finance ^TWII
2012-01-16,7241.92,7258.84,7091.35,7103.62,Yahoo Finance ^TWII
2012-01-17,7144.20,7221.08,7118.36,7221.08,Yahoo Finance ^TWII
2012-01-18,7235.54,7245.13,7194.55,7233.69,Yahoo Finance ^TWII
2012-01-30,7382.72,7443.03,7382.72,7407.41,Yahoo Finance ^TWII
2012-01-31,7436.52,7517.08,7421.01,7517.08,Yahoo Finance ^TWII
2012-02-01,7520.36,7566.08,7488.97,7549.21,Yahoo Finance ^TWII
2012-02-02,7613.79,7652.46,7578.76,7652.46,Yahoo Finance ^TWII
2012-02-03,7658.68,7674.99,7608.41,7674.99,Yahoo Finance ^TWII
2012-02-04,,,,7741.24,011.idv.tw (close only)
2012-02-06,7752.28,7752.28,7677.56,7687.98,Yahoo Finance ^TWII
2012-02-07,7680.36,7751.76,7673.91,7707.44,Yahoo Finance ^TWII
2012-02-08,7766.38,7869.91,7766.38,7869.91,Yahoo Finance ^TWII
2012-02-09,7863.36,7910.78,7840.38,7910.78,Yahoo Finance ^TWII
2012-02-10,7922.61,7941.63,7848.78,7862.27,Yahoo Finance ^TWII
2012-02-13,7849.21,7917.96,7837.58,7912.91,Yahoo Finance ^TWII
2012-02-14,7937.28,7937.28,7829.76,7884.08,Yahoo Finance ^TWII
2012-02-15,7919.41,8011.87,7902.08,8005.24,Yahoo Finance ^TWII
2012-02-16,7983.75,8010.50,7851.62,7869.70,Yahoo Finance ^TWII
2012-02-17,7956.91,8013.46,7862.11,7894.36,Yahoo Finance ^TWII
2012-02-20,7959.99,7985.50,7913.65,7954.82,Yahoo Finance ^TWII
2012-02-21,7953.06,7973.47,7870.26,7921.50,Yahoo Finance ^TWII
2012-02-22,7908.38,8018.54,7897.65,8001.68,Yahoo Finance ^TWII
2012-02-23,7981.92,7991.92,7935.42,7937.30,Yahoo Finance ^TWII
2012-02-24,7971.62,7974.58,7899.62,7959.34,Yahoo Finance ^TWII
2012-02-29,8046.14,8121.44,8046.14,8121.44,Yahoo Finance ^TWII
2012-03-01,8127.57,8151.70,8103.75,8118.34,Yahoo Finance ^TWII
2012-03-02,8161.87,8170.72,8114.14,8144.04,Yahoo Finance ^TWII
2012-03-03,,,,8114.44,011.idv.tw (close only)
2012-03-05,8105.27,8115.49,7998.96,8004.74,Yahoo Finance ^TWII
2012-03-06,8006.85,8028.02,7860.87,7937.97,Yahoo Finance ^TWII
2012-03-07,7846.49,7937.11,7824.45,7903.08,Yahoo Finance ^TWII
2012-03-08,7952.94,8000.93,7905.50,7984.56,Yahoo Finance ^TWII
2012-03-09,8012.59,8027.08,7965.68,8016.01,Yahoo Finance ^TWII
2012-03-12,8028.87,8028.87,7927.55,7927.55,Yahoo Finance ^TWII
2012-03-13,7990.60,8045.61,7974.38,8031.51,Yahoo Finance ^TWII
2012-03-14,8132.96,8170.31,8113.76,8125.26,Yahoo Finance ^TWII
2012-03-15,8141.93,8142.98,8088.10,8121.62,Yahoo Finance ^TWII
2012-03-16,8130.28,8130.52,8054.94,8054.94,Yahoo Finance ^TWII
2012-03-19,8113.46,8123.15,7997.05,8043.92,Yahoo Finance ^TWII
2012-03-20,8062.91,8062.91,7965.96,7972.70,Yahoo Finance ^TWII
2012-03-21,7993.46,8013.67,7940.19,7981.94,Yahoo Finance ^TWII
2012-03-22,7997.66,8075.97,7995.57,8059.94,Yahoo Finance ^TWII
2012-03-23,8067.93,8076.61,8030.88,8076.61,Yahoo Finance ^TWII
2012-03-26,8073.93,8073.93,7958.72,7967.62,Yahoo Finance ^TWII
2012-03-27,8033.22,8033.22,7978.74,8029.46,Yahoo Finance ^TWII
2012-03-28,8074.64,8085.43,8013.80,8038.07,Yahoo Finance ^TWII
2012-03-29,7997.87,7997.87,7808.55,7872.66,Yahoo Finance ^TWII
2012-03-30,7832.22,7933.00,7775.75,7933.00,Yahoo Finance ^TWII
2012-04-02,7905.88,7928.43,7859.56,7862.90,Yahoo Finance ^TWII
2012-04-03,7896.72,7907.62,7723.39,7760.85,Yahoo Finance ^TWII
2012-04-05,7603.31,7667.04,7528.03,7639.82,Yahoo Finance ^TWII
2012-04-06,7667.90,7713.24,7638.05,7706.26,Yahoo Finance ^TWII
2012-04-09,7587.68,7650.89,7529.39,7600.87,Yahoo Finance ^TWII
2012-04-10,7659.03,7692.94,7605.67,7640.68,Yahoo Finance ^TWII
2012-04-11,7592.94,7666.07,7573.05,7656.67,Yahoo Finance ^TWII
2012-04-12,7669.46,7673.84,7599.00,7662.92,Yahoo Finance ^TWII
2012-04-13,7734.55,7788.27,7733.18,7788.27,Yahoo Finance ^TWII
2012-04-16,7747.36,7749.49,7714.14,7729.86,Yahoo Finance ^TWII
2012-04-17,7736.70,7752.10,7585.87,7585.87,Yahoo Finance ^TWII
2012-04-18,7676.48,7683.95,7590.98,7605.00,Yahoo Finance ^TWII
2012-04-19,7602.28,7632.73,7528.04,7622.69,Yahoo Finance ^TWII
2012-04-20,7601.57,7605.22,7507.15,7507.15,Yahoo Finance ^TWII
2012-04-23,7488.82,7521.42,7430.93,7481.09,Yahoo Finance ^TWII
2012-04-24,7457.02,7533.55,7444.79,7498.84,Yahoo Finance ^TWII
2012-04-25,7552.78,7569.25,7525.69,7563.18,Yahoo Finance ^TWII
2012-04-26,7596.53,7600.45,7509.88,7521.35,Yahoo Finance ^TWII
2012-04-27,7569.29,7598.45,7459.75,7480.50,Yahoo Finance ^TWII
2012-04-30,7439.22,7501.72,7422.14,7501.72,Yahoo Finance ^TWII
2012-05-02,7511.76,7679.07,7511.76,7676.81,Yahoo Finance ^TWII
2012-05-03,7671.06,7681.23,7643.09,7659.53,Yahoo Finance ^TWII
2012-05-04,7619.73,7704.87,7614.99,7700.95,Yahoo Finance ^TWII
2012-05-07,7608.35,7608.35,7515.69,7538.08,Yahoo Finance ^TWII
2012-05-08,7572.16,7572.31,7522.29,7545.71,Yahoo Finance ^TWII
2012-05-09,7485.33,7513.71,7448.90,7475.71,Yahoo Finance ^TWII
2012-05-10,7479.14,7523.37,7470.81,7484.01,Yahoo Finance ^TWII
2012-05-11,7472.56,7473.55,7382.95,7401.37,Yahoo Finance ^TWII
2012-05-14,7389.89,7412.59,7346.86,7377.18,Yahoo Finance ^TWII
2012-05-15,7328.74,7396.42,7291.44,7395.64,Yahoo Finance ^TWII
2012-05-16,7376.71,7399.83,7234.57,7234.57,Yahoo Finance ^TWII
2012-05-17,7304.40,7356.77,7274.32,7356.77,Yahoo Finance ^TWII
2012-05-18,7252.24,7253.10,7149.36,7151.19,Yahoo Finance ^TWII
2012-05-21,7164.90,7220.10,7164.90,7192.23,Yahoo Finance ^TWII
2012-05-22,7257.96,7274.89,7232.52,7274.89,Yahoo Finance ^TWII
2012-05-23,7213.60,7213.60,7130.52,7147.75,Yahoo Finance ^TWII
2012-05-24,7155.74,7190.55,7090.47,7124.89,Yahoo Finance ^TWII
2012-05-25,7116.33,7139.76,7066.39,7071.63,Yahoo Finance ^TWII
2012-05-28,7067.55,7136.00,7047.32,7136.00,Yahoo Finance ^TWII
2012-05-29,7179.58,7349.85,7178.67,7342.29,Yahoo Finance ^TWII
2012-05-30,7331.64,7331.64,7222.88,7261.80,Yahoo Finance ^TWII
2012-05-31,7184.91,7301.50,7132.80,7301.50,Yahoo Finance ^TWII
2012-06-01,7213.69,7218.75,7106.09,7106.09,Yahoo Finance ^TWII
2012-06-04,6907.13,6937.33,6857.35,6894.66,Yahoo Finance ^TWII
2012-06-05,6988.52,7037.57,6967.31,7000.45,Yahoo Finance ^TWII
2012-06-06,7037.92,7076.28,7004.40,7056.15,Yahoo Finance ^TWII
2012-06-07,7133.78,7139.16,7052.36,7080.31,Yahoo Finance ^TWII
2012-06-08,7033.51,7063.08,6979.82,6999.65,Yahoo Finance ^TWII
2012-06-11,7081.72,7137.98,7081.72,7120.23,Yahoo Finance ^TWII
2012-06-12,7036.44,7076.37,7026.27,7072.08,Yahoo Finance ^TWII
2012-06-13,7103.20,7109.34,7059.85,7088.83,Yahoo Finance ^TWII
2012-06-14,7096.86,7114.07,7070.36,7075.10,Yahoo Finance ^TWII
2012-06-15,7094.00,7166.08,7085.92,7155.83,Yahoo Finance ^TWII
2012-06-18,7263.81,7302.82,7262.80,7281.50,Yahoo Finance ^TWII
2012-06-19,7286.54,7288.98,7239.42,7273.13,Yahoo Finance ^TWII
2012-06-20,7309.23,7334.63,7281.74,7334.63,Yahoo Finance ^TWII
2012-06-21,7301.79,7311.39,7259.11,7279.05,Yahoo Finance ^TWII
2012-06-22,7210.80,7229.73,7185.31,7222.05,Yahoo Finance ^TWII
2012-06-25,7222.61,7222.61,7157.90,7166.38,Yahoo Finance ^TWII
2012-06-26,7145.22,7156.99,7117.17,7137.93,Yahoo Finance ^TWII
2012-06-27,7137.99,7199.32,7127.98,7183.01,Yahoo Finance ^TWII
2012-06-28,7230.47,7236.71,7165.34,7169.61,Yahoo Finance ^TWII
2012-06-29,7183.45,7296.28,7177.59,7296.28,Yahoo Finance ^TWII
2012-07-02,7332.09,7359.99,7318.22,7345.16,Yahoo Finance ^TWII
2012-07-03,7363.37,7431.70,7357.67,7418.36,Yahoo Finance ^TWII
2012-07-04,7414.56,7442.55,7397.80,7422.59,Yahoo Finance ^TWII
2012-07-05,7412.55,7426.62,7376.45,7387.78,Yahoo Finance ^TWII
2012-07-06,7392.78,7406.62,7328.03,7368.59,Yahoo Finance ^TWII
2012-07-09,7301.72,7333.28,7293.11,7309.96,Yahoo Finance ^TWII
2012-07-10,7305.76,7328.75,7228.88,7251.35,Yahoo Finance ^TWII
2012-07-11,7207.08,7261.59,7202.38,7257.91,Yahoo Finance ^TWII
2012-07-12,7240.88,7242.78,7130.93,7130.93,Yahoo Finance ^TWII
2012-07-13,7113.14,7153.85,7103.71,7104.27,Yahoo Finance ^TWII
2012-07-16,7135.94,7147.38,7085.38,7090.04,Yahoo Finance ^TWII
2012-07-17,7056.80,7133.05,7051.76,7127.00,Yahoo Finance ^TWII
2012-07-18,7132.65,7132.65,7046.09,7049.05,Yahoo Finance ^TWII
2012-07-19,7109.33,7163.75,7098.18,7148.57,Yahoo Finance ^TWII
2012-07-20,7136.48,7164.68,7130.71,7164.68,Yahoo Finance ^TWII
2012-07-23,7105.99,7105.99,6996.18,7028.73,Yahoo Finance ^TWII
2012-07-24,7004.44,7015.76,6968.78,7008.35,Yahoo Finance ^TWII
2012-07-25,6932.12,7036.95,6922.73,6979.13,Yahoo Finance ^TWII
2012-07-26,7012.94,7023.98,6963.57,6970.69,Yahoo Finance ^TWII
2012-07-27,7060.43,7124.49,7045.31,7124.49,Yahoo Finance ^TWII
2012-07-30,7159.21,7184.31,7146.07,7158.88,Yahoo Finance ^TWII
2012-07-31,7140.53,7270.49,7140.53,7270.49,Yahoo Finance ^TWII
2012-08-01,7242.58,7273.62,7223.17,7267.96,Yahoo Finance ^TWII
2012-08-03,7220.51,7235.63,7186.78,7217.51,Yahoo Finance ^TWII
2012-08-06,7311.74,7340.56,7276.60,7286.33,Yahoo Finance ^TWII
2012-08-07,7289.89,7300.99,7265.96,7295.46,Yahoo Finance ^TWII
2012-08-08,7331.59,7357.42,7302.90,7319.80,Yahoo Finance ^TWII
2012-08-09,7341.87,7435.00,7341.87,7433.70,Yahoo Finance ^TWII
2012-08-10,7443.36,7458.23,7409.43,7441.12,Yahoo Finance ^TWII
2012-08-13,7495.81,7495.81,7423.84,7436.30,Yahoo Finance ^TWII
2012-08-14,7447.03,7520.65,7447.03,7479.25,Yahoo Finance ^TWII
2012-08-15,7489.81,7489.81,7442.72,7467.74,Yahoo Finance ^TWII
2012-08-16,7475.68,7515.02,7456.40,7490.21,Yahoo Finance ^TWII
2012-08-17,7502.85,7516.71,7467.92,7467.92,Yahoo Finance ^TWII
2012-08-20,7482.05,7485.16,7422.44,7431.91,Yahoo Finance ^TWII
2012-08-21,7459.50,7536.32,7459.50,7506.81,Yahoo Finance ^TWII
2012-08-22,7495.87,7501.26,7461.07,7496.58,Yahoo Finance ^TWII
2012-08-23,7486.58,7519.03,7475.09,7505.17,Yahoo Finance ^TWII
2012-08-24,7479.57,7494.36,7454.85,7477.53,Yahoo Finance ^TWII
2012-08-27,7504.45,7523.54,7457.75,7468.22,Yahoo Finance ^TWII
2012-08-28,7440.56,7445.08,7359.83,7361.94,Yahoo Finance ^TWII
2012-08-29,7379.48,7405.30,7368.40,7391.15,Yahoo Finance ^TWII
2012-08-30,7372.06,7404.94,7360.10,7371.44,Yahoo Finance ^TWII
2012-08-31,7363.25,7406.52,7363.25,7397.06,Yahoo Finance ^TWII
2012-09-03,7430.40,7462.15,7389.68,7450.53,Yahoo Finance ^TWII
2012-09-04,7471.31,7479.01,7440.03,7451.35,Yahoo Finance ^TWII
2012-09-05,7429.93,7429.93,7364.68,7367.44,Yahoo Finance ^TWII
2012-09-06,7383.04,7390.76,7313.56,7326.72,Yahoo Finance ^TWII
2012-09-07,7434.43,7446.10,7409.88,7424.91,Yahoo Finance ^TWII
2012-09-10,7435.34,7482.74,7435.34,7482.74,Yahoo Finance ^TWII
2012-09-11,7497.23,7509.16,7468.18,7485.13,Yahoo Finance ^TWII
2012-09-12,7518.68,7571.42,7515.04,7570.45,Yahoo Finance ^TWII
2012-09-13,7577.16,7594.76,7557.28,7578.80,Yahoo Finance ^TWII
2012-09-14,7660.38,7738.05,7660.38,7738.05,Yahoo Finance ^TWII
2012-09-17,7768.45,7778.06,7725.90,7762.22,Yahoo Finance ^TWII
2012-09-18,7740.57,7757.04,7714.43,7734.26,Yahoo Finance ^TWII
2012-09-19,7739.52,7781.91,7726.35,7781.91,Yahoo Finance ^TWII
2012-09-20,7781.81,7785.47,7704.61,7727.55,Yahoo Finance ^TWII
2012-09-21,7763.29,7765.01,7737.03,7754.59,Yahoo Finance ^TWII
2012-09-24,7760.33,7781.55,7706.95,7768.30,Yahoo Finance ^TWII
2012-09-25,7766.44,7789.39,7720.44,7734.13,Yahoo Finance ^TWII
2012-09-26,7702.77,7708.90,7649.50,7669.63,Yahoo Finance ^TWII
2012-09-27,7665.89,7699.23,7658.51,7683.80,Yahoo Finance ^TWII
2012-09-28,7704.23,7721.29,7665.35,7715.16,Yahoo Finance ^TWII
2012-10-01,7702.12,7707.89,7657.88,7675.72,Yahoo Finance ^TWII
2012-10-02,7703.10,7726.61,7683.03,7718.68,Yahoo Finance ^TWII
2012-10-03,7727.48,7727.53,7680.98,7684.63,Yahoo Finance ^TWII
2012-10-04,7678.48,7689.08,7621.38,7682.34,Yahoo Finance ^TWII
2012-10-05,7694.05,7721.93,7675.48,7690.65,Yahoo Finance ^TWII
2012-10-08,7707.97,7707.97,7612.87,7615.89,Yahoo Finance ^TWII
2012-10-09,7593.58,7631.96,7590.75,7592.01,Yahoo Finance ^TWII
2012-10-11,7494.58,7501.22,7448.06,7451.72,Yahoo Finance ^TWII
2012-10-12,7456.51,7478.51,7398.80,7437.04,Yahoo Finance ^TWII
2012-10-15,7433.22,7433.68,7392.61,7418.90,Yahoo Finance ^TWII
2012-10-16,7437.79,7471.02,7437.79,7471.02,Yahoo Finance ^TWII
2012-10-17,7505.41,7518.36,7450.29,7464.40,Yahoo Finance ^TWII
2012-10-18,7474.07,7495.45,7448.06,7465.41,Yahoo Finance ^TWII
2012-10-19,7443.61,7449.22,7402.66,7408.76,Yahoo Finance ^TWII
2012-10-22,7333.24,7373.04,7310.79,7373.04,Yahoo Finance ^TWII
2012-10-23,7367.46,7375.50,7326.39,7337.48,Yahoo Finance ^TWII
2012-10-24,7288.14,7348.45,7274.88,7314.88,Yahoo Finance ^TWII
2012-10-25,7329.50,7339.21,7260.00,7262.08,Yahoo Finance ^TWII
2012-10-26,7291.98,7298.48,7132.77,7134.06,Yahoo Finance ^TWII
2012-10-29,7147.20,7165.10,7091.19,7091.67,Yahoo Finance ^TWII
2012-10-30,7131.15,7206.35,7131.15,7182.59,Yahoo Finance ^TWII
2012-10-31,7220.02,7222.84,7139.17,7166.05,Yahoo Finance ^TWII
2012-11-01,7141.97,7188.23,7050.05,7179.64,Yahoo Finance ^TWII
2012-11-02,7232.20,7235.13,7199.57,7210.47,Yahoo Finance ^TWII
2012-11-05,7200.77,7216.30,7161.70,7185.36,Yahoo Finance ^TWII
2012-11-06,7223.02,7236.68,7165.58,7236.68,Yahoo Finance ^TWII
2012-11-07,7249.75,7287.18,7220.04,7287.18,Yahoo Finance ^TWII
2012-11-08,7229.00,7242.63,7190.99,7242.63,Yahoo Finance ^TWII
2012-11-09,7206.16,7302.27,7170.29,7293.22,Yahoo Finance ^TWII
2012-11-12,7303.93,7307.59,7264.02,7267.75,Yahoo Finance ^TWII
2012-11-13,7262.65,7262.65,7129.87,7136.05,Yahoo Finance ^TWII
2012-11-14,7141.58,7165.86,7107.78,7159.75,Yahoo Finance ^TWII
2012-11-15,7132.02,7158.74,7066.28,7143.84,Yahoo Finance ^TWII
2012-11-16,7125.24,7194.28,7108.84,7130.07,Yahoo Finance ^TWII
2012-11-19,7134.71,7162.12,7125.21,7129.04,Yahoo Finance ^TWII
2012-11-20,7179.10,7189.10,7141.16,7145.77,Yahoo Finance ^TWII
2012-11-21,7150.24,7169.40,7061.87,7088.49,Yahoo Finance ^TWII
2012-11-22,7116.80,7134.78,7097.38,7105.76,Yahoo Finance ^TWII
2012-11-23,7148.97,7326.01,7148.97,7326.01,Yahoo Finance ^TWII
2012-11-26,7372.38,7407.37,7370.28,7407.37,Yahoo Finance ^TWII
2012-11-27,7408.74,7436.78,7384.97,7430.20,Yahoo Finance ^TWII
2012-11-28,7418.42,7434.93,7385.91,7434.93,Yahoo Finance ^TWII
2012-11-29,7468.93,7521.52,7466.49,7503.55,Yahoo Finance ^TWII
2012-11-30,7519.07,7590.69,7515.15,7580.17,Yahoo Finance ^TWII
2012-12-03,7582.65,7628.29,7562.19,7599.91,Yahoo Finance ^TWII
2012-12-04,7572.11,7600.98,7536.66,7600.98,Yahoo Finance ^TWII
2012-12-05,7575.63,7650.12,7567.46,7649.05,Yahoo Finance ^TWII
2012-12-06,7660.97,7673.62,7616.79,7623.26,Yahoo Finance ^TWII
2012-12-07,7640.25,7672.92,7631.63,7642.26,Yahoo Finance ^TWII
2012-12-10,7658.39,7669.05,7603.25,7609.50,Yahoo Finance ^TWII
2012-12-11,7621.00,7630.66,7556.67,7613.69,Yahoo Finance ^TWII
2012-12-12,7653.90,7696.02,7645.54,7690.19,Yahoo Finance ^TWII
2012-12-13,7713.69,7757.09,7699.41,7757.09,Yahoo Finance ^TWII
2012-12-14,7722.88,7723.74,7686.32,7698.77,Yahoo Finance ^TWII
2012-12-17,7664.97,7683.32,7603.51,7631.28,Yahoo Finance ^TWII
2012-12-18,7620.29,7643.74,7616.04,7643.74,Yahoo Finance ^TWII
2012-12-19,7671.13,7685.63,7647.01,7677.47,Yahoo Finance ^TWII
2012-12-20,7646.13,7646.13,7574.56,7595.46,Yahoo Finance ^TWII
2012-12-21,7592.57,7608.81,7491.52,7519.93,Yahoo Finance ^TWII
2012-12-22,,,,7540.14,011.idv.tw (close only)
2012-12-24,7542.66,7566.09,7520.62,7535.52,Yahoo Finance ^TWII
2012-12-25,7556.24,7654.60,7543.83,7636.57,Yahoo Finance ^TWII
2012-12-26,7646.51,7683.09,7633.83,7634.19,Yahoo Finance ^TWII
2012-12-27,7634.80,7661.01,7622.73,7648.41,Yahoo Finance ^TWII
2012-12-28,7700.87,7708.31,7665.04,7699.50,Yahoo Finance ^TWII
2013-01-02,7738.05,7793.48,7715.26,7779.22,Yahoo Finance ^TWII
2013-01-03,7826.34,7855.16,7815.29,7836.84,Yahoo Finance ^TWII
2013-01-04,7818.27,7818.27,7773.06,7805.99,Yahoo Finance ^TWII
2013-01-07,7797.05,7797.05,7725.47,7755.09,Yahoo Finance ^TWII
2013-01-08,7737.07,7751.80,7692.98,7721.66,Yahoo Finance ^TWII
2013-01-09,7726.40,7763.97,7703.23,7738.64,Yahoo Finance ^TWII
2013-01-10,7780.98,7825.06,7760.09,7811.64,Yahoo Finance ^TWII
2013-01-11,7843.57,7845.36,7801.69,7819.15,Yahoo Finance ^TWII
2013-01-14,7795.68,7823.97,7731.32,7823.97,Yahoo Finance ^TWII
2013-01-15,7823.51,7823.51,7744.39,7765.02,Yahoo Finance ^TWII
2013-01-16,7766.09,7769.18,7700.43,7700.43,Yahoo Finance ^TWII
2013-01-17,7748.57,7774.97,7603.27,7616.64,Yahoo Finance ^TWII
2013-01-18,7697.28,7732.87,7676.11,7732.87,Yahoo Finance ^TWII
2013-01-21,7725.36,7739.37,7674.18,7724.92,Yahoo Finance ^TWII
2013-01-22,7746.79,7759.47,7699.25,7759.10,Yahoo Finance ^TWII
2013-01-23,7773.20,7773.20,7730.10,7744.18,Yahoo Finance ^TWII
2013-01-24,7717.04,7724.68,7653.62,7695.99,Yahoo Finance ^TWII
2013-01-25,7695.25,7704.31,7637.20,7672.58,Yahoo Finance ^TWII
2013-01-28,7685.67,7717.35,7685.67,7714.67,Yahoo Finance ^TWII
2013-01-29,7744.15,7802.00,7739.60,7802.00,Yahoo Finance ^TWII
2013-01-30,7832.95,7847.21,7804.71,7832.98,Yahoo Finance ^TWII
2013-01-31,7832.87,7850.02,7800.90,7850.02,Yahoo Finance ^TWII
2013-02-01,7853.75,7866.23,7832.00,7855.97,Yahoo Finance ^TWII
2013-02-04,7882.76,7929.97,7880.29,7923.16,Yahoo Finance ^TWII
2013-02-05,7896.67,7896.67,7863.91,7886.94,Yahoo Finance ^TWII
2013-02-06,7925.26,7941.65,7906.65,7906.65,Yahoo Finance ^TWII
2013-02-18,8000.69,8005.73,7927.95,7943.53,Yahoo Finance ^TWII
2013-02-19,7974.40,7974.40,7946.09,7960.88,Yahoo Finance ^TWII
2013-02-20,8021.31,8029.10,7995.16,8029.10,Yahoo Finance ^TWII
2013-02-21,8020.52,8020.52,7957.46,7957.46,Yahoo Finance ^TWII
2013-02-22,7947.88,7970.24,7913.16,7947.72,Yahoo Finance ^TWII
2013-02-23,,,,7986.89,011.idv.tw (close only)
2013-02-25,7986.87,7995.11,7947.68,7947.68,Yahoo Finance ^TWII
2013-02-26,7891.41,7927.49,7871.23,7880.90,Yahoo Finance ^TWII
2013-02-27,7886.03,7912.85,7873.29,7897.98,Yahoo Finance ^TWII
2013-03-01,7917.72,7964.63,7917.72,7964.63,Yahoo Finance ^TWII
2013-03-04,7966.22,7966.22,7849.52,7867.34,Yahoo Finance ^TWII
2013-03-05,7910.44,7939.85,7882.56,7932.71,Yahoo Finance ^TWII
2013-03-06,7958.11,7982.39,7936.86,7950.30,Yahoo Finance ^TWII
2013-03-07,7950.90,7984.29,7942.37,7960.51,Yahoo Finance ^TWII
2013-03-08,7981.00,8029.14,7981.00,8015.14,Yahoo Finance ^TWII
2013-03-11,8021.88,8089.21,8001.85,8038.72,Yahoo Finance ^TWII
2013-03-12,8039.00,8063.23,7986.59,7994.71,Yahoo Finance ^TWII
2013-03-13,8018.90,8047.56,7962.42,7995.51,Yahoo Finance ^TWII
2013-03-14,8002.42,8002.71,7946.29,7951.76,Yahoo Finance ^TWII
2013-03-15,7989.67,7999.92,7924.94,7927.49,Yahoo Finance ^TWII
2013-03-18,7886.69,7888.16,7807.61,7811.34,Yahoo Finance ^TWII
2013-03-19,7843.47,7863.77,7823.81,7838.47,Yahoo Finance ^TWII
2013-03-20,7834.73,7844.54,7786.56,7798.03,Yahoo Finance ^TWII
2013-03-21,7828.95,7843.16,7811.84,7811.84,Yahoo Finance ^TWII
2013-03-22,7811.52,7832.59,7796.22,7796.22,Yahoo Finance ^TWII
2013-03-25,7862.58,7877.05,7854.47,7856.12,Yahoo Finance ^TWII
2013-03-26,7873.70,7876.68,7845.56,7856.36,Yahoo Finance ^TWII
2013-03-27,7872.75,7894.26,7857.32,7894.12,Yahoo Finance ^TWII
2013-03-28,7905.71,7905.71,7844.84,7866.88,Yahoo Finance ^TWII
2013-03-29,7904.50,7931.70,7883.81,7918.61,Yahoo Finance ^TWII
2013-04-01,7934.25,7937.73,7896.57,7899.24,Yahoo Finance ^TWII
2013-04-02,7897.16,7924.46,7879.55,7913.18,Yahoo Finance ^TWII
2013-04-03,7949.12,7954.15,7913.77,7942.35,Yahoo Finance ^TWII
2013-04-08,7831.22,7843.10,7747.47,7752.79,Yahoo Finance ^TWII
2013-04-09,7766.62,7781.13,7714.93,7728.54,Yahoo Finance ^TWII
2013-04-10,7772.95,7772.95,7739.99,7752.80,Yahoo Finance ^TWII
2013-04-11,7788.58,7857.98,7788.58,7857.98,Yahoo Finance ^TWII
2013-04-12,7861.12,7864.86,7810.54,7821.63,Yahoo Finance ^TWII
2013-04-15,7815.32,7835.12,7753.24,7763.53,Yahoo Finance ^TWII
2013-04-16,7690.91,7801.05,7688.62,7801.05,Yahoo Finance ^TWII
2013-04-17,7822.81,7822.81,7791.53,7809.07,Yahoo Finance ^TWII
2013-04-18,7781.48,7826.13,7757.33,7791.35,Yahoo Finance ^TWII
2013-04-19,7868.90,7933.72,7862.92,7930.80,Yahoo Finance ^TWII
2013-04-22,7976.10,7996.55,7950.01,7970.38,Yahoo Finance ^TWII
2013-04-23,7955.92,7968.79,7913.60,7942.77,Yahoo Finance ^TWII
2013-04-24,7977.40,8025.45,7968.28,8023.71,Yahoo Finance ^TWII
2013-04-25,8015.38,8026.46,7994.19,8021.75,Yahoo Finance ^TWII
2013-04-26,8034.47,8081.37,8020.47,8022.06,Yahoo Finance ^TWII
2013-04-29,8043.71,8046.22,8014.27,8029.74,Yahoo Finance ^TWII
2013-04-30,8065.92,8115.59,8065.92,8093.66,Yahoo Finance ^TWII
2013-05-02,8111.43,8139.49,8095.70,8128.51,Yahoo Finance ^TWII
2013-05-03,8157.51,8175.33,8121.07,8135.03,Yahoo Finance ^TWII
2013-05-06,8188.48,8197.52,8153.96,8169.05,Yahoo Finance ^TWII
2013-05-07,8177.58,8181.80,8145.10,8163.06,Yahoo Finance ^TWII
2013-05-08,8177.94,8284.09,8177.94,8267.09,Yahoo Finance ^TWII
2013-05-09,8314.37,8322.69,8279.46,8285.89,Yahoo Finance ^TWII
2013-05-10,8284.38,8297.33,8258.62,8280.26,Yahoo Finance ^TWII
2013-05-13,8285.45,8296.54,8230.65,8248.32,Yahoo Finance ^TWII
2013-05-14,8272.20,8295.41,8233.98,8251.82,Yahoo Finance ^TWII
2013-05-15,8264.10,8320.32,8251.51,8318.59,Yahoo Finance ^TWII
2013-05-16,8362.49,8414.88,8346.45,8390.05,Yahoo Finance ^TWII
2013-05-17,8377.26,8402.34,8356.79,8368.19,Yahoo Finance ^TWII
2013-05-20,8364.95,8385.68,8347.33,8377.05,Yahoo Finance ^TWII
2013-05-21,8381.36,8420.68,8361.96,8383.05,Yahoo Finance ^TWII
2013-05-22,8414.06,8439.15,8376.21,8398.84,Yahoo Finance ^TWII
2013-05-23,8367.85,8373.09,8235.50,8237.83,Yahoo Finance ^TWII
2013-05-24,8273.21,8277.56,8172.54,8209.78,Yahoo Finance ^TWII
2013-05-27,8218.88,8280.10,8210.32,8280.10,Yahoo Finance ^TWII
2013-05-28,8289.15,8303.71,8261.54,8263.05,Yahoo Finance ^TWII
2013-05-29,8303.20,8344.21,8303.20,8337.90,Yahoo Finance ^TWII
2013-05-30,8316.97,8316.97,8228.80,8243.29,Yahoo Finance ^TWII
2013-05-31,8318.77,8334.44,8237.08,8254.80,Yahoo Finance ^TWII
2013-06-03,8177.97,8225.79,8149.45,8201.02,Yahoo Finance ^TWII
2013-06-04,8243.22,8250.17,8180.39,8191.22,Yahoo Finance ^TWII
2013-06-05,8195.52,8216.31,8161.10,8181.91,Yahoo Finance ^TWII
2013-06-06,8135.56,8162.25,8088.31,8096.14,Yahoo Finance ^TWII
2013-06-07,8113.95,8146.78,8071.98,8095.20,Yahoo Finance ^TWII
2013-06-10,8161.51,8190.87,8142.71,8160.55,Yahoo Finance ^TWII
2013-06-11,8178.95,8178.95,8116.15,8116.15,Yahoo Finance ^TWII
2013-06-13,8041.50,8057.33,7951.66,7951.66,Yahoo Finance ^TWII
2013-06-14,7978.75,7989.19,7912.37,7937.74,Yahoo Finance ^TWII
2013-06-17,7953.65,7999.43,7940.72,7992.89,Yahoo Finance ^TWII
2013-06-18,7994.81,8024.95,7955.74,8011.02,Yahoo Finance ^TWII
2013-06-19,8033.32,8056.19,8005.57,8007.39,Yahoo Finance ^TWII
2013-06-20,7952.36,7962.76,7890.93,7898.91,Yahoo Finance ^TWII
2013-06-21,7778.84,7815.79,7739.09,7793.31,Yahoo Finance ^TWII
2013-06-24,7788.45,7815.10,7744.49,7758.03,Yahoo Finance ^TWII
2013-06-25,7750.34,7792.27,7663.23,7663.23,Yahoo Finance ^TWII
2013-06-26,7789.34,7821.14,7742.20,7784.80,Yahoo Finance ^TWII
2013-06-27,7841.32,7884.13,7834.33,7883.90,Yahoo Finance ^TWII
2013-06-28,7928.54,8062.21,7891.06,8062.21,Yahoo Finance ^TWII
2013-07-01,8011.95,8063.47,7974.15,8036.00,Yahoo Finance ^TWII
2013-07-02,8061.84,8064.12,8012.79,8015.86,Yahoo Finance ^TWII
2013-07-03,7991.53,7995.30,7899.08,7911.42,Yahoo Finance ^TWII
2013-07-04,7919.26,7927.08,7877.06,7893.72,Yahoo Finance ^TWII
2013-07-05,7932.30,8018.93,7926.35,8001.82,Yahoo Finance ^TWII
2013-07-08,7980.11,7992.16,7885.00,7886.34,Yahoo Finance ^TWII
2013-07-09,7891.53,7975.64,7891.37,7971.18,Yahoo Finance ^TWII
2013-07-10,7974.99,8057.92,7974.99,8011.69,Yahoo Finance ^TWII
2013-07-11,8080.97,8179.54,8080.97,8179.54,Yahoo Finance ^TWII
2013-07-12,8187.86,8220.49,8169.92,8220.49,Yahoo Finance ^TWII
2013-07-15,8178.26,8254.68,8175.55,8254.68,Yahoo Finance ^TWII
2013-07-16,8243.62,8260.11,8222.17,8260.11,Yahoo Finance ^TWII
2013-07-17,8239.10,8260.25,8208.71,8258.95,Yahoo Finance ^TWII
2013-07-18,8238.28,8265.70,8181.99,8194.88,Yahoo Finance ^TWII
2013-07-19,8117.94,8139.81,8046.70,8062.03,Yahoo Finance ^TWII
2013-07-22,8092.03,8137.37,8092.03,8105.45,Yahoo Finance ^TWII
2013-07-23,8152.72,8220.89,8145.09,8214.65,Yahoo Finance ^TWII
2013-07-24,8222.85,8233.10,8172.23,8196.19,Yahoo Finance ^TWII
2013-07-25,8173.19,8203.49,8140.41,8163.58,Yahoo Finance ^TWII
2013-07-26,8188.36,8222.82,8135.73,8149.40,Yahoo Finance ^TWII
2013-07-29,8146.14,8163.89,8074.29,8084.50,Yahoo Finance ^TWII
2013-07-30,8113.17,8176.74,8112.91,8163.55,Yahoo Finance ^TWII
2013-07-31,8163.44,8170.57,8107.60,8107.94,Yahoo Finance ^TWII
2013-08-01,8110.73,8113.40,8056.22,8056.22,Yahoo Finance ^TWII
2013-08-02,8114.51,8162.91,8087.10,8099.88,Yahoo Finance ^TWII
2013-08-05,8104.20,8143.44,8075.99,8138.63,Yahoo Finance ^TWII
2013-08-06,8129.85,8129.85,8028.93,8038.91,Yahoo Finance ^TWII
2013-08-07,7993.57,7993.57,7921.29,7921.29,Yahoo Finance ^TWII
2013-08-08,7910.20,7932.35,7894.18,7907.67,Yahoo Finance ^TWII
2013-08-09,7955.00,7955.00,7853.97,7856.14,Yahoo Finance ^TWII
2013-08-12,7878.22,7908.68,7862.04,7903.38,Yahoo Finance ^TWII
2013-08-13,7935.79,7986.27,7935.79,7986.27,Yahoo Finance ^TWII
2013-08-14,7978.74,7981.56,7926.23,7951.33,Yahoo Finance ^TWII
2013-08-15,7903.01,7916.02,7850.27,7887.26,Yahoo Finance ^TWII
2013-08-16,7854.68,7949.43,7850.49,7925.00,Yahoo Finance ^TWII
2013-08-19,7937.45,7944.74,7888.87,7900.21,Yahoo Finance ^TWII
2013-08-20,7896.38,7924.52,7829.78,7832.65,Yahoo Finance ^TWII
2013-08-22,7779.44,7825.56,7737.33,7814.38,Yahoo Finance ^TWII
2013-08-23,7863.73,7895.13,7845.92,7873.31,Yahoo Finance ^TWII
2013-08-26,7906.52,7913.74,7874.05,7894.97,Yahoo Finance ^TWII
2013-08-27,7875.93,7895.23,7820.84,7820.84,Yahoo Finance ^TWII
2013-08-28,7776.87,7834.11,7761.76,7824.54,Yahoo Finance ^TWII
2013-08-29,7841.99,7931.05,7841.99,7917.66,Yahoo Finance ^TWII
2013-08-30,7949.99,8021.89,7936.82,8021.89,Yahoo Finance ^TWII
2013-09-02,8010.15,8052.71,7993.13,8038.86,Yahoo Finance ^TWII
2013-09-03,8095.66,8102.66,8067.62,8088.37,Yahoo Finance ^TWII
2013-09-04,8066.67,8094.12,8041.49,8083.44,Yahoo Finance ^TWII
2013-09-05,8109.24,8169.10,8107.22,8169.10,Yahoo Finance ^TWII
2013-09-06,8180.53,8182.56,8155.50,8164.20,Yahoo Finance ^TWII
2013-09-09,8176.47,8192.11,8117.87,8192.11,Yahoo Finance ^TWII
2013-09-10,8217.21,8238.91,8155.87,8208.77,Yahoo Finance ^TWII
2013-09-11,8174.54,8208.99,8137.07,8208.99,Yahoo Finance ^TWII
2013-09-12,8180.38,8226.61,8177.03,8225.36,Yahoo Finance ^TWII
2013-09-13,8210.15,8228.67,8162.14,8168.20,Yahoo Finance ^TWII
2013-09-14,,,,8142.48,011.idv.tw (close only)
2013-09-16,8189.61,8255.34,8189.61,8255.34,Yahoo Finance ^TWII
2013-09-17,8241.03,8249.78,8218.94,8249.78,Yahoo Finance ^TWII
2013-09-18,8248.18,8263.05,8209.18,8209.18,Yahoo Finance ^TWII
2013-09-23,8226.80,8293.03,8221.34,8292.83,Yahoo Finance ^TWII
2013-09-24,8295.50,8310.94,8265.55,8299.12,Yahoo Finance ^TWII
2013-09-25,8283.60,8285.28,8253.43,8283.90,Yahoo Finance ^TWII
2013-09-26,8290.10,8290.10,8184.68,8184.68,Yahoo Finance ^TWII
2013-09-27,8222.13,8244.86,8207.72,8230.68,Yahoo Finance ^TWII
2013-09-30,8174.86,8204.40,8137.11,8173.87,Yahoo Finance ^TWII
2013-10-01,8173.99,8222.38,8172.79,8187.02,Yahoo Finance ^TWII
2013-10-02,8215.96,8228.81,8204.34,8216.52,Yahoo Finance ^TWII
2013-10-03,8231.68,8376.79,8231.68,8359.02,Yahoo Finance ^TWII
2013-10-04,8345.82,8376.06,8336.61,8364.55,Yahoo Finance ^TWII
2013-10-07,8354.91,8361.50,8323.79,8333.66,Yahoo Finance ^TWII
2013-10-08,8340.33,8375.65,8311.59,8375.65,Yahoo Finance ^TWII
2013-10-09,8352.25,8378.37,8330.79,8344.73,Yahoo Finance ^TWII
2013-10-11,8407.45,8433.53,8349.37,8349.37,Yahoo Finance ^TWII
2013-10-14,8339.99,8343.65,8269.16,8273.96,Yahoo Finance ^TWII
2013-10-15,8320.48,8368.02,8320.48,8367.88,Yahoo Finance ^TWII
2013-10-16,8384.03,8384.03,8332.18,8332.18,Yahoo Finance ^TWII
2013-10-17,8390.88,8415.16,8364.89,8374.68,Yahoo Finance ^TWII
2013-10-18,8416.33,8441.19,8390.32,8441.19,Yahoo Finance ^TWII
2013-10-21,8456.68,8459.30,8400.06,8419.32,Yahoo Finance ^TWII
2013-10-22,8407.62,8425.31,8376.27,8418.27,Yahoo Finance ^TWII
2013-10-23,8419.80,8438.95,8380.15,8393.62,Yahoo Finance ^TWII
2013-10-24,8364.45,8413.72,8346.52,8413.72,Yahoo Finance ^TWII
2013-10-25,8380.31,8390.25,8322.15,8346.62,Yahoo Finance ^TWII
2013-10-28,8365.43,8414.81,8348.42,8407.83,Yahoo Finance ^TWII
2013-10-29,8394.85,8432.90,8380.21,8420.98,Yahoo Finance ^TWII
2013-10-30,8429.40,8465.06,8419.21,8465.06,Yahoo Finance ^TWII
2013-10-31,8437.76,8469.58,8424.47,8450.06,Yahoo Finance ^TWII
2013-11-01,8474.47,8476.63,8378.94,8388.18,Yahoo Finance ^TWII
2013-11-04,8371.83,8371.83,8333.63,8354.14,Yahoo Finance ^TWII
2013-11-05,8354.92,8372.80,8262.20,8262.20,Yahoo Finance ^TWII
2013-11-06,8275.07,8297.57,8232.50,8281.97,Yahoo Finance ^TWII
2013-11-07,8298.06,8298.06,8250.72,8283.71,Yahoo Finance ^TWII
2013-11-08,8235.30,8266.72,8216.33,8229.59,Yahoo Finance ^TWII
2013-11-11,8228.90,8242.41,8168.92,8182.56,Yahoo Finance ^TWII
2013-11-12,8233.62,8233.62,8160.17,8195.26,Yahoo Finance ^TWII
2013-11-13,8199.26,8199.26,8104.26,8104.26,Yahoo Finance ^TWII
2013-11-14,8137.82,8161.70,8100.73,8134.91,Yahoo Finance ^TWII
2013-11-15,8168.90,8210.10,8160.28,8177.12,Yahoo Finance ^TWII
2013-11-18,8201.85,8226.61,8186.47,8191.46,Yahoo Finance ^TWII
2013-11-19,8215.00,8260.82,8215.00,8260.21,Yahoo Finance ^TWII
2013-11-20,8250.31,8262.91,8204.46,8204.46,Yahoo Finance ^TWII
2013-11-21,8197.86,8203.45,8093.82,8099.45,Yahoo Finance ^TWII
2013-11-22,8107.98,8142.72,8107.98,8116.78,Yahoo Finance ^TWII
2013-11-25,8182.90,8217.62,8182.90,8187.51,Yahoo Finance ^TWII
2013-11-26,8200.70,8281.38,8187.28,8248.02,Yahoo Finance ^TWII
2013-11-27,8287.63,8312.32,8279.51,8295.88,Yahoo Finance ^TWII
2013-11-28,8320.65,8377.81,8320.65,8362.43,Yahoo Finance ^TWII
2013-11-29,8374.14,8414.79,8365.32,8406.83,Yahoo Finance ^TWII
2013-12-02,8429.24,8437.13,8391.82,8414.61,Yahoo Finance ^TWII
2013-12-03,8407.74,8418.23,8390.73,8392.55,Yahoo Finance ^TWII
2013-12-04,8379.44,8435.23,8375.79,8418.00,Yahoo Finance ^TWII
2013-12-05,8430.53,8437.60,8362.39,8375.54,Yahoo Finance ^TWII
2013-12-06,8372.61,8410.19,8361.99,8367.72,Yahoo Finance ^TWII
2013-12-09,8439.76,8477.87,8433.81,8444.62,Yahoo Finance ^TWII
2013-12-10,8451.81,8459.49,8421.59,8443.39,Yahoo Finance ^TWII
2013-12-11,8450.96,8501.77,8413.52,8433.77,Yahoo Finance ^TWII
2013-12-12,8405.62,8406.93,8361.33,8361.33,Yahoo Finance ^TWII
2013-12-13,8355.01,8391.82,8346.83,8376.94,Yahoo Finance ^TWII
2013-12-16,8368.83,8374.21,8313.87,8313.87,Yahoo Finance ^TWII
2013-12-17,8351.98,8384.26,8351.98,8352.93,Yahoo Finance ^TWII
2013-12-18,8361.75,8375.52,8333.31,8349.04,Yahoo Finance ^TWII
2013-12-19,8400.39,8426.08,8378.78,8407.40,Yahoo Finance ^TWII
2013-12-20,8400.21,8439.37,8392.38,8408.53,Yahoo Finance ^TWII
2013-12-23,8441.16,8477.47,8441.16,8456.46,Yahoo Finance ^TWII
2013-12-24,8473.02,8478.09,8450.49,8450.49,Yahoo Finance ^TWII
2013-12-25,8461.49,8484.05,8457.87,8467.76,Yahoo Finance ^TWII
2013-12-26,8467.73,8492.71,8465.85,8485.89,Yahoo Finance ^TWII
2013-12-27,8490.73,8543.50,8488.44,8535.04,Yahoo Finance ^TWII
2013-12-30,8552.13,8623.43,8552.13,8623.43,Yahoo Finance ^TWII
2013-12-31,8636.50,8647.24,8593.75,8611.51,Yahoo Finance ^TWII
2014-01-02,8618.60,8632.81,8587.54,8612.54,Yahoo Finance ^TWII
2014-01-03,8584.74,8584.74,8537.86,8546.54,Yahoo Finance ^TWII
2014-01-06,8553.00,8568.24,8488.64,8500.01,Yahoo Finance ^TWII
2014-01-07,8515.36,8547.19,8512.30,8512.30,Yahoo Finance ^TWII
2014-01-08,8548.61,8587.08,8548.61,8556.01,Yahoo Finance ^TWII
2014-01-09,8555.80,8569.11,8506.02,8514.68,Yahoo Finance ^TWII
2014-01-10,8559.18,8559.18,8521.50,8529.35,Yahoo Finance ^TWII
2014-01-13,8587.49,8607.23,8558.96,8566.20,Yahoo Finance ^TWII
2014-01-14,8545.46,8568.31,8523.46,8548.14,Yahoo Finance ^TWII
2014-01-15,8567.81,8619.56,8567.81,8602.55,Yahoo Finance ^TWII
2014-01-16,8653.54,8668.95,8610.24,8612.11,Yahoo Finance ^TWII
2014-01-17,8628.49,8628.86,8580.49,8596.00,Yahoo Finance ^TWII
2014-01-20,8595.59,8636.21,8584.50,8621.56,Yahoo Finance ^TWII
2014-01-21,8639.71,8650.14,8599.90,8599.90,Yahoo Finance ^TWII
2014-01-22,8598.98,8633.57,8596.99,8625.30,Yahoo Finance ^TWII
2014-01-23,8644.56,8647.87,8595.10,8595.10,Yahoo Finance ^TWII
2014-01-24,8581.49,8608.64,8577.14,8598.31,Yahoo Finance ^TWII
2014-01-27,8519.48,8519.48,8442.19,8462.57,Yahoo Finance ^TWII
2014-02-05,8290.17,8313.83,8230.46,8264.48,Yahoo Finance ^TWII
2014-02-06,8286.16,8333.56,8284.77,8311.01,Yahoo Finance ^TWII
2014-02-07,8383.99,8409.03,8356.93,8387.35,Yahoo Finance ^TWII
2014-02-10,8416.42,8447.02,8391.95,8391.95,Yahoo Finance ^TWII
2014-02-11,8413.86,8439.33,8401.54,8430.56,Yahoo Finance ^TWII
2014-02-12,8471.51,8510.87,8471.51,8510.87,Yahoo Finance ^TWII
2014-02-13,8506.22,8511.02,8467.70,8467.70,Yahoo Finance ^TWII
2014-02-14,8524.54,8566.99,8508.24,8513.68,Yahoo Finance ^TWII
2014-02-17,8537.83,8558.50,8512.60,8519.55,Yahoo Finance ^TWII
2014-02-18,8530.81,8556.23,8506.06,8556.23,Yahoo Finance ^TWII
2014-02-19,8565.06,8577.01,8543.15,8577.01,Yahoo Finance ^TWII
2014-02-20,8555.27,8567.50,8513.08,8524.62,Yahoo Finance ^TWII
2014-02-21,8571.29,8612.08,8571.29,8601.86,Yahoo Finance ^TWII
2014-02-24,8603.61,8612.21,8541.65,8560.61,Yahoo Finance ^TWII
2014-02-25,8581.14,8598.73,8564.51,8575.62,Yahoo Finance ^TWII
2014-02-26,8569.04,8626.68,8563.87,8600.86,Yahoo Finance ^TWII
2014-02-27,8626.51,8647.90,8615.41,8639.58,Yahoo Finance ^TWII
2014-03-03,8627.15,8628.05,8545.24,8601.98,Yahoo Finance ^TWII
2014-03-04,8583.58,8595.59,8554.54,8554.54,Yahoo Finance ^TWII
2014-03-05,8622.19,8652.22,8622.19,8632.93,Yahoo Finance ^TWII
2014-03-06,8660.29,8719.17,8660.29,8713.79,Yahoo Finance ^TWII
2014-03-07,8754.74,8787.62,8698.60,8713.96,Yahoo Finance ^TWII
2014-03-10,8706.43,8712.88,8651.54,8665.24,Yahoo Finance ^TWII
2014-03-11,8694.96,8716.31,8684.63,8702.33,Yahoo Finance ^TWII
2014-03-12,8671.40,8684.73,8651.99,8684.73,Yahoo Finance ^TWII
2014-03-13,8737.81,8768.66,8732.15,8747.79,Yahoo Finance ^TWII
2014-03-14,8697.73,8709.56,8677.81,8687.63,Yahoo Finance ^TWII
2014-03-17,8697.26,8708.40,8662.49,8700.10,Yahoo Finance ^TWII
2014-03-18,8747.38,8759.55,8713.51,8731.94,Yahoo Finance ^TWII
2014-03-19,8745.02,8749.80,8682.75,8689.46,Yahoo Finance ^TWII
2014-03-20,8638.59,8638.59,8580.40,8597.33,Yahoo Finance ^TWII
2014-03-21,8642.82,8642.82,8562.57,8577.17,Yahoo Finance ^TWII
2014-03-24,8540.27,8605.38,8508.01,8605.38,Yahoo Finance ^TWII
2014-03-25,8589.19,8689.30,8589.19,8689.30,Yahoo Finance ^TWII
2014-03-26,8741.03,8746.71,8717.79,8737.27,Yahoo Finance ^TWII
2014-03-27,8737.56,8780.42,8723.82,8779.57,Yahoo Finance ^TWII
2014-03-28,8779.91,8812.41,8751.07,8774.64,Yahoo Finance ^TWII
2014-03-31,8802.93,8849.28,8769.97,8849.28,Yahoo Finance ^TWII
2014-04-01,8847.34,8873.15,8826.16,8873.15,Yahoo Finance ^TWII
2014-04-02,8906.52,8922.79,8883.14,8905.45,Yahoo Finance ^TWII
2014-04-03,8902.94,8913.74,8871.16,8888.54,Yahoo Finance ^TWII
2014-04-07,8844.91,8876.44,8828.59,8876.44,Yahoo Finance ^TWII
2014-04-08,8878.88,8899.12,8860.70,8888.25,Yahoo Finance ^TWII
2014-04-09,8912.39,8936.57,8912.39,8930.57,Yahoo Finance ^TWII
2014-04-10,8964.34,8978.52,8898.30,8948.10,Yahoo Finance ^TWII
2014-04-11,8900.13,8909.97,8848.24,8908.05,Yahoo Finance ^TWII
2014-04-14,8897.23,8899.51,8852.66,8857.42,Yahoo Finance ^TWII
2014-04-15,8898.65,8918.94,8889.44,8916.71,Yahoo Finance ^TWII
2014-04-16,8921.07,8968.56,8894.29,8923.82,Yahoo Finance ^TWII
2014-04-17,8942.23,8962.66,8921.56,8944.16,Yahoo Finance ^TWII
2014-04-18,8994.77,9002.70,8945.56,8966.66,Yahoo Finance ^TWII
2014-04-21,8961.52,8965.58,8938.47,8951.19,Yahoo Finance ^TWII
2014-04-22,8956.22,8989.06,8955.19,8974.71,Yahoo Finance ^TWII
2014-04-23,9009.59,9022.28,8947.86,8956.92,Yahoo Finance ^TWII
2014-04-24,8968.82,8971.94,8926.55,8945.45,Yahoo Finance ^TWII
2014-04-25,8945.81,8951.06,8749.51,8774.12,Yahoo Finance ^TWII
2014-04-28,8680.14,8825.93,8671.65,8809.71,Yahoo Finance ^TWII
2014-04-29,8845.60,8884.48,8833.37,8872.11,Yahoo Finance ^TWII
2014-04-30,8885.70,8890.09,8791.44,8791.44,Yahoo Finance ^TWII
2014-05-02,8846.86,8875.90,8839.92,8867.32,Yahoo Finance ^TWII
2014-05-05,8895.87,8911.08,8844.45,8870.43,Yahoo Finance ^TWII
2014-05-06,8888.45,8927.39,8853.72,8912.39,Yahoo Finance ^TWII
2014-05-07,8903.72,8911.03,8856.98,8893.22,Yahoo Finance ^TWII
2014-05-08,8925.21,8941.46,8891.74,8930.90,Yahoo Finance ^TWII
2014-05-09,8943.14,8945.63,8878.32,8889.69,Yahoo Finance ^TWII
2014-05-12,8893.72,8898.31,8803.43,8808.61,Yahoo Finance ^TWII
2014-05-13,8865.61,8886.66,8809.06,8817.94,Yahoo Finance ^TWII
2014-05-14,8842.05,8875.16,8812.19,8875.16,Yahoo Finance ^TWII
2014-05-15,8852.92,8880.65,8839.44,8880.65,Yahoo Finance ^TWII
2014-05-16,8857.12,8896.72,8816.92,8888.45,Yahoo Finance ^TWII
2014-05-19,8901.54,8912.35,8877.46,8899.90,Yahoo Finance ^TWII
2014-05-20,8922.08,8930.79,8887.79,8887.79,Yahoo Finance ^TWII
2014-05-21,8894.16,8905.04,8848.53,8862.42,Yahoo Finance ^TWII
2014-05-22,8899.82,8969.63,8899.82,8969.63,Yahoo Finance ^TWII
2014-05-23,8960.79,9008.22,8960.79,9008.22,Yahoo Finance ^TWII
2014-05-26,9040.49,9053.75,9026.77,9036.12,Yahoo Finance ^TWII
2014-05-27,9045.08,9059.19,9035.69,9055.29,Yahoo Finance ^TWII
2014-05-28,9072.04,9125.14,9069.89,9121.71,Yahoo Finance ^TWII
2014-05-29,9123.46,9131.66,9093.57,9109.00,Yahoo Finance ^TWII
2014-05-30,9130.66,9139.57,9075.91,9075.91,Yahoo Finance ^TWII
2014-06-03,9106.61,9128.34,9070.45,9123.46,Yahoo Finance ^TWII
2014-06-04,9135.01,9140.55,9114.18,9119.96,Yahoo Finance ^TWII
2014-06-05,9127.56,9140.72,9094.13,9140.72,Yahoo Finance ^TWII
2014-06-06,9167.83,9174.77,9122.56,9134.46,Yahoo Finance ^TWII
2014-06-09,9153.93,9166.58,9138.93,9162.74,Yahoo Finance ^TWII
2014-06-10,9181.90,9222.37,9171.75,9222.37,Yahoo Finance ^TWII
2014-06-11,9218.50,9229.80,9204.76,9229.80,Yahoo Finance ^TWII
2014-06-12,9209.99,9220.89,9186.79,9204.65,Yahoo Finance ^TWII
2014-06-13,9192.73,9207.74,9171.51,9196.39,Yahoo Finance ^TWII
2014-06-16,9196.23,9214.19,9179.56,9202.93,Yahoo Finance ^TWII
2014-06-17,9223.02,9249.87,9200.86,9240.60,Yahoo Finance ^TWII
2014-06-18,9257.65,9316.64,9204.35,9279.93,Yahoo Finance ^TWII
2014-06-19,9288.69,9324.40,9283.38,9316.81,Yahoo Finance ^TWII
2014-06-20,9330.35,9339.83,9273.79,9273.79,Yahoo Finance ^TWII
2014-06-23,9293.06,9302.65,9225.73,9228.35,Yahoo Finance ^TWII
2014-06-24,9232.35,9276.24,9232.35,9246.20,Yahoo Finance ^TWII
2014-06-25,9250.13,9255.87,9229.80,9242.16,Yahoo Finance ^TWII
2014-06-26,9273.36,9320.94,9271.35,9320.94,Yahoo Finance ^TWII
2014-06-27,9316.89,9330.95,9303.57,9306.83,Yahoo Finance ^TWII
2014-06-30,9332.44,9393.07,9327.89,9393.07,Yahoo Finance ^TWII
2014-07-01,9393.07,9463.06,9374.28,9441.92,Yahoo Finance ^TWII
2014-07-02,9482.00,9547.05,9421.87,9484.96,Yahoo Finance ^TWII
2014-07-03,9468.78,9538.65,9449.78,9526.23,Yahoo Finance ^TWII
2014-07-04,9525.93,9550.11,9482.94,9510.05,Yahoo Finance ^TWII
2014-07-07,9497.27,9520.20,9454.67,9520.20,Yahoo Finance ^TWII
2014-07-08,9515.18,9540.57,9499.17,9530.98,Yahoo Finance ^TWII
2014-07-09,9510.00,9522.99,9478.76,9489.98,Yahoo Finance ^TWII
2014-07-10,9512.89,9568.75,9512.89,9565.12,Yahoo Finance ^TWII
2014-07-11,9561.71,9591.27,9478.07,9495.84,Yahoo Finance ^TWII
2014-07-14,9497.81,9545.99,9488.12,9520.30,Yahoo Finance ^TWII
2014-07-15,9558.42,9593.68,9547.94,9569.17,Yahoo Finance ^TWII
2014-07-16,9570.33,9574.13,9471.65,9484.73,Yahoo Finance ^TWII
2014-07-17,9420.11,9461.86,9373.87,9408.24,Yahoo Finance ^TWII
2014-07-18,9335.38,9421.34,9335.38,9400.97,Yahoo Finance ^TWII
2014-07-21,9453.78,9480.14,9426.30,9440.97,Yahoo Finance ^TWII
2014-07-22,9453.23,9499.36,9418.74,9499.36,Yahoo Finance ^TWII
2014-07-23,9453.23,9499.36,9418.74,9499.36,Yahoo Finance ^TWII
2014-07-24,9508.26,9538.07,9483.52,9527.54,Yahoo Finance ^TWII
2014-07-25,9519.99,9528.70,9412.48,9439.29,Yahoo Finance ^TWII
2014-07-28,9415.90,9460.43,9385.56,9420.18,Yahoo Finance ^TWII
2014-07-29,9457.80,9483.75,9357.32,9391.88,Yahoo Finance ^TWII
2014-07-30,9409.62,9456.03,9398.82,9447.02,Yahoo Finance ^TWII
2014-07-31,9436.04,9438.97,9313.87,9315.85,Yahoo Finance ^TWII
2014-08-01,9223.75,9274.64,9201.83,9266.51,Yahoo Finance ^TWII
2014-08-04,9280.29,9330.19,9258.18,9330.19,Yahoo Finance ^TWII
2014-08-05,9316.82,9316.82,9141.44,9141.44,Yahoo Finance ^TWII
2014-08-06,9148.36,9163.81,9070.09,9143.97,Yahoo Finance ^TWII
2014-08-07,9162.65,9172.88,9108.85,9131.44,Yahoo Finance ^TWII
2014-08-08,9120.20,9120.20,9014.89,9085.96,Yahoo Finance ^TWII
2014-08-11,9109.83,9184.96,9107.21,9172.91,Yahoo Finance ^TWII
2014-08-12,9188.85,9198.10,9146.98,9163.12,Yahoo Finance ^TWII
2014-08-13,9155.02,9231.66,9147.14,9231.31,Yahoo Finance ^TWII
2014-08-14,9276.41,9282.01,9218.55,9230.61,Yahoo Finance ^TWII
2014-08-15,9243.67,9243.67,9172.91,9206.81,Yahoo Finance ^TWII
2014-08-18,9222.73,9222.73,9128.66,9141.31,Yahoo Finance ^TWII
2014-08-19,9188.63,9255.09,9188.63,9243.78,Yahoo Finance ^TWII
2014-08-20,9278.15,9294.49,9249.31,9288.05,Yahoo Finance ^TWII
2014-08-21,9286.82,9289.02,9217.97,9253.38,Yahoo Finance ^TWII
2014-08-22,9273.07,9380.60,9271.87,9380.10,Yahoo Finance ^TWII
2014-08-25,9393.24,9409.35,9369.24,9390.62,Yahoo Finance ^TWII
2014-08-26,9394.28,9418.77,9386.49,9393.96,Yahoo Finance ^TWII
2014-08-27,9426.29,9491.75,9426.29,9485.59,Yahoo Finance ^TWII
2014-08-28,9499.22,9502.42,9453.49,9478.37,Yahoo Finance ^TWII
2014-08-29,9459.81,9470.15,9425.35,9436.27,Yahoo Finance ^TWII
2014-09-01,9474.41,9532.66,9472.96,9513.06,Yahoo Finance ^TWII
2014-09-02,9503.65,9503.65,9388.13,9399.72,Yahoo Finance ^TWII
2014-09-03,9434.88,9455.78,9396.79,9450.35,Yahoo Finance ^TWII
2014-09-04,9439.76,9439.76,9389.29,9428.89,Yahoo Finance ^TWII
2014-09-05,9446.45,9451.39,9365.70,9407.94,Yahoo Finance ^TWII
2014-09-09,9452.14,9465.93,9426.99,9434.77,Yahoo Finance ^TWII
2014-09-10,9410.62,9410.62,9309.05,9357.61,Yahoo Finance ^TWII
2014-09-11,9376.38,9381.05,9322.95,9322.95,Yahoo Finance ^TWII
2014-09-12,9324.74,9333.28,9223.18,9223.18,Yahoo Finance ^TWII
2014-09-15,9206.41,9242.23,9175.61,9217.46,Yahoo Finance ^TWII
2014-09-16,9218.85,9219.42,9133.40,9133.40,Yahoo Finance ^TWII
2014-09-17,9171.04,9252.38,9159.85,9195.17,Yahoo Finance ^TWII
2014-09-18,9211.80,9237.88,9201.91,9237.03,Yahoo Finance ^TWII
2014-09-19,9268.44,9289.22,9235.44,9240.45,Yahoo Finance ^TWII
2014-09-22,9220.54,9220.54,9106.27,9134.65,Yahoo Finance ^TWII
2014-09-23,9134.29,9147.21,9084.90,9084.90,Yahoo Finance ^TWII
2014-09-24,9071.80,9123.11,9071.80,9098.49,Yahoo Finance ^TWII
2014-09-25,9126.76,9149.41,8982.51,9011.59,Yahoo Finance ^TWII
2014-09-26,8957.56,9001.98,8913.51,8989.82,Yahoo Finance ^TWII
2014-09-29,9018.46,9018.46,8948.09,8960.76,Yahoo Finance ^TWII
2014-09-30,8954.58,8998.83,8860.17,8966.92,Yahoo Finance ^TWII
2014-10-01,8958.87,9014.26,8918.96,8990.26,Yahoo Finance ^TWII
2014-10-02,8959.37,9010.27,8913.01,8975.19,Yahoo Finance ^TWII
2014-10-03,9010.30,9113.80,8998.27,9106.28,Yahoo Finance ^TWII
2014-10-06,9118.28,9122.54,9065.34,9095.14,Yahoo Finance ^TWII
2014-10-07,9065.67,9074.80,8993.45,9040.81,Yahoo Finance ^TWII
2014-10-08,8989.99,9038.61,8955.18,8955.18,Yahoo Finance ^TWII
2014-10-09,9021.31,9054.67,8946.16,8966.44,Yahoo Finance ^TWII
2014-10-13,8767.42,8795.77,8711.39,8711.39,Yahoo Finance ^TWII
2014-10-14,8691.83,8768.39,8684.19,8768.39,Yahoo Finance ^TWII
2014-10-15,8769.39,8776.91,8635.41,8655.51,Yahoo Finance ^TWII
2014-10-16,8602.65,8676.46,8501.29,8633.69,Yahoo Finance ^TWII
2014-10-17,8688.71,8699.77,8512.88,8512.88,Yahoo Finance ^TWII
2014-10-20,8617.08,8679.85,8611.17,8663.14,Yahoo Finance ^TWII
2014-10-21,8676.32,8676.32,8636.67,8654.64,Yahoo Finance ^TWII
2014-10-22,8744.91,8775.35,8729.77,8748.83,Yahoo Finance ^TWII
2014-10-23,8735.38,8751.67,8714.88,8731.07,Yahoo Finance ^TWII
2014-10-24,8740.28,8750.42,8629.24,8646.01,Yahoo Finance ^TWII
2014-10-27,8671.51,8689.67,8607.23,8627.78,Yahoo Finance ^TWII
2014-10-28,8692.52,8788.28,8692.52,8773.55,Yahoo Finance ^TWII
2014-10-29,8821.85,8903.68,8821.85,8903.68,Yahoo Finance ^TWII
2014-10-30,8890.19,8892.99,8842.80,8888.07,Yahoo Finance ^TWII
2014-10-31,8909.34,8974.76,8885.21,8974.76,Yahoo Finance ^TWII
2014-11-03,9009.38,9029.71,8965.50,9004.86,Yahoo Finance ^TWII
2014-11-04,9030.96,9046.22,8980.96,8989.18,Yahoo Finance ^TWII
2014-11-05,8997.76,9013.06,8941.18,8962.60,Yahoo Finance ^TWII
2014-11-06,8968.79,8979.97,8887.36,8891.02,Yahoo Finance ^TWII
2014-11-07,8881.19,8925.62,8867.78,8912.62,Yahoo Finance ^TWII
2014-11-10,8937.59,9062.89,8937.59,9049.98,Yahoo Finance ^TWII
2014-11-11,9067.54,9069.44,9021.54,9034.14,Yahoo Finance ^TWII
2014-11-12,9030.13,9030.13,8894.11,8918.95,Yahoo Finance ^TWII
2014-11-13,8947.97,8980.67,8927.09,8980.67,Yahoo Finance ^TWII
2014-11-14,8992.40,8996.38,8950.23,8982.88,Yahoo Finance ^TWII
2014-11-17,9003.37,9024.00,8878.38,8884.39,Yahoo Finance ^TWII
2014-11-18,8916.08,8944.26,8828.15,8859.07,Yahoo Finance ^TWII
2014-11-19,8896.16,8988.64,8879.29,8963.24,Yahoo Finance ^TWII
2014-11-20,8984.93,9078.87,8984.93,9078.87,Yahoo Finance ^TWII
2014-11-21,9104.34,9111.18,9071.86,9091.53,Yahoo Finance ^TWII
2014-11-24,9144.42,9165.71,9104.54,9122.33,Yahoo Finance ^TWII
2014-11-25,9125.27,9153.55,9098.32,9116.24,Yahoo Finance ^TWII
2014-11-26,9125.08,9146.04,9112.19,9122.39,Yahoo Finance ^TWII
2014-11-27,9153.49,9217.73,9153.49,9165.31,Yahoo Finance ^TWII
2014-11-28,9163.19,9201.80,9158.28,9187.15,Yahoo Finance ^TWII
2014-12-01,9038.41,9164.54,8998.55,9117.71,Yahoo Finance ^TWII
2014-12-02,9098.36,9104.84,9009.69,9034.79,Yahoo Finance ^TWII
2014-12-03,9073.47,9188.32,9045.20,9175.26,Yahoo Finance ^TWII
2014-12-04,9212.85,9251.85,9195.15,9225.11,Yahoo Finance ^TWII
2014-12-05,9220.25,9240.51,9192.29,9206.57,Yahoo Finance ^TWII
2014-12-08,9231.24,9241.63,9174.51,9187.29,Yahoo Finance ^TWII
2014-12-09,9163.43,9177.14,9127.12,9128.90,Yahoo Finance ^TWII
2014-12-10,9115.33,9140.49,9015.52,9032.16,Yahoo Finance ^TWII
2014-12-11,9003.84,9046.40,8971.53,9013.07,Yahoo Finance ^TWII
2014-12-12,9041.54,9084.27,9022.56,9027.33,Yahoo Finance ^TWII
2014-12-15,8987.95,8997.08,8943.04,8985.63,Yahoo Finance ^TWII
2014-12-16,8967.82,9031.07,8950.91,8950.91,Yahoo Finance ^TWII
2014-12-17,8961.64,8972.12,8826.03,8828.36,Yahoo Finance ^TWII
2014-12-18,8912.78,8946.42,8876.88,8878.63,Yahoo Finance ^TWII
2014-12-19,8981.85,9035.77,8953.17,8999.52,Yahoo Finance ^TWII
2014-12-22,9032.42,9099.85,9024.01,9095.00,Yahoo Finance ^TWII
2014-12-23,9123.78,9138.15,9093.43,9097.71,Yahoo Finance ^TWII
2014-12-24,9096.48,9186.18,9096.48,9186.18,Yahoo Finance ^TWII
2014-12-25,9186.83,9198.04,9153.77,9158.70,Yahoo Finance ^TWII
2014-12-26,9171.91,9214.07,9158.39,9214.07,Yahoo Finance ^TWII
2014-12-27,,,,9218.50,011.idv.tw (close only)
2014-12-29,9216.43,9313.33,9216.43,9286.28,Yahoo Finance ^TWII
2014-12-30,9299.10,9338.06,9262.70,9268.43,Yahoo Finance ^TWII
2014-12-31,9260.46,9307.26,9252.31,9307.26,Yahoo Finance ^TWII
2015-01-05,9292.31,9292.31,9182.02,9274.11,Yahoo Finance ^TWII
2015-01-06,9209.93,9209.93,9043.44,9048.34,Yahoo Finance ^TWII
2015-01-07,9051.94,9108.66,9050.54,9080.09,Yahoo Finance ^TWII
2015-01-08,9154.03,9246.62,9154.03,9238.03,Yahoo Finance ^TWII
2015-01-09,9247.40,9284.57,9215.58,9215.58,Yahoo Finance ^TWII
2015-01-12,9198.02,9229.65,9178.30,9178.30,Yahoo Finance ^TWII
2015-01-13,9162.77,9253.82,9161.71,9231.80,Yahoo Finance ^TWII
2015-01-14,9235.90,9242.20,9161.71,9180.23,Yahoo Finance ^TWII
2015-01-15,9197.32,9219.43,9149.10,9165.09,Yahoo Finance ^TWII
2015-01-16,9245.77,9256.86,9109.46,9138.29,Yahoo Finance ^TWII
2015-01-19,9183.76,9247.09,9151.82,9174.06,Yahoo Finance ^TWII
2015-01-20,9188.76,9259.31,9177.48,9251.69,Yahoo Finance ^TWII
2015-01-21,9283.79,9319.71,9275.68,9319.71,Yahoo Finance ^TWII
2015-01-22,9336.81,9386.56,9336.81,9369.51,Yahoo Finance ^TWII
2015-01-23,9422.00,9471.80,9422.00,9470.94,Yahoo Finance ^TWII
2015-01-26,9474.56,9478.53,9436.47,9477.67,Yahoo Finance ^TWII
2015-01-27,9505.56,9523.73,9471.19,9521.59,Yahoo Finance ^TWII
2015-01-28,9503.20,9515.29,9471.31,9510.92,Yahoo Finance ^TWII
2015-01-29,9479.36,9482.13,9403.75,9426.90,Yahoo Finance ^TWII
2015-01-30,9452.85,9466.65,9361.91,9361.91,Yahoo Finance ^TWII
2015-02-02,9368.83,9410.43,9352.19,9386.99,Yahoo Finance ^TWII
2015-02-03,9394.47,9460.17,9394.47,9448.73,Yahoo Finance ^TWII
2015-02-04,9477.52,9533.88,9477.52,9513.92,Yahoo Finance ^TWII
2015-02-05,9511.06,9517.42,9472.42,9512.05,Yahoo Finance ^TWII
2015-02-06,9521.88,9521.88,9448.65,9456.18,Yahoo Finance ^TWII
2015-02-09,9465.12,9465.12,9413.18,9421.50,Yahoo Finance ^TWII
2015-02-10,9405.59,9435.07,9390.13,9393.70,Yahoo Finance ^TWII
2015-02-11,9430.17,9488.72,9430.17,9462.22,Yahoo Finance ^TWII
2015-02-12,9496.39,9500.35,9447.19,9496.31,Yahoo Finance ^TWII
2015-02-13,9500.04,9542.09,9499.97,9529.51,Yahoo Finance ^TWII
2015-02-24,9582.39,9638.48,9582.39,9629.37,Yahoo Finance ^TWII
2015-02-25,9655.72,9699.54,9653.77,9699.54,Yahoo Finance ^TWII
2015-02-26,9687.48,9688.07,9610.59,9622.10,Yahoo Finance ^TWII
2015-03-02,9665.11,9690.43,9588.36,9601.36,Yahoo Finance ^TWII
2015-03-03,9628.06,9642.95,9571.64,9605.77,Yahoo Finance ^TWII
2015-03-04,9596.24,9635.18,9580.78,9621.73,Yahoo Finance ^TWII
2015-03-05,9627.04,9631.04,9564.44,9595.09,Yahoo Finance ^TWII
2015-03-06,9587.59,9645.77,9574.55,9645.77,Yahoo Finance ^TWII
2015-03-09,9617.04,9617.04,9549.76,9562.98,Yahoo Finance ^TWII
2015-03-10,9566.25,9583.78,9520.33,9536.53,Yahoo Finance ^TWII
2015-03-11,9503.28,9561.81,9472.54,9523.18,Yahoo Finance ^TWII
2015-03-12,9537.23,9608.02,9530.74,9596.00,Yahoo Finance ^TWII
2015-03-13,9608.44,9633.51,9579.35,9579.35,Yahoo Finance ^TWII
2015-03-16,9583.45,9590.76,9512.91,9512.91,Yahoo Finance ^TWII
2015-03-17,9555.10,9629.80,9539.44,9539.44,Yahoo Finance ^TWII
2015-03-18,9563.74,9653.43,9561.50,9653.43,Yahoo Finance ^TWII
2015-03-19,9668.01,9745.59,9668.01,9736.73,Yahoo Finance ^TWII
2015-03-20,9706.35,9749.69,9705.32,9749.69,Yahoo Finance ^TWII
2015-03-23,9759.88,9775.63,9729.81,9758.09,Yahoo Finance ^TWII
2015-03-24,9759.96,9768.71,9701.33,9731.66,Yahoo Finance ^TWII
2015-03-25,9739.25,9743.58,9653.47,9667.83,Yahoo Finance ^TWII
2015-03-26,9579.63,9619.12,9540.03,9619.12,Yahoo Finance ^TWII
2015-03-27,9593.07,9608.44,9503.72,9503.72,Yahoo Finance ^TWII
2015-03-30,9533.38,9556.25,9503.53,9521.87,Yahoo Finance ^TWII
2015-03-31,9568.38,9594.75,9527.87,9586.44,Yahoo Finance ^TWII
2015-04-01,9575.11,9575.11,9503.53,9507.66,Yahoo Finance ^TWII
2015-04-02,9535.98,9628.95,9535.98,9600.32,Yahoo Finance ^TWII
2015-04-07,9619.97,9653.97,9613.33,9641.90,Yahoo Finance ^TWII
2015-04-08,9646.07,9654.67,9562.00,9571.97,Yahoo Finance ^TWII
2015-04-09,9597.21,9663.05,9559.71,9568.04,Yahoo Finance ^TWII
2015-04-10,9626.88,9648.34,9582.84,9617.70,Yahoo Finance ^TWII
2015-04-13,9622.64,9666.52,9622.59,9666.52,Yahoo Finance ^TWII
2015-04-14,9646.28,9664.10,9631.19,9642.22,Yahoo Finance ^TWII
2015-04-15,9629.70,9654.15,9508.14,9540.06,Yahoo Finance ^TWII
2015-04-16,9578.71,9656.87,9578.71,9656.87,Yahoo Finance ^TWII
2015-04-17,9608.60,9615.52,9570.93,9570.93,Yahoo Finance ^TWII
2015-04-20,9541.83,9572.65,9508.57,9552.85,Yahoo Finance ^TWII
2015-04-21,9554.80,9598.86,9512.64,9533.98,Yahoo Finance ^TWII
2015-04-22,9549.61,9630.79,9549.61,9613.00,Yahoo Finance ^TWII
2015-04-23,9655.30,9814.88,9655.30,9797.49,Yahoo Finance ^TWII
2015-04-24,9839.71,9961.31,9839.71,9913.28,Yahoo Finance ^TWII
2015-04-27,9941.18,10002.58,9937.04,9973.12,Yahoo Finance ^TWII
2015-04-28,9998.08,10014.28,9918.01,9956.83,Yahoo Finance ^TWII
2015-04-29,9934.82,9978.87,9842.50,9853.83,Yahoo Finance ^TWII
2015-04-30,9841.15,9894.90,9820.05,9820.05,Yahoo Finance ^TWII
2015-05-04,9853.51,9871.65,9800.48,9845.04,Yahoo Finance ^TWII
2015-05-05,9849.13,9855.64,9788.13,9820.13,Yahoo Finance ^TWII
2015-05-06,9780.39,9829.43,9735.94,9818.20,Yahoo Finance ^TWII
2015-05-07,9789.82,9789.82,9704.11,9704.11,Yahoo Finance ^TWII
2015-05-08,9724.29,9760.51,9692.00,9692.00,Yahoo Finance ^TWII
2015-05-11,9763.94,9797.19,9635.88,9663.72,Yahoo Finance ^TWII
2015-05-12,9637.71,9702.67,9637.21,9680.73,Yahoo Finance ^TWII
2015-05-13,9697.17,9743.33,9687.66,9724.11,Yahoo Finance ^TWII
2015-05-14,9730.33,9734.55,9600.24,9610.83,Yahoo Finance ^TWII
2015-05-15,9638.06,9644.83,9552.86,9579.48,Yahoo Finance ^TWII
2015-05-18,9603.75,9612.44,9550.76,9606.10,Yahoo Finance ^TWII
2015-05-19,9623.95,9722.80,9623.95,9716.77,Yahoo Finance ^TWII
2015-05-20,9726.02,9736.09,9662.86,9685.31,Yahoo Finance ^TWII
2015-05-21,9647.53,9647.53,9536.16,9578.56,Yahoo Finance ^TWII
2015-05-22,9606.51,9674.77,9606.51,9638.80,Yahoo Finance ^TWII
2015-05-25,9654.28,9654.28,9589.32,9645.17,Yahoo Finance ^TWII
2015-05-26,9688.31,9724.36,9649.62,9669.41,Yahoo Finance ^TWII
2015-05-27,9666.89,9710.29,9648.71,9693.54,Yahoo Finance ^TWII
2015-05-28,9741.57,9766.21,9704.93,9712.84,Yahoo Finance ^TWII
2015-05-29,9727.59,9747.27,9693.00,9701.07,Yahoo Finance ^TWII
2015-06-01,9688.13,9692.34,9589.09,9625.69,Yahoo Finance ^TWII
2015-06-02,9619.88,9657.02,9584.56,9614.26,Yahoo Finance ^TWII
2015-06-03,9617.75,9645.48,9550.44,9556.52,Yahoo Finance ^TWII
2015-06-04,9537.09,9558.77,9325.01,9348.63,Yahoo Finance ^TWII
2015-06-05,9328.02,9371.41,9272.94,9340.13,Yahoo Finance ^TWII
2015-06-08,9324.22,9419.22,9258.98,9368.43,Yahoo Finance ^TWII
2015-06-09,9346.11,9363.52,9191.87,9191.87,Yahoo Finance ^TWII
2015-06-10,9246.66,9334.50,9246.66,9298.50,Yahoo Finance ^TWII
2015-06-11,9330.99,9358.48,9251.18,9302.49,Yahoo Finance ^TWII
2015-06-12,9304.75,9339.33,9263.41,9301.93,Yahoo Finance ^TWII
2015-06-15,9304.66,9324.94,9252.34,9259.48,Yahoo Finance ^TWII
2015-06-16,9272.70,9272.70,9177.95,9212.78,Yahoo Finance ^TWII
2015-06-17,9232.81,9242.22,9170.09,9189.83,Yahoo Finance ^TWII
2015-06-18,9189.44,9243.84,9187.87,9218.37,Yahoo Finance ^TWII
2015-06-22,9247.76,9371.48,9247.76,9341.77,Yahoo Finance ^TWII
2015-06-23,9375.78,9438.39,9375.78,9391.14,Yahoo Finance ^TWII
2015-06-24,9390.27,9409.44,9364.38,9397.31,Yahoo Finance ^TWII
2015-06-25,9415.78,9500.57,9415.78,9476.34,Yahoo Finance ^TWII
2015-06-26,9481.95,9489.91,9442.94,9462.57,Yahoo Finance ^TWII
2015-06-29,9358.96,9358.96,9227.11,9236.10,Yahoo Finance ^TWII
2015-06-30,9223.27,9323.02,9204.45,9323.02,Yahoo Finance ^TWII
2015-07-01,9311.76,9404.76,9298.36,9375.23,Yahoo Finance ^TWII
2015-07-02,9372.46,9400.68,9350.05,9379.24,Yahoo Finance ^TWII
2015-07-03,9369.50,9369.50,9265.14,9358.23,Yahoo Finance ^TWII
2015-07-06,9309.86,9347.54,9255.96,9255.96,Yahoo Finance ^TWII
2015-07-07,9278.33,9332.97,9244.46,9250.16,Yahoo Finance ^TWII
2015-07-08,9225.91,9225.91,8946.75,8976.11,Yahoo Finance ^TWII
2015-07-09,8861.28,8946.24,8750.92,8914.13,Yahoo Finance ^TWII
2015-07-13,8946.72,9041.88,8946.72,9033.92,Yahoo Finance ^TWII
2015-07-14,9061.58,9124.76,9041.76,9041.76,Yahoo Finance ^TWII
2015-07-15,9063.54,9089.47,9005.10,9054.20,Yahoo Finance ^TWII
2015-07-16,9062.76,9085.31,9021.82,9042.21,Yahoo Finance ^TWII
2015-07-17,9060.92,9079.23,9018.00,9045.98,Yahoo Finance ^TWII
2015-07-20,9085.00,9124.88,8952.64,8975.00,Yahoo Finance ^TWII
2015-07-21,8997.56,9010.71,8940.38,9005.96,Yahoo Finance ^TWII
2015-07-22,8955.59,8968.39,8896.10,8918.70,Yahoo Finance ^TWII
2015-07-23,8865.36,8895.88,8751.71,8791.12,Yahoo Finance ^TWII
2015-07-24,8809.65,8811.76,8733.43,8767.86,Yahoo Finance ^TWII
2015-07-27,8733.24,8733.24,8553.09,8556.68,Yahoo Finance ^TWII
2015-07-28,8566.42,8635.88,8532.00,8582.49,Yahoo Finance ^TWII
2015-07-29,8587.70,8619.41,8516.23,8563.48,Yahoo Finance ^TWII
2015-07-30,8567.23,8697.18,8567.23,8651.49,Yahoo Finance ^TWII
2015-07-31,8670.92,8676.29,8591.37,8665.34,Yahoo Finance ^TWII
2015-08-03,8636.53,8636.53,8482.92,8524.41,Yahoo Finance ^TWII
2015-08-04,8538.44,8590.30,8433.92,8510.86,Yahoo Finance ^TWII
2015-08-05,8504.94,8563.01,8486.27,8542.27,Yahoo Finance ^TWII
2015-08-06,8564.55,8586.24,8404.67,8449.56,Yahoo Finance ^TWII
2015-08-07,8409.01,8458.04,8368.40,8442.29,Yahoo Finance ^TWII
2015-08-10,8410.63,8484.18,8374.08,8466.84,Yahoo Finance ^TWII
2015-08-11,8542.13,8586.22,8393.08,8394.14,Yahoo Finance ^TWII
2015-08-12,8365.15,8376.59,8235.95,8283.38,Yahoo Finance ^TWII
2015-08-13,8284.96,8348.39,8271.69,8311.74,Yahoo Finance ^TWII
2015-08-14,8315.14,8343.98,8283.35,8305.64,Yahoo Finance ^TWII
2015-08-17,8307.90,8308.54,8213.42,8213.42,Yahoo Finance ^TWII
2015-08-18,8237.08,8277.22,8166.77,8177.22,Yahoo Finance ^TWII
2015-08-19,8182.81,8182.81,7987.57,8021.84,Yahoo Finance ^TWII
2015-08-20,8008.68,8063.80,7951.72,8029.81,Yahoo Finance ^TWII
2015-08-21,7941.95,7941.95,7786.92,7786.92,Yahoo Finance ^TWII
2015-08-24,7719.63,7719.63,7203.07,7410.34,Yahoo Finance ^TWII
2015-08-25,7427.36,7677.93,7368.47,7675.64,Yahoo Finance ^TWII
2015-08-26,7636.12,7762.45,7547.61,7715.59,Yahoo Finance ^TWII
2015-08-27,7762.63,7856.40,7762.63,7824.55,Yahoo Finance ^TWII
2015-08-28,7923.77,8039.76,7923.77,8019.18,Yahoo Finance ^TWII
2015-08-31,8026.62,8174.92,7961.77,8174.92,Yahoo Finance ^TWII
2015-09-01,8117.50,8119.90,8002.18,8017.56,Yahoo Finance ^TWII
2015-09-02,7970.40,8068.06,7907.31,8035.29,Yahoo Finance ^TWII
2015-09-03,8071.37,8101.13,8007.48,8095.95,Yahoo Finance ^TWII
2015-09-04,8087.62,8128.23,7990.86,8000.60,Yahoo Finance ^TWII
2015-09-07,7990.76,8053.20,7957.80,7986.56,Yahoo Finance ^TWII
2015-09-08,7993.10,8031.26,7978.78,8001.50,Yahoo Finance ^TWII
2015-09-09,8097.22,8296.13,8097.22,8286.92,Yahoo Finance ^TWII
2015-09-10,8247.64,8274.82,8214.50,8268.68,Yahoo Finance ^TWII
2015-09-11,8271.25,8313.18,8233.14,8305.82,Yahoo Finance ^TWII
2015-09-14,8332.57,8360.03,8259.31,8307.29,Yahoo Finance ^TWII
2015-09-15,8320.22,8327.95,8226.07,8259.99,Yahoo Finance ^TWII
2015-09-16,8298.13,8342.36,8276.94,8333.29,Yahoo Finance ^TWII
2015-09-17,8377.31,8467.15,8377.31,8445.50,Yahoo Finance ^TWII
2015-09-18,8427.52,8488.53,8399.71,8462.14,Yahoo Finance ^TWII
2015-09-21,8404.50,8404.50,8285.43,8307.04,Yahoo Finance ^TWII
2015-09-22,8331.44,8365.92,8325.78,8365.92,Yahoo Finance ^TWII
2015-09-23,8310.82,8310.82,8186.22,8193.42,Yahoo Finance ^TWII
2015-09-24,8224.23,8257.14,8101.90,8123.10,Yahoo Finance ^TWII
2015-09-25,8131.49,8152.50,8061.87,8132.35,Yahoo Finance ^TWII
2015-09-30,8097.15,8181.24,8059.68,8181.24,Yahoo Finance ^TWII
2015-10-01,8194.30,8317.79,8170.78,8295.94,Yahoo Finance ^TWII
2015-10-02,8290.43,8320.66,8253.75,8305.03,Yahoo Finance ^TWII
2015-10-05,8342.99,8364.59,8316.83,8352.36,Yahoo Finance ^TWII
2015-10-06,8409.31,8482.83,8390.89,8394.10,Yahoo Finance ^TWII
2015-10-07,8398.53,8495.23,8385.04,8495.23,Yahoo Finance ^TWII
2015-10-08,8528.46,8544.93,8434.50,8445.96,Yahoo Finance ^TWII
2015-10-12,8478.34,8578.22,8478.34,8573.72,Yahoo Finance ^TWII
2015-10-13,8571.57,8574.11,8518.41,8567.92,Yahoo Finance ^TWII
2015-10-14,8545.14,8553.87,8515.53,8522.51,Yahoo Finance ^TWII
2015-10-15,8573.38,8652.47,8573.38,8601.52,Yahoo Finance ^TWII
2015-10-16,8596.43,8627.83,8574.64,8604.95,Yahoo Finance ^TWII
2015-10-19,8628.79,8670.32,8603.08,8631.50,Yahoo Finance ^TWII
2015-10-20,8651.08,8663.12,8618.48,8653.60,Yahoo Finance ^TWII
2015-10-21,8668.08,8690.39,8591.42,8609.23,Yahoo Finance ^TWII
2015-10-22,8600.40,8631.17,8594.21,8608.46,Yahoo Finance ^TWII
2015-10-23,8671.52,8740.08,8662.03,8673.81,Yahoo Finance ^TWII
2015-10-26,8706.81,8757.14,8706.81,8745.36,Yahoo Finance ^TWII
2015-10-27,8724.00,8733.53,8662.77,8701.32,Yahoo Finance ^TWII
2015-10-28,8679.24,8714.01,8632.38,8665.99,Yahoo Finance ^TWII
2015-10-29,8682.58,8704.59,8568.13,8571.08,Yahoo Finance ^TWII
2015-10-30,8578.25,8586.90,8503.69,8554.31,Yahoo Finance ^TWII
2015-11-02,8571.53,8614.77,8524.01,8614.77,Yahoo Finance ^TWII
2015-11-03,8643.21,8728.06,8643.21,8713.19,Yahoo Finance ^TWII
2015-11-04,8759.94,8864.17,8754.18,8857.02,Yahoo Finance ^TWII
2015-11-05,8858.73,8871.87,8828.04,8850.18,Yahoo Finance ^TWII
2015-11-06,8857.61,8857.61,8671.89,8693.57,Yahoo Finance ^TWII
2015-11-09,8702.67,8746.28,8623.70,8642.48,Yahoo Finance ^TWII
2015-11-10,8614.55,8614.55,8529.54,8536.90,Yahoo Finance ^TWII
2015-11-11,8543.63,8557.69,8415.01,8415.01,Yahoo Finance ^TWII
2015-11-12,8426.76,8467.31,8374.07,8428.09,Yahoo Finance ^TWII
2015-11-13,8402.11,8453.04,8329.50,8329.50,Yahoo Finance ^TWII
2015-11-16,8278.12,8312.06,8217.34,8295.40,Yahoo Finance ^TWII
2015-11-17,8369.14,8471.89,8369.14,8419.42,Yahoo Finance ^TWII
2015-11-18,8432.25,8455.14,8326.72,8340.47,Yahoo Finance ^TWII
2015-11-19,8382.09,8477.20,8357.20,8477.20,Yahoo Finance ^TWII
2015-11-20,8472.65,8484.06,8434.33,8465.45,Yahoo Finance ^TWII
2015-11-23,8480.59,8503.08,8450.01,8485.73,Yahoo Finance ^TWII
2015-11-24,8472.24,8497.83,8397.44,8400.14,Yahoo Finance ^TWII
2015-11-25,8407.54,8426.62,8352.17,8386.13,Yahoo Finance ^TWII
2015-11-26,8411.16,8510.70,8411.16,8484.90,Yahoo Finance ^TWII
2015-11-27,8493.18,8505.08,8397.49,8398.40,Yahoo Finance ^TWII
2015-11-30,8339.83,8339.83,8239.00,8320.61,Yahoo Finance ^TWII
2015-12-01,8359.27,8463.30,8339.50,8463.30,Yahoo Finance ^TWII
2015-12-02,8475.96,8497.19,8441.28,8457.40,Yahoo Finance ^TWII
2015-12-03,8424.54,8484.52,8393.29,8456.06,Yahoo Finance ^TWII
2015-12-04,8423.70,8423.70,8355.75,8398.60,Yahoo Finance ^TWII
2015-12-07,8432.47,8535.36,8432.47,8454.27,Yahoo Finance ^TWII
2015-12-08,8442.06,8453.63,8335.67,8343.86,Yahoo Finance ^TWII
2015-12-09,8329.86,8343.37,8229.62,8229.62,Yahoo Finance ^TWII
2015-12-10,8214.27,8228.43,8133.42,8216.17,Yahoo Finance ^TWII
2015-12-11,8217.33,8253.11,8108.68,8115.89,Yahoo Finance ^TWII
2015-12-14,8058.67,8068.98,7980.59,8040.16,Yahoo Finance ^TWII
2015-12-15,8074.48,8140.06,8073.35,8073.35,Yahoo Finance ^TWII
2015-12-16,8144.03,8204.20,8121.06,8184.66,Yahoo Finance ^TWII
2015-12-17,8214.62,8319.67,8214.62,8319.67,Yahoo Finance ^TWII
2015-12-18,8272.41,8317.48,8241.32,8257.32,Yahoo Finance ^TWII
2015-12-21,8228.05,8289.59,8191.53,8282.17,Yahoo Finance ^TWII
2015-12-22,8283.03,8316.44,8261.72,8292.74,Yahoo Finance ^TWII
2015-12-23,8296.58,8359.25,8296.58,8315.70,Yahoo Finance ^TWII
2015-12-24,8351.20,8393.41,8324.36,8324.36,Yahoo Finance ^TWII
2015-12-25,8328.94,8364.30,8320.10,8363.28,Yahoo Finance ^TWII
2015-12-28,8374.18,8394.60,8358.49,8358.49,Yahoo Finance ^TWII
2015-12-29,8349.27,8351.16,8286.84,8293.91,Yahoo Finance ^TWII
2015-12-30,8313.37,8342.34,8262.52,8279.99,Yahoo Finance ^TWII
2015-12-31,8273.77,8338.06,8258.73,8338.06,Yahoo Finance ^TWII
2016-01-04,8315.79,8326.33,8109.09,8114.26,Yahoo Finance ^TWII
2016-01-05,8105.00,8142.64,8055.96,8075.11,Yahoo Finance ^TWII
2016-01-06,8064.25,8076.54,7948.43,7990.39,Yahoo Finance ^TWII
2016-01-07,7963.24,7980.50,7770.16,7852.06,Yahoo Finance ^TWII
2016-01-08,7811.20,7906.55,7788.71,7893.97,Yahoo Finance ^TWII
2016-01-11,7855.80,7855.80,7726.22,7788.42,Yahoo Finance ^TWII
2016-01-12,7807.93,7851.81,7732.11,7768.45,Yahoo Finance ^TWII
2016-01-13,7799.56,7865.98,7786.33,7824.61,Yahoo Finance ^TWII
2016-01-14,7752.09,7752.09,7662.34,7742.88,Yahoo Finance ^TWII
2016-01-15,7809.00,7842.34,7708.66,7762.01,Yahoo Finance ^TWII
2016-01-18,7678.67,7834.25,7627.89,7811.18,Yahoo Finance ^TWII
2016-01-19,7816.45,7854.88,7786.77,7854.88,Yahoo Finance ^TWII
2016-01-20,7835.17,7835.17,7687.60,7699.12,Yahoo Finance ^TWII
2016-01-21,7713.17,7748.37,7664.01,7664.01,Yahoo Finance ^TWII
2016-01-22,7729.01,7774.12,7706.14,7756.18,Yahoo Finance ^TWII
2016-01-25,7813.73,7899.66,7813.73,7894.15,Yahoo Finance ^TWII
2016-01-26,7832.10,7848.63,7799.58,7828.67,Yahoo Finance ^TWII
2016-01-27,7863.66,7888.63,7830.33,7849.83,Yahoo Finance ^TWII
2016-01-28,7825.22,7921.06,7821.12,7905.10,Yahoo Finance ^TWII
2016-01-29,7880.78,8080.60,7876.82,8080.60,Yahoo Finance ^TWII
2016-01-30,,,,8145.21,011.idv.tw (close only)
2016-02-01,8164.24,8166.80,8110.87,8156.96,Yahoo Finance ^TWII
2016-02-02,8141.52,8156.25,8091.14,8131.24,Yahoo Finance ^TWII
2016-02-03,8117.22,8117.22,8036.60,8063.00,Yahoo Finance ^TWII
2016-02-15,7976.65,8074.80,7953.99,8066.51,Yahoo Finance ^TWII
2016-02-16,8090.91,8227.19,8090.91,8212.07,Yahoo Finance ^TWII
2016-02-17,8240.73,8253.80,8196.13,8214.25,Yahoo Finance ^TWII
2016-02-18,8261.74,8337.97,8261.74,8314.67,Yahoo Finance ^TWII
2016-02-19,8291.83,8325.04,8280.39,8325.04,Yahoo Finance ^TWII
2016-02-22,8315.79,8396.62,8296.18,8326.68,Yahoo Finance ^TWII
2016-02-23,8333.59,8361.79,8311.94,8334.64,Yahoo Finance ^TWII
2016-02-24,8332.66,8382.25,8264.39,8282.86,Yahoo Finance ^TWII
2016-02-25,8304.18,8388.63,8304.18,8365.86,Yahoo Finance ^TWII
2016-02-26,8380.53,8432.74,8347.80,8411.16,Yahoo Finance ^TWII
2016-03-01,8381.38,8489.01,8378.06,8485.69,Yahoo Finance ^TWII
2016-03-02,8544.66,8586.25,8540.17,8544.05,Yahoo Finance ^TWII
2016-03-03,8569.05,8630.77,8561.74,8611.79,Yahoo Finance ^TWII
2016-03-04,8611.37,8648.94,8584.06,8643.55,Yahoo Finance ^TWII
2016-03-07,8656.74,8727.88,8632.21,8659.55,Yahoo Finance ^TWII
2016-03-08,8655.86,8668.51,8575.70,8664.31,Yahoo Finance ^TWII
2016-03-09,8649.10,8657.17,8588.41,8634.11,Yahoo Finance ^TWII
2016-03-10,8633.66,8680.43,8614.97,8660.70,Yahoo Finance ^TWII
2016-03-11,8663.29,8707.97,8640.96,8706.14,Yahoo Finance ^TWII
2016-03-14,8746.48,8777.05,8739.57,8747.90,Yahoo Finance ^TWII
2016-03-15,8745.57,8759.94,8589.41,8611.18,Yahoo Finance ^TWII
2016-03-16,8637.63,8699.14,8637.63,8699.14,Yahoo Finance ^TWII
2016-03-17,8763.51,8826.84,8716.88,8734.54,Yahoo Finance ^TWII
2016-03-18,8747.05,8810.71,8747.05,8810.71,Yahoo Finance ^TWII
2016-03-21,8826.16,8840.75,8747.59,8812.70,Yahoo Finance ^TWII
2016-03-22,8806.02,8814.37,8713.24,8785.68,Yahoo Finance ^TWII
2016-03-23,8777.88,8814.50,8734.55,8766.09,Yahoo Finance ^TWII
2016-03-24,8745.42,8765.96,8676.87,8743.38,Yahoo Finance ^TWII
2016-03-25,8758.14,8765.62,8699.89,8704.97,Yahoo Finance ^TWII
2016-03-28,8713.72,8737.86,8676.03,8690.45,Yahoo Finance ^TWII
2016-03-29,8687.06,8711.11,8585.71,8617.35,Yahoo Finance ^TWII
2016-03-30,8624.93,8744.47,8624.93,8737.04,Yahoo Finance ^TWII
2016-03-31,8757.22,8803.91,8695.08,8744.83,Yahoo Finance ^TWII
2016-04-01,8700.38,8704.53,8628.94,8657.55,Yahoo Finance ^TWII
2016-04-06,8605.16,8605.16,8496.89,8513.30,Yahoo Finance ^TWII
2016-04-07,8523.25,8529.44,8436.54,8490.25,Yahoo Finance ^TWII
2016-04-08,8464.78,8546.31,8452.05,8541.50,Yahoo Finance ^TWII
2016-04-11,8518.96,8568.44,8476.57,8562.59,Yahoo Finance ^TWII
2016-04-12,8561.21,8613.56,8520.14,8531.18,Yahoo Finance ^TWII
2016-04-13,8562.79,8653.08,8561.90,8652.08,Yahoo Finance ^TWII
2016-04-14,8684.93,8719.15,8653.84,8667.71,Yahoo Finance ^TWII
2016-04-15,8634.23,8700.39,8613.25,8700.39,Yahoo Finance ^TWII
2016-04-18,8681.80,8686.98,8650.13,8666.01,Yahoo Finance ^TWII
2016-04-19,8701.75,8743.35,8627.29,8633.72,Yahoo Finance ^TWII
2016-04-20,8649.09,8695.22,8502.55,8514.48,Yahoo Finance ^TWII
2016-04-21,8549.14,8568.65,8508.92,8568.65,Yahoo Finance ^TWII
2016-04-22,8560.21,8580.33,8501.03,8535.75,Yahoo Finance ^TWII
2016-04-25,8541.14,8560.28,8513.73,8560.28,Yahoo Finance ^TWII
2016-04-26,8556.37,8622.42,8554.55,8581.57,Yahoo Finance ^TWII
2016-04-27,8561.37,8597.64,8537.03,8563.05,Yahoo Finance ^TWII
2016-04-28,8586.92,8595.99,8456.38,8473.87,Yahoo Finance ^TWII
2016-04-29,8424.04,8424.04,8352.23,8377.90,Yahoo Finance ^TWII
2016-05-03,8362.35,8363.59,8268.41,8294.12,Yahoo Finance ^TWII
2016-05-04,8282.52,8285.96,8153.57,8185.47,Yahoo Finance ^TWII
2016-05-05,8182.05,8207.98,8122.34,8167.96,Yahoo Finance ^TWII
2016-05-06,8169.54,8170.68,8104.16,8146.43,Yahoo Finance ^TWII
2016-05-09,8156.65,8177.36,8106.13,8131.83,Yahoo Finance ^TWII
2016-05-10,8119.71,8168.13,8075.58,8156.29,Yahoo Finance ^TWII
2016-05-11,8182.92,8204.51,8115.44,8135.56,Yahoo Finance ^TWII
2016-05-12,8122.78,8162.44,8105.49,8108.05,Yahoo Finance ^TWII
2016-05-13,8095.93,8095.93,7999.98,8053.69,Yahoo Finance ^TWII
2016-05-16,8035.21,8091.48,8003.93,8067.60,Yahoo Finance ^TWII
2016-05-17,8081.89,8151.20,8047.31,8140.48,Yahoo Finance ^TWII
2016-05-18,8115.61,8159.68,8061.26,8159.68,Yahoo Finance ^TWII
2016-05-19,8159.93,8166.96,8067.33,8095.98,Yahoo Finance ^TWII
2016-05-20,8108.68,8165.98,8080.65,8131.26,Yahoo Finance ^TWII
2016-05-23,8150.38,8356.96,8119.71,8344.44,Yahoo Finance ^TWII
2016-05-24,8329.69,8354.62,8298.00,8300.66,Yahoo Finance ^TWII
2016-05-25,8352.84,8417.27,8352.84,8396.20,Yahoo Finance ^TWII
2016-05-26,8400.89,8410.74,8376.60,8394.12,Yahoo Finance ^TWII
2016-05-27,8415.59,8463.61,8415.59,8463.61,Yahoo Finance ^TWII
2016-05-30,8476.62,8563.40,8462.15,8535.87,Yahoo Finance ^TWII
2016-05-31,8532.21,8545.73,8488.90,8535.59,Yahoo Finance ^TWII
2016-06-01,8516.08,8603.63,8514.12,8597.16,Yahoo Finance ^TWII
2016-06-02,8598.47,8635.03,8553.54,8556.02,Yahoo Finance ^TWII
2016-06-03,8565.18,8601.05,8559.77,8587.36,Yahoo Finance ^TWII
2016-06-04,,,,8591.57,011.idv.tw (close only)
2016-06-06,8605.15,8664.12,8557.68,8597.11,Yahoo Finance ^TWII
2016-06-07,8622.21,8692.73,8621.46,8679.90,Yahoo Finance ^TWII
2016-06-08,8704.66,8754.82,8690.59,8715.48,Yahoo Finance ^TWII
2016-06-13,8634.24,8634.24,8520.21,8536.22,Yahoo Finance ^TWII
2016-06-14,8513.51,8577.31,8503.42,8576.12,Yahoo Finance ^TWII
2016-06-15,8566.43,8608.29,8524.55,8606.37,Yahoo Finance ^TWII
2016-06-16,8583.19,8584.67,8476.84,8494.14,Yahoo Finance ^TWII
2016-06-17,8538.28,8607.16,8538.28,8568.08,Yahoo Finance ^TWII
2016-06-20,8612.26,8642.15,8604.81,8625.92,Yahoo Finance ^TWII
2016-06-21,8633.21,8684.85,8627.40,8684.85,Yahoo Finance ^TWII
2016-06-22,8675.12,8716.25,8653.04,8716.25,Yahoo Finance ^TWII
2016-06-23,8706.08,8711.21,8662.78,8676.68,Yahoo Finance ^TWII
2016-06-24,8684.53,8691.30,8374.26,8476.99,Yahoo Finance ^TWII
2016-06-27,8406.29,8468.66,8386.27,8458.87,Yahoo Finance ^TWII
2016-06-28,8438.76,8505.51,8396.01,8505.51,Yahoo Finance ^TWII
2016-06-29,8530.37,8609.23,8530.37,8586.56,Yahoo Finance ^TWII
2016-06-30,8615.46,8666.58,8583.77,8666.58,Yahoo Finance ^TWII
2016-07-01,8692.48,8755.62,8680.53,8738.24,Yahoo Finance ^TWII
2016-07-04,8728.32,8782.38,8712.12,8760.58,Yahoo Finance ^TWII
2016-07-05,8738.41,8747.06,8693.76,8716.07,Yahoo Finance ^TWII
2016-07-06,8673.53,8673.53,8569.15,8575.75,Yahoo Finance ^TWII
2016-07-07,8605.38,8653.70,8605.38,8640.91,Yahoo Finance ^TWII
2016-07-08,8605.38,8653.70,8605.38,8640.91,Yahoo Finance ^TWII
2016-07-11,8728.23,8795.80,8728.23,8786.47,Yahoo Finance ^TWII
2016-07-12,8794.73,8841.46,8794.30,8841.46,Yahoo Finance ^TWII
2016-07-13,8847.04,8865.42,8800.17,8857.75,Yahoo Finance ^TWII
2016-07-14,8837.76,8877.31,8818.26,8866.36,Yahoo Finance ^TWII
2016-07-15,8857.15,8949.85,8857.15,8949.85,Yahoo Finance ^TWII
2016-07-18,8952.61,9008.21,8952.61,9008.21,Yahoo Finance ^TWII
2016-07-19,9018.80,9034.87,8972.83,9034.87,Yahoo Finance ^TWII
2016-07-20,9013.52,9034.13,8969.19,9007.68,Yahoo Finance ^TWII
2016-07-21,9010.22,9075.89,9009.79,9056.56,Yahoo Finance ^TWII
2016-07-22,9055.17,9060.15,9004.24,9013.14,Yahoo Finance ^TWII
2016-07-25,9030.36,9085.91,8916.05,8991.67,Yahoo Finance ^TWII
2016-07-26,8983.55,9024.79,8960.48,9024.79,Yahoo Finance ^TWII
2016-07-27,9058.19,9084.90,9042.14,9063.39,Yahoo Finance ^TWII
2016-07-28,9060.48,9081.40,9015.35,9076.64,Yahoo Finance ^TWII
2016-07-29,9066.37,9071.51,8984.41,8984.41,Yahoo Finance ^TWII
2016-08-01,9008.74,9080.71,9008.74,9080.71,Yahoo Finance ^TWII
2016-08-02,9081.06,9086.42,9052.71,9068.76,Yahoo Finance ^TWII
2016-08-03,9000.82,9033.95,8948.40,9001.71,Yahoo Finance ^TWII
2016-08-04,9009.29,9035.25,8972.31,9024.71,Yahoo Finance ^TWII
2016-08-05,9025.76,9101.71,9023.23,9092.12,Yahoo Finance ^TWII
2016-08-08,9123.07,9153.99,9104.43,9150.26,Yahoo Finance ^TWII
2016-08-09,9154.00,9168.34,9127.63,9155.08,Yahoo Finance ^TWII
2016-08-10,9160.94,9200.42,9131.63,9200.42,Yahoo Finance ^TWII
2016-08-11,9168.70,9187.18,9063.81,9131.83,Yahoo Finance ^TWII
2016-08-12,9135.34,9173.72,9135.34,9150.39,Yahoo Finance ^TWII
2016-08-15,9152.36,9162.02,9117.26,9148.51,Yahoo Finance ^TWII
2016-08-16,9146.09,9165.58,9082.34,9110.36,Yahoo Finance ^TWII
2016-08-17,9121.18,9133.07,9073.27,9117.70,Yahoo Finance ^TWII
2016-08-18,9104.88,9128.80,9093.51,9122.50,Yahoo Finance ^TWII
2016-08-19,9139.69,9175.13,9034.27,9034.27,Yahoo Finance ^TWII
2016-08-22,9004.68,9012.72,8928.33,8981.81,Yahoo Finance ^TWII
2016-08-23,8987.07,9046.30,8986.76,9030.93,Yahoo Finance ^TWII
2016-08-24,9043.13,9054.76,9016.39,9017.38,Yahoo Finance ^TWII
2016-08-25,9034.47,9115.47,9031.34,9115.47,Yahoo Finance ^TWII
2016-08-26,9097.02,9131.72,9092.08,9131.72,Yahoo Finance ^TWII
2016-08-29,9117.53,9136.42,9027.35,9110.17,Yahoo Finance ^TWII
2016-08-30,9113.34,9134.37,9093.87,9110.56,Yahoo Finance ^TWII
2016-08-31,9122.19,9130.76,9044.50,9068.85,Yahoo Finance ^TWII
2016-09-01,9055.73,9069.13,8980.21,9001.15,Yahoo Finance ^TWII
2016-09-02,9015.63,9038.48,8958.81,8987.55,Yahoo Finance ^TWII
2016-09-05,9032.38,9100.05,9032.38,9090.13,Yahoo Finance ^TWII
2016-09-06,9102.83,9181.85,9098.60,9181.85,Yahoo Finance ^TWII
2016-09-07,9202.23,9278.88,9202.23,9259.07,Yahoo Finance ^TWII
2016-09-08,9241.95,9273.57,9224.89,9262.89,Yahoo Finance ^TWII
2016-09-09,9217.37,9217.37,9142.13,9164.88,Yahoo Finance ^TWII
2016-09-10,,,,9053.69,011.idv.tw (close only)
2016-09-12,9031.51,9031.51,8947.06,8947.06,Yahoo Finance ^TWII
2016-09-13,8983.95,9014.75,8885.55,8940.83,Yahoo Finance ^TWII
2016-09-14,8913.11,8965.32,8895.85,8902.30,Yahoo Finance ^TWII
2016-09-19,9003.41,9155.38,9003.41,9152.88,Yahoo Finance ^TWII
2016-09-20,9141.21,9173.46,9130.90,9161.58,Yahoo Finance ^TWII
2016-09-21,9141.92,9228.50,9133.16,9228.50,Yahoo Finance ^TWII
2016-09-22,9265.28,9290.76,9207.41,9235.26,Yahoo Finance ^TWII
2016-09-23,9240.25,9284.62,9228.66,9284.62,Yahoo Finance ^TWII
2016-09-26,9229.34,9229.34,9189.49,9194.52,Yahoo Finance ^TWII
2016-09-29,9241.61,9303.13,9238.49,9270.90,Yahoo Finance ^TWII
2016-09-30,9240.44,9240.65,9160.91,9166.85,Yahoo Finance ^TWII
2016-10-03,9219.52,9256.58,9212.38,9234.20,Yahoo Finance ^TWII
2016-10-04,9228.66,9287.77,9224.45,9287.77,Yahoo Finance ^TWII
2016-10-05,9260.69,9276.13,9244.41,9272.28,Yahoo Finance ^TWII
2016-10-06,9263.40,9284.31,9242.83,9284.31,Yahoo Finance ^TWII
2016-10-07,9289.66,9289.95,9249.06,9265.81,Yahoo Finance ^TWII
2016-10-11,9311.79,9327.71,9167.72,9219.82,Yahoo Finance ^TWII
2016-10-12,9201.55,9258.69,9166.58,9252.60,Yahoo Finance ^TWII
2016-10-13,9268.22,9285.05,9187.78,9219.17,Yahoo Finance ^TWII
2016-10-14,9198.26,9216.63,9149.87,9165.17,Yahoo Finance ^TWII
2016-10-17,9150.67,9182.67,9074.99,9176.22,Yahoo Finance ^TWII
2016-10-18,9175.07,9222.58,9157.40,9222.58,Yahoo Finance ^TWII
2016-10-19,9227.98,9298.87,9226.46,9283.99,Yahoo Finance ^TWII
2016-10-20,9288.49,9331.89,9279.15,9317.24,Yahoo Finance ^TWII
2016-10-21,9322.55,9348.09,9292.53,9306.57,Yahoo Finance ^TWII
2016-10-24,9333.94,9343.57,9308.53,9322.50,Yahoo Finance ^TWII
2016-10-25,9338.09,9399.97,9334.80,9385.65,Yahoo Finance ^TWII
2016-10-26,9355.66,9372.74,9338.84,9362.25,Yahoo Finance ^TWII
2016-10-27,9363.90,9370.32,9286.86,9299.55,Yahoo Finance ^TWII
2016-10-28,9307.39,9320.57,9276.71,9306.92,Yahoo Finance ^TWII
2016-10-31,9283.20,9314.34,9194.48,9290.12,Yahoo Finance ^TWII
2016-11-01,9272.30,9289.12,9236.82,9272.70,Yahoo Finance ^TWII
2016-11-02,9230.23,9230.23,9139.04,9139.04,Yahoo Finance ^TWII
2016-11-03,9126.29,9154.19,9067.27,9067.27,Yahoo Finance ^TWII
2016-11-04,9065.11,9098.88,9048.21,9068.15,Yahoo Finance ^TWII
2016-11-07,9102.97,9191.67,9102.97,9189.84,Yahoo Finance ^TWII
2016-11-08,9214.95,9230.20,9165.00,9217.43,Yahoo Finance ^TWII
2016-11-09,9252.27,9296.86,8926.60,8943.20,Yahoo Finance ^TWII
2016-11-10,9070.64,9179.18,9070.64,9152.18,Yahoo Finance ^TWII
2016-11-11,9067.65,9067.65,8949.38,8957.76,Yahoo Finance ^TWII
2016-11-14,8955.27,8991.94,8879.69,8940.40,Yahoo Finance ^TWII
2016-11-15,8927.92,8981.05,8923.36,8931.03,Yahoo Finance ^TWII
2016-11-16,8955.76,9032.31,8955.76,8962.22,Yahoo Finance ^TWII
2016-11-17,8984.57,8998.23,8936.30,8995.26,Yahoo Finance ^TWII
2016-11-18,8991.50,9025.98,8958.22,9008.79,Yahoo Finance ^TWII
2016-11-21,9009.78,9049.76,8986.40,9041.11,Yahoo Finance ^TWII
2016-11-22,9058.58,9161.19,9058.58,9133.39,Yahoo Finance ^TWII
2016-11-23,9146.72,9202.72,9146.72,9178.23,Yahoo Finance ^TWII
2016-11-24,9164.84,9183.16,9137.56,9152.11,Yahoo Finance ^TWII
2016-11-25,9149.35,9191.34,9148.63,9159.07,Yahoo Finance ^TWII
2016-11-28,9167.33,9241.54,9167.33,9222.24,Yahoo Finance ^TWII
2016-11-29,9220.95,9249.06,9192.38,9192.38,Yahoo Finance ^TWII
2016-11-30,9196.09,9240.71,9189.62,9240.71,Yahoo Finance ^TWII
2016-12-01,9245.55,9278.96,9241.78,9263.53,Yahoo Finance ^TWII
2016-12-02,9214.56,9214.56,9165.90,9189.49,Yahoo Finance ^TWII
2016-12-05,9194.46,9212.19,9138.64,9160.66,Yahoo Finance ^TWII
2016-12-06,9209.80,9280.65,9209.80,9250.77,Yahoo Finance ^TWII
2016-12-07,9279.00,9299.92,9247.50,9263.89,Yahoo Finance ^TWII
2016-12-08,9308.90,9376.41,9308.90,9375.86,Yahoo Finance ^TWII
2016-12-09,9383.07,9399.25,9366.86,9392.68,Yahoo Finance ^TWII
2016-12-12,9402.05,9430.34,9336.45,9349.94,Yahoo Finance ^TWII
2016-12-13,9361.97,9382.14,9342.56,9382.14,Yahoo Finance ^TWII
2016-12-14,9395.60,9413.13,9353.25,9368.52,Yahoo Finance ^TWII
2016-12-15,9337.21,9370.51,9309.79,9360.35,Yahoo Finance ^TWII
2016-12-16,9352.27,9379.75,9326.78,9326.78,Yahoo Finance ^TWII
2016-12-19,9316.06,9317.03,9237.98,9239.32,Yahoo Finance ^TWII
2016-12-20,9229.74,9258.69,9199.84,9242.41,Yahoo Finance ^TWII
2016-12-21,9234.94,9263.50,9204.26,9204.26,Yahoo Finance ^TWII
2016-12-22,9204.29,9209.72,9118.75,9118.75,Yahoo Finance ^TWII
2016-12-23,9112.33,9128.83,9078.64,9078.64,Yahoo Finance ^TWII
2016-12-26,9088.99,9127.74,9083.28,9110.54,Yahoo Finance ^TWII
2016-12-27,9120.88,9132.05,9100.83,9109.27,Yahoo Finance ^TWII
2016-12-28,9120.90,9203.56,9120.90,9201.40,Yahoo Finance ^TWII
2016-12-29,9172.39,9196.02,9149.16,9153.09,Yahoo Finance ^TWII
2016-12-30,9186.30,9259.09,9186.30,9253.50,Yahoo Finance ^TWII
2017-01-03,9252.56,9273.65,9235.95,9272.88,Yahoo Finance ^TWII
2017-01-04,9279.52,9299.62,9266.03,9286.96,Yahoo Finance ^TWII
2017-01-05,9282.56,9358.42,9282.45,9358.14,Yahoo Finance ^TWII
2017-01-06,9371.41,9381.11,9351.25,9372.22,Yahoo Finance ^TWII
2017-01-09,9376.48,9404.90,9328.19,9342.42,Yahoo Finance ^TWII
2017-01-10,9344.19,9353.60,9319.45,9349.64,Yahoo Finance ^TWII
2017-01-11,9370.17,9384.00,9333.49,9345.74,Yahoo Finance ^TWII
2017-01-12,9356.12,9430.58,9356.12,9410.18,Yahoo Finance ^TWII
2017-01-13,9373.70,9387.68,9352.08,9378.83,Yahoo Finance ^TWII
2017-01-16,9356.54,9359.01,9281.21,9292.33,Yahoo Finance ^TWII
2017-01-17,9301.96,9354.53,9294.68,9354.53,Yahoo Finance ^TWII
2017-01-18,9344.74,9350.95,9322.44,9341.97,Yahoo Finance ^TWII
2017-01-19,9324.83,9337.64,9287.54,9318.12,Yahoo Finance ^TWII
2017-01-20,9326.80,9350.07,9317.62,9331.46,Yahoo Finance ^TWII
2017-01-23,9363.66,9427.46,9363.66,9424.05,Yahoo Finance ^TWII
2017-01-24,9423.05,9468.34,9416.06,9447.95,Yahoo Finance ^TWII
2017-02-02,9502.25,9521.34,9413.77,9428.97,Yahoo Finance ^TWII
2017-02-03,9450.06,9478.01,9423.93,9455.56,Yahoo Finance ^TWII
2017-02-06,9467.67,9548.68,9467.67,9538.01,Yahoo Finance ^TWII
2017-02-07,9527.42,9555.80,9512.56,9554.56,Yahoo Finance ^TWII
2017-02-08,9540.77,9564.07,9505.79,9543.25,Yahoo Finance ^TWII
2017-02-09,9555.52,9600.09,9540.51,9590.18,Yahoo Finance ^TWII
2017-02-10,9612.67,9688.15,9612.67,9665.59,Yahoo Finance ^TWII
2017-02-13,9690.39,9711.43,9681.10,9710.32,Yahoo Finance ^TWII
2017-02-14,9726.74,9760.01,9698.29,9718.78,Yahoo Finance ^TWII
2017-02-15,9724.13,9813.98,9723.04,9799.76,Yahoo Finance ^TWII
2017-02-16,9826.89,9869.59,9753.16,9771.25,Yahoo Finance ^TWII
2017-02-17,9779.16,9791.59,9754.54,9759.76,Yahoo Finance ^TWII
2017-02-18,,,,9779.92,011.idv.tw (close only)
2017-02-20,9795.81,9817.14,9743.36,9753.20,Yahoo Finance ^TWII
2017-02-21,9761.27,9775.49,9721.36,9763.93,Yahoo Finance ^TWII
2017-02-22,9786.25,9820.07,9770.10,9778.78,Yahoo Finance ^TWII
2017-02-23,9774.08,9810.56,9748.94,9769.31,Yahoo Finance ^TWII
2017-02-24,9757.67,9784.39,9740.18,9750.47,Yahoo Finance ^TWII
2017-03-01,9751.12,9758.78,9674.78,9674.78,Yahoo Finance ^TWII
2017-03-02,9727.60,9774.60,9646.34,9691.80,Yahoo Finance ^TWII
2017-03-03,9672.26,9679.82,9633.88,9648.21,Yahoo Finance ^TWII
2017-03-06,9647.00,9688.50,9647.00,9682.63,Yahoo Finance ^TWII
2017-03-07,9690.26,9738.07,9690.20,9738.07,Yahoo Finance ^TWII
2017-03-08,9744.26,9773.49,9712.50,9753.45,Yahoo Finance ^TWII
2017-03-09,9740.05,9743.78,9650.32,9658.61,Yahoo Finance ^TWII
2017-03-10,9653.79,9656.65,9562.75,9627.89,Yahoo Finance ^TWII
2017-03-13,9656.56,9697.34,9656.56,9697.34,Yahoo Finance ^TWII
2017-03-14,9720.53,9767.66,9720.53,9744.21,Yahoo Finance ^TWII
2017-03-15,9741.29,9749.01,9714.58,9740.31,Yahoo Finance ^TWII
2017-03-16,9768.85,9842.17,9768.85,9837.83,Yahoo Finance ^TWII
2017-03-17,9845.59,9908.69,9835.51,9908.69,Yahoo Finance ^TWII
2017-03-20,9905.81,9916.18,9869.35,9912.97,Yahoo Finance ^TWII
2017-03-21,9923.18,9976.61,9918.39,9972.49,Yahoo Finance ^TWII
2017-03-22,9911.96,9922.66,9843.07,9922.66,Yahoo Finance ^TWII
2017-03-23,9921.97,9945.24,9897.45,9930.74,Yahoo Finance ^TWII
2017-03-24,9914.12,9932.68,9892.31,9902.98,Yahoo Finance ^TWII
2017-03-27,9907.60,9917.85,9859.53,9876.77,Yahoo Finance ^TWII
2017-03-28,9909.99,9924.14,9799.28,9876.45,Yahoo Finance ^TWII
2017-03-29,9887.00,9906.76,9831.63,9856.25,Yahoo Finance ^TWII
2017-03-30,9869.28,9878.62,9836.33,9848.15,Yahoo Finance ^TWII
2017-03-31,9846.38,9869.65,9811.52,9811.52,Yahoo Finance ^TWII
2017-04-05,9856.44,9949.48,9856.44,9949.48,Yahoo Finance ^TWII
2017-04-06,9946.66,9946.66,9879.85,9897.80,Yahoo Finance ^TWII
2017-04-07,9892.98,9900.88,9788.52,9873.37,Yahoo Finance ^TWII
2017-04-10,9880.29,9898.64,9859.03,9882.54,Yahoo Finance ^TWII
2017-04-11,9881.53,9896.59,9820.41,9832.42,Yahoo Finance ^TWII
2017-04-12,9831.56,9837.19,9789.59,9817.68,Yahoo Finance ^TWII
2017-04-13,9808.83,9868.45,9800.80,9836.68,Yahoo Finance ^TWII
2017-04-14,9806.15,9808.33,9730.94,9732.93,Yahoo Finance ^TWII
2017-04-17,9740.81,9762.47,9670.11,9716.40,Yahoo Finance ^TWII
2017-04-18,9735.76,9771.07,9727.26,9746.56,Yahoo Finance ^TWII
2017-04-19,9725.39,9725.39,9631.64,9639.94,Yahoo Finance ^TWII
2017-04-20,9639.93,9664.24,9622.25,9632.69,Yahoo Finance ^TWII
2017-04-21,9657.05,9718.82,9657.05,9717.41,Yahoo Finance ^TWII
2017-04-24,9742.91,9772.96,9683.70,9717.95,Yahoo Finance ^TWII
2017-04-25,9737.82,9841.71,9737.82,9841.71,Yahoo Finance ^TWII
2017-04-26,9859.11,9865.88,9827.47,9856.45,Yahoo Finance ^TWII
2017-04-27,9859.45,9863.52,9823.85,9860.62,Yahoo Finance ^TWII
2017-04-28,9868.38,9897.04,9845.84,9872.00,Yahoo Finance ^TWII
2017-05-02,9926.44,9951.14,9925.75,9941.27,Yahoo Finance ^TWII
2017-05-03,9957.62,9979.91,9937.99,9955.33,Yahoo Finance ^TWII
2017-05-04,9962.73,9973.76,9938.96,9967.64,Yahoo Finance ^TWII
2017-05-05,9954.94,9960.99,9899.94,9899.94,Yahoo Finance ^TWII
2017-05-08,9934.13,9964.86,9900.07,9937.25,Yahoo Finance ^TWII
2017-05-09,9967.01,10001.94,9899.08,9915.48,Yahoo Finance ^TWII
2017-05-10,9935.22,9971.98,9932.17,9968.32,Yahoo Finance ^TWII
2017-05-11,9968.51,10018.79,9964.30,10001.48,Yahoo Finance ^TWII
2017-05-12,9981.77,10008.25,9961.37,9986.82,Yahoo Finance ^TWII
2017-05-15,9978.28,10036.82,9978.28,10036.82,Yahoo Finance ^TWII
2017-05-16,10037.58,10058.59,9991.08,10031.49,Yahoo Finance ^TWII
2017-05-17,10019.62,10029.62,9967.97,10013.67,Yahoo Finance ^TWII
2017-05-18,9952.64,9969.45,9895.65,9969.45,Yahoo Finance ^TWII
2017-05-19,9970.40,9979.73,9947.14,9947.62,Yahoo Finance ^TWII
2017-05-22,9965.08,9997.26,9960.94,9997.26,Yahoo Finance ^TWII
2017-05-23,9994.68,10038.20,9992.58,10007.84,Yahoo Finance ^TWII
2017-05-24,10014.15,10059.74,10014.15,10044.42,Yahoo Finance ^TWII
2017-05-25,10059.91,10108.49,10059.20,10108.49,Yahoo Finance ^TWII
2017-05-26,10090.18,10121.88,10072.84,10101.95,Yahoo Finance ^TWII
2017-05-31,10095.95,10116.13,10025.88,10040.72,Yahoo Finance ^TWII
2017-06-01,10064.44,10100.37,10059.93,10087.42,Yahoo Finance ^TWII
2017-06-02,10117.76,10152.53,10117.06,10152.53,Yahoo Finance ^TWII
2017-06-03,,,,10158.15,011.idv.tw (close only)
2017-06-05,10164.89,10226.84,10164.89,10226.84,Yahoo Finance ^TWII
2017-06-06,10213.17,10221.64,10190.39,10206.18,Yahoo Finance ^TWII
2017-06-07,10216.14,10242.39,10183.15,10209.99,Yahoo Finance ^TWII
2017-06-08,10215.93,10235.70,10211.00,10225.78,Yahoo Finance ^TWII
2017-06-09,10238.55,10268.37,10198.80,10199.65,Yahoo Finance ^TWII
2017-06-12,10137.04,10158.64,10109.96,10109.96,Yahoo Finance ^TWII
2017-06-13,10109.70,10146.67,10109.70,10128.15,Yahoo Finance ^TWII
2017-06-14,10142.80,10165.31,10033.25,10072.46,Yahoo Finance ^TWII
2017-06-15,10079.14,10089.07,10046.80,10088.35,Yahoo Finance ^TWII
2017-06-16,10078.69,10159.47,10073.12,10156.73,Yahoo Finance ^TWII
2017-06-19,10162.22,10250.60,10162.22,10250.60,Yahoo Finance ^TWII
2017-06-20,10286.79,10354.37,10286.79,10324.46,Yahoo Finance ^TWII
2017-06-21,10310.97,10379.82,10274.75,10349.72,Yahoo Finance ^TWII
2017-06-22,10369.08,10403.36,10368.93,10399.06,Yahoo Finance ^TWII
2017-06-23,10403.56,10422.33,10374.01,10377.70,Yahoo Finance ^TWII
2017-06-26,10341.86,10513.96,10341.86,10513.96,Yahoo Finance ^TWII
2017-06-27,10513.00,10545.70,10489.10,10512.06,Yahoo Finance ^TWII
2017-06-28,10459.17,10459.17,10382.81,10390.55,Yahoo Finance ^TWII
2017-06-29,10442.18,10476.51,10390.90,10421.65,Yahoo Finance ^TWII
2017-06-30,10367.26,10395.07,10329.84,10395.07,Yahoo Finance ^TWII
2017-07-03,10368.99,10412.79,10363.50,10412.79,Yahoo Finance ^TWII
2017-07-04,10397.93,10421.72,10347.78,10347.78,Yahoo Finance ^TWII
2017-07-05,10352.39,10404.79,10304.74,10404.79,Yahoo Finance ^TWII
2017-07-06,10380.66,10381.20,10336.32,10368.20,Yahoo Finance ^TWII
2017-07-07,10343.30,10343.30,10294.69,10297.25,Yahoo Finance ^TWII
2017-07-10,10310.74,10331.11,10283.95,10289.91,Yahoo Finance ^TWII
2017-07-11,10313.08,10415.57,10313.08,10415.57,Yahoo Finance ^TWII
2017-07-12,10396.97,10450.87,10393.54,10420.68,Yahoo Finance ^TWII
2017-07-13,10418.74,10485.28,10418.74,10460.15,Yahoo Finance ^TWII
2017-07-14,10450.92,10466.34,10423.40,10443.91,Yahoo Finance ^TWII
2017-07-17,10467.27,10490.05,10436.31,10457.54,Yahoo Finance ^TWII
2017-07-18,10447.47,10481.26,10429.85,10481.26,Yahoo Finance ^TWII
2017-07-19,10472.81,10537.42,10472.81,10506.10,Yahoo Finance ^TWII
2017-07-20,10513.12,10534.52,10483.54,10499.36,Yahoo Finance ^TWII
2017-07-21,10468.47,10477.72,10428.56,10436.70,Yahoo Finance ^TWII
2017-07-24,10426.13,10461.28,10406.81,10461.28,Yahoo Finance ^TWII
2017-07-25,10455.14,10473.98,10442.85,10463.15,Yahoo Finance ^TWII
2017-07-26,10477.15,10500.11,10416.57,10419.11,Yahoo Finance ^TWII
2017-07-27,10427.83,10516.23,10427.83,10508.37,Yahoo Finance ^TWII
2017-07-28,10480.67,10480.67,10410.53,10423.05,Yahoo Finance ^TWII
2017-07-31,10396.76,10427.33,10366.17,10427.33,Yahoo Finance ^TWII
2017-08-01,10408.53,10470.03,10408.53,10437.29,Yahoo Finance ^TWII
2017-08-02,10479.26,10519.27,10479.26,10519.27,Yahoo Finance ^TWII
2017-08-03,10464.10,10478.62,10427.72,10469.88,Yahoo Finance ^TWII
2017-08-04,10470.96,10510.70,10466.25,10506.56,Yahoo Finance ^TWII
2017-08-07,10521.69,10592.31,10521.69,10579.38,Yahoo Finance ^TWII
2017-08-08,10598.59,10619.42,10533.72,10568.97,Yahoo Finance ^TWII
2017-08-09,10523.51,10536.19,10457.52,10470.38,Yahoo Finance ^TWII
2017-08-10,10470.03,10477.79,10303.47,10329.74,Yahoo Finance ^TWII
2017-08-11,10267.05,10338.06,10238.50,10329.57,Yahoo Finance ^TWII
2017-08-14,10347.66,10365.22,10225.28,10225.28,Yahoo Finance ^TWII
2017-08-15,10271.03,10336.22,10271.03,10311.16,Yahoo Finance ^TWII
2017-08-16,10302.83,10322.38,10245.72,10290.39,Yahoo Finance ^TWII
2017-08-17,10302.54,10372.41,10302.54,10369.37,Yahoo Finance ^TWII
2017-08-18,10324.83,10330.39,10259.83,10321.33,Yahoo Finance ^TWII
2017-08-21,10316.09,10336.37,10282.72,10326.39,Yahoo Finance ^TWII
2017-08-22,10353.37,10410.47,10353.37,10392.07,Yahoo Finance ^TWII
2017-08-23,10418.32,10458.91,10378.01,10406.81,Yahoo Finance ^TWII
2017-08-24,10414.66,10488.96,10410.73,10488.96,Yahoo Finance ^TWII
2017-08-25,10497.86,10519.84,10478.72,10515.51,Yahoo Finance ^TWII
2017-08-28,10502.80,10542.37,10498.88,10525.98,Yahoo Finance ^TWII
2017-08-29,10518.69,10518.69,10463.22,10496.57,Yahoo Finance ^TWII
2017-08-30,10511.59,10574.53,10511.59,10569.40,Yahoo Finance ^TWII
2017-08-31,10586.65,10609.48,10551.95,10585.78,Yahoo Finance ^TWII
2017-09-01,10576.27,10619.52,10568.72,10594.82,Yahoo Finance ^TWII
2017-09-04,10585.44,10610.04,10555.34,10569.87,Yahoo Finance ^TWII
2017-09-05,10584.10,10617.84,10564.26,10617.84,Yahoo Finance ^TWII
2017-09-06,10593.87,10604.92,10519.71,10547.86,Yahoo Finance ^TWII
2017-09-07,10564.79,10604.02,10509.91,10538.51,Yahoo Finance ^TWII
2017-09-08,10553.90,10609.95,10550.72,10609.95,Yahoo Finance ^TWII
2017-09-11,10630.16,10656.25,10565.78,10572.16,Yahoo Finance ^TWII
2017-09-12,10610.33,10646.55,10586.28,10610.35,Yahoo Finance ^TWII
2017-09-13,10596.36,10620.31,10532.88,10532.88,Yahoo Finance ^TWII
2017-09-14,10533.99,10572.71,10508.72,10553.57,Yahoo Finance ^TWII
2017-09-15,10556.82,10580.78,10520.15,10580.41,Yahoo Finance ^TWII
2017-09-18,10590.80,10642.40,10581.81,10631.57,Yahoo Finance ^TWII
2017-09-19,10653.34,10664.18,10561.21,10576.14,Yahoo Finance ^TWII
2017-09-20,10568.58,10589.19,10490.71,10519.17,Yahoo Finance ^TWII
2017-09-21,10506.85,10603.08,10493.95,10578.44,Yahoo Finance ^TWII
2017-09-22,10571.65,10579.02,10446.45,10449.68,Yahoo Finance ^TWII
2017-09-25,10442.05,10447.09,10322.10,10335.89,Yahoo Finance ^TWII
2017-09-26,10333.44,10374.54,10257.02,10257.02,Yahoo Finance ^TWII
2017-09-27,10322.44,10357.23,10315.97,10326.68,Yahoo Finance ^TWII
2017-09-28,10351.42,10365.59,10288.24,10296.45,Yahoo Finance ^TWII
2017-09-29,10319.69,10338.95,10273.60,10329.94,Yahoo Finance ^TWII
2017-09-30,,,,10383.94,011.idv.tw (close only)
2017-10-02,10425.10,10472.81,10414.53,10465.16,Yahoo Finance ^TWII
2017-10-03,10462.70,10495.34,10445.86,10469.35,Yahoo Finance ^TWII
2017-10-05,10473.28,10530.93,10473.28,10518.27,Yahoo Finance ^TWII
2017-10-06,10538.21,10557.67,10511.50,10532.81,Yahoo Finance ^TWII
2017-10-11,10576.12,10668.49,10576.12,10641.19,Yahoo Finance ^TWII
2017-10-12,10668.39,10711.44,10668.39,10711.44,Yahoo Finance ^TWII
2017-10-13,10712.48,10724.09,10675.83,10724.09,Yahoo Finance ^TWII
2017-10-16,10735.14,10774.21,10723.37,10774.21,Yahoo Finance ^TWII
2017-10-17,10790.35,10798.52,10723.15,10723.15,Yahoo Finance ^TWII
2017-10-18,10773.85,10790.31,10684.32,10720.28,Yahoo Finance ^TWII
2017-10-19,10745.77,10798.54,10745.77,10760.29,Yahoo Finance ^TWII
2017-10-20,10737.87,10753.77,10702.56,10728.88,Yahoo Finance ^TWII
2017-10-23,10759.47,10792.27,10731.90,10735.21,Yahoo Finance ^TWII
2017-10-24,10749.90,10766.64,10726.25,10743.78,Yahoo Finance ^TWII
2017-10-25,10771.40,10794.55,10740.07,10750.57,Yahoo Finance ^TWII
2017-10-26,10735.35,10756.51,10716.52,10734.76,Yahoo Finance ^TWII
2017-10-27,10757.35,10803.60,10701.08,10709.11,Yahoo Finance ^TWII
2017-10-30,10777.60,10842.25,10743.13,10756.87,Yahoo Finance ^TWII
2017-10-31,10768.90,10829.33,10747.37,10793.80,Yahoo Finance ^TWII
2017-11-01,10816.04,10843.41,10785.32,10806.36,Yahoo Finance ^TWII
2017-11-02,10797.63,10827.67,10788.51,10788.51,Yahoo Finance ^TWII
2017-11-03,10797.91,10835.70,10765.31,10800.77,Yahoo Finance ^TWII
2017-11-06,10856.56,10858.50,10769.19,10786.19,Yahoo Finance ^TWII
2017-11-07,10820.83,10842.61,10807.89,10840.34,Yahoo Finance ^TWII
2017-11-08,10839.44,10844.74,10806.01,10818.99,Yahoo Finance ^TWII
2017-11-09,10802.95,10831.38,10721.87,10743.27,Yahoo Finance ^TWII
2017-11-10,10713.67,10742.61,10659.29,10732.67,Yahoo Finance ^TWII
2017-11-13,10728.22,10749.39,10683.92,10683.92,Yahoo Finance ^TWII
2017-11-14,10716.59,10735.08,10654.58,10687.18,Yahoo Finance ^TWII
2017-11-15,10662.08,10669.59,10600.26,10630.65,Yahoo Finance ^TWII
2017-11-16,10629.16,10666.66,10609.23,10625.04,Yahoo Finance ^TWII
2017-11-17,10673.43,10729.45,10673.43,10701.64,Yahoo Finance ^TWII
2017-11-20,10706.79,10728.39,10656.18,10664.55,Yahoo Finance ^TWII
2017-11-21,10688.22,10787.58,10687.26,10779.24,Yahoo Finance ^TWII
2017-11-22,10815.40,10882.65,10801.10,10822.59,Yahoo Finance ^TWII
2017-11-23,10837.61,10872.29,10809.09,10854.57,Yahoo Finance ^TWII
2017-11-24,10847.79,10873.91,10833.78,10854.09,Yahoo Finance ^TWII
2017-11-27,10836.82,10856.00,10746.74,10750.93,Yahoo Finance ^TWII
2017-11-28,10733.56,10752.58,10692.53,10707.07,Yahoo Finance ^TWII
2017-11-29,10735.24,10762.91,10697.62,10713.55,Yahoo Finance ^TWII
2017-11-30,10623.20,10650.18,10560.44,10560.44,Yahoo Finance ^TWII
2017-12-01,10591.62,10665.92,10495.15,10600.37,Yahoo Finance ^TWII
2017-12-04,10617.27,10665.43,10565.68,10651.11,Yahoo Finance ^TWII
2017-12-05,10607.62,10635.71,10540.74,10566.85,Yahoo Finance ^TWII
2017-12-06,10541.03,10541.03,10376.65,10393.92,Yahoo Finance ^TWII
2017-12-07,10404.42,10418.97,10322.76,10355.76,Yahoo Finance ^TWII
2017-12-08,10406.35,10419.28,10336.26,10398.62,Yahoo Finance ^TWII
2017-12-11,10438.33,10504.67,10438.33,10473.09,Yahoo Finance ^TWII
2017-12-12,10488.73,10495.24,10408.06,10443.28,Yahoo Finance ^TWII
2017-12-13,10447.11,10489.17,10444.70,10470.70,Yahoo Finance ^TWII
2017-12-14,10494.60,10577.53,10494.60,10538.01,Yahoo Finance ^TWII
2017-12-15,10517.21,10520.66,10436.11,10491.44,Yahoo Finance ^TWII
2017-12-18,10478.74,10526.41,10472.39,10506.52,Yahoo Finance ^TWII
2017-12-19,10508.33,10544.00,10452.08,10467.34,Yahoo Finance ^TWII
2017-12-20,10470.36,10514.31,10470.36,10504.52,Yahoo Finance ^TWII
2017-12-21,10526.97,10545.78,10488.97,10488.97,Yahoo Finance ^TWII
2017-12-22,10503.10,10537.27,10486.52,10537.27,Yahoo Finance ^TWII
2017-12-25,10546.64,10556.65,10514.54,10522.49,Yahoo Finance ^TWII
2017-12-26,10526.14,10528.92,10408.12,10421.91,Yahoo Finance ^TWII
2017-12-27,10419.81,10497.77,10419.81,10486.67,Yahoo Finance ^TWII
2017-12-28,10513.29,10592.04,10513.29,10567.64,Yahoo Finance ^TWII
2017-12-29,10590.95,10659.98,10590.95,10642.86,Yahoo Finance ^TWII
2018-01-02,10664.82,10710.73,10650.77,10710.73,Yahoo Finance ^TWII
2018-01-03,10759.61,10813.16,10759.61,10801.57,Yahoo Finance ^TWII
2018-01-04,10834.58,10853.46,10794.25,10848.63,Yahoo Finance ^TWII
2018-01-05,10856.92,10879.80,10815.68,10879.80,Yahoo Finance ^TWII
2018-01-08,10899.09,10918.47,10869.12,10915.75,Yahoo Finance ^TWII
2018-01-09,10922.35,10931.00,10860.77,10914.89,Yahoo Finance ^TWII
2018-01-10,10915.32,10934.75,10819.25,10831.09,Yahoo Finance ^TWII
2018-01-11,10824.54,10844.08,10770.10,10810.06,Yahoo Finance ^TWII
2018-01-12,10818.24,10899.98,10818.24,10883.96,Yahoo Finance ^TWII
2018-01-15,10932.37,10962.55,10911.89,10956.31,Yahoo Finance ^TWII
2018-01-16,10955.81,10986.11,10920.50,10986.11,Yahoo Finance ^TWII
2018-01-17,10976.13,11030.22,10942.95,11004.80,Yahoo Finance ^TWII
2018-01-18,11048.06,11122.82,11048.06,11071.57,Yahoo Finance ^TWII
2018-01-19,11123.58,11150.85,11095.85,11150.85,Yahoo Finance ^TWII
2018-01-22,11169.79,11231.46,11142.38,11231.46,Yahoo Finance ^TWII
2018-01-23,11243.49,11270.18,11201.52,11253.11,Yahoo Finance ^TWII
2018-01-24,11228.71,11228.71,11107.32,11152.16,Yahoo Finance ^TWII
2018-01-25,11154.36,11268.61,11131.85,11165.95,Yahoo Finance ^TWII
2018-01-26,11152.53,11178.30,11089.48,11147.10,Yahoo Finance ^TWII
2018-01-29,11202.27,11246.18,11161.83,11221.81,Yahoo Finance ^TWII
2018-01-30,11189.57,11189.57,11076.78,11076.78,Yahoo Finance ^TWII
2018-01-31,11054.36,11158.29,11007.89,11103.79,Yahoo Finance ^TWII
2018-02-01,11139.40,11212.10,11139.40,11160.25,Yahoo Finance ^TWII
2018-02-02,11151.65,11153.32,11070.43,11126.23,Yahoo Finance ^TWII
2018-02-05,10970.30,10970.30,10855.43,10946.25,Yahoo Finance ^TWII
2018-02-06,10761.01,10761.01,10300.40,10404.00,Yahoo Finance ^TWII
2018-02-07,10547.64,10697.82,10547.64,10551.54,Yahoo Finance ^TWII
2018-02-08,10559.44,10609.50,10512.93,10528.52,Yahoo Finance ^TWII
2018-02-09,10371.01,10392.31,10189.04,10371.75,Yahoo Finance ^TWII
2018-02-12,10429.09,10473.51,10416.01,10421.09,Yahoo Finance ^TWII
2018-02-21,10559.79,10720.48,10559.79,10714.44,Yahoo Finance ^TWII
2018-02-22,10698.47,10698.47,10620.80,10662.38,Yahoo Finance ^TWII
2018-02-23,10688.97,10799.29,10688.97,10794.55,Yahoo Finance ^TWII
2018-02-26,10827.98,10890.69,10827.98,10836.70,Yahoo Finance ^TWII
2018-02-27,10896.16,10937.90,10815.47,10815.47,Yahoo Finance ^TWII
2018-03-01,10779.10,10805.55,10709.69,10785.79,Yahoo Finance ^TWII
2018-03-02,10719.29,10719.29,10638.98,10698.17,Yahoo Finance ^TWII
2018-03-05,10727.45,10756.37,10642.90,10642.90,Yahoo Finance ^TWII
2018-03-06,10711.15,10784.34,10711.15,10784.34,Yahoo Finance ^TWII
2018-03-07,10762.99,10818.05,10745.32,10745.32,Yahoo Finance ^TWII
2018-03-08,10788.43,10852.33,10788.43,10823.24,Yahoo Finance ^TWII
2018-03-09,10847.74,10882.76,10845.38,10864.82,Yahoo Finance ^TWII
2018-03-12,10908.99,11016.56,10908.99,11002.10,Yahoo Finance ^TWII
2018-03-13,11022.15,11095.63,11014.87,11095.63,Yahoo Finance ^TWII
2018-03-14,11063.73,11070.29,11015.47,11038.80,Yahoo Finance ^TWII
2018-03-15,11039.60,11052.11,11008.18,11018.45,Yahoo Finance ^TWII
2018-03-16,11010.24,11054.86,10933.46,11027.70,Yahoo Finance ^TWII
2018-03-19,11004.81,11066.00,10983.25,11046.90,Yahoo Finance ^TWII
2018-03-20,11016.85,11020.78,10981.04,11010.84,Yahoo Finance ^TWII
2018-03-21,11037.35,11072.31,11011.07,11011.07,Yahoo Finance ^TWII
2018-03-22,11045.90,11120.20,10975.33,11005.84,Yahoo Finance ^TWII
2018-03-23,10863.67,10863.67,10758.06,10823.33,Yahoo Finance ^TWII
2018-03-26,10783.57,10840.05,10781.43,10840.05,Yahoo Finance ^TWII
2018-03-27,10901.69,10986.79,10901.69,10986.79,Yahoo Finance ^TWII
2018-03-28,10939.97,10939.97,10853.48,10865.66,Yahoo Finance ^TWII
2018-03-29,10855.66,10889.60,10815.46,10845.92,Yahoo Finance ^TWII
2018-03-30,10905.30,10969.22,10905.30,10906.22,Yahoo Finance ^TWII
2018-03-31,,,,10919.49,011.idv.tw (close only)
2018-04-02,10936.26,10969.88,10882.05,10888.27,Yahoo Finance ^TWII
2018-04-03,10837.54,10837.54,10775.45,10821.53,Yahoo Finance ^TWII
2018-04-09,10880.14,10904.75,10829.02,10893.53,Yahoo Finance ^TWII
2018-04-10,10885.64,10975.67,10874.83,10927.18,Yahoo Finance ^TWII
2018-04-11,10961.70,11016.35,10953.31,10974.02,Yahoo Finance ^TWII
2018-04-12,10984.12,11008.20,10920.62,10955.29,Yahoo Finance ^TWII
2018-04-13,10975.58,10988.23,10938.37,10965.39,Yahoo Finance ^TWII
2018-04-16,10962.36,10974.94,10921.17,10954.55,Yahoo Finance ^TWII
2018-04-17,10953.51,10965.20,10799.07,10810.45,Yahoo Finance ^TWII
2018-04-18,10842.88,10917.60,10809.89,10847.89,Yahoo Finance ^TWII
2018-04-19,10891.66,10983.96,10889.71,10971.22,Yahoo Finance ^TWII
2018-04-20,10802.42,10831.56,10770.05,10779.38,Yahoo Finance ^TWII
2018-04-23,10756.89,10774.73,10687.25,10697.13,Yahoo Finance ^TWII
2018-04-24,10680.38,10692.19,10540.15,10579.50,Yahoo Finance ^TWII
2018-04-25,10541.83,10573.73,10489.20,10559.97,Yahoo Finance ^TWII
2018-04-26,10583.08,10618.68,10478.98,10488.58,Yahoo Finance ^TWII
2018-04-27,10546.29,10573.61,10495.67,10553.43,Yahoo Finance ^TWII
2018-04-30,10553.41,10660.61,10539.63,10657.88,Yahoo Finance ^TWII
2018-05-02,10665.52,10683.90,10601.10,10618.81,Yahoo Finance ^TWII
2018-05-03,10578.98,10578.98,10509.03,10514.18,Yahoo Finance ^TWII
2018-05-04,10516.45,10566.37,10500.97,10529.37,Yahoo Finance ^TWII
2018-05-07,10581.78,10632.62,10555.56,10604.91,Yahoo Finance ^TWII
2018-05-08,10610.44,10691.38,10609.04,10691.38,Yahoo Finance ^TWII
2018-05-09,10692.89,10748.60,10689.81,10703.35,Yahoo Finance ^TWII
2018-05-10,10731.68,10782.06,10731.68,10760.21,Yahoo Finance ^TWII
2018-05-11,10808.40,10874.63,10808.40,10858.98,Yahoo Finance ^TWII
2018-05-14,10938.30,10970.24,10908.86,10952.39,Yahoo Finance ^TWII
2018-05-15,10965.08,10978.38,10874.73,10874.73,Yahoo Finance ^TWII
2018-05-16,10873.54,10915.74,10865.07,10897.57,Yahoo Finance ^TWII
2018-05-17,10911.74,10938.63,10833.81,10833.81,Yahoo Finance ^TWII
2018-05-18,10844.09,10893.35,10819.07,10830.84,Yahoo Finance ^TWII
2018-05-21,10861.66,10979.10,10861.66,10966.20,Yahoo Finance ^TWII
2018-05-22,10986.77,11034.12,10938.73,10938.73,Yahoo Finance ^TWII
2018-05-23,10974.52,10991.86,10886.18,10886.18,Yahoo Finance ^TWII
2018-05-24,10910.61,10942.64,10883.52,10936.93,Yahoo Finance ^TWII
2018-05-25,10946.62,10977.81,10918.12,10942.30,Yahoo Finance ^TWII
2018-05-28,10976.49,10999.43,10965.18,10987.77,Yahoo Finance ^TWII
2018-05-29,10979.68,10986.53,10929.56,10964.12,Yahoo Finance ^TWII
2018-05-30,10925.21,10925.21,10799.75,10821.17,Yahoo Finance ^TWII
2018-05-31,10856.03,10909.61,10853.65,10874.96,Yahoo Finance ^TWII
2018-06-01,10882.68,10954.67,10876.97,10949.08,Yahoo Finance ^TWII
2018-06-04,11002.15,11109.50,11002.15,11109.50,Yahoo Finance ^TWII
2018-06-05,11130.03,11131.08,11054.62,11100.11,Yahoo Finance ^TWII
2018-06-06,11111.14,11207.15,11111.14,11201.83,Yahoo Finance ^TWII
2018-06-07,11228.64,11261.68,11188.99,11251.75,Yahoo Finance ^TWII
2018-06-08,11243.59,11243.59,11122.98,11156.42,Yahoo Finance ^TWII
2018-06-11,11168.99,11186.67,11118.81,11149.23,Yahoo Finance ^TWII
2018-06-12,11140.02,11160.05,11088.53,11144.79,Yahoo Finance ^TWII
2018-06-13,11153.20,11188.01,11119.24,11173.21,Yahoo Finance ^TWII
2018-06-14,11143.04,11143.04,11013.98,11013.98,Yahoo Finance ^TWII
2018-06-15,10998.20,11087.47,10981.61,11087.47,Yahoo Finance ^TWII
2018-06-19,11008.77,11008.77,10904.19,10904.19,Yahoo Finance ^TWII
2018-06-20,10904.80,10969.20,10842.56,10927.44,Yahoo Finance ^TWII
2018-06-21,10949.85,10992.31,10941.07,10941.07,Yahoo Finance ^TWII
2018-06-22,10901.25,10914.83,10828.86,10899.28,Yahoo Finance ^TWII
2018-06-25,10834.07,10851.16,10786.46,10786.46,Yahoo Finance ^TWII
2018-06-26,10730.90,10752.99,10651.42,10742.17,Yahoo Finance ^TWII
2018-06-27,10766.88,10800.34,10701.03,10701.03,Yahoo Finance ^TWII
2018-06-28,10669.42,10723.84,10633.01,10654.28,Yahoo Finance ^TWII
2018-06-29,10667.64,10836.91,10667.64,10836.91,Yahoo Finance ^TWII
2018-07-02,10852.17,10886.20,10777.94,10777.94,Yahoo Finance ^TWII
2018-07-03,10802.88,10873.48,10707.68,10715.72,Yahoo Finance ^TWII
2018-07-04,10714.25,10752.05,10680.44,10721.87,Yahoo Finance ^TWII
2018-07-05,10690.91,10709.80,10585.27,10611.81,Yahoo Finance ^TWII
2018-07-06,10645.66,10665.72,10523.58,10608.57,Yahoo Finance ^TWII
2018-07-09,10638.90,10746.74,10638.90,10720.28,Yahoo Finance ^TWII
2018-07-10,10737.62,10776.47,10728.24,10756.89,Yahoo Finance ^TWII
2018-07-11,10693.64,10693.64,10635.03,10676.84,Yahoo Finance ^TWII
2018-07-12,10644.91,10752.57,10643.65,10738.38,Yahoo Finance ^TWII
2018-07-13,10769.70,10864.54,10769.70,10864.54,Yahoo Finance ^TWII
2018-07-16,10867.97,10890.20,10817.45,10817.45,Yahoo Finance ^TWII
2018-07-17,10802.75,10818.84,10758.83,10778.99,Yahoo Finance ^TWII
2018-07-18,10811.43,10872.74,10788.37,10842.46,Yahoo Finance ^TWII
2018-07-19,10868.56,10896.25,10826.14,10835.38,Yahoo Finance ^TWII
2018-07-20,10932.51,10963.95,10893.73,10932.11,Yahoo Finance ^TWII
2018-07-23,10929.46,10984.84,10901.75,10946.89,Yahoo Finance ^TWII
2018-07-24,10937.77,10995.39,10917.61,10995.39,Yahoo Finance ^TWII
2018-07-25,10957.66,10992.29,10956.00,10965.79,Yahoo Finance ^TWII
2018-07-26,10969.35,11018.19,10966.33,11010.61,Yahoo Finance ^TWII
2018-07-27,11023.07,11075.78,11009.16,11075.78,Yahoo Finance ^TWII
2018-07-30,11072.70,11080.41,11001.15,11033.54,Yahoo Finance ^TWII
2018-07-31,10997.73,11057.51,10976.46,11057.51,Yahoo Finance ^TWII
2018-08-01,11062.36,11100.02,11058.28,11098.13,Yahoo Finance ^TWII
2018-08-02,11095.67,11095.67,10919.13,10929.77,Yahoo Finance ^TWII
2018-08-03,10957.30,11012.43,10957.30,11012.43,Yahoo Finance ^TWII
2018-08-06,10997.26,11054.49,10994.97,11024.10,Yahoo Finance ^TWII
2018-08-07,11024.97,11030.09,10983.44,10983.44,Yahoo Finance ^TWII
2018-08-08,11026.07,11095.50,11026.07,11075.25,Yahoo Finance ^TWII
2018-08-09,11063.62,11063.62,11001.96,11028.07,Yahoo Finance ^TWII
2018-08-10,11009.96,11033.89,10972.25,10983.68,Yahoo Finance ^TWII
2018-08-13,10939.68,10939.68,10693.73,10748.92,Yahoo Finance ^TWII
2018-08-14,10797.95,10829.85,10755.53,10824.23,Yahoo Finance ^TWII
2018-08-15,10827.28,10827.28,10688.59,10716.75,Yahoo Finance ^TWII
2018-08-16,10663.57,10725.71,10606.26,10683.90,Yahoo Finance ^TWII
2018-08-17,10702.60,10757.01,10688.55,10690.96,Yahoo Finance ^TWII
2018-08-20,10698.76,10729.90,10663.44,10699.05,Yahoo Finance ^TWII
2018-08-21,10697.01,10792.20,10697.01,10792.20,Yahoo Finance ^TWII
2018-08-22,10790.24,10828.21,10774.69,10804.20,Yahoo Finance ^TWII
2018-08-23,10817.33,10863.13,10802.79,10863.13,Yahoo Finance ^TWII
2018-08-24,10865.91,10865.91,10770.32,10809.35,Yahoo Finance ^TWII
2018-08-27,10847.17,10916.69,10847.17,10902.21,Yahoo Finance ^TWII
2018-08-28,10946.33,11005.55,10946.33,10989.55,Yahoo Finance ^TWII
2018-08-29,11029.12,11099.57,11029.11,11099.57,Yahoo Finance ^TWII
2018-08-30,11153.97,11186.05,11080.07,11093.75,Yahoo Finance ^TWII
2018-08-31,11037.26,11063.94,10987.68,11063.94,Yahoo Finance ^TWII
2018-09-03,11087.86,11097.11,10952.85,10964.22,Yahoo Finance ^TWII
2018-09-04,10981.39,11028.27,10956.49,11021.38,Yahoo Finance ^TWII
2018-09-05,11042.41,11058.06,10989.93,10995.13,Yahoo Finance ^TWII
2018-09-06,11016.92,11016.92,10905.34,10924.30,Yahoo Finance ^TWII
2018-09-07,10922.55,10922.55,10807.56,10846.99,Yahoo Finance ^TWII
2018-09-10,10869.80,10877.72,10689.29,10725.80,Yahoo Finance ^TWII
2018-09-11,10723.00,10765.42,10669.59,10752.30,Yahoo Finance ^TWII
2018-09-12,10762.91,10779.93,10667.25,10722.57,Yahoo Finance ^TWII
2018-09-13,10726.67,10758.84,10701.25,10727.23,Yahoo Finance ^TWII
2018-09-14,10776.53,10882.04,10770.47,10868.14,Yahoo Finance ^TWII
2018-09-17,10881.78,10883.98,10806.73,10828.61,Yahoo Finance ^TWII
2018-09-18,10794.22,10806.56,10750.81,10760.21,Yahoo Finance ^TWII
2018-09-19,10808.50,10882.75,10808.50,10857.27,Yahoo Finance ^TWII
2018-09-20,10886.19,10908.36,10814.54,10831.41,Yahoo Finance ^TWII
2018-09-21,10857.10,10972.41,10835.84,10972.41,Yahoo Finance ^TWII
2018-09-25,10959.56,11003.49,10941.77,10978.85,Yahoo Finance ^TWII
2018-09-26,10974.08,11007.35,10947.29,10974.19,Yahoo Finance ^TWII
2018-09-27,10973.77,11051.09,10961.27,11034.19,Yahoo Finance ^TWII
2018-09-28,11050.09,11073.95,10966.96,11006.34,Yahoo Finance ^TWII
2018-10-01,11014.19,11062.43,11012.95,11051.80,Yahoo Finance ^TWII
2018-10-02,11048.89,11064.34,10906.42,10919.63,Yahoo Finance ^TWII
2018-10-03,10918.74,10926.73,10839.46,10863.94,Yahoo Finance ^TWII
2018-10-04,10826.19,10826.19,10707.76,10718.91,Yahoo Finance ^TWII
2018-10-05,10665.29,10669.63,10446.94,10517.12,Yahoo Finance ^TWII
2018-10-08,10467.85,10507.83,10403.13,10455.93,Yahoo Finance ^TWII
2018-10-09,10464.39,10503.10,10428.97,10466.83,Yahoo Finance ^TWII
2018-10-11,10272.04,10272.04,9797.93,9806.11,Yahoo Finance ^TWII
2018-10-12,9811.58,10046.01,9740.76,10045.81,Yahoo Finance ^TWII
2018-10-15,9989.63,9989.63,9890.47,9901.12,Yahoo Finance ^TWII
2018-10-16,9891.97,10011.19,9888.73,9981.10,Yahoo Finance ^TWII
2018-10-17,10048.43,10127.01,9978.25,9979.14,Yahoo Finance ^TWII
2018-10-18,9975.46,10019.50,9919.79,9953.73,Yahoo Finance ^TWII
2018-10-19,9879.47,9919.26,9762.91,9919.26,Yahoo Finance ^TWII
2018-10-22,9871.30,9984.15,9822.15,9974.28,Yahoo Finance ^TWII
2018-10-23,9912.28,9912.28,9775.20,9775.20,Yahoo Finance ^TWII
2018-10-24,9774.29,9809.19,9667.85,9759.40,Yahoo Finance ^TWII
2018-10-25,9622.95,9622.95,9475.61,9520.79,Yahoo Finance ^TWII
2018-10-26,9570.19,9629.07,9400.69,9489.18,Yahoo Finance ^TWII
2018-10-29,9515.43,9554.35,9459.12,9516.32,Yahoo Finance ^TWII
2018-10-30,9508.81,9574.83,9481.66,9526.11,Yahoo Finance ^TWII
2018-10-31,9588.86,9802.13,9588.86,9802.13,Yahoo Finance ^TWII
2018-11-01,9812.20,9869.59,9742.61,9844.74,Yahoo Finance ^TWII
2018-11-02,9871.40,9906.59,9817.29,9906.59,Yahoo Finance ^TWII
2018-11-05,9856.85,9889.81,9786.25,9889.81,Yahoo Finance ^TWII
2018-11-06,9888.41,9899.97,9782.86,9824.95,Yahoo Finance ^TWII
2018-11-07,9818.15,9912.53,9817.95,9908.35,Yahoo Finance ^TWII
2018-11-08,9958.47,10014.42,9938.55,9945.31,Yahoo Finance ^TWII
2018-11-09,9921.78,9921.78,9798.45,9830.01,Yahoo Finance ^TWII
2018-11-12,9806.80,9875.84,9764.46,9831.21,Yahoo Finance ^TWII
2018-11-13,9727.17,9777.35,9616.16,9775.84,Yahoo Finance ^TWII
2018-11-14,9799.69,9823.25,9763.89,9791.88,Yahoo Finance ^TWII
2018-11-15,9806.58,9844.39,9755.12,9826.46,Yahoo Finance ^TWII
2018-11-16,9819.05,9851.29,9770.87,9797.09,Yahoo Finance ^TWII
2018-11-19,9795.47,9836.02,9779.40,9828.69,Yahoo Finance ^TWII
2018-11-20,9788.95,9800.03,9726.80,9743.99,Yahoo Finance ^TWII
2018-11-21,9698.52,9753.69,9632.47,9741.52,Yahoo Finance ^TWII
2018-11-22,9769.33,9792.99,9702.77,9714.71,Yahoo Finance ^TWII
2018-11-23,9730.64,9738.80,9654.91,9667.30,Yahoo Finance ^TWII
2018-11-26,9679.98,9847.35,9679.98,9765.36,Yahoo Finance ^TWII
2018-11-27,9728.95,9781.40,9688.74,9778.62,Yahoo Finance ^TWII
2018-11-28,9774.03,9890.89,9767.14,9884.31,Yahoo Finance ^TWII
2018-11-29,9959.87,10001.85,9885.36,9885.36,Yahoo Finance ^TWII
2018-11-30,9899.24,9957.63,9888.03,9888.03,Yahoo Finance ^TWII
2018-12-03,9979.21,10148.75,9979.21,10137.87,Yahoo Finance ^TWII
2018-12-04,10120.43,10126.02,10061.70,10083.54,Yahoo Finance ^TWII
2018-12-05,9971.98,9971.98,9895.29,9916.74,Yahoo Finance ^TWII
2018-12-06,9850.08,9850.08,9664.75,9684.72,Yahoo Finance ^TWII
2018-12-07,9719.46,9785.20,9719.46,9760.88,Yahoo Finance ^TWII
2018-12-10,9722.97,9722.97,9626.47,9647.54,Yahoo Finance ^TWII
2018-12-11,9661.72,9720.96,9661.72,9707.04,Yahoo Finance ^TWII
2018-12-12,9741.45,9835.56,9741.45,9816.45,Yahoo Finance ^TWII
2018-12-13,9827.32,9871.96,9815.50,9858.76,Yahoo Finance ^TWII
2018-12-14,9818.95,9818.95,9718.94,9774.16,Yahoo Finance ^TWII
2018-12-17,9762.49,9826.88,9733.98,9787.53,Yahoo Finance ^TWII
2018-12-18,9756.46,9756.67,9701.10,9718.82,Yahoo Finance ^TWII
2018-12-19,9720.92,9783.21,9720.92,9783.21,Yahoo Finance ^TWII
2018-12-20,9729.29,9741.55,9658.50,9674.52,Yahoo Finance ^TWII
2018-12-21,9648.98,9683.95,9585.32,9676.67,Yahoo Finance ^TWII
2018-12-24,9646.53,9658.95,9613.29,9639.70,Yahoo Finance ^TWII
2018-12-25,9559.70,9559.70,9479.06,9527.09,Yahoo Finance ^TWII
2018-12-26,9544.87,9591.91,9473.30,9478.99,Yahoo Finance ^TWII
2018-12-27,9555.01,9670.97,9555.01,9641.56,Yahoo Finance ^TWII
2018-12-28,9649.97,9727.41,9630.77,9727.41,Yahoo Finance ^TWII
2019-01-02,9725.27,9737.68,9542.52,9554.14,Yahoo Finance ^TWII
2019-01-03,9494.25,9554.53,9474.47,9492.42,Yahoo Finance ^TWII
2019-01-04,9427.24,9427.24,9319.28,9382.51,Yahoo Finance ^TWII
2019-01-07,9460.20,9596.35,9460.20,9590.30,Yahoo Finance ^TWII
2019-01-08,9591.56,9600.94,9547.63,9563.60,Yahoo Finance ^TWII
2019-01-09,9584.63,9741.64,9584.63,9738.31,Yahoo Finance ^TWII
2019-01-10,9731.11,9731.11,9683.20,9720.69,Yahoo Finance ^TWII
2019-01-11,9753.63,9796.98,9736.00,9759.40,Yahoo Finance ^TWII
2019-01-14,9737.67,9762.37,9677.49,9708.22,Yahoo Finance ^TWII
2019-01-15,9701.93,9806.04,9701.93,9806.04,Yahoo Finance ^TWII
2019-01-16,9781.35,9803.99,9763.81,9763.81,Yahoo Finance ^TWII
2019-01-17,9773.31,9826.25,9759.51,9789.15,Yahoo Finance ^TWII
2019-01-18,9781.39,9842.80,9771.15,9836.06,Yahoo Finance ^TWII
2019-01-21,9870.27,9919.94,9870.27,9889.40,Yahoo Finance ^TWII
2019-01-22,9880.54,9894.66,9855.47,9894.66,Yahoo Finance ^TWII
2019-01-23,9869.54,9873.39,9828.03,9846.40,Yahoo Finance ^TWII
2019-01-24,9865.00,9892.82,9847.32,9877.12,Yahoo Finance ^TWII
2019-01-25,9923.39,9980.08,9918.21,9969.61,Yahoo Finance ^TWII
2019-01-28,10006.46,10020.60,9990.07,10013.33,Yahoo Finance ^TWII
2019-01-29,9944.71,9952.34,9893.96,9931.59,Yahoo Finance ^TWII
2019-01-30,9915.97,9959.03,9909.81,9932.26,Yahoo Finance ^TWII
2019-02-11,10029.84,10065.52,9988.83,10004.25,Yahoo Finance ^TWII
2019-02-12,10032.08,10100.23,10032.08,10097.74,Yahoo Finance ^TWII
2019-02-13,10123.61,10140.98,10074.34,10090.58,Yahoo Finance ^TWII
2019-02-14,10095.99,10135.62,10082.00,10089.01,Yahoo Finance ^TWII
2019-02-15,10111.18,10135.16,10055.50,10064.78,Yahoo Finance ^TWII
2019-02-18,10096.94,10165.77,10096.94,10145.28,Yahoo Finance ^TWII
2019-02-19,10152.11,10173.47,10143.15,10152.26,Yahoo Finance ^TWII
2019-02-20,10181.94,10272.46,10181.94,10272.46,Yahoo Finance ^TWII
2019-02-21,10282.32,10319.53,10256.53,10319.53,Yahoo Finance ^TWII
2019-02-22,10309.02,10322.92,10269.95,10322.92,Yahoo Finance ^TWII
2019-02-25,10343.45,10390.93,10343.45,10390.93,Yahoo Finance ^TWII
2019-02-26,10403.03,10416.91,10368.86,10391.55,Yahoo Finance ^TWII
2019-02-27,10385.81,10403.05,10343.56,10389.17,Yahoo Finance ^TWII
2019-03-04,10385.25,10402.39,10313.18,10349.88,Yahoo Finance ^TWII
2019-03-05,10323.25,10334.34,10295.44,10305.26,Yahoo Finance ^TWII
2019-03-06,10328.18,10359.12,10327.90,10357.15,Yahoo Finance ^TWII
2019-03-07,10359.47,10367.98,10299.46,10311.68,Yahoo Finance ^TWII
2019-03-08,10274.28,10274.28,10204.21,10241.75,Yahoo Finance ^TWII
2019-03-11,10224.27,10269.30,10214.02,10250.28,Yahoo Finance ^TWII
2019-03-12,10294.37,10382.12,10294.37,10343.33,Yahoo Finance ^TWII
2019-03-13,10331.27,10373.32,10331.27,10373.32,Yahoo Finance ^TWII
2019-03-14,10391.30,10407.27,10339.64,10348.65,Yahoo Finance ^TWII
2019-03-15,10374.66,10439.24,10370.00,10439.24,Yahoo Finance ^TWII
2019-03-18,10455.19,10512.70,10445.74,10512.70,Yahoo Finance ^TWII
2019-03-19,10497.40,10525.60,10484.69,10512.32,Yahoo Finance ^TWII
2019-03-20,10529.30,10556.81,10506.96,10551.56,Yahoo Finance ^TWII
2019-03-21,10563.93,10612.34,10551.67,10609.55,Yahoo Finance ^TWII
2019-03-22,10642.57,10667.94,10589.47,10639.07,Yahoo Finance ^TWII
2019-03-25,10535.12,10535.12,10458.79,10479.48,Yahoo Finance ^TWII
2019-03-26,10506.68,10559.20,10506.68,10559.20,Yahoo Finance ^TWII
2019-03-27,10542.68,10556.75,10515.86,10542.70,Yahoo Finance ^TWII
2019-03-28,10529.02,10536.26,10499.29,10536.26,Yahoo Finance ^TWII
2019-03-29,10551.99,10641.04,10525.27,10641.04,Yahoo Finance ^TWII
2019-04-01,10714.68,10735.07,10627.01,10642.63,Yahoo Finance ^TWII
2019-04-02,10695.47,10728.38,10685.10,10690.30,Yahoo Finance ^TWII
2019-04-03,10725.17,10741.56,10690.23,10704.38,Yahoo Finance ^TWII
2019-04-08,10759.96,10807.05,10759.96,10800.57,Yahoo Finance ^TWII
2019-04-09,10805.39,10851.60,10793.77,10851.60,Yahoo Finance ^TWII
2019-04-10,10839.93,10875.65,10815.61,10868.14,Yahoo Finance ^TWII
2019-04-11,10869.24,10887.12,10797.76,10808.77,Yahoo Finance ^TWII
2019-04-12,10820.94,10836.44,10782.02,10805.30,Yahoo Finance ^TWII
2019-04-15,10849.84,10897.21,10849.55,10875.60,Yahoo Finance ^TWII
2019-04-16,10905.63,10927.85,10876.34,10927.85,Yahoo Finance ^TWII
2019-04-17,10961.61,11016.92,10961.61,10997.26,Yahoo Finance ^TWII
2019-04-18,11038.24,11077.99,10926.85,10962.02,Yahoo Finance ^TWII
2019-04-19,11017.69,11045.08,10950.43,10968.50,Yahoo Finance ^TWII
2019-04-22,10994.52,11027.49,10974.82,10987.71,Yahoo Finance ^TWII
2019-04-23,10994.28,11025.68,10949.30,11025.68,Yahoo Finance ^TWII
2019-04-24,11054.02,11070.85,10995.83,11027.64,Yahoo Finance ^TWII
2019-04-25,11017.73,11046.77,11006.68,11039.86,Yahoo Finance ^TWII
2019-04-26,10986.53,10986.53,10906.44,10952.47,Yahoo Finance ^TWII
2019-04-29,10952.91,10992.55,10905.78,10939.06,Yahoo Finance ^TWII
2019-04-30,10945.94,10978.10,10910.78,10967.73,Yahoo Finance ^TWII
2019-05-02,10992.76,11046.64,10988.70,11004.49,Yahoo Finance ^TWII
2019-05-03,11037.99,11097.00,11018.86,11096.30,Yahoo Finance ^TWII
2019-05-06,11005.36,11005.36,10870.40,10897.12,Yahoo Finance ^TWII
2019-05-07,10913.95,11004.76,10913.95,10987.14,Yahoo Finance ^TWII
2019-05-08,10938.47,10946.82,10867.06,10923.71,Yahoo Finance ^TWII
2019-05-09,10910.47,10910.47,10732.97,10733.67,Yahoo Finance ^TWII
2019-05-10,10751.55,10834.69,10669.39,10712.99,Yahoo Finance ^TWII
2019-05-13,10684.04,10693.44,10549.06,10558.29,Yahoo Finance ^TWII
2019-05-14,10480.21,10544.97,10363.02,10519.25,Yahoo Finance ^TWII
2019-05-15,10535.24,10612.50,10535.24,10560.71,Yahoo Finance ^TWII
2019-05-16,10556.58,10573.93,10474.61,10474.61,Yahoo Finance ^TWII
2019-05-17,10508.56,10564.97,10384.11,10384.11,Yahoo Finance ^TWII
2019-05-20,10405.36,10465.84,10385.18,10398.41,Yahoo Finance ^TWII
2019-05-21,10362.35,10477.20,10342.32,10464.50,Yahoo Finance ^TWII
2019-05-22,10481.10,10520.62,10453.50,10457.22,Yahoo Finance ^TWII
2019-05-23,10404.00,10404.00,10289.69,10308.37,Yahoo Finance ^TWII
2019-05-24,10313.15,10370.97,10308.59,10328.28,Yahoo Finance ^TWII
2019-05-27,10344.18,10365.44,10305.28,10334.13,Yahoo Finance ^TWII
2019-05-28,10348.58,10361.61,10312.31,10312.31,Yahoo Finance ^TWII
2019-05-29,10277.35,10307.75,10227.44,10301.78,Yahoo Finance ^TWII
2019-05-30,10307.12,10384.36,10306.03,10382.99,Yahoo Finance ^TWII
2019-05-31,10386.12,10515.10,10369.02,10498.49,Yahoo Finance ^TWII
2019-06-03,10482.45,10511.20,10383.51,10500.07,Yahoo Finance ^TWII
2019-06-04,10499.51,10518.33,10421.81,10429.12,Yahoo Finance ^TWII
2019-06-05,10497.50,10541.29,10446.51,10461.62,Yahoo Finance ^TWII
2019-06-06,10409.90,10429.33,10371.08,10409.20,Yahoo Finance ^TWII
2019-06-10,10486.23,10566.47,10466.24,10566.47,Yahoo Finance ^TWII
2019-06-11,10567.54,10637.90,10548.06,10607.76,Yahoo Finance ^TWII
2019-06-12,10605.75,10630.69,10566.37,10615.66,Yahoo Finance ^TWII
2019-06-13,10582.19,10617.06,10539.49,10561.01,Yahoo Finance ^TWII
2019-06-14,10546.42,10568.92,10517.82,10524.67,Yahoo Finance ^TWII
2019-06-17,10488.70,10562.97,10474.19,10530.54,Yahoo Finance ^TWII
2019-06-18,10547.15,10573.77,10521.70,10566.74,Yahoo Finance ^TWII
2019-06-19,10650.48,10778.64,10650.48,10775.34,Yahoo Finance ^TWII
2019-06-20,10749.41,10799.14,10745.25,10785.01,Yahoo Finance ^TWII
2019-06-21,10817.71,10840.29,10773.47,10803.77,Yahoo Finance ^TWII
2019-06-24,10734.25,10786.33,10695.49,10779.45,Yahoo Finance ^TWII
2019-06-25,10777.18,10787.62,10693.04,10706.72,Yahoo Finance ^TWII
2019-06-26,10661.39,10690.98,10645.37,10652.55,Yahoo Finance ^TWII
2019-06-27,10674.20,10800.29,10674.20,10773.90,Yahoo Finance ^TWII
2019-06-28,10786.66,10788.08,10719.08,10730.83,Yahoo Finance ^TWII
2019-07-01,10821.30,10914.85,10821.30,10895.46,Yahoo Finance ^TWII
2019-07-02,10878.01,10888.21,10843.64,10865.12,Yahoo Finance ^TWII
2019-07-03,10793.10,10812.65,10720.66,10743.77,Yahoo Finance ^TWII
2019-07-04,10755.87,10791.28,10750.90,10775.90,Yahoo Finance ^TWII
2019-07-05,10785.85,10812.38,10756.67,10785.73,Yahoo Finance ^TWII
2019-07-08,10742.81,10781.11,10708.92,10751.22,Yahoo Finance ^TWII
2019-07-09,10729.83,10733.57,10680.85,10702.78,Yahoo Finance ^TWII
2019-07-10,10723.23,10810.16,10723.23,10798.48,Yahoo Finance ^TWII
2019-07-11,10817.60,10856.51,10799.65,10843.42,Yahoo Finance ^TWII
2019-07-12,10855.16,10867.59,10823.89,10824.35,Yahoo Finance ^TWII
2019-07-15,10819.92,10880.56,10769.57,10876.43,Yahoo Finance ^TWII
2019-07-16,10865.00,10899.84,10865.00,10886.05,Yahoo Finance ^TWII
2019-07-17,10861.11,10861.11,10804.34,10828.48,Yahoo Finance ^TWII
2019-07-18,10821.92,10835.43,10792.27,10799.28,Yahoo Finance ^TWII
2019-07-19,10861.99,10919.96,10861.99,10873.19,Yahoo Finance ^TWII
2019-07-22,10910.50,10949.76,10909.15,10944.53,Yahoo Finance ^TWII
2019-07-23,10963.86,10994.44,10932.53,10947.26,Yahoo Finance ^TWII
2019-07-24,10969.74,10976.46,10912.92,10935.76,Yahoo Finance ^TWII
2019-07-25,10892.25,10945.92,10879.40,10941.41,Yahoo Finance ^TWII
2019-07-26,10898.25,10907.44,10879.24,10891.98,Yahoo Finance ^TWII
2019-07-29,10872.63,10905.74,10863.33,10885.73,Yahoo Finance ^TWII
2019-07-30,10909.98,10927.16,10827.74,10830.90,Yahoo Finance ^TWII
2019-07-31,10824.15,10835.80,10754.07,10823.81,Yahoo Finance ^TWII
2019-08-01,10773.06,10773.25,10714.73,10731.75,Yahoo Finance ^TWII
2019-08-02,10641.28,10641.28,10524.68,10549.04,Yahoo Finance ^TWII
2019-08-05,10528.87,10542.49,10418.25,10423.41,Yahoo Finance ^TWII
2019-08-06,10304.88,10425.60,10180.04,10394.75,Yahoo Finance ^TWII
2019-08-07,10422.89,10461.37,10366.54,10386.18,Yahoo Finance ^TWII
2019-08-08,10383.62,10500.77,10383.62,10494.49,Yahoo Finance ^TWII
2019-08-12,10491.79,10514.05,10440.77,10472.36,Yahoo Finance ^TWII
2019-08-13,10436.62,10436.62,10361.89,10362.66,Yahoo Finance ^TWII
2019-08-14,10444.50,10518.02,10427.73,10427.73,Yahoo Finance ^TWII
2019-08-15,10374.75,10374.75,10287.76,10327.13,Yahoo Finance ^TWII
2019-08-16,10345.42,10456.32,10318.37,10420.89,Yahoo Finance ^TWII
2019-08-19,10449.39,10516.05,10449.39,10488.75,Yahoo Finance ^TWII
2019-08-20,10508.42,10538.12,10497.13,10522.50,Yahoo Finance ^TWII
2019-08-21,10526.87,10545.25,10504.49,10525.80,Yahoo Finance ^TWII
2019-08-22,10560.01,10596.41,10515.72,10529.78,Yahoo Finance ^TWII
2019-08-23,10526.15,10541.73,10503.07,10538.11,Yahoo Finance ^TWII
2019-08-26,10453.40,10453.40,10340.15,10354.57,Yahoo Finance ^TWII
2019-08-27,10386.21,10431.78,10368.96,10387.23,Yahoo Finance ^TWII
2019-08-28,10397.60,10456.30,10397.60,10434.29,Yahoo Finance ^TWII
2019-08-29,10440.15,10466.99,10406.49,10462.43,Yahoo Finance ^TWII
2019-08-30,10504.28,10618.05,10504.28,10618.05,Yahoo Finance ^TWII
2019-09-02,10613.19,10634.85,10589.42,10634.85,Yahoo Finance ^TWII
2019-09-03,10629.22,10650.15,10557.03,10558.21,Yahoo Finance ^TWII
2019-09-04,10566.32,10670.43,10566.32,10657.31,Yahoo Finance ^TWII
2019-09-05,10718.40,10766.60,10714.27,10756.93,Yahoo Finance ^TWII
2019-09-06,10783.46,10803.07,10753.45,10780.64,Yahoo Finance ^TWII
2019-09-09,,,,10801.14,011.idv.tw (close only)
2019-09-10,10791.95,10810.03,10732.78,10753.58,Yahoo Finance ^TWII
2019-09-11,10787.65,10815.59,10746.87,10790.35,Yahoo Finance ^TWII
2019-09-12,10830.25,10862.68,10804.02,10827.55,Yahoo Finance ^TWII
2019-09-16,10822.69,10898.13,10822.69,10898.13,Yahoo Finance ^TWII
2019-09-17,10908.85,10912.23,10866.43,10874.50,Yahoo Finance ^TWII
2019-09-18,10887.42,10971.54,10878.34,10929.45,Yahoo Finance ^TWII
2019-09-19,10947.62,10954.18,10874.66,10894.70,Yahoo Finance ^TWII
2019-09-20,10908.10,10931.76,10903.45,10929.69,Yahoo Finance ^TWII
2019-09-23,10924.81,10948.19,10905.92,10919.02,Yahoo Finance ^TWII
2019-09-24,10917.44,10947.53,10886.62,10918.01,Yahoo Finance ^TWII
2019-09-25,10885.67,10885.67,10825.85,10873.69,Yahoo Finance ^TWII
2019-09-26,10909.57,10934.91,10856.96,10871.99,Yahoo Finance ^TWII
2019-09-27,10904.00,10921.17,10827.61,10829.68,Yahoo Finance ^TWII
2019-10-01,10855.60,10967.65,10855.60,10967.65,Yahoo Finance ^TWII
2019-10-02,10945.92,10965.20,10927.39,10947.88,Yahoo Finance ^TWII
2019-10-03,10866.50,10888.40,10809.28,10875.91,Yahoo Finance ^TWII
2019-10-04,10907.69,10941.49,10854.12,10894.48,Yahoo Finance ^TWII
2019-10-07,10932.24,10954.45,10919.43,10935.06,Yahoo Finance ^TWII
2019-10-08,10986.01,11020.51,10986.01,11017.31,Yahoo Finance ^TWII
2019-10-09,10976.93,10989.39,10889.96,10889.96,Yahoo Finance ^TWII
2019-10-14,11004.74,11085.49,11004.74,11066.95,Yahoo Finance ^TWII
2019-10-15,11103.50,11126.45,11091.29,11111.80,Yahoo Finance ^TWII
2019-10-16,11166.17,11180.11,11113.18,11162.83,Yahoo Finance ^TWII
2019-10-17,11156.14,11186.88,11131.45,11186.88,Yahoo Finance ^TWII
2019-10-18,11190.21,11237.38,11154.86,11180.22,Yahoo Finance ^TWII
2019-10-21,11166.24,11188.13,11147.86,11184.15,Yahoo Finance ^TWII
2019-10-22,11221.19,11271.25,11218.25,11271.25,Yahoo Finance ^TWII
2019-10-23,11266.18,11281.12,11209.10,11239.67,Yahoo Finance ^TWII
2019-10-24,11266.84,11320.14,11254.59,11320.14,Yahoo Finance ^TWII
2019-10-25,11336.64,11347.18,11281.37,11296.12,Yahoo Finance ^TWII
2019-10-28,11321.99,11341.03,11295.44,11315.02,Yahoo Finance ^TWII
2019-10-29,11347.39,11373.95,11292.83,11333.87,Yahoo Finance ^TWII
2019-10-30,11336.97,11380.28,11306.95,11380.28,Yahoo Finance ^TWII
2019-10-31,11393.68,11428.42,11358.71,11358.71,Yahoo Finance ^TWII
2019-11-01,11373.70,11399.53,11335.51,11399.53,Yahoo Finance ^TWII
2019-11-04,11451.72,11559.07,11451.72,11556.85,Yahoo Finance ^TWII
2019-11-05,11576.18,11644.03,11576.18,11644.03,Yahoo Finance ^TWII
2019-11-06,11645.08,11668.20,11601.70,11653.07,Yahoo Finance ^TWII
2019-11-07,11642.91,11647.47,11552.08,11606.56,Yahoo Finance ^TWII
2019-11-08,11620.89,11642.41,11561.31,11579.54,Yahoo Finance ^TWII
2019-11-11,11570.33,11570.33,11409.83,11427.28,Yahoo Finance ^TWII
2019-11-12,11463.33,11520.37,11459.68,11520.37,Yahoo Finance ^TWII
2019-11-13,11483.24,11509.37,11439.09,11467.83,Yahoo Finance ^TWII
2019-11-14,11488.74,11498.25,11424.77,11450.42,Yahoo Finance ^TWII
2019-11-15,11485.46,11552.25,11485.46,11525.60,Yahoo Finance ^TWII
2019-11-18,11543.80,11599.78,11532.97,11599.78,Yahoo Finance ^TWII
2019-11-19,11608.48,11656.40,11576.79,11656.40,Yahoo Finance ^TWII
2019-11-20,11645.73,11649.07,11591.73,11631.20,Yahoo Finance ^TWII
2019-11-21,11573.84,11573.84,11478.43,11558.27,Yahoo Finance ^TWII
2019-11-22,11556.75,11577.02,11534.15,11566.80,Yahoo Finance ^TWII
2019-11-25,11590.81,11604.75,11559.33,11561.58,Yahoo Finance ^TWII
2019-11-26,11608.37,11642.96,11576.82,11576.82,Yahoo Finance ^TWII
2019-11-27,11590.81,11651.73,11590.81,11647.46,Yahoo Finance ^TWII
2019-11-28,11641.70,11654.06,11604.68,11617.08,Yahoo Finance ^TWII
2019-11-29,11616.88,11623.59,11485.16,11489.57,Yahoo Finance ^TWII
2019-12-02,11509.94,11524.85,11454.38,11502.83,Yahoo Finance ^TWII
2019-12-03,11473.32,11531.58,11460.06,11531.58,Yahoo Finance ^TWII
2019-12-04,11511.82,11513.83,11457.43,11510.47,Yahoo Finance ^TWII
2019-12-05,11546.75,11604.39,11546.75,11594.65,Yahoo Finance ^TWII
2019-12-06,11639.80,11657.65,11577.83,11609.64,Yahoo Finance ^TWII
2019-12-09,11635.47,11678.36,11631.03,11660.77,Yahoo Finance ^TWII
2019-12-10,11647.78,11649.73,11607.26,11627.84,Yahoo Finance ^TWII
2019-12-11,11635.07,11700.77,11622.58,11700.77,Yahoo Finance ^TWII
2019-12-12,11766.98,11875.98,11766.98,11836.42,Yahoo Finance ^TWII
2019-12-13,11937.90,11990.78,11913.02,11927.73,Yahoo Finance ^TWII
2019-12-16,11915.61,11975.73,11915.61,11939.77,Yahoo Finance ^TWII
2019-12-17,11939.62,12097.01,11939.62,12097.01,Yahoo Finance ^TWII
2019-12-18,12061.10,12125.90,12059.92,12122.45,Yahoo Finance ^TWII
2019-12-19,12082.98,12111.77,12008.16,12018.90,Yahoo Finance ^TWII
2019-12-20,12001.56,12028.22,11937.45,11959.08,Yahoo Finance ^TWII
2019-12-23,11969.14,12022.23,11960.21,12022.23,Yahoo Finance ^TWII
2019-12-24,12023.79,12027.60,11976.38,11976.38,Yahoo Finance ^TWII
2019-12-25,11978.94,12032.37,11973.95,12008.13,Yahoo Finance ^TWII
2019-12-26,12018.38,12030.66,11982.64,12001.01,Yahoo Finance ^TWII
2019-12-27,12032.72,12093.02,12032.72,12091.59,Yahoo Finance ^TWII
2019-12-30,12094.81,12114.89,12046.22,12053.37,Yahoo Finance ^TWII
2019-12-31,12019.19,12047.75,11997.14,11997.14,Yahoo Finance ^TWII
2020-01-02,12026.50,12110.74,12026.23,12100.48,Yahoo Finance ^TWII
2020-01-03,12167.44,12197.64,12023.60,12110.43,Yahoo Finance ^TWII
2020-01-06,12035.71,12040.08,11953.36,11953.36,Yahoo Finance ^TWII
2020-01-07,11961.97,11986.03,11822.40,11880.32,Yahoo Finance ^TWII
2020-01-08,11818.76,11899.67,11777.45,11817.10,Yahoo Finance ^TWII
2020-01-09,11889.46,11992.55,11889.46,11970.63,Yahoo Finance ^TWII
2020-01-10,12009.27,12038.21,11959.06,12024.65,Yahoo Finance ^TWII
2020-01-13,12069.61,12113.42,12037.24,12113.42,Yahoo Finance ^TWII
2020-01-14,12161.73,12186.62,12140.27,12179.81,Yahoo Finance ^TWII
2020-01-15,12169.92,12169.92,12048.01,12091.88,Yahoo Finance ^TWII
2020-01-16,12006.08,12075.54,12006.08,12066.93,Yahoo Finance ^TWII
2020-01-17,12080.72,12117.55,12055.91,12090.29,Yahoo Finance ^TWII
2020-01-20,12107.56,12151.42,12101.55,12118.71,Yahoo Finance ^TWII
2020-01-30,11933.23,11933.23,11418.22,11421.74,Yahoo Finance ^TWII
2020-01-31,11494.03,11594.21,11436.95,11495.10,Yahoo Finance ^TWII
2020-02-03,11365.90,11365.90,11138.03,11354.92,Yahoo Finance ^TWII
2020-02-04,11399.46,11581.36,11393.03,11555.92,Yahoo Finance ^TWII
2020-02-05,11601.55,11620.42,11512.71,11573.62,Yahoo Finance ^TWII
2020-02-06,11605.11,11749.68,11605.11,11749.68,Yahoo Finance ^TWII
2020-02-07,11712.71,11712.71,11592.09,11612.81,Yahoo Finance ^TWII
2020-02-10,11514.72,11598.03,11423.34,11574.07,Yahoo Finance ^TWII
2020-02-11,11614.25,11678.58,11614.25,11664.04,Yahoo Finance ^TWII
2020-02-12,11693.40,11801.52,11693.40,11774.19,Yahoo Finance ^TWII
2020-02-13,11813.50,11854.98,11784.94,11791.78,Yahoo Finance ^TWII
2020-02-14,11806.52,11840.79,11788.87,11815.70,Yahoo Finance ^TWII
2020-02-17,11770.30,11775.56,11724.82,11763.51,Yahoo Finance ^TWII
2020-02-18,11700.91,11717.10,11642.95,11648.98,Yahoo Finance ^TWII
2020-02-19,11655.37,11783.43,11654.16,11758.84,Yahoo Finance ^TWII
2020-02-20,11785.78,11827.83,11714.15,11725.09,Yahoo Finance ^TWII
2020-02-21,11721.16,11755.17,11661.63,11686.35,Yahoo Finance ^TWII
2020-02-24,11615.28,11615.28,11512.08,11534.87,Yahoo Finance ^TWII
2020-02-25,11506.74,11567.09,11415.47,11540.23,Yahoo Finance ^TWII
2020-02-26,11468.60,11494.22,11408.06,11433.62,Yahoo Finance ^TWII
2020-02-27,11436.96,11470.23,11274.52,11292.17,Yahoo Finance ^TWII
2020-03-02,11184.66,11282.05,11049.85,11170.46,Yahoo Finance ^TWII
2020-03-03,11279.86,11390.24,11279.86,11327.72,Yahoo Finance ^TWII
2020-03-04,11368.25,11392.35,11297.81,11392.35,Yahoo Finance ^TWII
2020-03-05,11454.65,11525.32,11454.65,11514.82,Yahoo Finance ^TWII
2020-03-06,11471.36,11471.36,11310.32,11321.81,Yahoo Finance ^TWII
2020-03-09,11221.76,11221.76,10977.64,10977.64,Yahoo Finance ^TWII
2020-03-10,10907.62,11032.47,10830.22,11003.54,Yahoo Finance ^TWII
2020-03-11,11022.82,11088.23,10885.91,10893.75,Yahoo Finance ^TWII
2020-03-12,10845.39,10845.39,10359.67,10422.32,Yahoo Finance ^TWII
2020-03-13,10091.03,10171.20,9636.15,10128.87,Yahoo Finance ^TWII
2020-03-16,10069.42,10130.80,9717.77,9717.77,Yahoo Finance ^TWII
2020-03-17,9538.64,9677.07,9371.35,9439.63,Yahoo Finance ^TWII
2020-03-18,9453.98,9509.61,9218.67,9218.67,Yahoo Finance ^TWII
2020-03-19,9085.28,9085.28,8523.63,8681.34,Yahoo Finance ^TWII
2020-03-20,8816.86,9264.42,8816.86,9234.09,Yahoo Finance ^TWII
2020-03-23,9025.55,9029.52,8750.14,8890.03,Yahoo Finance ^TWII
2020-03-24,9083.78,9415.64,9083.78,9285.62,Yahoo Finance ^TWII
2020-03-25,9426.43,9722.37,9426.43,9644.75,Yahoo Finance ^TWII
2020-03-26,9667.14,9739.73,9565.02,9736.36,Yahoo Finance ^TWII
2020-03-27,9807.90,9954.86,9691.14,9698.92,Yahoo Finance ^TWII
2020-03-30,9571.22,9655.70,9415.52,9629.43,Yahoo Finance ^TWII
2020-03-31,9689.62,9789.81,9630.30,9708.06,Yahoo Finance ^TWII
2020-04-01,9726.20,9736.00,9663.63,9663.63,Yahoo Finance ^TWII
2020-04-06,9707.75,9818.74,9651.52,9818.74,Yahoo Finance ^TWII
2020-04-07,9928.16,10039.15,9928.16,9996.39,Yahoo Finance ^TWII
2020-04-08,10010.64,10149.76,9984.66,10137.47,Yahoo Finance ^TWII
2020-04-09,10173.26,10246.84,10092.36,10119.43,Yahoo Finance ^TWII
2020-04-10,10105.43,10165.12,10103.77,10157.61,Yahoo Finance ^TWII
2020-04-13,10147.56,10179.40,10080.65,10099.22,Yahoo Finance ^TWII
2020-04-14,10130.65,10344.13,10130.65,10332.94,Yahoo Finance ^TWII
2020-04-15,10366.77,10461.84,10366.77,10447.21,Yahoo Finance ^TWII
2020-04-16,10385.78,10425.29,10317.13,10375.48,Yahoo Finance ^TWII
2020-04-17,10554.55,10710.15,10552.58,10597.04,Yahoo Finance ^TWII
2020-04-20,10612.45,10637.64,10542.96,10586.71,Yahoo Finance ^TWII
2020-04-21,10544.80,10544.80,10278.95,10288.42,Yahoo Finance ^TWII
2020-04-22,10256.11,10310.85,10140.09,10307.74,Yahoo Finance ^TWII
2020-04-23,10370.13,10462.70,10294.88,10366.51,Yahoo Finance ^TWII
2020-04-24,10367.97,10386.93,10324.20,10347.36,Yahoo Finance ^TWII
2020-04-27,10407.49,10578.96,10407.49,10567.27,Yahoo Finance ^TWII
2020-04-28,10580.25,10620.52,10537.71,10616.06,Yahoo Finance ^TWII
2020-04-29,10656.40,10794.83,10656.40,10772.22,Yahoo Finance ^TWII
2020-04-30,10826.26,11012.78,10826.26,10992.14,Yahoo Finance ^TWII
2020-05-04,10781.51,10781.51,10658.50,10720.48,Yahoo Finance ^TWII
2020-05-05,10756.95,10833.53,10735.01,10774.61,Yahoo Finance ^TWII
2020-05-06,10771.09,10828.73,10708.10,10774.98,Yahoo Finance ^TWII
2020-05-07,10778.53,10890.87,10775.16,10842.92,Yahoo Finance ^TWII
2020-05-08,10883.22,10970.70,10883.22,10901.42,Yahoo Finance ^TWII
2020-05-11,10942.18,11039.11,10942.18,11013.26,Yahoo Finance ^TWII
2020-05-12,10974.51,10974.51,10854.51,10879.47,Yahoo Finance ^TWII
2020-05-13,10861.01,10938.27,10828.93,10938.27,Yahoo Finance ^TWII
2020-05-14,10894.17,10894.17,10777.46,10780.88,Yahoo Finance ^TWII
2020-05-15,10833.16,10904.01,10730.55,10814.92,Yahoo Finance ^TWII
2020-05-18,10753.21,10812.87,10730.70,10740.55,Yahoo Finance ^TWII
2020-05-19,10812.79,10924.79,10812.79,10860.44,Yahoo Finance ^TWII
2020-05-20,10892.76,10933.98,10860.15,10907.80,Yahoo Finance ^TWII
2020-05-21,10933.21,11021.66,10933.21,11008.31,Yahoo Finance ^TWII
2020-05-22,10977.55,10977.55,10804.56,10811.15,Yahoo Finance ^TWII
2020-05-25,10812.94,10874.54,10719.25,10871.18,Yahoo Finance ^TWII
2020-05-26,10903.32,11046.22,10903.32,10997.21,Yahoo Finance ^TWII
2020-05-27,11023.93,11069.72,10972.25,11014.66,Yahoo Finance ^TWII
2020-05-28,11040.62,11087.53,10915.30,10944.19,Yahoo Finance ^TWII
2020-05-29,10921.16,10965.03,10861.90,10942.16,Yahoo Finance ^TWII
2020-06-01,10971.40,11109.29,10971.40,11079.02,Yahoo Finance ^TWII
2020-06-02,11109.27,11170.49,11102.97,11127.93,Yahoo Finance ^TWII
2020-06-03,11182.52,11330.52,11182.52,11320.16,Yahoo Finance ^TWII
2020-06-04,11373.94,11425.42,11341.58,11393.23,Yahoo Finance ^TWII
2020-06-05,11418.01,11482.36,11411.94,11479.40,Yahoo Finance ^TWII
2020-06-08,11539.00,11631.89,11528.44,11610.32,Yahoo Finance ^TWII
2020-06-09,11600.61,11640.45,11537.38,11637.11,Yahoo Finance ^TWII
2020-06-10,11635.99,11740.90,11621.02,11720.16,Yahoo Finance ^TWII
2020-06-11,11738.49,11771.12,11516.59,11535.77,Yahoo Finance ^TWII
2020-06-12,11406.54,11442.30,11244.64,11429.94,Yahoo Finance ^TWII
2020-06-15,11436.28,11469.84,11299.45,11306.26,Yahoo Finance ^TWII
2020-06-16,11380.67,11542.25,11380.67,11511.64,Yahoo Finance ^TWII
2020-06-17,11525.50,11550.32,11482.32,11534.59,Yahoo Finance ^TWII
2020-06-18,11534.20,11567.42,11485.39,11548.33,Yahoo Finance ^TWII
2020-06-19,11557.27,11584.88,11542.37,11549.86,Yahoo Finance ^TWII
2020-06-22,11553.91,11632.88,11553.91,11572.93,Yahoo Finance ^TWII
2020-06-23,11618.42,11679.40,11530.85,11612.36,Yahoo Finance ^TWII
2020-06-24,11647.86,11701.23,11637.79,11660.67,Yahoo Finance ^TWII
2020-06-29,11608.80,11608.80,11500.65,11542.62,Yahoo Finance ^TWII
2020-06-30,11563.60,11638.00,11563.60,11621.24,Yahoo Finance ^TWII
2020-07-01,11622.64,11736.39,11622.64,11703.42,Yahoo Finance ^TWII
2020-07-02,11694.10,11805.21,11690.95,11805.14,Yahoo Finance ^TWII
2020-07-03,11857.90,11933.59,11857.90,11909.16,Yahoo Finance ^TWII
2020-07-06,11941.84,12116.70,11941.84,12116.70,Yahoo Finance ^TWII
2020-07-07,12176.79,12249.95,12028.57,12092.97,Yahoo Finance ^TWII
2020-07-08,12086.13,12190.27,12083.84,12170.19,Yahoo Finance ^TWII
2020-07-09,12222.90,12273.43,12181.34,12192.69,Yahoo Finance ^TWII
2020-07-10,12250.44,12253.58,12030.20,12073.68,Yahoo Finance ^TWII
2020-07-13,12109.61,12216.24,12109.61,12211.56,Yahoo Finance ^TWII
2020-07-14,12202.89,12228.31,12143.91,12209.01,Yahoo Finance ^TWII
2020-07-15,12233.99,12320.48,12162.52,12202.85,Yahoo Finance ^TWII
2020-07-16,12173.04,12220.93,12107.04,12157.74,Yahoo Finance ^TWII
2020-07-17,12195.72,12266.93,12144.62,12181.56,Yahoo Finance ^TWII
2020-07-20,12205.25,12221.33,12065.80,12174.54,Yahoo Finance ^TWII
2020-07-21,12242.32,12450.16,12242.32,12397.55,Yahoo Finance ^TWII
2020-07-22,12389.76,12486.95,12389.40,12473.27,Yahoo Finance ^TWII
2020-07-23,12423.02,12429.76,12347.86,12413.04,Yahoo Finance ^TWII
2020-07-24,12467.43,12502.84,12266.55,12304.04,Yahoo Finance ^TWII
2020-07-27,12618.69,12686.36,12586.91,12588.30,Yahoo Finance ^TWII
2020-07-28,12951.72,13031.70,12533.19,12586.73,Yahoo Finance ^TWII
2020-07-29,12530.74,12660.87,12488.01,12540.97,Yahoo Finance ^TWII
2020-07-30,12691.86,12769.47,12616.83,12722.92,Yahoo Finance ^TWII
2020-07-31,12653.46,12733.48,12635.71,12664.80,Yahoo Finance ^TWII
2020-08-03,12642.73,12673.02,12506.59,12513.03,Yahoo Finance ^TWII
2020-08-04,12577.88,12709.92,12577.88,12709.92,Yahoo Finance ^TWII
2020-08-05,12762.34,12816.39,12739.99,12802.30,Yahoo Finance ^TWII
2020-08-06,12894.24,12971.87,12851.20,12913.50,Yahoo Finance ^TWII
2020-08-07,12901.43,12912.63,12791.18,12828.87,Yahoo Finance ^TWII
2020-08-10,12786.80,12933.16,12786.80,12894.00,Yahoo Finance ^TWII
2020-08-11,12856.46,12906.01,12780.19,12780.19,Yahoo Finance ^TWII
2020-08-12,12713.63,12730.96,12625.54,12670.35,Yahoo Finance ^TWII
2020-08-13,12758.87,12812.80,12717.13,12763.13,Yahoo Finance ^TWII
2020-08-14,12709.97,12801.31,12679.19,12795.46,Yahoo Finance ^TWII
2020-08-17,12813.94,12956.11,12800.69,12956.11,Yahoo Finance ^TWII
2020-08-18,12974.96,12981.58,12840.25,12872.14,Yahoo Finance ^TWII
2020-08-19,12904.84,12950.11,12778.64,12778.64,Yahoo Finance ^TWII
2020-08-20,12764.75,12764.75,12144.76,12362.64,Yahoo Finance ^TWII
2020-08-21,12462.52,12638.65,12462.52,12607.84,Yahoo Finance ^TWII
2020-08-24,12629.78,12702.94,12567.95,12647.13,Yahoo Finance ^TWII
2020-08-25,12706.40,12814.56,12698.85,12758.25,Yahoo Finance ^TWII
2020-08-26,12768.96,12833.29,12734.69,12833.29,Yahoo Finance ^TWII
2020-08-27,12888.65,12960.68,12786.45,12797.31,Yahoo Finance ^TWII
2020-08-28,12759.30,12799.16,12674.57,12728.85,Yahoo Finance ^TWII
2020-08-31,12763.44,12831.38,12591.45,12591.45,Yahoo Finance ^TWII
2020-09-01,12617.39,12703.28,12565.83,12703.28,Yahoo Finance ^TWII
2020-09-02,12772.43,12802.61,12646.47,12699.50,Yahoo Finance ^TWII
2020-09-03,12774.97,12857.79,12732.32,12757.97,Yahoo Finance ^TWII
2020-09-04,12645.92,12655.67,12559.78,12637.95,Yahoo Finance ^TWII
2020-09-07,12645.93,12725.05,12575.36,12601.40,Yahoo Finance ^TWII
2020-09-08,12637.42,12702.55,12614.72,12663.56,Yahoo Finance ^TWII
2020-09-09,12592.18,12616.57,12480.50,12608.58,Yahoo Finance ^TWII
2020-09-10,12665.74,12708.64,12650.40,12691.75,Yahoo Finance ^TWII
2020-09-11,12697.46,12701.79,12616.68,12675.95,Yahoo Finance ^TWII
2020-09-14,12680.41,12793.07,12680.41,12787.82,Yahoo Finance ^TWII
2020-09-15,12787.42,12857.73,12773.23,12845.65,Yahoo Finance ^TWII
2020-09-16,12989.81,13021.68,12948.72,12976.76,Yahoo Finance ^TWII
2020-09-17,12920.15,12972.52,12851.52,12872.74,Yahoo Finance ^TWII
2020-09-18,12858.60,12927.81,12841.09,12875.62,Yahoo Finance ^TWII
2020-09-21,12874.61,12952.31,12795.09,12795.12,Yahoo Finance ^TWII
2020-09-22,12786.91,12786.91,12632.74,12645.51,Yahoo Finance ^TWII
2020-09-23,12656.30,12700.89,12548.07,12583.88,Yahoo Finance ^TWII
2020-09-24,12487.48,12487.48,12264.38,12264.38,Yahoo Finance ^TWII
2020-09-25,12312.94,12385.81,12149.81,12232.91,Yahoo Finance ^TWII
2020-09-28,12282.36,12462.76,12282.36,12462.76,Yahoo Finance ^TWII
2020-09-29,12488.10,12571.34,12429.72,12467.73,Yahoo Finance ^TWII
2020-09-30,12483.65,12568.68,12466.58,12515.61,Yahoo Finance ^TWII
2020-10-05,12567.88,12637.62,12519.12,12548.28,Yahoo Finance ^TWII
2020-10-06,12644.09,12706.39,12644.09,12704.23,Yahoo Finance ^TWII
2020-10-07,12667.51,12774.36,12619.81,12746.37,Yahoo Finance ^TWII
2020-10-08,12832.54,12887.19,12818.01,12887.19,Yahoo Finance ^TWII
2020-10-12,12959.15,12997.79,12898.89,12955.91,Yahoo Finance ^TWII
2020-10-13,12988.44,12994.66,12857.10,12947.13,Yahoo Finance ^TWII
2020-10-14,12927.09,12960.00,12895.79,12919.31,Yahoo Finance ^TWII
2020-10-15,12892.29,12909.11,12786.26,12827.82,Yahoo Finance ^TWII
2020-10-16,12814.16,12896.30,12750.37,12750.37,Yahoo Finance ^TWII
2020-10-19,12803.32,12911.41,12803.32,12908.34,Yahoo Finance ^TWII
2020-10-20,12889.99,12917.75,12862.37,12862.37,Yahoo Finance ^TWII
2020-10-21,12889.88,12942.12,12846.42,12877.25,Yahoo Finance ^TWII
2020-10-22,12854.97,12917.03,12827.40,12917.03,Yahoo Finance ^TWII
2020-10-23,12945.12,12963.26,12875.23,12898.82,Yahoo Finance ^TWII
2020-10-26,12923.55,12971.58,12894.18,12909.03,Yahoo Finance ^TWII
2020-10-27,12867.77,12884.32,12821.07,12875.01,Yahoo Finance ^TWII
2020-10-28,12853.76,12879.98,12761.33,12793.75,Yahoo Finance ^TWII
2020-10-29,12687.64,12699.82,12583.37,12662.91,Yahoo Finance ^TWII
2020-10-30,12651.35,12656.29,12546.34,12546.34,Yahoo Finance ^TWII
2020-11-02,12565.32,12594.34,12480.66,12591.31,Yahoo Finance ^TWII
2020-11-03,12641.28,12760.14,12641.28,12736.01,Yahoo Finance ^TWII
2020-11-04,12766.86,12885.28,12736.02,12867.90,Yahoo Finance ^TWII
2020-11-05,12878.01,12918.80,12840.40,12918.80,Yahoo Finance ^TWII
2020-11-06,12952.49,12999.16,12927.30,12973.53,Yahoo Finance ^TWII
2020-11-09,13053.98,13149.90,13048.67,13127.47,Yahoo Finance ^TWII
2020-11-10,13090.65,13142.22,13022.92,13081.72,Yahoo Finance ^TWII
2020-11-11,13067.04,13262.19,13067.04,13262.19,Yahoo Finance ^TWII
2020-11-12,13324.86,13324.86,13193.74,13221.78,Yahoo Finance ^TWII
2020-11-13,13221.80,13273.33,13170.12,13273.33,Yahoo Finance ^TWII
2020-11-16,13356.74,13551.83,13356.74,13551.83,Yahoo Finance ^TWII
2020-11-17,13723.77,13780.12,13593.01,13593.01,Yahoo Finance ^TWII
2020-11-18,13628.42,13773.29,13608.72,13773.29,Yahoo Finance ^TWII
2020-11-19,13775.26,13785.92,13700.04,13722.43,Yahoo Finance ^TWII
2020-11-20,13702.59,13726.22,13666.07,13716.44,Yahoo Finance ^TWII
2020-11-23,13793.55,13921.16,13793.55,13878.01,Yahoo Finance ^TWII
2020-11-24,13918.84,13951.17,13798.32,13807.13,Yahoo Finance ^TWII
2020-11-25,13860.95,13893.20,13731.81,13738.83,Yahoo Finance ^TWII
2020-11-26,13763.79,13856.76,13763.79,13845.66,Yahoo Finance ^TWII
2020-11-27,13833.21,13885.01,13811.81,13867.09,Yahoo Finance ^TWII
2020-11-30,13917.65,13969.39,13722.89,13722.89,Yahoo Finance ^TWII
2020-12-01,13810.55,13885.67,13749.71,13885.67,Yahoo Finance ^TWII
2020-12-02,13970.51,13995.70,13894.70,13989.14,Yahoo Finance ^TWII
2020-12-03,13988.49,14049.58,13940.07,13977.09,Yahoo Finance ^TWII
2020-12-04,14010.17,14149.56,14010.17,14132.44,Yahoo Finance ^TWII
2020-12-07,14230.00,14306.87,14142.02,14256.60,Yahoo Finance ^TWII
2020-12-08,14251.94,14367.00,14184.58,14360.40,Yahoo Finance ^TWII
2020-12-09,14336.69,14427.41,14336.69,14390.14,Yahoo Finance ^TWII
2020-12-10,14295.15,14319.38,14191.85,14249.49,Yahoo Finance ^TWII
2020-12-11,14298.59,14353.17,14081.42,14261.69,Yahoo Finance ^TWII
2020-12-14,14238.92,14270.34,14182.25,14211.05,Yahoo Finance ^TWII
2020-12-15,14206.33,14256.55,14053.35,14068.52,Yahoo Finance ^TWII
2020-12-16,14145.24,14339.50,14145.24,14304.46,Yahoo Finance ^TWII
2020-12-17,14326.16,14338.40,14213.49,14258.93,Yahoo Finance ^TWII
2020-12-18,14268.13,14329.12,14245.60,14249.96,Yahoo Finance ^TWII
2020-12-21,14273.79,14384.96,14166.89,14384.96,Yahoo Finance ^TWII
2020-12-22,14348.11,14411.93,14175.69,14177.46,Yahoo Finance ^TWII
2020-12-23,14180.70,14247.79,14134.87,14223.09,Yahoo Finance ^TWII
2020-12-24,14256.29,14324.42,14256.29,14280.28,Yahoo Finance ^TWII
2020-12-25,14306.98,14400.83,14296.97,14331.42,Yahoo Finance ^TWII
2020-12-28,14363.45,14483.07,14363.45,14483.07,Yahoo Finance ^TWII
2020-12-29,14500.91,14547.07,14435.03,14472.05,Yahoo Finance ^TWII
2020-12-30,14485.97,14695.44,14476.69,14687.70,Yahoo Finance ^TWII
2020-12-31,14704.53,14760.06,14646.33,14732.53,Yahoo Finance ^TWII
2021-01-04,14720.25,14937.13,14720.25,14902.03,Yahoo Finance ^TWII
2021-01-05,14913.64,15000.03,14861.99,15000.03,Yahoo Finance ^TWII
2021-01-06,15145.85,15197.68,14837.00,14983.13,Yahoo Finance ^TWII
2021-01-07,15059.52,15270.40,15049.86,15214.00,Yahoo Finance ^TWII
2021-01-08,15365.13,15463.95,15275.38,15463.95,Yahoo Finance ^TWII
2021-01-11,15425.58,15557.30,15395.73,15557.30,Yahoo Finance ^TWII
2021-01-12,15549.53,15642.03,15421.23,15500.70,Yahoo Finance ^TWII
2021-01-13,15550.16,15778.52,15550.16,15769.98,Yahoo Finance ^TWII
2021-01-14,15651.20,15760.15,15620.96,15707.19,Yahoo Finance ^TWII
2021-01-15,15987.16,16041.59,15615.11,15616.39,Yahoo Finance ^TWII
2021-01-18,15676.45,15676.45,15320.97,15612.00,Yahoo Finance ^TWII
2021-01-19,15716.64,15928.14,15716.64,15877.37,Yahoo Finance ^TWII
2021-01-20,15934.85,16004.32,15745.48,15806.18,Yahoo Finance ^TWII
2021-01-21,15775.73,16238.46,15775.73,16153.77,Yahoo Finance ^TWII
2021-01-22,15984.89,16138.04,15973.02,16019.03,Yahoo Finance ^TWII
2021-01-25,16006.21,16014.96,15772.63,15946.54,Yahoo Finance ^TWII
2021-01-26,15955.16,16023.87,15589.21,15658.85,Yahoo Finance ^TWII
2021-01-27,15711.76,15837.47,15642.12,15701.45,Yahoo Finance ^TWII
2021-01-28,15519.85,15557.02,15367.45,15415.88,Yahoo Finance ^TWII
2021-01-29,15544.36,15603.41,15138.31,15138.31,Yahoo Finance ^TWII
2021-02-01,15176.56,15429.98,15089.96,15410.09,Yahoo Finance ^TWII
2021-02-02,15546.69,15838.15,15546.69,15760.05,Yahoo Finance ^TWII
2021-02-03,15828.64,15896.40,15741.16,15771.32,Yahoo Finance ^TWII
2021-02-04,15697.75,15801.37,15606.74,15706.22,Yahoo Finance ^TWII
2021-02-05,15805.76,15938.09,15774.34,15802.40,Yahoo Finance ^TWII
2021-02-17,16197.45,16406.78,16197.45,16362.29,Yahoo Finance ^TWII
2021-02-18,16366.23,16517.73,16323.22,16424.51,Yahoo Finance ^TWII
2021-02-19,16376.91,16382.70,16211.25,16341.38,Yahoo Finance ^TWII
2021-02-22,16445.87,16579.17,16410.16,16410.16,Yahoo Finance ^TWII
2021-02-23,16320.88,16467.75,16211.75,16443.40,Yahoo Finance ^TWII
2021-02-24,16329.54,16456.94,16212.53,16212.53,Yahoo Finance ^TWII
2021-02-25,16376.80,16474.05,16322.27,16452.18,Yahoo Finance ^TWII
2021-02-26,16190.04,16190.04,15953.80,15953.80,Yahoo Finance ^TWII
2021-03-02,16127.87,16262.91,15946.88,15946.88,Yahoo Finance ^TWII
2021-03-03,15992.32,16211.73,15884.55,16211.73,Yahoo Finance ^TWII
2021-03-04,16091.75,16091.75,15840.99,15906.41,Yahoo Finance ^TWII
2021-03-05,15759.58,15934.43,15636.43,15855.23,Yahoo Finance ^TWII
2021-03-08,15943.37,16074.97,15816.50,15820.11,Yahoo Finance ^TWII
2021-03-09,15715.07,15864.26,15657.92,15853.09,Yahoo Finance ^TWII
2021-03-10,15921.45,15986.07,15857.32,15911.67,Yahoo Finance ^TWII
2021-03-11,15947.21,16216.22,15947.21,16179.56,Yahoo Finance ^TWII
2021-03-12,16241.55,16298.03,16166.35,16255.18,Yahoo Finance ^TWII
2021-03-15,16256.58,16281.91,16194.91,16249.33,Yahoo Finance ^TWII
2021-03-16,16253.93,16340.66,16244.99,16313.16,Yahoo Finance ^TWII
2021-03-17,16312.98,16349.21,16166.35,16215.82,Yahoo Finance ^TWII
2021-03-18,16264.61,16410.02,16264.61,16287.84,Yahoo Finance ^TWII
2021-03-19,16186.46,16186.46,16022.17,16070.24,Yahoo Finance ^TWII
2021-03-22,16065.50,16235.63,15983.77,16189.22,Yahoo Finance ^TWII
2021-03-23,16250.20,16351.38,16166.29,16177.59,Yahoo Finance ^TWII
2021-03-24,15994.96,16125.54,15967.95,16032.12,Yahoo Finance ^TWII
2021-03-25,16010.54,16146.58,15944.96,16060.14,Yahoo Finance ^TWII
2021-03-26,16140.37,16325.62,16140.37,16305.88,Yahoo Finance ^TWII
2021-03-29,16411.67,16520.89,16411.67,16475.97,Yahoo Finance ^TWII
2021-03-30,16490.31,16556.19,16438.40,16554.90,Yahoo Finance ^TWII
2021-03-31,16529.23,16550.20,16427.20,16431.13,Yahoo Finance ^TWII
2021-04-01,16538.28,16602.47,16496.16,16571.28,Yahoo Finance ^TWII
2021-04-06,,,,16739.87,011.idv.tw (close only)
2021-04-07,16771.35,16816.34,16715.32,16815.36,Yahoo Finance ^TWII
2021-04-08,16786.56,16926.72,16735.78,16926.44,Yahoo Finance ^TWII
2021-04-09,16974.28,17016.13,16815.59,16854.10,Yahoo Finance ^TWII
2021-04-12,16908.55,16979.35,16793.54,16859.70,Yahoo Finance ^TWII
2021-04-13,16872.40,17041.37,16802.22,16824.91,Yahoo Finance ^TWII
2021-04-14,16869.78,16935.39,16559.57,16865.97,Yahoo Finance ^TWII
2021-04-15,16851.06,17076.73,16851.06,17076.73,Yahoo Finance ^TWII
2021-04-16,17028.35,17158.81,16998.91,17158.81,Yahoo Finance ^TWII
2021-04-19,17141.25,17294.15,17135.52,17263.28,Yahoo Finance ^TWII
2021-04-20,17231.58,17323.87,17175.02,17323.87,Yahoo Finance ^TWII
2021-04-21,17282.76,17282.76,17167.39,17202.11,Yahoo Finance ^TWII
2021-04-22,17302.73,17428.15,17066.17,17096.97,Yahoo Finance ^TWII
2021-04-23,17117.49,17300.27,17055.48,17300.27,Yahoo Finance ^TWII
2021-04-26,17378.36,17572.29,17378.36,17572.29,Yahoo Finance ^TWII
2021-04-27,17586.02,17630.19,17489.71,17595.90,Yahoo Finance ^TWII
2021-04-28,17610.72,17628.81,17497.74,17567.53,Yahoo Finance ^TWII
2021-04-29,17646.93,17709.23,17548.30,17566.66,Yahoo Finance ^TWII
2021-05-03,17505.52,17546.94,17222.35,17222.35,Yahoo Finance ^TWII
2021-05-04,17249.56,17328.55,16647.61,16933.78,Yahoo Finance ^TWII
2021-05-05,16968.75,17052.20,16843.44,16843.44,Yahoo Finance ^TWII
2021-05-06,16925.52,17088.73,16764.71,16994.36,Yahoo Finance ^TWII
2021-05-07,17032.23,17285.00,17032.23,17285.00,Yahoo Finance ^TWII
2021-05-10,17274.23,17304.47,17188.15,17235.61,Yahoo Finance ^TWII
2021-05-11,17137.19,17137.19,16460.87,16583.13,Yahoo Finance ^TWII
2021-05-12,16515.88,16552.63,15165.27,15902.37,Yahoo Finance ^TWII
2021-05-13,15668.33,16031.93,15368.54,15670.10,Yahoo Finance ^TWII
2021-05-14,15819.24,16075.48,15702.10,15827.09,Yahoo Finance ^TWII
2021-05-17,15554.99,15719.74,15159.86,15353.89,Yahoo Finance ^TWII
2021-05-18,15564.96,16153.77,15564.96,16145.98,Yahoo Finance ^TWII
2021-05-19,16112.21,16273.98,16009.76,16132.66,Yahoo Finance ^TWII
2021-05-20,16122.52,16154.08,15943.45,16042.36,Yahoo Finance ^TWII
2021-05-21,16136.86,16431.14,16136.86,16302.06,Yahoo Finance ^TWII
2021-05-24,16246.52,16397.59,16136.97,16338.29,Yahoo Finance ^TWII
2021-05-25,16444.75,16657.60,16444.75,16595.67,Yahoo Finance ^TWII
2021-05-26,16645.17,16706.29,16523.23,16643.69,Yahoo Finance ^TWII
2021-05-27,16591.70,16601.61,16419.42,16601.61,Yahoo Finance ^TWII
2021-05-28,16690.04,16889.01,16690.04,16870.86,Yahoo Finance ^TWII
2021-05-31,16948.47,17113.33,16939.91,17068.43,Yahoo Finance ^TWII
2021-06-01,17098.49,17184.30,17060.45,17162.38,Yahoo Finance ^TWII
2021-06-02,17192.91,17274.66,17056.42,17165.04,Yahoo Finance ^TWII
2021-06-03,17201.30,17311.28,17198.89,17246.16,Yahoo Finance ^TWII
2021-06-04,17225.06,17225.06,17084.49,17147.41,Yahoo Finance ^TWII
2021-06-07,17176.09,17189.23,16775.85,17083.91,Yahoo Finance ^TWII
2021-06-08,17094.34,17181.52,17056.53,17076.21,Yahoo Finance ^TWII
2021-06-09,17082.52,17082.52,16907.43,16966.22,Yahoo Finance ^TWII
2021-06-10,17024.54,17159.22,16978.01,17159.22,Yahoo Finance ^TWII
2021-06-11,17200.45,17278.55,17193.61,17213.52,Yahoo Finance ^TWII
2021-06-15,17279.70,17371.29,17279.70,17371.29,Yahoo Finance ^TWII
2021-06-16,17357.37,17398.22,17275.02,17307.86,Yahoo Finance ^TWII
2021-06-17,17254.84,17390.61,17150.52,17390.61,Yahoo Finance ^TWII
2021-06-18,17384.74,17417.50,17318.54,17318.54,Yahoo Finance ^TWII
2021-06-21,17305.49,17305.49,17023.31,17062.98,Yahoo Finance ^TWII
2021-06-22,17162.71,17270.47,17075.55,17075.55,Yahoo Finance ^TWII
2021-06-23,17127.59,17375.79,17127.59,17336.71,Yahoo Finance ^TWII
2021-06-24,17358.57,17439.63,17319.89,17407.96,Yahoo Finance ^TWII
2021-06-25,17471.07,17597.33,17471.07,17502.99,Yahoo Finance ^TWII
2021-06-28,17531.82,17595.51,17481.23,17590.97,Yahoo Finance ^TWII
2021-06-29,17621.15,17713.24,17541.14,17598.19,Yahoo Finance ^TWII
2021-06-30,17648.25,17797.27,17648.25,17755.46,Yahoo Finance ^TWII
2021-07-01,17801.19,17863.90,17644.36,17713.94,Yahoo Finance ^TWII
2021-07-02,17745.69,17795.88,17676.98,17710.15,Yahoo Finance ^TWII
2021-07-05,17783.80,17945.52,17783.80,17919.33,Yahoo Finance ^TWII
2021-07-06,17929.22,18008.37,17895.78,17913.07,Yahoo Finance ^TWII
2021-07-07,17901.25,17933.62,17756.82,17850.69,Yahoo Finance ^TWII
2021-07-08,17880.90,17935.11,17742.08,17866.09,Yahoo Finance ^TWII
2021-07-09,17778.12,17778.12,17597.46,17661.48,Yahoo Finance ^TWII
2021-07-12,17843.30,17947.90,17759.90,17814.33,Yahoo Finance ^TWII
2021-07-13,17931.47,18018.04,17786.76,17847.52,Yahoo Finance ^TWII
2021-07-14,17892.51,17940.86,17716.44,17845.75,Yahoo Finance ^TWII
2021-07-15,17878.78,18034.19,17878.78,18034.19,Yahoo Finance ^TWII
2021-07-16,17839.58,17926.38,17779.61,17895.25,Yahoo Finance ^TWII
2021-07-19,17854.35,17854.35,17708.15,17789.25,Yahoo Finance ^TWII
2021-07-20,17724.92,17724.92,17500.69,17528.74,Yahoo Finance ^TWII
2021-07-21,17593.60,17707.56,17352.24,17458.79,Yahoo Finance ^TWII
2021-07-22,17482.81,17667.38,17482.81,17572.33,Yahoo Finance ^TWII
2021-07-23,17603.95,17672.60,17511.86,17572.92,Yahoo Finance ^TWII
2021-07-26,17554.93,17637.36,17403.56,17403.56,Yahoo Finance ^TWII
2021-07-27,17394.77,17459.35,17264.50,17269.87,Yahoo Finance ^TWII
2021-07-28,17252.87,17252.87,16893.70,17135.22,Yahoo Finance ^TWII
2021-07-29,17216.58,17402.81,17190.48,17402.81,Yahoo Finance ^TWII
2021-07-30,17414.77,17429.01,17237.67,17247.41,Yahoo Finance ^TWII
2021-08-02,17256.61,17503.28,17231.22,17503.28,Yahoo Finance ^TWII
2021-08-03,17489.12,17553.76,17456.20,17553.76,Yahoo Finance ^TWII
2021-08-04,17588.64,17636.11,17557.18,17623.89,Yahoo Finance ^TWII
2021-08-05,17624.82,17643.97,17566.72,17603.12,Yahoo Finance ^TWII
2021-08-06,17593.85,17593.85,17469.68,17526.28,Yahoo Finance ^TWII
2021-08-09,17505.01,17510.09,17350.15,17485.15,Yahoo Finance ^TWII
2021-08-10,17492.45,17524.91,17305.06,17323.64,Yahoo Finance ^TWII
2021-08-11,17308.62,17327.20,17090.25,17227.18,Yahoo Finance ^TWII
2021-08-12,17221.35,17233.11,17139.21,17219.94,Yahoo Finance ^TWII
2021-08-13,17216.34,17216.34,16978.11,16982.11,Yahoo Finance ^TWII
2021-08-16,16941.33,16983.59,16773.57,16858.77,Yahoo Finance ^TWII
2021-08-17,16841.62,16870.55,16657.63,16661.36,Yahoo Finance ^TWII
2021-08-18,16630.99,16826.27,16418.54,16826.27,Yahoo Finance ^TWII
2021-08-19,16777.78,16777.78,16375.40,16375.40,Yahoo Finance ^TWII
2021-08-20,16426.98,16507.11,16248.08,16341.94,Yahoo Finance ^TWII
2021-08-23,16459.13,16785.29,16459.13,16741.84,Yahoo Finance ^TWII
2021-08-24,16830.63,16904.30,16779.90,16818.73,Yahoo Finance ^TWII
2021-08-25,16821.08,17045.86,16821.08,17045.86,Yahoo Finance ^TWII
2021-08-26,17177.39,17201.42,16984.69,17066.96,Yahoo Finance ^TWII
2021-08-27,17061.10,17229.89,17000.26,17209.93,Yahoo Finance ^TWII
2021-08-30,17244.62,17396.52,17244.62,17396.52,Yahoo Finance ^TWII
2021-08-31,17384.61,17490.29,17207.57,17490.29,Yahoo Finance ^TWII
2021-09-01,17463.80,17503.93,17415.52,17473.99,Yahoo Finance ^TWII
2021-09-02,17455.92,17523.16,17319.76,17319.76,Yahoo Finance ^TWII
2021-09-03,17380.52,17540.78,17380.52,17516.92,Yahoo Finance ^TWII
2021-09-06,17534.05,17633.67,17461.07,17495.30,Yahoo Finance ^TWII
2021-09-07,17534.38,17559.21,17388.37,17428.87,Yahoo Finance ^TWII
2021-09-08,17411.53,17447.58,17167.08,17270.49,Yahoo Finance ^TWII
2021-09-09,17175.04,17319.09,17122.95,17304.33,Yahoo Finance ^TWII
2021-09-10,17270.28,17474.57,17270.28,17474.57,Yahoo Finance ^TWII
2021-09-13,17452.16,17482.57,17387.57,17446.31,Yahoo Finance ^TWII
2021-09-14,17463.78,17529.47,17424.54,17434.90,Yahoo Finance ^TWII
2021-09-15,17434.02,17439.75,17316.52,17354.00,Yahoo Finance ^TWII
2021-09-16,17332.34,17411.37,17254.10,17278.70,Yahoo Finance ^TWII
2021-09-17,17279.29,17408.71,17235.45,17276.79,Yahoo Finance ^TWII
2021-09-22,17196.79,17196.79,16838.58,16925.82,Yahoo Finance ^TWII
2021-09-23,16998.07,17145.25,16998.07,17078.22,Yahoo Finance ^TWII
2021-09-24,17130.74,17273.59,17130.74,17260.19,Yahoo Finance ^TWII
2021-09-27,17278.11,17335.99,17235.68,17313.77,Yahoo Finance ^TWII
2021-09-28,17286.89,17286.89,17113.47,17181.44,Yahoo Finance ^TWII
2021-09-29,17127.86,17127.86,16801.78,16855.46,Yahoo Finance ^TWII
2021-09-30,16886.57,16994.21,16767.20,16934.77,Yahoo Finance ^TWII
2021-10-01,16883.00,16883.00,16503.74,16570.89,Yahoo Finance ^TWII
2021-10-04,16600.52,16680.29,16380.06,16408.35,Yahoo Finance ^TWII
2021-10-05,16362.27,16460.75,16162.17,16460.75,Yahoo Finance ^TWII
2021-10-06,16488.21,16568.21,16303.63,16393.16,Yahoo Finance ^TWII
2021-10-07,16465.57,16731.58,16465.57,16713.86,Yahoo Finance ^TWII
2021-10-08,16742.35,16771.71,16605.49,16640.43,Yahoo Finance ^TWII
2021-10-12,16589.72,16589.72,16349.49,16462.84,Yahoo Finance ^TWII
2021-10-13,16480.98,16543.33,16328.47,16347.99,Yahoo Finance ^TWII
2021-10-14,16392.51,16519.96,16347.88,16387.28,Yahoo Finance ^TWII
2021-10-15,16426.76,16781.19,16426.76,16781.19,Yahoo Finance ^TWII
2021-10-18,16816.94,16862.03,16695.89,16705.46,Yahoo Finance ^TWII
2021-10-19,16791.12,16916.72,16772.15,16900.67,Yahoo Finance ^TWII
2021-10-20,16936.20,16973.86,16855.81,16887.82,Yahoo Finance ^TWII
2021-10-21,16904.46,17026.89,16873.99,16889.51,Yahoo Finance ^TWII
2021-10-22,16900.32,16932.89,16800.49,16888.74,Yahoo Finance ^TWII
2021-10-25,16879.34,16930.98,16784.11,16894.24,Yahoo Finance ^TWII
2021-10-26,16909.32,17067.15,16909.32,17034.34,Yahoo Finance ^TWII
2021-10-27,17037.37,17079.60,16973.16,17074.55,Yahoo Finance ^TWII
2021-10-28,17081.17,17104.86,16994.37,17041.63,Yahoo Finance ^TWII
2021-10-29,17058.04,17073.97,16920.68,16987.41,Yahoo Finance ^TWII
2021-11-01,17021.77,17119.43,17021.77,17068.24,Yahoo Finance ^TWII
2021-11-02,17094.42,17237.09,17026.63,17065.97,Yahoo Finance ^TWII
2021-11-03,17087.89,17153.76,17080.51,17122.16,Yahoo Finance ^TWII
2021-11-04,17158.28,17219.65,17061.46,17078.86,Yahoo Finance ^TWII
2021-11-05,17097.16,17296.90,17097.16,17296.90,Yahoo Finance ^TWII
2021-11-08,17323.39,17415.30,17279.46,17415.30,Yahoo Finance ^TWII
2021-11-09,17433.10,17581.52,17433.10,17541.36,Yahoo Finance ^TWII
2021-11-10,17549.09,17575.44,17489.87,17559.65,Yahoo Finance ^TWII
2021-11-11,17527.18,17527.18,17403.48,17452.52,Yahoo Finance ^TWII
2021-11-12,17479.55,17602.05,17479.55,17518.13,Yahoo Finance ^TWII
2021-11-15,17560.52,17683.19,17560.52,17634.47,Yahoo Finance ^TWII
2021-11-16,17639.96,17708.10,17629.80,17693.13,Yahoo Finance ^TWII
2021-11-17,17705.29,17764.04,17669.58,17764.04,Yahoo Finance ^TWII
2021-11-18,17767.06,17841.37,17748.21,17841.37,Yahoo Finance ^TWII
2021-11-19,17864.19,17986.18,17786.05,17818.31,Yahoo Finance ^TWII
2021-11-22,17828.53,17857.73,17790.64,17803.54,Yahoo Finance ^TWII
2021-11-23,17797.90,17797.90,17650.07,17666.12,Yahoo Finance ^TWII
2021-11-24,17680.16,17722.89,17588.78,17642.52,Yahoo Finance ^TWII
2021-11-25,17686.12,17724.50,17609.51,17654.19,Yahoo Finance ^TWII
2021-11-26,17641.79,17641.79,17330.44,17369.39,Yahoo Finance ^TWII
2021-11-29,17320.01,17415.63,17167.24,17328.09,Yahoo Finance ^TWII
2021-11-30,17369.79,17535.23,17369.79,17427.76,Yahoo Finance ^TWII
2021-12-01,17428.61,17626.21,17374.59,17585.99,Yahoo Finance ^TWII
2021-12-02,17575.91,17741.55,17559.44,17724.88,Yahoo Finance ^TWII
2021-12-03,17720.93,17781.14,17670.32,17697.14,Yahoo Finance ^TWII
2021-12-06,17650.67,17763.42,17585.95,17688.21,Yahoo Finance ^TWII
2021-12-07,17734.19,17796.92,17642.32,17796.92,Yahoo Finance ^TWII
2021-12-08,17845.06,17988.88,17832.42,17832.42,Yahoo Finance ^TWII
2021-12-09,17880.41,17925.12,17807.12,17914.12,Yahoo Finance ^TWII
2021-12-10,17893.29,17893.29,17767.80,17826.26,Yahoo Finance ^TWII
2021-12-13,17841.03,17919.35,17767.60,17767.60,Yahoo Finance ^TWII
2021-12-14,17754.38,17754.38,17566.99,17599.37,Yahoo Finance ^TWII
2021-12-15,17592.87,17678.78,17556.87,17660.10,Yahoo Finance ^TWII
2021-12-16,17719.06,17814.32,17719.06,17785.74,Yahoo Finance ^TWII
2021-12-17,17744.54,17822.74,17718.27,17812.59,Yahoo Finance ^TWII
2021-12-20,17812.81,17812.81,17646.39,17669.11,Yahoo Finance ^TWII
2021-12-21,17686.84,17825.89,17652.32,17789.27,Yahoo Finance ^TWII
2021-12-22,17805.74,17870.16,17799.72,17826.83,Yahoo Finance ^TWII
2021-12-23,17855.78,17960.99,17855.78,17946.66,Yahoo Finance ^TWII
2021-12-24,17966.35,18039.85,17953.57,17961.64,Yahoo Finance ^TWII
2021-12-27,17975.41,18099.78,17975.41,18048.94,Yahoo Finance ^TWII
2021-12-28,18099.71,18197.36,18099.71,18196.81,Yahoo Finance ^TWII
2021-12-29,18209.14,18283.25,18192.86,18248.28,Yahoo Finance ^TWII
2021-12-30,18270.00,18291.25,18216.45,18218.84,Yahoo Finance ^TWII
2022-01-03,18260.23,18379.69,18238.47,18270.51,Yahoo Finance ^TWII
2022-01-04,18395.14,18526.35,18395.14,18526.35,Yahoo Finance ^TWII
2022-01-05,18598.13,18619.61,18446.52,18499.96,Yahoo Finance ^TWII
2022-01-06,18395.72,18427.15,18253.82,18367.92,Yahoo Finance ^TWII
2022-01-07,18388.16,18444.12,18134.41,18169.76,Yahoo Finance ^TWII
2022-01-10,18095.39,18243.26,18043.97,18239.38,Yahoo Finance ^TWII
2022-01-11,18266.54,18293.53,18135.43,18288.21,Yahoo Finance ^TWII
2022-01-12,18348.39,18394.70,18255.38,18375.40,Yahoo Finance ^TWII
2022-01-13,18356.21,18459.73,18346.81,18436.93,Yahoo Finance ^TWII
2022-01-14,18509.00,18509.00,18213.44,18403.33,Yahoo Finance ^TWII
2022-01-17,18512.15,18535.42,18435.02,18525.44,Yahoo Finance ^TWII
2022-01-18,18492.81,18575.41,18378.64,18378.64,Yahoo Finance ^TWII
2022-01-19,18275.18,18359.14,18199.35,18227.46,Yahoo Finance ^TWII
2022-01-20,18212.26,18292.14,18125.20,18218.28,Yahoo Finance ^TWII
2022-01-21,18113.94,18113.94,17851.39,17899.30,Yahoo Finance ^TWII
2022-01-24,17843.33,18004.45,17682.33,17989.04,Yahoo Finance ^TWII
2022-01-25,17890.71,17890.71,17645.66,17701.12,Yahoo Finance ^TWII
2022-01-26,17657.97,17776.42,17633.03,17674.40,Yahoo Finance ^TWII
2022-02-07,17750.70,17900.30,17712.35,17900.30,Yahoo Finance ^TWII
2022-02-08,17955.95,18063.55,17955.95,17966.56,Yahoo Finance ^TWII
2022-02-09,18060.33,18168.60,18039.23,18151.76,Yahoo Finance ^TWII
2022-02-10,18217.29,18338.05,18145.04,18338.05,Yahoo Finance ^TWII
2022-02-11,18258.81,18310.94,18191.75,18310.94,Yahoo Finance ^TWII
2022-02-14,18182.73,18182.73,17965.22,17997.67,Yahoo Finance ^TWII
2022-02-15,17978.44,18085.91,17942.68,17951.81,Yahoo Finance ^TWII
2022-02-16,18109.17,18233.79,18109.17,18231.47,Yahoo Finance ^TWII
2022-02-17,18213.30,18330.63,18190.24,18268.57,Yahoo Finance ^TWII
2022-02-18,18250.37,18262.96,18098.52,18232.35,Yahoo Finance ^TWII
2022-02-21,18196.40,18253.10,18129.65,18221.49,Yahoo Finance ^TWII
2022-02-22,18159.51,18159.51,17840.38,17969.29,Yahoo Finance ^TWII
2022-02-23,17954.75,18109.28,17954.75,18055.73,Yahoo Finance ^TWII
2022-02-24,17939.53,17939.53,17561.07,17594.55,Yahoo Finance ^TWII
2022-02-25,17617.36,17737.32,17554.97,17652.18,Yahoo Finance ^TWII
2022-03-01,17657.50,17944.50,17657.50,17898.25,Yahoo Finance ^TWII
2022-03-02,17864.11,17918.98,17784.64,17867.60,Yahoo Finance ^TWII
2022-03-03,17932.15,18026.03,17906.24,17934.40,Yahoo Finance ^TWII
2022-03-04,17845.01,17845.01,17710.54,17736.52,Yahoo Finance ^TWII
2022-03-07,17581.57,17581.57,17135.68,17178.69,Yahoo Finance ^TWII
2022-03-08,17000.00,17113.67,16764.78,16825.25,Yahoo Finance ^TWII
2022-03-09,16944.08,17072.74,16944.08,17015.36,Yahoo Finance ^TWII
2022-03-10,17224.73,17478.43,17224.73,17433.20,Yahoo Finance ^TWII
2022-03-11,17373.82,17373.90,17239.90,17264.74,Yahoo Finance ^TWII
2022-03-14,17287.90,17363.04,17217.58,17263.04,Yahoo Finance ^TWII
2022-03-15,17177.27,17177.27,16911.95,16926.06,Yahoo Finance ^TWII
2022-03-16,17007.58,17085.77,16808.43,16940.83,Yahoo Finance ^TWII
2022-03-17,17172.81,17472.95,17172.81,17448.22,Yahoo Finance ^TWII
2022-03-18,17439.91,17472.38,17359.50,17456.52,Yahoo Finance ^TWII
2022-03-21,17503.95,17603.99,17503.95,17560.36,Yahoo Finance ^TWII
2022-03-22,17512.41,17573.29,17468.55,17559.71,Yahoo Finance ^TWII
2022-03-23,17581.62,17738.69,17581.62,17731.37,Yahoo Finance ^TWII
2022-03-24,17711.17,17711.17,17603.22,17699.06,Yahoo Finance ^TWII
2022-03-25,17695.80,17747.13,17633.86,17676.95,Yahoo Finance ^TWII
2022-03-28,17510.15,17527.15,17368.66,17520.01,Yahoo Finance ^TWII
2022-03-29,17568.32,17585.91,17493.01,17548.66,Yahoo Finance ^TWII
2022-03-30,17572.90,17770.07,17572.90,17740.56,Yahoo Finance ^TWII
2022-03-31,17754.10,17767.81,17682.53,17693.47,Yahoo Finance ^TWII
2022-04-01,17657.76,17657.76,17465.61,17625.59,Yahoo Finance ^TWII
2022-04-06,17484.19,17528.99,17381.07,17522.50,Yahoo Finance ^TWII
2022-04-07,17430.13,17438.60,17178.63,17178.63,Yahoo Finance ^TWII
2022-04-08,17210.40,17316.69,17210.40,17284.54,Yahoo Finance ^TWII
2022-04-11,17273.05,17316.35,17046.67,17048.37,Yahoo Finance ^TWII
2022-04-12,17005.84,17100.85,16905.13,16990.91,Yahoo Finance ^TWII
2022-04-13,17080.40,17333.21,17080.40,17301.65,Yahoo Finance ^TWII
2022-04-14,17353.25,17374.14,17245.65,17245.65,Yahoo Finance ^TWII
2022-04-15,17139.34,17141.33,17004.18,17004.18,Yahoo Finance ^TWII
2022-04-18,16958.66,16999.36,16845.51,16898.87,Yahoo Finance ^TWII
2022-04-19,16926.34,17106.26,16926.34,16993.40,Yahoo Finance ^TWII
2022-04-20,17057.13,17148.88,16983.55,17148.88,Yahoo Finance ^TWII
2022-04-21,17159.88,17213.66,17106.37,17127.95,Yahoo Finance ^TWII
2022-04-22,17088.76,17088.76,16923.87,17025.09,Yahoo Finance ^TWII
2022-04-25,16912.30,16912.30,16579.89,16620.90,Yahoo Finance ^TWII
2022-04-26,16677.84,16729.47,16582.11,16644.79,Yahoo Finance ^TWII
2022-04-27,16427.32,16427.32,16219.41,16303.35,Yahoo Finance ^TWII
2022-04-28,16350.72,16455.57,16256.88,16419.38,Yahoo Finance ^TWII
2022-04-29,16599.84,16663.66,16521.94,16592.18,Yahoo Finance ^TWII
2022-05-03,16593.21,16604.87,16465.99,16498.90,Yahoo Finance ^TWII
2022-05-04,16531.37,16617.06,16514.30,16565.83,Yahoo Finance ^TWII
2022-05-05,16689.98,16783.78,16650.81,16696.12,Yahoo Finance ^TWII
2022-05-06,16491.11,16491.11,16312.17,16408.20,Yahoo Finance ^TWII
2022-05-09,16345.84,16345.84,16048.92,16048.92,Yahoo Finance ^TWII
2022-05-10,15891.40,16071.50,15734.44,16061.70,Yahoo Finance ^TWII
2022-05-11,16053.75,16081.15,15953.27,16006.25,Yahoo Finance ^TWII
2022-05-12,15943.62,15943.62,15616.68,15616.68,Yahoo Finance ^TWII
2022-05-13,15687.15,15860.69,15687.15,15832.54,Yahoo Finance ^TWII
2022-05-16,15943.69,16032.85,15847.46,15901.04,Yahoo Finance ^TWII
2022-05-17,15915.93,16085.85,15915.93,16056.09,Yahoo Finance ^TWII
2022-05-18,16174.78,16316.58,16172.80,16296.86,Yahoo Finance ^TWII
2022-05-19,16111.49,16111.49,15892.73,16020.32,Yahoo Finance ^TWII
2022-05-20,16061.92,16181.66,16058.20,16144.85,Yahoo Finance ^TWII
2022-05-23,16193.92,16249.45,16125.45,16156.41,Yahoo Finance ^TWII
2022-05-24,16166.57,16219.80,15963.63,15963.63,Yahoo Finance ^TWII
2022-05-25,15987.74,16169.18,15980.90,16104.03,Yahoo Finance ^TWII
2022-05-26,16128.21,16179.01,15949.61,15968.83,Yahoo Finance ^TWII
2022-05-27,16075.91,16266.22,16075.91,16266.22,Yahoo Finance ^TWII
2022-05-30,16368.93,16610.62,16368.93,16610.62,Yahoo Finance ^TWII
2022-05-31,16561.68,16807.77,16493.07,16807.77,Yahoo Finance ^TWII
2022-06-01,16718.91,16811.04,16649.91,16675.09,Yahoo Finance ^TWII
2022-06-02,16605.46,16617.26,16540.55,16552.57,Yahoo Finance ^TWII
2022-06-06,16570.89,16654.12,16509.01,16605.96,Yahoo Finance ^TWII
2022-06-07,16593.75,16593.75,16465.87,16512.88,Yahoo Finance ^TWII
2022-06-08,16538.67,16702.99,16538.67,16670.51,Yahoo Finance ^TWII
2022-06-09,16643.95,16643.95,16557.54,16621.34,Yahoo Finance ^TWII
2022-06-10,16581.81,16581.81,16403.33,16460.12,Yahoo Finance ^TWII
2022-06-13,16295.07,16295.07,16055.89,16070.98,Yahoo Finance ^TWII
2022-06-14,15975.17,16067.80,15869.06,16047.37,Yahoo Finance ^TWII
2022-06-15,16025.84,16106.75,15981.56,15999.25,Yahoo Finance ^TWII
2022-06-16,16098.29,16209.25,15838.29,15838.61,Yahoo Finance ^TWII
2022-06-17,15794.16,15794.16,15573.38,15641.26,Yahoo Finance ^TWII
2022-06-20,15649.20,15667.68,15367.58,15367.58,Yahoo Finance ^TWII
2022-06-21,15427.33,15728.64,15427.33,15728.64,Yahoo Finance ^TWII
2022-06-22,15687.46,15687.46,15346.95,15347.75,Yahoo Finance ^TWII
2022-06-23,15305.51,15380.28,15102.40,15176.44,Yahoo Finance ^TWII
2022-06-24,15232.34,15424.37,15232.34,15303.32,Yahoo Finance ^TWII
2022-06-27,15409.08,15656.35,15409.08,15548.01,Yahoo Finance ^TWII
2022-06-28,15519.56,15533.34,15375.65,15439.92,Yahoo Finance ^TWII
2022-06-29,15365.54,15365.54,15218.07,15240.13,Yahoo Finance ^TWII
2022-06-30,15146.92,15147.77,14825.73,14825.73,Yahoo Finance ^TWII
2022-07-01,14812.13,14812.13,14336.03,14343.08,Yahoo Finance ^TWII
2022-07-04,14237.83,14412.47,14167.10,14217.06,Yahoo Finance ^TWII
2022-07-05,14345.54,14488.80,14100.89,14349.20,Yahoo Finance ^TWII
2022-07-06,14289.67,14319.32,13985.51,13985.51,Yahoo Finance ^TWII
2022-07-07,14052.18,14355.15,13951.81,14336.27,Yahoo Finance ^TWII
2022-07-08,14462.50,14552.42,14373.84,14464.53,Yahoo Finance ^TWII
2022-07-11,14478.31,14525.03,14313.94,14340.53,Yahoo Finance ^TWII
2022-07-12,14235.63,14235.63,13928.66,13950.62,Yahoo Finance ^TWII
2022-07-13,14194.94,14403.51,14194.94,14324.68,Yahoo Finance ^TWII
2022-07-14,14252.02,14450.47,14159.39,14438.52,Yahoo Finance ^TWII
2022-07-15,14483.96,14579.73,14378.33,14550.62,Yahoo Finance ^TWII
2022-07-18,14589.10,14719.64,14589.10,14719.64,Yahoo Finance ^TWII
2022-07-19,14638.45,14720.13,14598.99,14694.08,Yahoo Finance ^TWII
2022-07-20,14810.40,14906.95,14694.20,14733.22,Yahoo Finance ^TWII
2022-07-21,14744.17,14937.70,14716.02,14937.70,Yahoo Finance ^TWII
2022-07-22,14953.27,14996.24,14902.32,14949.36,Yahoo Finance ^TWII
2022-07-25,14902.25,14968.23,14851.37,14936.33,Yahoo Finance ^TWII
2022-07-26,14912.41,14912.41,14750.71,14806.78,Yahoo Finance ^TWII
2022-07-27,14791.71,14921.59,14717.02,14921.59,Yahoo Finance ^TWII
2022-07-28,14978.95,15031.99,14849.94,14891.90,Yahoo Finance ^TWII
2022-07-29,14950.18,15035.27,14929.49,15000.07,Yahoo Finance ^TWII
2022-08-01,14982.27,14994.36,14886.81,14981.69,Yahoo Finance ^TWII
2022-08-02,14860.94,14860.94,14663.46,14747.23,Yahoo Finance ^TWII
2022-08-03,14757.51,14777.02,14673.35,14777.02,Yahoo Finance ^TWII
2022-08-04,14741.47,14766.57,14545.69,14702.20,Yahoo Finance ^TWII
2022-08-05,14802.34,15041.41,14802.34,15036.04,Yahoo Finance ^TWII
2022-08-08,14972.21,15034.87,14908.17,15020.41,Yahoo Finance ^TWII
2022-08-09,14965.12,15077.63,14905.23,15050.28,Yahoo Finance ^TWII
2022-08-10,14940.76,14982.33,14890.55,14939.02,Yahoo Finance ^TWII
2022-08-11,15087.59,15204.79,15087.59,15197.85,Yahoo Finance ^TWII
2022-08-12,15203.91,15298.42,15198.93,15288.97,Yahoo Finance ^TWII
2022-08-15,15332.92,15437.23,15315.12,15417.35,Yahoo Finance ^TWII
2022-08-16,15435.04,15451.83,15392.49,15420.57,Yahoo Finance ^TWII
2022-08-17,15423.44,15475.89,15390.84,15465.45,Yahoo Finance ^TWII
2022-08-18,15384.73,15396.76,15311.22,15396.76,Yahoo Finance ^TWII
2022-08-19,15394.36,15458.45,15346.26,15408.78,Yahoo Finance ^TWII
2022-08-22,15375.20,15375.20,15229.36,15245.14,Yahoo Finance ^TWII
2022-08-23,15225.17,15225.17,15086.43,15095.89,Yahoo Finance ^TWII
2022-08-24,15112.15,15183.96,15053.52,15069.19,Yahoo Finance ^TWII
2022-08-25,15105.31,15244.06,15105.31,15200.04,Yahoo Finance ^TWII
2022-08-26,15221.50,15337.25,15221.50,15278.44,Yahoo Finance ^TWII
2022-08-29,15197.19,15197.19,14843.72,14926.19,Yahoo Finance ^TWII
2022-08-30,14919.67,15027.50,14911.97,14953.63,Yahoo Finance ^TWII
2022-08-31,14912.12,15095.44,14874.33,15095.44,Yahoo Finance ^TWII
2022-09-01,14981.00,14981.00,14773.19,14801.86,Yahoo Finance ^TWII
2022-09-02,14790.28,14817.40,14673.04,14673.04,Yahoo Finance ^TWII
2022-09-05,14670.18,14753.03,14632.79,14661.10,Yahoo Finance ^TWII
2022-09-06,14705.16,14789.31,14623.22,14677.20,Yahoo Finance ^TWII
2022-09-07,14557.86,14557.86,14397.12,14410.05,Yahoo Finance ^TWII
2022-09-08,14447.09,14583.42,14447.09,14583.42,Yahoo Finance ^TWII
2022-09-12,14711.34,14856.23,14711.34,14807.43,Yahoo Finance ^TWII
2022-09-13,14895.87,14949.56,14856.98,14894.41,Yahoo Finance ^TWII
2022-09-14,14695.19,14699.78,14522.70,14658.31,Yahoo Finance ^TWII
2022-09-15,14647.00,14750.28,14624.55,14670.04,Yahoo Finance ^TWII
2022-09-16,14602.16,14602.16,14521.65,14561.76,Yahoo Finance ^TWII
2022-09-19,14567.27,14585.06,14424.33,14425.68,Yahoo Finance ^TWII
2022-09-20,14474.95,14558.72,14461.39,14549.30,Yahoo Finance ^TWII
2022-09-21,14517.34,14525.46,14384.11,14424.52,Yahoo Finance ^TWII
2022-09-22,14325.67,14325.67,14151.80,14284.63,Yahoo Finance ^TWII
2022-09-23,14231.03,14277.53,14109.71,14118.38,Yahoo Finance ^TWII
2022-09-26,13993.42,13993.42,13743.19,13778.19,Yahoo Finance ^TWII
2022-09-27,13812.99,13862.84,13732.32,13826.59,Yahoo Finance ^TWII
2022-09-28,13816.70,13854.09,13466.07,13466.07,Yahoo Finance ^TWII
2022-09-29,13550.70,13651.29,13462.57,13534.26,Yahoo Finance ^TWII
2022-09-30,13409.65,13466.82,13274.72,13424.58,Yahoo Finance ^TWII
2022-10-03,13359.26,13440.23,13273.48,13300.48,Yahoo Finance ^TWII
2022-10-04,13447.36,13586.96,13447.36,13576.52,Yahoo Finance ^TWII
2022-10-05,13727.30,13902.02,13727.30,13801.43,Yahoo Finance ^TWII
2022-10-06,13865.45,13899.23,13814.33,13892.05,Yahoo Finance ^TWII
2022-10-07,13847.52,13847.52,13684.21,13702.28,Yahoo Finance ^TWII
2022-10-11,13394.12,13394.12,13106.03,13106.03,Yahoo Finance ^TWII
2022-10-12,13076.91,13130.73,12991.59,13081.24,Yahoo Finance ^TWII
2022-10-13,13108.40,13111.39,12809.43,12810.73,Yahoo Finance ^TWII
2022-10-14,13023.71,13221.87,13023.71,13128.12,Yahoo Finance ^TWII
2022-10-17,12988.83,12988.83,12814.82,12966.05,Yahoo Finance ^TWII
2022-10-18,13075.05,13143.15,12978.13,13124.68,Yahoo Finance ^TWII
2022-10-19,13096.35,13155.62,12976.76,12976.76,Yahoo Finance ^TWII
2022-10-20,12912.93,12946.10,12698.91,12946.10,Yahoo Finance ^TWII
2022-10-21,12931.20,12954.02,12813.60,12819.20,Yahoo Finance ^TWII
2022-10-24,12913.58,13027.84,12856.77,12856.98,Yahoo Finance ^TWII
2022-10-25,12830.29,12843.31,12629.48,12666.12,Yahoo Finance ^TWII
2022-10-26,12666.42,12791.97,12635.52,12729.05,Yahoo Finance ^TWII
2022-10-27,12807.69,12954.32,12807.69,12926.37,Yahoo Finance ^TWII
2022-10-28,12874.83,12891.38,12723.98,12788.42,Yahoo Finance ^TWII
2022-10-31,12862.37,12977.61,12826.34,12949.75,Yahoo Finance ^TWII
2022-11-01,12933.12,13062.90,12907.61,13037.21,Yahoo Finance ^TWII
2022-11-02,13033.15,13100.17,13014.04,13100.17,Yahoo Finance ^TWII
2022-11-03,12985.55,12991.37,12905.35,12986.60,Yahoo Finance ^TWII
2022-11-04,12941.78,13029.94,12868.25,13026.71,Yahoo Finance ^TWII
2022-11-07,13109.35,13246.59,13103.35,13223.73,Yahoo Finance ^TWII
2022-11-08,13274.91,13389.25,13274.91,13347.76,Yahoo Finance ^TWII
2022-11-09,13410.19,13638.81,13410.19,13638.81,Yahoo Finance ^TWII
2022-11-10,13556.51,13559.40,13463.85,13503.76,Yahoo Finance ^TWII
2022-11-11,13878.95,14045.51,13878.95,14007.56,Yahoo Finance ^TWII
2022-11-14,14080.91,14217.30,14076.94,14174.90,Yahoo Finance ^TWII
2022-11-15,14325.49,14568.51,14278.53,14546.31,Yahoo Finance ^TWII
2022-11-16,14637.85,14657.66,14481.06,14537.35,Yahoo Finance ^TWII
2022-11-17,14489.41,14545.89,14383.55,14535.23,Yahoo Finance ^TWII
2022-11-18,14584.31,14669.98,14470.48,14504.99,Yahoo Finance ^TWII
2022-11-21,14514.71,14530.76,14421.65,14449.39,Yahoo Finance ^TWII
2022-11-22,14404.08,14542.79,14371.09,14542.20,Yahoo Finance ^TWII
2022-11-23,14595.50,14647.98,14573.41,14608.54,Yahoo Finance ^TWII
2022-11-24,14649.80,14784.00,14649.80,14784.00,Yahoo Finance ^TWII
2022-11-25,14764.94,14835.66,14756.01,14778.51,Yahoo Finance ^TWII
2022-11-28,14636.90,14638.19,14503.12,14556.87,Yahoo Finance ^TWII
2022-11-29,14503.79,14716.58,14449.05,14709.64,Yahoo Finance ^TWII
2022-11-30,14678.23,14879.55,14678.23,14879.55,Yahoo Finance ^TWII
2022-12-01,15059.92,15152.38,14998.03,15012.80,Yahoo Finance ^TWII
2022-12-02,14933.20,15021.73,14921.06,14970.68,Yahoo Finance ^TWII
2022-12-05,14972.17,15088.06,14969.97,14980.74,Yahoo Finance ^TWII
2022-12-06,14955.29,14957.82,14728.88,14728.88,Yahoo Finance ^TWII
2022-12-07,14708.08,14823.15,14630.01,14630.01,Yahoo Finance ^TWII
2022-12-08,14631.21,14634.16,14464.20,14553.04,Yahoo Finance ^TWII
2022-12-09,14620.27,14742.79,14620.27,14705.43,Yahoo Finance ^TWII
2022-12-12,14658.46,14658.46,14538.66,14612.59,Yahoo Finance ^TWII
2022-12-13,14617.86,14658.70,14515.74,14522.96,Yahoo Finance ^TWII
2022-12-14,14557.56,14739.36,14557.56,14739.36,Yahoo Finance ^TWII
2022-12-15,14692.92,14756.38,14649.54,14734.13,Yahoo Finance ^TWII
2022-12-16,14554.21,14568.31,14447.77,14528.55,Yahoo Finance ^TWII
2022-12-19,14478.45,14493.72,14411.81,14433.32,Yahoo Finance ^TWII
2022-12-20,14410.75,14451.91,14157.99,14170.03,Yahoo Finance ^TWII
2022-12-21,14205.06,14291.98,14197.86,14234.40,Yahoo Finance ^TWII
2022-12-22,14323.04,14442.94,14323.04,14442.94,Yahoo Finance ^TWII
2022-12-23,14318.12,14318.12,14192.98,14271.63,Yahoo Finance ^TWII
2022-12-26,14271.20,14301.11,14253.20,14285.13,Yahoo Finance ^TWII
2022-12-27,14310.19,14410.24,14310.19,14328.43,Yahoo Finance ^TWII
2022-12-28,14249.83,14249.83,14119.30,14173.10,Yahoo Finance ^TWII
2022-12-29,14097.51,14120.57,13981.63,14085.02,Yahoo Finance ^TWII
2022-12-30,14183.52,14248.90,14137.69,14137.69,Yahoo Finance ^TWII
2023-01-03,14108.16,14237.94,14001.97,14224.12,Yahoo Finance ^TWII
2023-01-04,14186.95,14257.45,14177.97,14199.13,Yahoo Finance ^TWII
2023-01-05,14285.12,14357.60,14270.93,14301.05,Yahoo Finance ^TWII
2023-01-06,14278.52,14384.92,14278.52,14373.34,Yahoo Finance ^TWII
2023-01-09,14504.47,14752.21,14504.47,14752.21,Yahoo Finance ^TWII
2023-01-10,14796.27,14816.13,14728.56,14802.96,Yahoo Finance ^TWII
2023-01-11,14822.86,14842.74,14734.44,14751.44,Yahoo Finance ^TWII
2023-01-12,14780.58,14813.31,14700.73,14731.64,Yahoo Finance ^TWII
2023-01-13,14923.05,14962.31,14822.15,14824.13,Yahoo Finance ^TWII
2023-01-16,14895.26,14960.92,14895.26,14927.01,Yahoo Finance ^TWII
2023-01-17,14922.34,14945.23,14884.78,14932.93,Yahoo Finance ^TWII
2023-01-30,15291.53,15493.82,15291.53,15493.82,Yahoo Finance ^TWII
2023-01-31,15419.21,15441.98,15265.20,15265.20,Yahoo Finance ^TWII
2023-02-01,15346.35,15420.13,15291.68,15420.13,Yahoo Finance ^TWII
2023-02-02,15508.83,15602.09,15496.52,15595.16,Yahoo Finance ^TWII
2023-02-03,15591.95,15617.73,15504.03,15602.66,Yahoo Finance ^TWII
2023-02-06,15514.80,15514.80,15392.82,15392.82,Yahoo Finance ^TWII
2023-02-07,15376.12,15462.10,15363.65,15400.91,Yahoo Finance ^TWII
2023-02-08,15538.71,15631.22,15520.05,15618.17,Yahoo Finance ^TWII
2023-02-09,15590.00,15617.34,15553.84,15598.71,Yahoo Finance ^TWII
2023-02-10,15627.33,15628.30,15546.11,15586.65,Yahoo Finance ^TWII
2023-02-13,15564.76,15569.99,15465.56,15544.28,Yahoo Finance ^TWII
2023-02-14,15584.74,15669.63,15584.74,15654.48,Yahoo Finance ^TWII
2023-02-15,15497.67,15553.68,15388.85,15432.89,Yahoo Finance ^TWII
2023-02-16,15474.46,15585.48,15474.46,15550.50,Yahoo Finance ^TWII
2023-02-17,15503.75,15503.75,15418.43,15479.70,Yahoo Finance ^TWII
2023-02-20,15452.01,15575.32,15436.66,15551.23,Yahoo Finance ^TWII
2023-02-21,15535.64,15567.74,15496.73,15563.00,Yahoo Finance ^TWII
2023-02-22,15541.17,15541.17,15345.93,15418.77,Yahoo Finance ^TWII
2023-02-23,15463.46,15657.63,15463.46,15615.41,Yahoo Finance ^TWII
2023-02-24,15669.88,15717.96,15503.79,15503.79,Yahoo Finance ^TWII
2023-03-01,15435.38,15617.03,15387.38,15598.49,Yahoo Finance ^TWII
2023-03-02,15580.28,15618.06,15492.37,15598.72,Yahoo Finance ^TWII
2023-03-03,15621.36,15713.42,15606.85,15608.42,Yahoo Finance ^TWII
2023-03-06,15675.28,15818.88,15675.28,15763.51,Yahoo Finance ^TWII
2023-03-07,15763.87,15879.16,15749.04,15857.89,Yahoo Finance ^TWII
2023-03-08,15819.18,15821.49,15740.98,15818.20,Yahoo Finance ^TWII
2023-03-09,15827.98,15878.75,15770.66,15770.66,Yahoo Finance ^TWII
2023-03-10,15729.29,15729.29,15488.71,15526.20,Yahoo Finance ^TWII
2023-03-13,15514.03,15571.17,15349.67,15560.49,Yahoo Finance ^TWII
2023-03-14,15517.74,15517.74,15348.12,15360.42,Yahoo Finance ^TWII
2023-03-15,15425.99,15526.73,15387.59,15387.59,Yahoo Finance ^TWII
2023-03-16,15334.25,15334.25,15186.74,15221.12,Yahoo Finance ^TWII
2023-03-17,15337.97,15452.96,15337.97,15452.96,Yahoo Finance ^TWII
2023-03-20,15454.75,15488.98,15399.07,15419.97,Yahoo Finance ^TWII
2023-03-21,15437.95,15547.97,15437.95,15513.45,Yahoo Finance ^TWII
2023-03-22,15535.17,15760.46,15535.17,15760.46,Yahoo Finance ^TWII
2023-03-23,15711.60,15882.75,15680.84,15863.95,Yahoo Finance ^TWII
2023-03-24,15869.84,15921.97,15845.99,15914.70,Yahoo Finance ^TWII
2023-03-27,15873.67,15902.06,15821.63,15830.31,Yahoo Finance ^TWII
2023-03-28,15790.70,15846.54,15685.59,15701.48,Yahoo Finance ^TWII
2023-03-29,15766.29,15811.20,15681.10,15769.76,Yahoo Finance ^TWII
2023-03-30,15824.65,15885.21,15791.75,15849.43,Yahoo Finance ^TWII
2023-03-31,15874.19,15951.80,15857.19,15868.06,Yahoo Finance ^TWII
2023-04-06,15838.07,15838.07,15733.29,15810.77,Yahoo Finance ^TWII
2023-04-07,15856.19,15877.99,15811.19,15836.50,Yahoo Finance ^TWII
2023-04-10,15850.94,15919.76,15850.94,15876.17,Yahoo Finance ^TWII
2023-04-11,15886.46,15945.63,15838.10,15913.88,Yahoo Finance ^TWII
2023-04-12,15914.15,15944.32,15867.02,15932.97,Yahoo Finance ^TWII
2023-04-13,15888.63,15913.20,15800.42,15804.76,Yahoo Finance ^TWII
2023-04-14,15854.25,15973.82,15854.25,15929.43,Yahoo Finance ^TWII
2023-04-17,15934.64,15963.55,15894.77,15963.55,Yahoo Finance ^TWII
2023-04-18,15967.89,15967.89,15851.71,15869.44,Yahoo Finance ^TWII
2023-04-19,15874.65,15915.39,15756.75,15770.47,Yahoo Finance ^TWII
2023-04-20,15771.45,15804.38,15686.54,15707.52,Yahoo Finance ^TWII
2023-04-21,15776.54,15802.93,15592.96,15602.99,Yahoo Finance ^TWII
2023-04-24,15555.10,15643.86,15529.39,15626.87,Yahoo Finance ^TWII
2023-04-25,15606.83,15639.49,15353.22,15370.73,Yahoo Finance ^TWII
2023-04-26,15352.03,15398.40,15284.46,15374.63,Yahoo Finance ^TWII
2023-04-27,15374.39,15455.88,15306.69,15411.49,Yahoo Finance ^TWII
2023-04-28,15477.34,15580.63,15477.34,15579.18,Yahoo Finance ^TWII
2023-05-02,15588.68,15651.23,15532.63,15636.48,Yahoo Finance ^TWII
2023-05-03,15629.51,15629.51,15530.79,15553.41,Yahoo Finance ^TWII
2023-05-04,15548.02,15622.41,15523.50,15609.03,Yahoo Finance ^TWII
2023-05-05,15627.93,15673.62,15578.67,15626.07,Yahoo Finance ^TWII
2023-05-08,15648.54,15757.80,15648.54,15699.57,Yahoo Finance ^TWII
2023-05-09,15702.26,15744.27,15635.90,15727.70,Yahoo Finance ^TWII
2023-05-10,15708.48,15711.39,15579.49,15641.76,Yahoo Finance ^TWII
2023-05-11,15666.49,15675.37,15501.58,15514.64,Yahoo Finance ^TWII
2023-05-12,15477.12,15545.99,15424.42,15502.36,Yahoo Finance ^TWII
2023-05-15,15489.18,15510.09,15434.52,15475.05,Yahoo Finance ^TWII
2023-05-16,15550.57,15723.95,15550.57,15673.90,Yahoo Finance ^TWII
2023-05-17,15702.74,15961.97,15698.63,15925.29,Yahoo Finance ^TWII
2023-05-18,16060.26,16128.72,16015.62,16101.88,Yahoo Finance ^TWII
2023-05-19,16146.29,16189.81,16099.90,16174.92,Yahoo Finance ^TWII
2023-05-22,16168.74,16202.92,16131.55,16180.89,Yahoo Finance ^TWII
2023-05-23,16186.15,16239.50,16121.45,16188.03,Yahoo Finance ^TWII
2023-05-24,16186.62,16186.62,16070.16,16159.32,Yahoo Finance ^TWII
2023-05-25,16163.95,16323.77,16163.95,16292.00,Yahoo Finance ^TWII
2023-05-26,16509.14,16537.79,16457.74,16505.05,Yahoo Finance ^TWII
2023-05-29,16610.86,16683.76,16597.38,16636.30,Yahoo Finance ^TWII
2023-05-30,16648.77,16681.19,16579.13,16622.74,Yahoo Finance ^TWII
2023-05-31,16593.53,16636.65,16491.90,16578.96,Yahoo Finance ^TWII
2023-06-01,16511.00,16555.50,16477.43,16512.65,Yahoo Finance ^TWII
2023-06-02,16525.00,16752.20,16525.00,16706.91,Yahoo Finance ^TWII
2023-06-05,16714.48,16781.19,16703.60,16714.43,Yahoo Finance ^TWII
2023-06-06,16712.98,16793.81,16699.83,16761.66,Yahoo Finance ^TWII
2023-06-07,16771.76,16922.48,16771.76,16922.48,Yahoo Finance ^TWII
2023-06-08,16864.18,16899.51,16694.21,16733.69,Yahoo Finance ^TWII
2023-06-09,16775.92,16895.99,16775.92,16886.40,Yahoo Finance ^TWII
2023-06-12,16899.49,16999.72,16899.49,16955.37,Yahoo Finance ^TWII
2023-06-13,17135.84,17254.96,17129.23,17216.60,Yahoo Finance ^TWII
2023-06-14,17190.70,17259.23,17182.18,17238.14,Yahoo Finance ^TWII
2023-06-15,17259.37,17346.32,17259.37,17334.98,Yahoo Finance ^TWII
2023-06-16,17342.86,17342.86,17250.79,17288.91,Yahoo Finance ^TWII
2023-06-19,17274.07,17306.81,17210.87,17274.56,Yahoo Finance ^TWII
2023-06-20,17233.80,17247.16,17121.59,17184.91,Yahoo Finance ^TWII
2023-06-21,17186.72,17246.77,17131.45,17202.40,Yahoo Finance ^TWII
2023-06-26,17182.48,17182.48,17011.28,17059.24,Yahoo Finance ^TWII
2023-06-27,17022.15,17035.49,16887.90,16887.90,Yahoo Finance ^TWII
2023-06-28,16906.23,17011.12,16903.71,16935.63,Yahoo Finance ^TWII
2023-06-29,16930.41,17077.44,16911.38,16942.30,Yahoo Finance ^TWII
2023-06-30,16870.27,16919.95,16792.34,16915.54,Yahoo Finance ^TWII
2023-07-03,16915.54,17103.73,16915.54,17084.20,Yahoo Finance ^TWII
2023-07-04,17084.20,17154.10,17042.60,17140.77,Yahoo Finance ^TWII
2023-07-05,17140.77,17153.17,17020.01,17056.43,Yahoo Finance ^TWII
2023-07-06,17056.43,17056.43,16749.29,16762.17,Yahoo Finance ^TWII
2023-07-07,16762.17,16762.39,16593.84,16664.21,Yahoo Finance ^TWII
2023-07-10,16664.21,16798.81,16635.83,16652.80,Yahoo Finance ^TWII
2023-07-11,16675.69,16898.91,16675.69,16898.91,Yahoo Finance ^TWII
2023-07-12,16903.25,16962.03,16864.01,16962.03,Yahoo Finance ^TWII
2023-07-13,16994.59,17223.86,16994.59,17061.40,Yahoo Finance ^TWII
2023-07-14,17152.81,17287.40,17128.07,17283.71,Yahoo Finance ^TWII
2023-07-17,17279.11,17346.66,17235.92,17334.29,Yahoo Finance ^TWII
2023-07-18,17368.36,17401.59,17164.92,17227.91,Yahoo Finance ^TWII
2023-07-19,17265.38,17340.82,17082.54,17116.44,Yahoo Finance ^TWII
2023-07-20,17104.91,17214.41,17098.65,17164.89,Yahoo Finance ^TWII
2023-07-21,17106.29,17106.29,16859.13,17030.70,Yahoo Finance ^TWII
2023-07-24,17036.79,17098.73,16941.15,17033.61,Yahoo Finance ^TWII
2023-07-25,17061.88,17270.20,17061.88,17198.89,Yahoo Finance ^TWII
2023-07-26,17205.47,17247.02,17121.99,17162.55,Yahoo Finance ^TWII
2023-07-27,17189.30,17282.86,17189.30,17241.82,Yahoo Finance ^TWII
2023-07-28,17244.51,17328.21,17179.94,17292.93,Yahoo Finance ^TWII
2023-07-31,17341.04,17463.76,17081.48,17145.43,Yahoo Finance ^TWII
2023-08-01,17141.97,17252.32,17095.86,17212.87,Yahoo Finance ^TWII
2023-08-02,17207.22,17212.55,16844.57,16893.73,Yahoo Finance ^TWII
2023-08-04,16847.24,16887.38,16748.51,16843.68,Yahoo Finance ^TWII
2023-08-07,16870.81,17032.32,16868.74,16996.00,Yahoo Finance ^TWII
2023-08-08,17006.46,17043.56,16812.59,16877.07,Yahoo Finance ^TWII
2023-08-09,16836.64,16956.73,16798.50,16870.94,Yahoo Finance ^TWII
2023-08-10,16827.11,16827.11,16601.17,16634.70,Yahoo Finance ^TWII
2023-08-11,16644.65,16766.84,16601.25,16601.25,Yahoo Finance ^TWII
2023-08-14,16585.41,16585.41,16307.28,16393.66,Yahoo Finance ^TWII
2023-08-15,16438.63,16546.01,16437.63,16454.80,Yahoo Finance ^TWII
2023-08-16,16422.20,16446.78,16304.44,16446.78,Yahoo Finance ^TWII
2023-08-17,16411.63,16550.11,16264.65,16516.66,Yahoo Finance ^TWII
2023-08-18,16508.46,16583.95,16344.29,16381.31,Yahoo Finance ^TWII
2023-08-21,16414.14,16485.25,16347.77,16381.49,Yahoo Finance ^TWII
2023-08-22,16429.69,16535.07,16407.83,16437.61,Yahoo Finance ^TWII
2023-08-23,16440.39,16588.51,16440.39,16576.90,Yahoo Finance ^TWII
2023-08-24,16651.03,16822.36,16651.03,16770.87,Yahoo Finance ^TWII
2023-08-25,16708.53,16708.53,16481.58,16481.58,Yahoo Finance ^TWII
2023-08-28,16498.86,16582.96,16498.86,16509.26,Yahoo Finance ^TWII
2023-08-29,16528.49,16627.70,16495.76,16623.65,Yahoo Finance ^TWII
2023-08-30,16666.33,16780.42,16666.33,16719.82,Yahoo Finance ^TWII
2023-08-31,16707.35,16712.22,16630.67,16634.51,Yahoo Finance ^TWII
2023-09-01,16640.92,16730.13,16619.23,16644.94,Yahoo Finance ^TWII
2023-09-04,16649.67,16789.69,16648.51,16789.69,Yahoo Finance ^TWII
2023-09-05,16784.12,16791.61,16727.44,16791.61,Yahoo Finance ^TWII
2023-09-06,16796.37,16841.19,16732.69,16738.16,Yahoo Finance ^TWII
2023-09-07,16715.45,16715.45,16609.94,16619.14,Yahoo Finance ^TWII
2023-09-08,16609.93,16609.93,16505.64,16576.02,Yahoo Finance ^TWII
2023-09-11,16579.83,16600.03,16398.30,16432.95,Yahoo Finance ^TWII
2023-09-12,16433.82,16579.86,16422.91,16572.71,Yahoo Finance ^TWII
2023-09-13,16578.13,16653.30,16542.72,16581.51,Yahoo Finance ^TWII
2023-09-14,16581.62,16807.56,16581.62,16807.56,Yahoo Finance ^TWII
2023-09-15,16809.74,16920.92,16787.74,16920.92,Yahoo Finance ^TWII
2023-09-18,16893.97,16893.97,16698.24,16698.24,Yahoo Finance ^TWII
2023-09-19,16706.48,16762.52,16636.32,16636.32,Yahoo Finance ^TWII
2023-09-20,16626.61,16665.27,16522.38,16534.75,Yahoo Finance ^TWII
2023-09-21,16475.42,16475.42,16300.54,16316.67,Yahoo Finance ^TWII
2023-09-22,16267.32,16360.96,16202.43,16344.48,Yahoo Finance ^TWII
2023-09-25,16345.78,16498.38,16345.78,16452.23,Yahoo Finance ^TWII
2023-09-26,16440.26,16440.26,16276.07,16276.07,Yahoo Finance ^TWII
2023-09-27,16273.84,16324.22,16212.86,16310.36,Yahoo Finance ^TWII
2023-09-28,16330.71,16411.28,16311.41,16353.74,Yahoo Finance ^TWII
2023-10-02,16382.96,16575.31,16382.96,16557.31,Yahoo Finance ^TWII
2023-10-03,16520.24,16571.66,16453.80,16454.34,Yahoo Finance ^TWII
2023-10-04,16419.48,16419.48,16203.34,16273.38,Yahoo Finance ^TWII
2023-10-05,16313.89,16477.61,16313.89,16453.52,Yahoo Finance ^TWII
2023-10-06,16482.93,16539.13,16482.93,16520.57,Yahoo Finance ^TWII
2023-10-11,16567.43,16729.50,16567.43,16672.03,Yahoo Finance ^TWII
2023-10-12,16698.85,16825.91,16684.43,16825.91,Yahoo Finance ^TWII
2023-10-13,16815.91,16815.91,16726.43,16782.57,Yahoo Finance ^TWII
2023-10-16,16712.93,16712.93,16614.10,16652.24,Yahoo Finance ^TWII
2023-10-17,16678.28,16770.64,16618.30,16642.55,Yahoo Finance ^TWII
2023-10-18,16608.02,16612.25,16398.76,16440.91,Yahoo Finance ^TWII
2023-10-19,16416.54,16479.35,16382.40,16452.73,Yahoo Finance ^TWII
2023-10-20,16434.43,16462.56,16271.82,16440.72,Yahoo Finance ^TWII
2023-10-23,16391.41,16391.41,16245.84,16251.36,Yahoo Finance ^TWII
2023-10-24,16257.80,16318.77,16163.00,16309.76,Yahoo Finance ^TWII
2023-10-25,16320.71,16459.34,16320.71,16358.89,Yahoo Finance ^TWII
2023-10-26,16305.16,16305.16,16073.74,16073.74,Yahoo Finance ^TWII
2023-10-27,16112.75,16200.30,16112.75,16134.61,Yahoo Finance ^TWII
2023-10-30,16142.06,16203.33,16101.24,16149.68,Yahoo Finance ^TWII
2023-10-31,16176.58,16215.35,15975.91,16001.27,Yahoo Finance ^TWII
2023-11-01,16027.72,16099.03,15978.26,16038.56,Yahoo Finance ^TWII
2023-11-02,16094.26,16396.95,16094.26,16396.95,Yahoo Finance ^TWII
2023-11-03,16412.54,16520.10,16412.54,16507.65,Yahoo Finance ^TWII
2023-11-06,16572.56,16720.56,16572.56,16649.36,Yahoo Finance ^TWII
2023-11-07,16650.14,16684.95,16608.10,16684.95,Yahoo Finance ^TWII
2023-11-08,16691.32,16775.23,16665.40,16740.83,Yahoo Finance ^TWII
2023-11-09,16741.16,16759.43,16680.91,16745.65,Yahoo Finance ^TWII
2023-11-10,16725.94,16725.94,16651.23,16682.67,Yahoo Finance ^TWII
2023-11-13,16711.53,16961.02,16711.53,16839.29,Yahoo Finance ^TWII
2023-11-14,16884.52,16946.38,16884.52,16915.71,Yahoo Finance ^TWII
2023-11-15,17039.62,17143.88,17034.95,17128.78,Yahoo Finance ^TWII
2023-11-16,17136.52,17194.32,17089.40,17171.18,Yahoo Finance ^TWII
2023-11-17,17155.86,17253.47,17147.56,17208.95,Yahoo Finance ^TWII
2023-11-20,17197.82,17219.76,17151.82,17210.47,Yahoo Finance ^TWII
2023-11-21,17239.94,17421.17,17239.94,17416.70,Yahoo Finance ^TWII
2023-11-22,17325.60,17344.53,17264.95,17310.26,Yahoo Finance ^TWII
2023-11-23,17291.33,17343.61,17228.45,17294.55,Yahoo Finance ^TWII
2023-11-24,17304.65,17336.13,17268.38,17287.42,Yahoo Finance ^TWII
2023-11-27,17291.23,17351.93,17133.76,17137.42,Yahoo Finance ^TWII
2023-11-28,17150.30,17360.38,17145.20,17341.25,Yahoo Finance ^TWII
2023-11-29,17352.11,17441.79,17323.27,17370.56,Yahoo Finance ^TWII
2023-11-30,17389.20,17433.85,17313.30,17433.85,Yahoo Finance ^TWII
2023-12-01,17422.35,17450.13,17355.89,17438.35,Yahoo Finance ^TWII
2023-12-04,17450.64,17516.61,17398.10,17421.48,Yahoo Finance ^TWII
2023-12-05,17401.59,17401.59,17252.57,17328.01,Yahoo Finance ^TWII
2023-12-06,17340.82,17439.85,17337.47,17360.72,Yahoo Finance ^TWII
2023-12-07,17356.92,17387.94,17273.71,17278.74,Yahoo Finance ^TWII
2023-12-08,17309.36,17465.35,17309.36,17383.99,Yahoo Finance ^TWII
2023-12-11,17416.96,17451.82,17372.82,17418.34,Yahoo Finance ^TWII
2023-12-12,17429.61,17528.72,17404.88,17450.63,Yahoo Finance ^TWII
2023-12-13,17447.51,17507.92,17438.69,17468.93,Yahoo Finance ^TWII
2023-12-14,17482.38,17668.35,17482.38,17653.11,Yahoo Finance ^TWII
2023-12-15,17693.33,17743.54,17642.79,17673.87,Yahoo Finance ^TWII
2023-12-18,17637.86,17665.91,17586.88,17652.03,Yahoo Finance ^TWII
2023-12-19,17669.84,17669.84,17497.32,17576.55,Yahoo Finance ^TWII
2023-12-20,17608.35,17657.65,17597.48,17635.20,Yahoo Finance ^TWII
2023-12-21,17531.45,17552.90,17442.76,17543.74,Yahoo Finance ^TWII
2023-12-22,17586.16,17618.17,17567.55,17596.63,Yahoo Finance ^TWII
2023-12-25,17596.27,17663.35,17595.27,17604.84,Yahoo Finance ^TWII
2023-12-26,17619.09,17751.73,17619.09,17751.73,Yahoo Finance ^TWII
2023-12-27,17766.73,17897.16,17766.73,17891.50,Yahoo Finance ^TWII
2023-12-28,17900.76,17928.14,17841.76,17910.37,Yahoo Finance ^TWII
2023-12-29,17893.63,17945.70,17864.23,17930.81,Yahoo Finance ^TWII
2024-01-02,17939.79,17956.74,17784.97,17853.76,Yahoo Finance ^TWII
2024-01-03,17829.28,17829.28,17518.19,17559.31,Yahoo Finance ^TWII
2024-01-04,17574.39,17609.89,17515.73,17549.65,Yahoo Finance ^TWII
2024-01-05,17559.40,17606.79,17495.39,17519.14,Yahoo Finance ^TWII
2024-01-08,17534.52,17688.11,17534.52,17572.66,Yahoo Finance ^TWII
2024-01-09,17585.40,17694.26,17517.55,17535.49,Yahoo Finance ^TWII
2024-01-10,17495.67,17499.43,17439.27,17465.63,Yahoo Finance ^TWII
2024-01-11,17477.88,17574.92,17476.87,17545.32,Yahoo Finance ^TWII
2024-01-12,17536.05,17570.63,17469.87,17512.83,Yahoo Finance ^TWII
2024-01-15,17541.26,17632.77,17532.98,17546.82,Yahoo Finance ^TWII
2024-01-16,17523.78,17523.78,17337.58,17346.87,Yahoo Finance ^TWII
2024-01-17,17341.58,17361.05,17151.58,17161.79,Yahoo Finance ^TWII
2024-01-18,17169.10,17300.29,17169.10,17227.79,Yahoo Finance ^TWII
2024-01-19,17546.51,17682.97,17499.85,17681.52,Yahoo Finance ^TWII
2024-01-22,17770.78,17869.07,17765.13,17815.10,Yahoo Finance ^TWII
2024-01-23,17840.28,17893.73,17801.89,17874.59,Yahoo Finance ^TWII
2024-01-24,17883.62,17944.98,17856.34,17875.83,Yahoo Finance ^TWII
2024-01-25,17894.83,18014.26,17894.83,18002.62,Yahoo Finance ^TWII
2024-01-26,17985.44,18029.85,17943.65,17995.03,Yahoo Finance ^TWII
2024-01-29,18001.24,18119.63,17995.11,18119.63,Yahoo Finance ^TWII
2024-01-30,18083.45,18138.74,18034.63,18034.63,Yahoo Finance ^TWII
2024-01-31,17970.41,17996.33,17874.95,17889.56,Yahoo Finance ^TWII
2024-02-01,17871.27,17968.11,17832.95,17968.11,Yahoo Finance ^TWII
2024-02-02,18016.35,18059.93,17985.89,18059.93,Yahoo Finance ^TWII
2024-02-05,18047.40,18115.80,17992.17,18096.07,Yahoo Finance ^TWII
2024-02-15,18664.45,18725.47,18550.86,18644.57,Yahoo Finance ^TWII
2024-02-16,18639.66,18715.69,18585.14,18607.25,Yahoo Finance ^TWII
2024-02-19,18561.04,18663.74,18561.04,18635.80,Yahoo Finance ^TWII
2024-02-20,18610.21,18756.33,18610.21,18753.16,Yahoo Finance ^TWII
2024-02-21,18673.49,18729.03,18645.27,18676.31,Yahoo Finance ^TWII
2024-02-22,18826.85,18881.77,18758.15,18852.78,Yahoo Finance ^TWII
2024-02-23,18950.07,19012.38,18889.19,18889.19,Yahoo Finance ^TWII
2024-02-26,18899.39,18974.08,18854.71,18948.05,Yahoo Finance ^TWII
2024-02-27,18964.49,19023.01,18752.53,18854.41,Yahoo Finance ^TWII
2024-02-29,18796.54,19019.69,18794.62,18966.77,Yahoo Finance ^TWII
2024-03-01,19021.35,19041.92,18923.46,18935.93,Yahoo Finance ^TWII
2024-03-04,18952.69,19333.39,18952.69,19305.31,Yahoo Finance ^TWII
2024-03-05,19398.97,19453.85,19332.73,19386.92,Yahoo Finance ^TWII
2024-03-06,19283.61,19532.30,19246.30,19499.45,Yahoo Finance ^TWII
2024-03-07,19678.36,19794.57,19630.79,19693.52,Yahoo Finance ^TWII
2024-03-08,19966.49,20065.50,19638.13,19785.32,Yahoo Finance ^TWII
2024-03-11,19671.90,19828.70,19649.67,19726.08,Yahoo Finance ^TWII
2024-03-12,19672.76,19917.06,19664.71,19914.55,Yahoo Finance ^TWII
2024-03-13,20024.83,20112.81,19866.73,19928.51,Yahoo Finance ^TWII
2024-03-14,19920.63,19995.51,19775.50,19937.92,Yahoo Finance ^TWII
2024-03-15,19845.45,19888.13,19682.50,19682.50,Yahoo Finance ^TWII
2024-03-18,19706.11,19879.86,19706.11,19879.85,Yahoo Finance ^TWII
2024-03-19,19798.12,19921.25,19762.16,19857.20,Yahoo Finance ^TWII
2024-03-20,19879.25,19994.42,19728.43,19784.45,Yahoo Finance ^TWII
2024-03-21,19843.80,20199.30,19843.80,20199.09,Yahoo Finance ^TWII
2024-03-22,20232.06,20296.10,20084.31,20228.43,Yahoo Finance ^TWII
2024-03-25,20228.64,20285.38,20172.80,20192.25,Yahoo Finance ^TWII
2024-03-26,20208.88,20397.07,19977.40,20126.49,Yahoo Finance ^TWII
2024-03-27,20158.07,20255.10,20108.96,20200.12,Yahoo Finance ^TWII
2024-03-28,20213.34,20222.20,20065.93,20146.55,Yahoo Finance ^TWII
2024-03-29,20156.34,20335.92,20156.34,20294.45,Yahoo Finance ^TWII
2024-04-01,20319.73,20387.23,20217.58,20222.33,Yahoo Finance ^TWII
2024-04-02,20359.81,20466.57,20359.81,20466.57,Yahoo Finance ^TWII
2024-04-03,20388.84,20403.73,20269.66,20337.60,Yahoo Finance ^TWII
2024-04-08,20395.05,20487.83,20379.83,20417.70,Yahoo Finance ^TWII
2024-04-09,20521.56,20820.81,20521.56,20796.20,Yahoo Finance ^TWII
2024-04-10,20789.42,20883.69,20763.53,20763.53,Yahoo Finance ^TWII
2024-04-11,20713.25,20770.83,20651.88,20753.22,Yahoo Finance ^TWII
2024-04-12,20772.79,20825.04,20713.87,20736.57,Yahoo Finance ^TWII
2024-04-15,20586.53,20623.77,20449.77,20449.77,Yahoo Finance ^TWII
2024-04-16,20365.11,20365.11,19844.54,19901.96,Yahoo Finance ^TWII
2024-04-17,19986.62,20264.99,19986.62,20213.33,Yahoo Finance ^TWII
2024-04-18,20126.57,20363.09,20057.81,20301.20,Yahoo Finance ^TWII
2024-04-19,19992.06,19992.06,19291.88,19527.12,Yahoo Finance ^TWII
2024-04-22,19466.44,19695.49,19395.31,19411.22,Yahoo Finance ^TWII
2024-04-23,19564.38,19709.00,19509.74,19599.28,Yahoo Finance ^TWII
2024-04-24,19770.46,20165.77,19770.46,20131.74,Yahoo Finance ^TWII
2024-04-25,20003.00,20003.00,19848.57,19857.42,Yahoo Finance ^TWII
2024-04-26,20094.17,20226.29,20087.61,20120.51,Yahoo Finance ^TWII
2024-04-29,20235.93,20495.52,20235.93,20495.52,Yahoo Finance ^TWII
2024-04-30,20508.48,20559.97,20396.60,20396.60,Yahoo Finance ^TWII
2024-05-02,20360.67,20360.67,20222.44,20222.44,Yahoo Finance ^TWII
2024-05-03,20381.98,20521.49,20272.34,20330.32,Yahoo Finance ^TWII
2024-05-06,20479.80,20639.90,20479.80,20523.31,Yahoo Finance ^TWII
2024-05-07,20634.62,20689.19,20493.80,20653.53,Yahoo Finance ^TWII
2024-05-08,20604.18,20700.51,20547.48,20700.51,Yahoo Finance ^TWII
2024-05-09,20710.05,20754.61,20560.77,20560.77,Yahoo Finance ^TWII
2024-05-10,20582.12,20765.82,20574.01,20708.84,Yahoo Finance ^TWII
2024-05-13,20905.16,20933.28,20816.42,20857.71,Yahoo Finance ^TWII
2024-05-14,20835.95,20994.53,20816.77,20985.85,Yahoo Finance ^TWII
2024-05-15,20984.70,21308.32,20984.70,21147.21,Yahoo Finance ^TWII
2024-05-16,21319.02,21515.52,21249.88,21304.26,Yahoo Finance ^TWII
2024-05-17,21346.75,21346.75,21218.34,21258.47,Yahoo Finance ^TWII
2024-05-20,21278.38,21338.35,21102.18,21271.63,Yahoo Finance ^TWII
2024-05-21,21239.26,21307.08,21131.62,21236.75,Yahoo Finance ^TWII
2024-05-22,21248.99,21567.48,21248.99,21551.83,Yahoo Finance ^TWII
2024-05-23,21668.84,21668.84,21475.99,21607.43,Yahoo Finance ^TWII
2024-05-24,21442.67,21608.72,21381.25,21565.34,Yahoo Finance ^TWII
2024-05-27,21699.98,21871.34,21699.98,21803.77,Yahoo Finance ^TWII
2024-05-28,21812.20,21937.40,21812.20,21858.41,Yahoo Finance ^TWII
2024-05-29,21846.41,21906.10,21662.50,21662.50,Yahoo Finance ^TWII
2024-05-30,21481.39,21558.36,21364.24,21364.48,Yahoo Finance ^TWII
2024-05-31,21400.83,21539.03,21174.22,21174.22,Yahoo Finance ^TWII
2024-06-03,21388.71,21612.54,21372.08,21536.76,Yahoo Finance ^TWII
2024-06-04,21513.85,21529.98,21308.97,21356.62,Yahoo Finance ^TWII
2024-06-05,21385.00,21510.86,21264.63,21484.88,Yahoo Finance ^TWII
2024-06-06,21856.13,21970.63,21847.68,21902.70,Yahoo Finance ^TWII
2024-06-07,21823.62,21920.85,21823.62,21858.38,Yahoo Finance ^TWII
2024-06-11,21984.42,22003.71,21792.12,21792.12,Yahoo Finance ^TWII
2024-06-12,21841.81,22094.94,21841.81,22048.96,Yahoo Finance ^TWII
2024-06-13,22217.64,22440.10,22211.08,22312.04,Yahoo Finance ^TWII
2024-06-14,22311.93,22504.72,22252.02,22504.72,Yahoo Finance ^TWII
2024-06-17,22468.11,22567.34,22431.26,22496.53,Yahoo Finance ^TWII
2024-06-18,22690.34,22787.67,22642.94,22757.43,Yahoo Finance ^TWII
2024-06-19,22858.45,23275.30,22858.45,23209.54,Yahoo Finance ^TWII
2024-06-20,23196.69,23406.10,23180.70,23406.10,Yahoo Finance ^TWII
2024-06-21,23193.90,23351.17,23151.15,23253.39,Yahoo Finance ^TWII
2024-06-24,23124.31,23131.68,22813.70,22813.70,Yahoo Finance ^TWII
2024-06-25,22695.15,22875.97,22503.00,22875.97,Yahoo Finance ^TWII
2024-06-26,22938.57,23074.74,22893.75,22986.69,Yahoo Finance ^TWII
2024-06-27,22859.93,22922.56,22765.16,22905.98,Yahoo Finance ^TWII
2024-06-28,22896.72,23142.40,22896.72,23032.25,Yahoo Finance ^TWII
2024-07-01,23042.70,23187.88,23015.17,23058.57,Yahoo Finance ^TWII
2024-07-02,23012.74,23041.90,22833.78,22879.37,Yahoo Finance ^TWII
2024-07-03,23009.82,23172.43,22994.28,23172.43,Yahoo Finance ^TWII
2024-07-04,23360.88,23571.82,23360.88,23522.53,Yahoo Finance ^TWII
2024-07-05,23532.01,23628.86,23491.79,23556.59,Yahoo Finance ^TWII
2024-07-08,23550.64,24011.64,23505.86,23878.15,Yahoo Finance ^TWII
2024-07-09,23888.20,24126.66,23607.92,23900.08,Yahoo Finance ^TWII
2024-07-10,23744.88,24040.61,23682.49,24007.08,Yahoo Finance ^TWII
2024-07-11,24242.03,24416.67,24151.80,24390.03,Yahoo Finance ^TWII
2024-07-12,23955.67,24045.73,23774.22,23916.93,Yahoo Finance ^TWII
2024-07-15,23927.91,24018.31,23759.51,23879.36,Yahoo Finance ^TWII
2024-07-16,23880.33,24174.18,23861.77,23997.25,Yahoo Finance ^TWII
2024-07-17,23827.27,23993.68,23650.94,23769.82,Yahoo Finance ^TWII
2024-07-18,23373.01,23450.91,23148.74,23398.47,Yahoo Finance ^TWII
2024-07-19,23228.04,23235.82,22865.84,22869.26,Yahoo Finance ^TWII
2024-07-22,22818.86,22818.86,22130.88,22256.99,Yahoo Finance ^TWII
2024-07-23,22514.75,22871.84,22514.75,22871.84,Yahoo Finance ^TWII
2024-07-26,22206.93,22206.93,21889.61,22119.21,Yahoo Finance ^TWII
2024-07-29,22321.37,22471.40,22128.14,22164.49,Yahoo Finance ^TWII
2024-07-30,22040.04,22276.39,21833.85,22223.57,Yahoo Finance ^TWII
2024-07-31,22088.78,22315.31,22046.29,22199.35,Yahoo Finance ^TWII
2024-08-01,22546.40,22652.21,22465.06,22642.10,Yahoo Finance ^TWII
2024-08-02,22141.20,22141.20,21636.22,21638.09,Yahoo Finance ^TWII
2024-08-05,20982.92,20982.92,19783.50,19830.88,Yahoo Finance ^TWII
2024-08-06,20344.39,20751.50,19662.74,20501.02,Yahoo Finance ^TWII
2024-08-07,20638.28,21306.23,20638.28,21295.28,Yahoo Finance ^TWII
2024-08-08,21047.16,21074.19,20723.26,20870.10,Yahoo Finance ^TWII
2024-08-09,21212.00,21613.76,21212.00,21469.00,Yahoo Finance ^TWII
2024-08-12,21598.93,21897.98,21598.93,21773.26,Yahoo Finance ^TWII
2024-08-13,21816.07,21866.63,21698.47,21796.57,Yahoo Finance ^TWII
2024-08-14,21952.03,22155.29,21942.22,22027.25,Yahoo Finance ^TWII
2024-08-15,22005.69,22089.04,21895.17,21895.17,Yahoo Finance ^TWII
2024-08-16,22114.72,22374.94,22114.72,22349.33,Yahoo Finance ^TWII
2024-08-19,22338.83,22485.91,22307.17,22409.63,Yahoo Finance ^TWII
2024-08-20,22464.07,22545.89,22369.25,22429.10,Yahoo Finance ^TWII
2024-08-21,22316.78,22358.88,22165.82,22237.89,Yahoo Finance ^TWII
2024-08-22,22254.59,22315.92,22096.26,22148.83,Yahoo Finance ^TWII
2024-08-23,22042.59,22159.27,21935.98,22158.05,Yahoo Finance ^TWII
2024-08-26,22250.49,22449.45,22164.53,22240.12,Yahoo Finance ^TWII
2024-08-27,22179.21,22205.11,22059.51,22185.00,Yahoo Finance ^TWII
2024-08-28,22210.57,22370.66,22108.86,22370.66,Yahoo Finance ^TWII
2024-08-29,22136.31,22273.62,22010.89,22201.85,Yahoo Finance ^TWII
2024-08-30,22230.07,22342.25,22230.07,22268.09,Yahoo Finance ^TWII
2024-09-02,22341.90,22439.31,22178.04,22235.10,Yahoo Finance ^TWII
2024-09-03,22240.11,22303.50,22092.21,22092.21,Yahoo Finance ^TWII
2024-09-04,21574.65,21574.65,20922.17,21092.75,Yahoo Finance ^TWII
2024-09-05,21271.09,21488.81,21150.99,21187.71,Yahoo Finance ^TWII
2024-09-06,21255.45,21461.71,21125.14,21435.19,Yahoo Finance ^TWII
2024-09-09,21127.81,21163.91,20922.51,21144.44,Yahoo Finance ^TWII
2024-09-10,21252.57,21324.43,20977.00,21064.08,Yahoo Finance ^TWII
2024-09-11,21089.18,21134.05,21031.00,21031.00,Yahoo Finance ^TWII
2024-09-12,21373.64,21706.85,21373.64,21653.25,Yahoo Finance ^TWII
2024-09-13,21754.36,21796.39,21643.22,21759.65,Yahoo Finance ^TWII
2024-09-16,21800.00,21854.74,21736.70,21850.08,Yahoo Finance ^TWII
2024-09-18,21813.54,21859.16,21584.63,21678.84,Yahoo Finance ^TWII
2024-09-19,21675.40,22042.69,21656.66,22042.69,Yahoo Finance ^TWII
2024-09-20,22246.24,22354.54,22136.53,22159.42,Yahoo Finance ^TWII
2024-09-23,22170.94,22307.46,22170.94,22285.53,Yahoo Finance ^TWII
2024-09-24,22273.79,22431.78,22154.55,22431.78,Yahoo Finance ^TWII
2024-09-25,22569.29,22785.32,22569.29,22761.60,Yahoo Finance ^TWII
2024-09-26,22841.42,22961.77,22769.24,22858.81,Yahoo Finance ^TWII
2024-09-27,22978.97,23079.21,22806.83,22822.79,Yahoo Finance ^TWII
2024-09-30,22643.91,22691.23,22224.54,22224.54,Yahoo Finance ^TWII
2024-10-01,22329.65,22446.86,22311.33,22390.39,Yahoo Finance ^TWII
2024-10-04,22459.10,22493.05,22193.50,22302.71,Yahoo Finance ^TWII
2024-10-07,22479.24,22719.07,22479.24,22702.56,Yahoo Finance ^TWII
2024-10-08,22691.32,22691.32,22418.38,22611.39,Yahoo Finance ^TWII
2024-10-09,22637.17,22885.95,22637.17,22659.08,Yahoo Finance ^TWII
2024-10-11,22726.19,23011.11,22726.19,22901.64,Yahoo Finance ^TWII
2024-10-14,22947.32,23015.55,22799.14,22975.29,Yahoo Finance ^TWII
2024-10-15,23083.70,23353.91,23082.06,23292.04,Yahoo Finance ^TWII
2024-10-16,22990.64,23258.52,22866.73,23010.98,Yahoo Finance ^TWII
2024-10-17,23114.21,23191.79,22950.70,23053.84,Yahoo Finance ^TWII
2024-10-18,23620.57,23713.70,23378.36,23487.27,Yahoo Finance ^TWII
2024-10-21,23602.98,23678.51,23480.06,23542.53,Yahoo Finance ^TWII
2024-10-22,23428.11,23535.43,23269.86,23535.43,Yahoo Finance ^TWII
2024-10-23,23402.24,23486.45,23318.84,23334.76,Yahoo Finance ^TWII
2024-10-24,23446.64,23446.64,23150.77,23192.52,Yahoo Finance ^TWII
2024-10-25,23255.07,23388.53,23222.77,23348.45,Yahoo Finance ^TWII
2024-10-28,23455.69,23547.12,23164.42,23198.07,Yahoo Finance ^TWII
2024-10-29,23048.45,23056.57,22711.10,22926.59,Yahoo Finance ^TWII
2024-10-30,22985.13,23116.33,22801.45,22820.43,Yahoo Finance ^TWII
2024-11-01,22438.93,22828.98,22231.94,22780.08,Yahoo Finance ^TWII
2024-11-04,22839.18,23020.99,22792.77,22965.39,Yahoo Finance ^TWII
2024-11-05,22870.11,23178.80,22849.83,23106.79,Yahoo Finance ^TWII
2024-11-06,23112.95,23439.39,23035.30,23217.38,Yahoo Finance ^TWII
2024-11-07,23180.01,23518.63,23132.94,23408.82,Yahoo Finance ^TWII
2024-11-08,23608.11,23699.70,23509.13,23553.89,Yahoo Finance ^TWII
2024-11-11,23477.75,23563.80,23306.66,23529.64,Yahoo Finance ^TWII
2024-11-12,23276.76,23276.76,22981.77,22981.77,Yahoo Finance ^TWII
2024-11-13,22894.91,23046.47,22860.23,22860.23,Yahoo Finance ^TWII
2024-11-14,22821.04,22893.82,22619.71,22715.38,Yahoo Finance ^TWII
2024-11-15,22767.11,22940.80,22690.77,22742.77,Yahoo Finance ^TWII
2024-11-18,22693.96,22781.77,22503.69,22546.54,Yahoo Finance ^TWII
2024-11-19,22614.74,22906.69,22578.75,22848.80,Yahoo Finance ^TWII
2024-11-20,22872.91,22977.56,22622.47,22688.36,Yahoo Finance ^TWII
2024-11-21,22671.66,22708.57,22490.28,22555.66,Yahoo Finance ^TWII
2024-11-22,22799.53,23019.04,22799.53,22904.32,Yahoo Finance ^TWII
2024-11-25,22996.05,23172.43,22948.37,22948.37,Yahoo Finance ^TWII
2024-11-26,22789.60,22832.11,22645.13,22678.76,Yahoo Finance ^TWII
2024-11-27,22665.58,22743.99,22334.78,22334.78,Yahoo Finance ^TWII
2024-11-28,22380.45,22413.25,22124.31,22298.90,Yahoo Finance ^TWII
2024-11-29,22202.28,22429.86,22055.38,22262.50,Yahoo Finance ^TWII
2024-12-02,22456.50,22802.53,22456.50,22736.93,Yahoo Finance ^TWII
2024-12-03,22972.30,23144.78,22972.30,23027.46,Yahoo Finance ^TWII
2024-12-04,23126.08,23255.33,23034.70,23255.33,Yahoo Finance ^TWII
2024-12-05,23308.29,23387.17,23225.31,23267.94,Yahoo Finance ^TWII
2024-12-06,23278.68,23361.12,23137.62,23193.27,Yahoo Finance ^TWII
2024-12-09,23287.79,23325.99,23172.22,23273.25,Yahoo Finance ^TWII
2024-12-10,23228.26,23329.01,23071.43,23125.08,Yahoo Finance ^TWII
2024-12-11,23108.36,23108.36,22880.57,22903.63,Yahoo Finance ^TWII
2024-12-12,23050.64,23189.29,23030.48,23046.80,Yahoo Finance ^TWII
2024-12-13,23002.37,23097.52,22920.84,23020.48,Yahoo Finance ^TWII
2024-12-16,23207.21,23264.40,22959.91,23039.90,Yahoo Finance ^TWII
2024-12-17,23131.57,23223.51,23018.01,23018.01,Yahoo Finance ^TWII
2024-12-18,23014.43,23211.17,22934.59,23168.67,Yahoo Finance ^TWII
2024-12-19,22947.56,22947.56,22743.30,22932.25,Yahoo Finance ^TWII
2024-12-20,22798.39,22845.59,22510.25,22510.25,Yahoo Finance ^TWII
2024-12-23,22811.56,23132.25,22811.56,23104.54,Yahoo Finance ^TWII
2024-12-24,23260.74,23326.25,23120.24,23120.24,Yahoo Finance ^TWII
2024-12-25,23226.35,23296.36,23159.36,23220.13,Yahoo Finance ^TWII
2024-12-26,23276.08,23320.62,23241.94,23246.94,Yahoo Finance ^TWII
2024-12-27,23251.28,23335.66,23204.35,23275.68,Yahoo Finance ^TWII
2024-12-30,23274.26,23331.67,23159.70,23190.20,Yahoo Finance ^TWII
2024-12-31,23094.07,23123.96,22972.99,23035.10,Yahoo Finance ^TWII
2025-01-02,22975.71,23038.08,22713.63,22832.06,Yahoo Finance ^TWII
2025-01-03,23018.56,23092.07,22905.40,22908.30,Yahoo Finance ^TWII
2025-01-06,23131.79,23553.29,23131.79,23547.71,Yahoo Finance ^TWII
2025-01-07,23824.72,23943.95,23651.27,23651.27,Yahoo Finance ^TWII
2025-01-08,23522.29,23671.28,23388.63,23407.33,Yahoo Finance ^TWII
2025-01-09,23406.72,23463.96,23081.13,23081.13,Yahoo Finance ^TWII
2025-01-10,23067.46,23202.25,22989.67,23011.86,Yahoo Finance ^TWII
2025-01-13,23070.32,23070.32,22458.22,22488.33,Yahoo Finance ^TWII
2025-01-14,22573.96,22797.52,22542.93,22797.52,Yahoo Finance ^TWII
2025-01-15,22757.46,22777.34,22509.65,22514.57,Yahoo Finance ^TWII
2025-01-16,22817.52,23147.69,22817.52,23025.10,Yahoo Finance ^TWII
2025-01-17,23190.12,23209.88,22905.53,23148.08,Yahoo Finance ^TWII
2025-01-20,23203.47,23346.64,23176.43,23266.82,Yahoo Finance ^TWII
2025-01-21,23266.82,23377.64,23174.02,23300.01,Yahoo Finance ^TWII
2025-01-22,23472.67,23642.08,23472.67,23525.41,Yahoo Finance ^TWII
2025-02-03,22796.71,22796.71,22502.20,22694.71,Yahoo Finance ^TWII
2025-02-04,22836.27,22934.31,22720.62,22793.96,Yahoo Finance ^TWII
2025-02-05,22916.38,23249.33,22916.38,23161.58,Yahoo Finance ^TWII
2025-02-06,23226.50,23348.42,23216.65,23316.60,Yahoo Finance ^TWII
2025-02-07,23289.97,23478.27,23254.17,23478.27,Yahoo Finance ^TWII
2025-02-10,23421.77,23448.16,23163.85,23252.14,Yahoo Finance ^TWII
2025-02-11,23321.92,23485.51,23289.76,23384.05,Yahoo Finance ^TWII
2025-02-12,23449.31,23528.61,23289.75,23289.75,Yahoo Finance ^TWII
2025-02-13,23263.28,23413.10,23206.45,23399.41,Yahoo Finance ^TWII
2025-02-14,23198.39,23276.24,23142.95,23152.61,Yahoo Finance ^TWII
2025-02-17,23258.17,23510.68,23242.84,23505.33,Yahoo Finance ^TWII
2025-02-18,23550.50,23666.11,23454.09,23666.11,Yahoo Finance ^TWII
2025-02-19,23589.44,23683.46,23550.99,23604.08,Yahoo Finance ^TWII
2025-02-20,23530.97,23576.71,23400.75,23487.46,Yahoo Finance ^TWII
2025-02-21,23526.13,23732.58,23488.42,23730.25,Yahoo Finance ^TWII
2025-02-24,23573.80,23605.22,23461.43,23565.31,Yahoo Finance ^TWII
2025-02-25,23376.42,23376.42,23209.53,23285.72,Yahoo Finance ^TWII
2025-02-26,23221.84,23431.24,23156.02,23402.55,Yahoo Finance ^TWII
2025-02-27,23446.46,23487.73,23053.18,23053.18,Yahoo Finance ^TWII
2025-03-03,22734.05,22775.02,22611.10,22756.25,Yahoo Finance ^TWII
2025-03-04,22508.80,22700.94,22359.50,22596.88,Yahoo Finance ^TWII
2025-03-05,22778.86,22948.30,22757.22,22871.90,Yahoo Finance ^TWII
2025-03-06,22930.11,22979.97,22715.43,22715.43,Yahoo Finance ^TWII
2025-03-07,22696.23,22747.11,22542.08,22576.07,Yahoo Finance ^TWII
2025-03-10,22548.98,22641.25,22407.57,22459.15,Yahoo Finance ^TWII
2025-03-11,22126.06,22140.39,21769.57,22071.09,Yahoo Finance ^TWII
2025-03-12,22171.10,22391.47,22153.61,22278.36,Yahoo Finance ^TWII
2025-03-13,22403.34,22552.43,21961.68,21961.68,Yahoo Finance ^TWII
2025-03-14,21986.81,22074.03,21895.90,21968.05,Yahoo Finance ^TWII
2025-03-17,22137.53,22306.83,22110.08,22118.63,Yahoo Finance ^TWII
2025-03-18,22204.62,22327.10,22186.42,22271.67,Yahoo Finance ^TWII
2025-03-19,22245.42,22247.66,21942.69,21960.83,Yahoo Finance ^TWII
2025-03-20,22171.00,22377.26,22171.00,22377.26,Yahoo Finance ^TWII
2025-03-21,22362.38,22366.95,22200.23,22209.10,Yahoo Finance ^TWII
2025-03-24,22348.38,22380.73,22106.64,22106.64,Yahoo Finance ^TWII
2025-03-25,22269.37,22414.02,22228.68,22273.19,Yahoo Finance ^TWII
2025-03-26,22327.61,22398.12,22235.89,22260.29,Yahoo Finance ^TWII
2025-03-27,22093.20,22093.20,21919.40,21951.76,Yahoo Finance ^TWII
2025-03-28,21836.16,21836.16,21525.05,21602.89,Yahoo Finance ^TWII
2025-03-31,21254.63,21254.63,20695.90,20695.90,Yahoo Finance ^TWII
2025-04-01,20884.53,21315.52,20884.53,21280.17,Yahoo Finance ^TWII
2025-04-02,21313.77,21390.52,21235.99,21298.22,Yahoo Finance ^TWII
2025-04-07,20153.57,20153.57,19212.02,19232.35,Yahoo Finance ^TWII
2025-04-08,19064.47,19064.47,18180.48,18459.95,Yahoo Finance ^TWII
2025-04-09,18337.44,18371.52,17306.97,17391.76,Yahoo Finance ^TWII
2025-04-10,18256.47,19024.47,18256.47,19000.03,Yahoo Finance ^TWII
2025-04-11,18772.50,19528.77,18418.20,19528.77,Yahoo Finance ^TWII
2025-04-14,19686.68,20023.63,19508.93,19513.09,Yahoo Finance ^TWII
2025-04-15,19609.90,19895.43,19576.15,19857.67,Yahoo Finance ^TWII
2025-04-16,19737.09,19737.09,19453.14,19468.00,Yahoo Finance ^TWII
2025-04-17,19389.52,19478.00,19196.47,19338.73,Yahoo Finance ^TWII
2025-04-18,19423.98,19499.28,19376.35,19395.03,Yahoo Finance ^TWII
2025-04-21,19321.14,19359.96,19080.60,19106.20,Yahoo Finance ^TWII
2025-04-22,18990.86,19059.65,18793.43,18793.43,Yahoo Finance ^TWII
2025-04-23,19163.61,19639.14,19163.61,19639.14,Yahoo Finance ^TWII
2025-04-24,19752.59,19752.59,19433.37,19478.81,Yahoo Finance ^TWII
2025-04-25,19861.24,20012.27,19861.24,19872.73,Yahoo Finance ^TWII
2025-04-28,19972.07,20073.75,19972.07,20034.41,Yahoo Finance ^TWII
2025-04-29,20018.32,20232.63,20007.30,20232.63,Yahoo Finance ^TWII
2025-04-30,20215.39,20331.89,20185.31,20235.03,Yahoo Finance ^TWII
2025-05-02,20534.08,20787.64,20534.08,20787.64,Yahoo Finance ^TWII
2025-05-05,20839.04,20885.54,20320.80,20532.99,Yahoo Finance ^TWII
2025-05-06,20353.88,20623.85,20349.56,20522.59,Yahoo Finance ^TWII
2025-05-07,20575.15,20685.28,20418.03,20546.49,Yahoo Finance ^TWII
2025-05-08,20559.65,20747.28,20543.40,20543.40,Yahoo Finance ^TWII
2025-05-09,20690.80,20915.04,20643.56,20915.04,Yahoo Finance ^TWII
2025-05-12,20996.95,21176.13,20996.95,21129.54,Yahoo Finance ^TWII
2025-05-13,21474.02,21626.28,21330.14,21330.14,Yahoo Finance ^TWII
2025-05-14,21552.42,21782.87,21552.42,21782.87,Yahoo Finance ^TWII
2025-05-15,21776.65,21821.01,21674.32,21730.25,Yahoo Finance ^TWII
2025-05-16,21731.88,21854.50,21697.85,21843.69,Yahoo Finance ^TWII
2025-05-19,21786.33,21786.33,21496.69,21523.83,Yahoo Finance ^TWII
2025-05-20,21631.61,21746.56,21517.10,21526.03,Yahoo Finance ^TWII
2025-05-21,21603.58,21879.24,21603.58,21803.91,Yahoo Finance ^TWII
2025-05-22,21733.82,21733.82,21585.31,21670.96,Yahoo Finance ^TWII
2025-05-23,21766.24,21798.88,21559.78,21652.24,Yahoo Finance ^TWII
2025-05-26,21577.64,21688.45,21536.57,21536.57,Yahoo Finance ^TWII
2025-05-27,21491.65,21558.47,21310.00,21336.54,Yahoo Finance ^TWII
2025-05-28,21539.15,21634.37,21305.73,21357.72,Yahoo Finance ^TWII
2025-05-29,21531.29,21605.26,21347.30,21347.30,Yahoo Finance ^TWII
2025-06-02,21253.97,21256.10,20940.98,21002.71,Yahoo Finance ^TWII
2025-06-03,21126.70,21303.21,21110.63,21126.93,Yahoo Finance ^TWII
2025-06-04,21341.44,21618.09,21341.44,21618.09,Yahoo Finance ^TWII
2025-06-05,21695.93,21738.93,21626.74,21674.43,Yahoo Finance ^TWII
2025-06-06,21637.77,21702.46,21606.70,21660.66,Yahoo Finance ^TWII
2025-06-09,21773.45,21866.27,21717.52,21790.29,Yahoo Finance ^TWII
2025-06-10,21921.24,22294.86,21921.24,22242.14,Yahoo Finance ^TWII
2025-06-11,22376.37,22470.10,22294.60,22470.10,Yahoo Finance ^TWII
2025-06-12,22362.67,22390.17,22253.64,22287.82,Yahoo Finance ^TWII
2025-06-13,22215.50,22228.01,21984.36,22072.95,Yahoo Finance ^TWII
2025-06-16,22058.57,22094.60,21936.38,22049.90,Yahoo Finance ^TWII
2025-06-17,22172.59,22331.69,22118.46,22211.59,Yahoo Finance ^TWII
2025-06-18,22135.83,22370.25,22104.68,22356.73,Yahoo Finance ^TWII
2025-06-19,22238.10,22249.40,21973.04,22003.50,Yahoo Finance ^TWII
2025-06-20,21960.51,22089.48,21779.55,22045.74,Yahoo Finance ^TWII
2025-06-23,21750.70,21801.32,21551.58,21732.02,Yahoo Finance ^TWII
2025-06-24,22001.48,22201.05,22001.48,22188.76,Yahoo Finance ^TWII
2025-06-25,22341.87,22444.51,22284.52,22430.61,Yahoo Finance ^TWII
2025-06-26,22425.39,22587.67,22391.27,22492.34,Yahoo Finance ^TWII
2025-06-27,22503.85,22580.08,22388.59,22580.08,Yahoo Finance ^TWII
2025-06-30,22508.33,22558.95,22256.02,22256.02,Yahoo Finance ^TWII
2025-07-01,22419.74,22730.76,22401.58,22553.72,Yahoo Finance ^TWII
2025-07-02,22463.55,22577.74,22396.26,22577.74,Yahoo Finance ^TWII
2025-07-03,22707.41,22816.20,22700.86,22712.97,Yahoo Finance ^TWII
2025-07-04,22756.55,22842.75,22500.97,22547.50,Yahoo Finance ^TWII
2025-07-07,22550.14,22550.50,22294.11,22428.72,Yahoo Finance ^TWII
2025-07-08,22375.65,22375.65,22190.46,22362.27,Yahoo Finance ^TWII
2025-07-09,22253.17,22527.01,22211.10,22527.01,Yahoo Finance ^TWII
2025-07-10,22566.51,22699.29,22513.35,22693.25,Yahoo Finance ^TWII
2025-07-11,22602.81,22770.01,22601.95,22751.03,Yahoo Finance ^TWII
2025-07-14,22679.18,22735.23,22525.66,22614.97,Yahoo Finance ^TWII
2025-07-15,22618.43,22888.23,22588.26,22835.94,Yahoo Finance ^TWII
2025-07-16,22967.51,23106.43,22923.12,23042.90,Yahoo Finance ^TWII
2025-07-17,23042.97,23159.54,22923.37,23113.28,Yahoo Finance ^TWII
2025-07-18,23345.72,23468.21,23276.02,23383.13,Yahoo Finance ^TWII
2025-07-21,23314.29,23403.83,23243.79,23340.56,Yahoo Finance ^TWII
2025-07-22,23301.66,23486.08,22985.90,22987.92,Yahoo Finance ^TWII
2025-07-23,23063.57,23318.67,23063.57,23318.67,Yahoo Finance ^TWII
2025-07-24,23373.67,23455.09,23295.31,23373.73,Yahoo Finance ^TWII
2025-07-25,23454.59,23485.56,23308.45,23364.38,Yahoo Finance ^TWII
2025-07-28,23477.10,23564.44,23350.73,23412.98,Yahoo Finance ^TWII
2025-07-29,23414.36,23422.17,23094.67,23201.52,Yahoo Finance ^TWII
2025-07-30,23288.72,23461.72,23264.64,23461.72,Yahoo Finance ^TWII
2025-07-31,23523.59,23631.11,23454.44,23542.52,Yahoo Finance ^TWII
2025-08-01,23318.37,23484.21,23168.27,23434.38,Yahoo Finance ^TWII
2025-08-04,23260.18,23378.94,23151.65,23378.94,Yahoo Finance ^TWII
2025-08-05,23498.40,23671.84,23498.40,23660.59,Yahoo Finance ^TWII
2025-08-06,23443.36,23557.49,23433.53,23447.36,Yahoo Finance ^TWII
2025-08-07,23717.35,24050.54,23717.35,24003.77,Yahoo Finance ^TWII
2025-08-08,24026.65,24131.46,23967.99,24021.26,Yahoo Finance ^TWII
2025-08-11,23980.39,24249.05,23887.25,24135.50,Yahoo Finance ^TWII
2025-08-12,24182.84,24263.92,24065.43,24158.36,Yahoo Finance ^TWII
2025-08-13,24232.04,24406.94,24172.19,24370.02,Yahoo Finance ^TWII
2025-08-14,24258.50,24389.51,24198.88,24238.10,Yahoo Finance ^TWII
2025-08-15,24266.23,24385.56,24164.43,24334.48,Yahoo Finance ^TWII
2025-08-18,24272.55,24515.65,24257.30,24482.52,Yahoo Finance ^TWII
2025-08-19,24493.92,24551.42,24324.29,24353.50,Yahoo Finance ^TWII
2025-08-20,24309.27,24309.27,23620.24,23625.44,Yahoo Finance ^TWII
2025-08-21,23739.83,24011.50,23739.83,23962.13,Yahoo Finance ^TWII
2025-08-22,24033.02,24071.65,23764.47,23764.47,Yahoo Finance ^TWII
2025-08-25,24108.81,24362.02,24108.75,24277.38,Yahoo Finance ^TWII
2025-08-26,24237.36,24382.42,24113.03,24305.10,Yahoo Finance ^TWII
2025-08-27,24449.81,24539.88,24410.08,24519.90,Yahoo Finance ^TWII
2025-08-28,24468.12,24502.37,24236.45,24236.45,Yahoo Finance ^TWII
2025-08-29,24438.03,24570.15,24233.10,24233.10,Yahoo Finance ^TWII
2025-09-01,24143.37,24312.83,23885.41,24071.73,Yahoo Finance ^TWII
2025-09-02,24113.90,24295.03,23890.33,24016.78,Yahoo Finance ^TWII
2025-09-03,24036.88,24103.23,23925.49,24100.30,Yahoo Finance ^TWII
2025-09-04,24235.27,24389.35,24168.16,24179.85,Yahoo Finance ^TWII
2025-09-05,24244.26,24494.58,24244.26,24494.58,Yahoo Finance ^TWII
2025-09-08,24610.85,24729.96,24547.38,24547.38,Yahoo Finance ^TWII
2025-09-09,24650.46,24880.07,24650.46,24855.18,Yahoo Finance ^TWII
2025-09-10,25032.88,25272.23,25032.88,25192.59,Yahoo Finance ^TWII
2025-09-11,25509.30,25541.44,25174.13,25215.71,Yahoo Finance ^TWII
2025-09-12,25349.70,25492.28,25349.70,25474.64,Yahoo Finance ^TWII
2025-09-15,25494.10,25519.94,25284.17,25357.16,Yahoo Finance ^TWII
2025-09-16,25335.46,25664.81,25335.46,25629.64,Yahoo Finance ^TWII
2025-09-17,25543.91,25632.07,25422.96,25438.25,Yahoo Finance ^TWII
2025-09-18,25543.17,25769.36,25475.25,25769.36,Yahoo Finance ^TWII
2025-09-19,25794.66,25864.01,25578.37,25578.37,Yahoo Finance ^TWII
2025-09-22,25599.60,25887.69,25599.60,25880.60,Yahoo Finance ^TWII
2025-09-23,26121.00,26307.30,26041.69,26247.37,Yahoo Finance ^TWII
2025-09-24,26389.16,26394.03,26045.47,26196.73,Yahoo Finance ^TWII
2025-09-25,26067.97,26247.85,26023.85,26023.85,Yahoo Finance ^TWII
2025-09-26,25998.28,25998.28,25469.04,25580.32,Yahoo Finance ^TWII
2025-09-30,25738.31,25975.84,25738.31,25820.54,Yahoo Finance ^TWII
2025-10-01,26078.29,26325.79,25982.91,25982.91,Yahoo Finance ^TWII
2025-10-02,26392.31,26489.79,26330.25,26378.39,Yahoo Finance ^TWII
2025-10-03,26435.10,26761.06,26410.03,26761.06,Yahoo Finance ^TWII
2025-10-07,27029.28,27301.42,27017.08,27211.95,Yahoo Finance ^TWII
2025-10-08,26999.82,27110.43,26883.99,27063.68,Yahoo Finance ^TWII
2025-10-09,27301.61,27463.12,27253.07,27301.92,Yahoo Finance ^TWII
2025-10-13,26762.60,26965.72,26470.44,26923.42,Yahoo Finance ^TWII
2025-10-14,27282.10,27507.16,26764.06,26793.15,Yahoo Finance ^TWII
2025-10-15,26911.05,27275.71,26773.15,27275.71,Yahoo Finance ^TWII
2025-10-16,27337.32,27732.78,27337.32,27647.87,Yahoo Finance ^TWII
2025-10-17,27399.91,27513.09,27302.37,27302.37,Yahoo Finance ^TWII
2025-10-20,27480.44,27768.27,27412.45,27688.63,Yahoo Finance ^TWII
2025-10-21,27742.55,27969.05,27742.55,27752.41,Yahoo Finance ^TWII
2025-10-22,27614.11,27725.83,27490.89,27648.91,Yahoo Finance ^TWII
2025-10-23,27457.07,27586.85,27371.67,27532.26,Yahoo Finance ^TWII
2025-10-27,28029.88,28196.33,27993.63,27993.63,Yahoo Finance ^TWII
2025-10-28,28041.01,28087.93,27885.62,27949.11,Yahoo Finance ^TWII
2025-10-29,28157.91,28395.31,28139.65,28294.74,Yahoo Finance ^TWII
2025-10-30,28350.24,28527.68,28116.60,28287.53,Yahoo Finance ^TWII
2025-10-31,28280.47,28489.76,28233.35,28233.35,Yahoo Finance ^TWII
2025-11-03,28253.53,28494.99,28150.45,28334.59,Yahoo Finance ^TWII
2025-11-04,28364.76,28554.61,28033.62,28116.56,Yahoo Finance ^TWII
2025-11-05,27785.91,27799.09,27373.05,27717.06,Yahoo Finance ^TWII
2025-11-06,27906.44,28061.53,27879.70,27899.45,Yahoo Finance ^TWII
2025-11-07,27818.54,27818.54,27621.48,27651.41,Yahoo Finance ^TWII
2025-11-10,27805.47,27976.89,27680.51,27869.51,Yahoo Finance ^TWII
2025-11-11,28031.54,28187.70,27784.95,27784.95,Yahoo Finance ^TWII
2025-11-12,27853.47,28071.76,27799.92,27947.09,Yahoo Finance ^TWII
2025-11-13,27867.59,28038.24,27811.81,27903.56,Yahoo Finance ^TWII
2025-11-14,27816.45,27816.45,27383.34,27397.50,Yahoo Finance ^TWII
2025-11-17,27600.74,27723.77,27447.31,27447.31,Yahoo Finance ^TWII
2025-11-18,27310.40,27310.40,26756.12,26756.12,Yahoo Finance ^TWII
2025-11-19,26708.28,26902.97,26580.12,26580.12,Yahoo Finance ^TWII
2025-11-20,27212.91,27493.63,27183.03,27426.36,Yahoo Finance ^TWII
2025-11-21,26821.97,26821.97,26395.98,26434.94,Yahoo Finance ^TWII
2025-11-24,26596.03,26764.13,26482.33,26504.24,Yahoo Finance ^TWII
2025-11-25,26995.90,27118.02,26793.71,26912.17,Yahoo Finance ^TWII
2025-11-26,27063.17,27409.54,27063.17,27409.54,Yahoo Finance ^TWII
2025-11-27,27517.24,27659.06,27436.59,27554.53,Yahoo Finance ^TWII
2025-11-28,27566.12,27796.90,27566.12,27626.48,Yahoo Finance ^TWII
2025-12-01,27674.16,27697.06,27342.53,27342.53,Yahoo Finance ^TWII
2025-12-02,27550.35,27741.89,27477.10,27564.27,Yahoo Finance ^TWII
2025-12-03,27605.63,27847.67,27605.63,27793.04,Yahoo Finance ^TWII
2025-12-04,27773.42,27880.23,27636.63,27795.71,Yahoo Finance ^TWII
2025-12-05,27796.43,27980.89,27738.50,27980.89,Yahoo Finance ^TWII
2025-12-08,28034.00,28303.78,28026.39,28303.78,Yahoo Finance ^TWII
2025-12-09,28364.04,28390.24,28157.27,28182.60,Yahoo Finance ^TWII
2025-12-10,28190.76,28417.09,28190.76,28400.73,Yahoo Finance ^TWII
2025-12-11,28385.23,28568.02,27984.19,28024.75,Yahoo Finance ^TWII
2025-12-12,28097.54,28272.06,28071.34,28198.02,Yahoo Finance ^TWII
2025-12-15,28119.79,28119.79,27684.87,27866.94,Yahoo Finance ^TWII
2025-12-16,27721.10,27740.66,27355.67,27536.66,Yahoo Finance ^TWII
2025-12-17,27596.18,27780.69,27469.60,27525.17,Yahoo Finance ^TWII
2025-12-18,27447.45,27569.44,27350.77,27468.53,Yahoo Finance ^TWII
2025-12-19,27685.74,27869.78,27672.05,27696.35,Yahoo Finance ^TWII
2025-12-22,27986.66,28168.75,27986.66,28149.64,Yahoo Finance ^TWII
2025-12-23,28253.14,28350.37,28212.84,28310.47,Yahoo Finance ^TWII
2025-12-24,28383.61,28486.38,28280.59,28371.98,Yahoo Finance ^TWII
2025-12-26,28443.48,28590.91,28404.34,28556.02,Yahoo Finance ^TWII
2025-12-29,28662.79,28841.64,28595.35,28810.89,Yahoo Finance ^TWII
2025-12-30,28723.82,28833.03,28553.64,28707.13,Yahoo Finance ^TWII
2025-12-31,28723.49,29009.81,28687.90,28963.60,Yahoo Finance ^TWII
2026-01-02,29016.68,29363.43,29007.75,29349.81,Yahoo Finance ^TWII
2026-01-05,29779.70,30339.32,29779.70,30105.04,Yahoo Finance ^TWII
2026-01-06,29933.65,30576.30,29933.65,30576.30,Yahoo Finance ^TWII
2026-01-07,30412.32,30570.26,30306.16,30435.47,Yahoo Finance ^TWII
2026-01-08,30330.58,30593.49,30268.36,30360.55,Yahoo Finance ^TWII
2026-01-09,30370.45,30500.42,29925.49,30288.96,Yahoo Finance ^TWII
2026-01-12,30472.70,30681.99,30472.70,30567.29,Yahoo Finance ^TWII
2026-01-13,30630.86,30973.85,30529.33,30707.22,Yahoo Finance ^TWII
2026-01-14,30742.53,30994.81,30742.53,30941.78,Yahoo Finance ^TWII
2026-01-15,30746.98,30877.31,30663.87,30810.58,Yahoo Finance ^TWII
2026-01-16,30844.63,31475.22,30844.63,31408.70,Yahoo Finance ^TWII
2026-01-19,31336.77,31827.39,31285.53,31639.29,Yahoo Finance ^TWII
2026-01-20,31584.34,31759.99,31340.10,31759.99,Yahoo Finance ^TWII
2026-01-21,31749.14,31749.14,31200.76,31246.37,Yahoo Finance ^TWII
2026-01-22,31371.13,31890.62,31371.13,31746.08,Yahoo Finance ^TWII
2026-01-23,31788.77,32042.44,31693.15,31961.51,Yahoo Finance ^TWII
2026-01-26,32002.56,32196.75,31989.86,32064.52,Yahoo Finance ^TWII
2026-01-27,32095.08,32428.17,32095.08,32317.92,Yahoo Finance ^TWII
2026-01-28,32381.76,32803.82,32381.76,32803.82,Yahoo Finance ^TWII
2026-01-29,32828.02,32996.03,32472.45,32536.27,Yahoo Finance ^TWII
2026-01-30,32555.52,32555.52,32004.96,32063.75,Yahoo Finance ^TWII
2026-02-02,32008.46,32008.46,31359.95,31624.03,Yahoo Finance ^TWII
2026-02-03,31737.66,32293.83,31737.66,32195.36,Yahoo Finance ^TWII
2026-02-04,32196.57,32380.00,31942.28,32289.81,Yahoo Finance ^TWII
2026-02-05,32241.64,32241.64,31769.08,31801.27,Yahoo Finance ^TWII
2026-02-06,31746.44,31842.62,31164.28,31782.92,Yahoo Finance ^TWII
2026-02-09,31956.21,32666.05,31956.21,32404.62,Yahoo Finance ^TWII
2026-02-10,32439.71,33072.97,32439.71,33072.97,Yahoo Finance ^TWII
2026-02-11,33086.15,33707.83,33071.67,33605.71,Yahoo Finance ^TWII
2026-02-23,33663.02,34212.38,33663.02,33773.26,Yahoo Finance ^TWII
2026-02-24,34020.71,34786.42,33987.51,34700.82,Yahoo Finance ^TWII
2026-02-25,34753.31,35521.54,34753.31,35413.07,Yahoo Finance ^TWII
2026-02-26,35457.76,35579.34,35171.52,35414.49,Yahoo Finance ^TWII
2026-03-02,35277.48,35345.72,34605.36,35095.09,Yahoo Finance ^TWII
2026-03-03,35106.22,35264.59,34323.65,34323.65,Yahoo Finance ^TWII
2026-03-04,34228.75,34228.75,32828.88,32828.88,Yahoo Finance ^TWII
2026-03-05,33620.74,34319.68,33472.91,33672.94,Yahoo Finance ^TWII
2026-03-06,33483.94,33829.49,33322.52,33599.54,Yahoo Finance ^TWII
2026-03-09,32354.61,32354.61,31529.36,32110.42,Yahoo Finance ^TWII
2026-03-10,32692.37,33256.69,32455.20,32771.87,Yahoo Finance ^TWII
2026-03-11,33128.49,34218.66,33128.49,34114.19,Yahoo Finance ^TWII
2026-03-12,33816.15,34019.48,33458.64,33581.86,Yahoo Finance ^TWII
2026-03-13,33215.78,33639.18,33013.46,33400.32,Yahoo Finance ^TWII
2026-03-16,33541.25,33765.81,33278.06,33342.51,Yahoo Finance ^TWII
2026-03-17,33380.84,34008.70,33380.84,33836.57,Yahoo Finance ^TWII
2026-03-18,33929.28,34423.66,33929.28,34348.58,Yahoo Finance ^TWII
2026-03-19,34279.12,34279.12,33663.78,33689.68,Yahoo Finance ^TWII
2026-03-20,33719.85,33989.18,33379.24,33543.88,Yahoo Finance ^TWII
2026-03-23,33334.00,33334.00,32461.09,32722.50,Yahoo Finance ^TWII
2026-03-24,33062.89,33361.46,32434.54,32612.24,Yahoo Finance ^TWII
2026-03-25,32725.27,33705.75,32725.27,33439.11,Yahoo Finance ^TWII
2026-03-26,33575.60,33892.56,33337.62,33337.62,Yahoo Finance ^TWII
2026-03-27,33267.25,33267.25,32669.39,33112.59,Yahoo Finance ^TWII
2026-03-30,33009.68,33009.68,32326.37,32518.16,Yahoo Finance ^TWII
2026-03-31,32419.00,32453.38,31705.99,31722.99,Yahoo Finance ^TWII
2026-04-01,31892.33,33182.22,31892.33,33174.82,Yahoo Finance ^TWII
2026-04-02,33218.02,33497.58,32516.94,32572.43,Yahoo Finance ^TWII
2026-04-07,32671.52,33264.22,32671.52,33229.82,Yahoo Finance ^TWII
2026-04-08,33379.50,34761.38,33379.50,34761.38,Yahoo Finance ^TWII
2026-04-09,34779.96,34884.45,34617.34,34861.16,Yahoo Finance ^TWII
2026-04-10,34950.87,35417.83,34950.87,35417.83,Yahoo Finance ^TWII
2026-04-13,35422.91,35552.49,35261.73,35457.29,Yahoo Finance ^TWII
2026-04-14,35584.09,36341.44,35584.09,36296.12,Yahoo Finance ^TWII
2026-04-15,36369.11,37064.16,36369.11,36722.14,Yahoo Finance ^TWII
2026-04-16,36759.53,37135.55,36751.09,37132.02,Yahoo Finance ^TWII
2026-04-17,37145.66,37145.66,36776.28,36804.34,Yahoo Finance ^TWII
2026-04-20,36850.24,37344.50,36850.24,36958.80,Yahoo Finance ^TWII
2026-04-21,37051.25,37781.83,37051.25,37605.11,Yahoo Finance ^TWII
2026-04-22,37627.20,38096.88,37623.38,37878.47,Yahoo Finance ^TWII
2026-04-23,37971.69,38921.95,37164.44,37714.15,Yahoo Finance ^TWII
2026-04-24,37862.65,38989.94,37862.65,38932.40,Yahoo Finance ^TWII
2026-04-27,39858.19,40194.92,39607.74,39616.63,Yahoo Finance ^TWII
2026-04-28,39531.93,40101.23,39521.73,39521.73,Yahoo Finance ^TWII
2026-04-29,39176.24,39548.18,38896.30,39303.50,Yahoo Finance ^TWII
2026-04-30,39571.46,39848.22,38926.63,38926.63,Yahoo Finance ^TWII
2026-05-04,39228.39,40755.52,39228.39,40705.14,Yahoo Finance ^TWII
2026-05-05,40708.40,40885.05,40522.78,40769.29,Yahoo Finance ^TWII
2026-05-06,40983.04,41575.84,40616.28,41138.85,Yahoo Finance ^TWII
2026-05-07,41259.96,42156.06,41259.96,41933.78,Yahoo Finance ^TWII
2026-05-08,41886.03,42038.60,41132.25,41603.94,Yahoo Finance ^TWII
2026-05-11,41714.00,42021.78,41529.25,41790.06,Yahoo Finance ^TWII
2026-05-12,41880.66,42253.42,41471.57,41898.32,Yahoo Finance ^TWII
2026-05-13,41795.92,41795.92,41014.53,41374.50,Yahoo Finance ^TWII
2026-05-14,41496.23,42205.62,41496.23,41751.75,Yahoo Finance ^TWII
2026-05-15,41830.42,42408.66,41016.73,41172.36,Yahoo Finance ^TWII
2026-05-18,41095.82,41095.82,40170.17,40891.82,Yahoo Finance ^TWII
2026-05-19,40883.42,40951.56,40168.51,40175.56,Yahoo Finance ^TWII
2026-05-20,40204.16,40439.04,39967.08,40020.82,Yahoo Finance ^TWII
2026-05-21,40263.18,41606.91,40263.18,41368.21,Yahoo Finance ^TWII
2026-05-22,41447.92,42357.60,41447.92,42267.97,Yahoo Finance ^TWII
2026-05-25,42667.87,43645.78,42667.87,43644.40,Yahoo Finance ^TWII
2026-05-26,43708.89,44097.63,43349.77,43525.37,Yahoo Finance ^TWII
2026-05-27,43842.26,44818.25,43842.26,44256.80,Yahoo Finance ^TWII
2026-05-28,44240.80,44954.09,43236.36,43636.44,Yahoo Finance ^TWII
2026-05-29,43815.48,44933.95,43815.48,44732.94,Yahoo Finance ^TWII
2026-06-01,44872.82,45931.10,44872.82,45337.91,Yahoo Finance ^TWII
2026-06-02,45388.93,45915.92,44869.38,45557.31,Yahoo Finance ^TWII
2026-06-03,45660.46,46552.16,45660.46,46459.16,Yahoo Finance ^TWII
2026-06-04,46364.07,46364.07,45677.46,45677.46,Yahoo Finance ^TWII
2026-06-05,45619.82,45619.82,44209.53,45070.94,Yahoo Finance ^TWII
2026-06-08,44507.49,44507.49,42376.86,43502.78,Yahoo Finance ^TWII
2026-06-09,43687.62,44821.71,43687.62,44704.44,Yahoo Finance ^TWII
2026-06-10,44581.45,44676.49,43225.54,43225.54,Yahoo Finance ^TWII
2026-06-11,43172.21,43463.03,42006.39,43149.46,Yahoo Finance ^TWII
2026-06-12,43587.63,44798.88,43587.63,44169.04,Yahoo Finance ^TWII
2026-06-15,44447.87,45483.63,44447.87,45396.99,Yahoo Finance ^TWII
2026-06-16,45500.08,45809.19,45266.34,45809.19,Yahoo Finance ^TWII
2026-06-17,45685.27,45877.39,45159.51,45877.39,Yahoo Finance ^TWII
2026-06-18,45972.26,46565.70,45972.26,46465.20,Yahoo Finance ^TWII
2026-06-22,46679.57,47871.19,46679.57,47741.51,Yahoo Finance ^TWII
2026-06-23,47795.09,48218.87,47100.65,47100.65,Yahoo Finance ^TWII
2026-06-24,46909.98,46909.98,45819.71,46043.60,Yahoo Finance ^TWII
2026-06-25,46339.68,46785.45,46048.70,46255.26,Yahoo Finance ^TWII
2026-06-26,46188.60,46188.60,44454.22,44571.76,Yahoo Finance ^TWII
2026-06-29,44594.81,45521.63,44594.81,44999.90,Yahoo Finance ^TWII
2026-06-30,45165.80,46637.86,45165.80,46125.91,Yahoo Finance ^TWII
2026-07-01,46234.70,47293.10,46234.70,47018.99,Yahoo Finance ^TWII
2026-07-02,46833.89,46910.31,45981.89,46744.16,Yahoo Finance ^TWII
2026-07-03,46545.14,46948.83,45880.69,46780.62,Yahoo Finance ^TWII
2026-07-06,46897.18,47395.30,46431.38,46556.39,Yahoo Finance ^TWII
2026-07-07,46537.34,46967.04,45432.02,45479.11,Yahoo Finance ^TWII
2026-07-08,45524.69,45837.12,45036.64,45734.41,Yahoo Finance ^TWII
2026-07-09,45805.62,46064.06,45352.41,45354.61,Yahoo Finance ^TWII
2026-07-13,45500.32,46330.91,45272.90,45380.52,Yahoo Finance ^TWII
2026-07-14,45364.40,45364.40,43654.04,44737.95,Yahoo Finance ^TWII
2026-07-15,44850.69,45881.91,44850.69,45631.59,Yahoo Finance ^TWII
2026-07-16,45511.98,45855.02,44970.64,45624.98,Yahoo Finance ^TWII
2026-07-17,45234.08,45234.08,42671.27,42671.27,Yahoo Finance ^TWII
2026-07-20,42793.15,43084.51,41967.75,42449.70,Yahoo Finance ^TWII
2026-07-21,42566.93,44232.87,42566.93,44232.87,Yahoo Finance ^TWII
2026-07-22,44513.75,45323.75,44513.75,44825.78,Yahoo Finance ^TWII
2026-07-23,44899.04,45089.82,44340.76,44850.81,Yahoo Finance ^TWII
2026-07-24,44769.39,44769.39,43607.40,43654.84,Yahoo Finance ^TWII
2026-07-27,43585.92,43686.15,42969.48,43634.19,Yahoo Finance ^TWII
2026-07-28,43221.93,43221.93,41565.00,41603.36,Yahoo Finance ^TWII
2026-07-29,41491.48,41698.39,39384.85,40039.18,Yahoo Finance ^TWII
2026-07-30,40048.94,41155.42,39404.65,39933.30,Yahoo Finance ^TWII
2026-07-31,41610.41,43214.36,41610.41,43119.75,Yahoo Finance ^TWII
2026-08-03,42780.42,43784.19,42780.42,43386.41,Yahoo Finance ^TWII
2026-08-04,43092.49,43912.77,42895.81,43360.66,Yahoo Finance ^TWII
2026-08-05,43809.83,44980.31,43809.83,44611.60,Yahoo Finance ^TWII
2026-08-06,44487.94,44601.24,44024.32,44396.70,Yahoo Finance ^TWII
2026-08-07,44450.19,44827.13,43941.56,44225.91,Yahoo Finance ^TWII
2026-08-10,44540.71,45219.40,44540.71,44928.76,Yahoo Finance ^TWII
2026-08-11,44883.90,45195.41,44652.06,45120.72,Yahoo Finance ^TWII
2026-08-12,45175.70,45529.48,45175.70,45518.07,Yahoo Finance ^TWII
2026-08-13,45676.54,46216.41,45676.54,46021.48,Yahoo Finance ^TWII
2026-08-14,46103.81,46402.60,45798.31,45811.01,Yahoo Finance ^TWII
2026-08-17,45841.17,46189.30,45765.07,45857.27,Yahoo Finance ^TWII
2026-08-18,45922.40,46064.09,45225.42,45308.68,Yahoo Finance ^TWII
2026-08-19,45071.34,45071.34,44308.71,44719.35,Yahoo Finance ^TWII
2026-08-20,44942.01,45160.05,44446.36,44933.74,Yahoo Finance ^TWII
2026-08-21,44923.34,45254.84,44583.87,45224.29,Yahoo Finance ^TWII
2026-08-24,45240.30,45362.30,44761.88,44762.32,Yahoo Finance ^TWII
2026-08-25,44728.36,45169.46,44210.31,45169.46,Yahoo Finance ^TWII
2026-08-26,45157.64,45878.39,44925.84,45832.62,Yahoo Finance ^TWII
2026-08-27,45890.18,46401.78,45890.18,45975.22,Yahoo Finance ^TWII
2026-08-28,46070.83,46574.52,46070.83,46331.45,Yahoo Finance ^TWII
2026-08-31,46224.69,46224.69,45450.21,46128.47,Yahoo Finance ^TWII
2026-09-01,46177.11,46948.72,46081.11,46948.72,TWSE
2026-09-02,46901.32,46946.60,46164.72,46164.72,TWSE
2026-09-03,46325.48,46517.45,45839.36,45857.66,TWSE
2026-09-04,45991.28,46620.96,45966.86,46551.13,TWSE
2026-09-07,46724.00,47429.58,46724.00,47326.27,TWSE
