date,period_start,period_end,first_trade_date,last_trade_date,open,high,low,close,trading_days,is_partial,has_ohlc,source
1967-01-07,1967-01-02,1967-01-08,1967-01-05,1967-01-07,,,,92.68,3,False,False,011.idv.tw (close only)
1967-01-14,1967-01-09,1967-01-15,1967-01-09,1967-01-14,,,,94.13,6,False,False,011.idv.tw (close only)
1967-01-21,1967-01-16,1967-01-22,1967-01-16,1967-01-21,,,,93.80,6,False,False,011.idv.tw (close only)
1967-01-28,1967-01-23,1967-01-29,1967-01-23,1967-01-28,,,,94.18,6,False,False,011.idv.tw (close only)
1967-02-04,1967-01-30,1967-02-05,1967-01-30,1967-02-04,,,,94.08,6,False,False,011.idv.tw (close only)
1967-02-07,1967-02-06,1967-02-12,1967-02-06,1967-02-07,,,,95.17,2,False,False,011.idv.tw (close only)
1967-02-18,1967-02-13,1967-02-19,1967-02-13,1967-02-18,,,,96.36,6,False,False,011.idv.tw (close only)
1967-02-25,1967-02-20,1967-02-26,1967-02-20,1967-02-25,,,,93.63,6,False,False,011.idv.tw (close only)
1967-03-04,1967-02-27,1967-03-05,1967-02-27,1967-03-04,,,,96.46,6,False,False,011.idv.tw (close only)
1967-03-11,1967-03-06,1967-03-12,1967-03-06,1967-03-11,,,,92.95,6,False,False,011.idv.tw (close only)
1967-03-18,1967-03-13,1967-03-19,1967-03-13,1967-03-18,,,,93.60,6,False,False,011.idv.tw (close only)
1967-03-25,1967-03-20,1967-03-26,1967-03-20,1967-03-25,,,,94.62,6,False,False,011.idv.tw (close only)
1967-04-01,1967-03-27,1967-04-02,1967-03-27,1967-04-01,,,,97.13,5,False,False,011.idv.tw (close only)
1967-04-08,1967-04-03,1967-04-09,1967-04-03,1967-04-08,,,,99.50,6,False,False,011.idv.tw (close only)
1967-04-15,1967-04-10,1967-04-16,1967-04-10,1967-04-15,,,,103.87,6,False,False,011.idv.tw (close only)
1967-04-22,1967-04-17,1967-04-23,1967-04-17,1967-04-22,,,,100.23,6,False,False,011.idv.tw (close only)
1967-04-29,1967-04-24,1967-04-30,1967-04-24,1967-04-29,,,,101.16,6,False,False,011.idv.tw (close only)
1967-05-06,1967-05-01,1967-05-07,1967-05-01,1967-05-06,,,,100.97,6,False,False,011.idv.tw (close only)
1967-05-13,1967-05-08,1967-05-14,1967-05-08,1967-05-13,,,,101.94,6,False,False,011.idv.tw (close only)
1967-05-20,1967-05-15,1967-05-21,1967-05-15,1967-05-20,,,,101.37,6,False,False,011.idv.tw (close only)
1967-05-27,1967-05-22,1967-05-28,1967-05-22,1967-05-27,,,,99.92,6,False,False,011.idv.tw (close only)
1967-06-03,1967-05-29,1967-06-04,1967-05-29,1967-06-03,,,,99.47,6,False,False,011.idv.tw (close only)
1967-06-10,1967-06-05,1967-06-11,1967-06-05,1967-06-10,,,,99.12,6,False,False,011.idv.tw (close only)
1967-06-17,1967-06-12,1967-06-18,1967-06-12,1967-06-17,,,,99.31,6,False,False,011.idv.tw (close only)
1967-06-24,1967-06-19,1967-06-25,1967-06-19,1967-06-24,,,,99.21,6,False,False,011.idv.tw (close only)
1967-06-30,1967-06-26,1967-07-02,1967-06-26,1967-06-30,,,,100.06,5,False,False,011.idv.tw (close only)
1967-07-08,1967-07-03,1967-07-09,1967-07-04,1967-07-08,,,,98.65,5,False,False,011.idv.tw (close only)
1967-07-15,1967-07-10,1967-07-16,1967-07-10,1967-07-15,,,,99.94,6,False,False,011.idv.tw (close only)
1967-07-22,1967-07-17,1967-07-23,1967-07-17,1967-07-22,,,,101.28,6,False,False,011.idv.tw (close only)
1967-07-29,1967-07-24,1967-07-30,1967-07-24,1967-07-29,,,,100.69,6,False,False,011.idv.tw (close only)
1967-08-05,1967-07-31,1967-08-06,1967-07-31,1967-08-05,,,,101.52,6,False,False,011.idv.tw (close only)
1967-08-12,1967-08-07,1967-08-13,1967-08-07,1967-08-12,,,,101.46,6,False,False,011.idv.tw (close only)
1967-08-19,1967-08-14,1967-08-20,1967-08-14,1967-08-19,,,,100.94,6,False,False,011.idv.tw (close only)
1967-08-26,1967-08-21,1967-08-27,1967-08-21,1967-08-26,,,,99.74,6,False,False,011.idv.tw (close only)
1967-09-02,1967-08-28,1967-09-03,1967-08-28,1967-09-02,,,,99.61,6,False,False,011.idv.tw (close only)
1967-09-09,1967-09-04,1967-09-10,1967-09-04,1967-09-09,,,,99.75,6,False,False,011.idv.tw (close only)
1967-09-16,1967-09-11,1967-09-17,1967-09-11,1967-09-16,,,,99.01,6,False,False,011.idv.tw (close only)
1967-09-23,1967-09-18,1967-09-24,1967-09-18,1967-09-23,,,,99.35,6,False,False,011.idv.tw (close only)
1967-09-30,1967-09-25,1967-10-01,1967-09-25,1967-09-30,,,,98.15,5,False,False,011.idv.tw (close only)
1967-10-07,1967-10-02,1967-10-08,1967-10-02,1967-10-07,,,,97.41,6,False,False,011.idv.tw (close only)
1967-10-14,1967-10-09,1967-10-15,1967-10-09,1967-10-14,,,,97.07,5,False,False,011.idv.tw (close only)
1967-10-21,1967-10-16,1967-10-22,1967-10-16,1967-10-21,,,,97.21,6,False,False,011.idv.tw (close only)
1967-10-28,1967-10-23,1967-10-29,1967-10-23,1967-10-28,,,,97.25,5,False,False,011.idv.tw (close only)
1967-11-04,1967-10-30,1967-11-05,1967-10-30,1967-11-04,,,,97.56,6,False,False,011.idv.tw (close only)
1967-11-11,1967-11-06,1967-11-12,1967-11-06,1967-11-11,,,,100.07,6,False,False,011.idv.tw (close only)
1967-11-18,1967-11-13,1967-11-19,1967-11-13,1967-11-18,,,,99.92,6,False,False,011.idv.tw (close only)
1967-11-25,1967-11-20,1967-11-26,1967-11-20,1967-11-25,,,,100.58,6,False,False,011.idv.tw (close only)
1967-12-02,1967-11-27,1967-12-03,1967-11-27,1967-12-02,,,,100.16,6,False,False,011.idv.tw (close only)
1967-12-09,1967-12-04,1967-12-10,1967-12-04,1967-12-09,,,,100.87,6,False,False,011.idv.tw (close only)
1967-12-16,1967-12-11,1967-12-17,1967-12-11,1967-12-16,,,,102.87,6,False,False,011.idv.tw (close only)
1967-12-23,1967-12-18,1967-12-24,1967-12-18,1967-12-23,,,,105.05,5,False,False,011.idv.tw (close only)
1967-12-29,1967-12-25,1967-12-31,1967-12-26,1967-12-29,,,,105.76,4,False,False,011.idv.tw (close only)
1968-01-06,1968-01-01,1968-01-07,1968-01-04,1968-01-06,,,,108.14,3,False,False,011.idv.tw (close only)
1968-01-13,1968-01-08,1968-01-14,1968-01-08,1968-01-13,,,,107.60,6,False,False,011.idv.tw (close only)
1968-01-20,1968-01-15,1968-01-21,1968-01-15,1968-01-20,,,,107.61,6,False,False,011.idv.tw (close only)
1968-01-27,1968-01-22,1968-01-28,1968-01-22,1968-01-27,,,,108.87,6,False,False,011.idv.tw (close only)
1968-02-03,1968-01-29,1968-02-04,1968-02-03,1968-02-03,,,,108.65,1,False,False,011.idv.tw (close only)
1968-02-10,1968-02-05,1968-02-11,1968-02-05,1968-02-10,,,,107.71,6,False,False,011.idv.tw (close only)
1968-02-17,1968-02-12,1968-02-18,1968-02-12,1968-02-17,,,,107.94,6,False,False,011.idv.tw (close only)
1968-02-24,1968-02-19,1968-02-25,1968-02-19,1968-02-24,,,,106.35,6,False,False,011.idv.tw (close only)
1968-03-02,1968-02-26,1968-03-03,1968-02-26,1968-03-02,,,,107.27,6,False,False,011.idv.tw (close only)
1968-03-09,1968-03-04,1968-03-10,1968-03-04,1968-03-09,,,,109.91,6,False,False,011.idv.tw (close only)
1968-03-16,1968-03-11,1968-03-17,1968-03-11,1968-03-16,,,,109.31,6,False,False,011.idv.tw (close only)
1968-03-23,1968-03-18,1968-03-24,1968-03-18,1968-03-23,,,,108.18,6,False,False,011.idv.tw (close only)
1968-03-30,1968-03-25,1968-03-31,1968-03-25,1968-03-30,,,,108.71,5,False,False,011.idv.tw (close only)
1968-04-06,1968-04-01,1968-04-07,1968-04-01,1968-04-06,,,,105.16,6,False,False,011.idv.tw (close only)
1968-04-13,1968-04-08,1968-04-14,1968-04-08,1968-04-13,,,,106.69,6,False,False,011.idv.tw (close only)
1968-04-19,1968-04-15,1968-04-21,1968-04-15,1968-04-19,,,,105.56,5,False,False,011.idv.tw (close only)
1968-04-27,1968-04-22,1968-04-28,1968-04-22,1968-04-27,,,,103.49,6,False,False,011.idv.tw (close only)
1968-05-04,1968-04-29,1968-05-05,1968-04-29,1968-05-04,,,,103.64,6,False,False,011.idv.tw (close only)
1968-05-11,1968-05-06,1968-05-12,1968-05-06,1968-05-11,,,,104.44,6,False,False,011.idv.tw (close only)
1968-05-18,1968-05-13,1968-05-19,1968-05-13,1968-05-18,,,,105.66,6,False,False,011.idv.tw (close only)
1968-05-25,1968-05-20,1968-05-26,1968-05-20,1968-05-25,,,,105.14,6,False,False,011.idv.tw (close only)
1968-06-01,1968-05-27,1968-06-02,1968-05-27,1968-06-01,,,,105.86,6,False,False,011.idv.tw (close only)
1968-06-08,1968-06-03,1968-06-09,1968-06-03,1968-06-08,,,,105.48,6,False,False,011.idv.tw (close only)
1968-06-15,1968-06-10,1968-06-16,1968-06-10,1968-06-15,,,,105.29,6,False,False,011.idv.tw (close only)
1968-06-22,1968-06-17,1968-06-23,1968-06-17,1968-06-22,,,,104.70,6,False,False,011.idv.tw (close only)
1968-06-29,1968-06-24,1968-06-30,1968-06-24,1968-06-29,,,,104.40,6,False,False,011.idv.tw (close only)
1968-07-06,1968-07-01,1968-07-07,1968-07-03,1968-07-06,,,,104.00,4,False,False,011.idv.tw (close only)
1968-07-13,1968-07-08,1968-07-14,1968-07-08,1968-07-13,,,,104.50,6,False,False,011.idv.tw (close only)
1968-07-20,1968-07-15,1968-07-21,1968-07-15,1968-07-20,,,,104.29,6,False,False,011.idv.tw (close only)
1968-07-27,1968-07-22,1968-07-28,1968-07-22,1968-07-27,,,,103.63,6,False,False,011.idv.tw (close only)
1968-08-03,1968-07-29,1968-08-04,1968-07-29,1968-08-03,,,,103.49,6,False,False,011.idv.tw (close only)
1968-08-10,1968-08-05,1968-08-11,1968-08-05,1968-08-10,,,,101.52,6,False,False,011.idv.tw (close only)
1968-08-17,1968-08-12,1968-08-18,1968-08-12,1968-08-17,,,,102.41,6,False,False,011.idv.tw (close only)
1968-08-24,1968-08-19,1968-08-25,1968-08-19,1968-08-24,,,,101.82,6,False,False,011.idv.tw (close only)
1968-08-31,1968-08-26,1968-09-01,1968-08-26,1968-08-31,,,,102.27,6,False,False,011.idv.tw (close only)
1968-09-07,1968-09-02,1968-09-08,1968-09-02,1968-09-07,,,,102.15,6,False,False,011.idv.tw (close only)
1968-09-14,1968-09-09,1968-09-15,1968-09-09,1968-09-14,,,,101.89,6,False,False,011.idv.tw (close only)
1968-09-21,1968-09-16,1968-09-22,1968-09-16,1968-09-21,,,,100.73,6,False,False,011.idv.tw (close only)
1968-09-27,1968-09-23,1968-09-29,1968-09-23,1968-09-27,,,,102.06,5,False,False,011.idv.tw (close only)
1968-10-05,1968-09-30,1968-10-06,1968-09-30,1968-10-05,,,,101.90,6,False,False,011.idv.tw (close only)
1968-10-12,1968-10-07,1968-10-13,1968-10-07,1968-10-12,,,,101.72,5,False,False,011.idv.tw (close only)
1968-10-19,1968-10-14,1968-10-20,1968-10-14,1968-10-19,,,,102.02,6,False,False,011.idv.tw (close only)
1968-10-26,1968-10-21,1968-10-27,1968-10-21,1968-10-26,,,,101.28,5,False,False,011.idv.tw (close only)
1968-11-02,1968-10-28,1968-11-03,1968-10-28,1968-11-02,,,,102.53,6,False,False,011.idv.tw (close only)
1968-11-09,1968-11-04,1968-11-10,1968-11-04,1968-11-09,,,,105.93,6,False,False,011.idv.tw (close only)
1968-11-16,1968-11-11,1968-11-17,1968-11-11,1968-11-16,,,,105.45,5,False,False,011.idv.tw (close only)
1968-11-23,1968-11-18,1968-11-24,1968-11-18,1968-11-23,,,,105.69,6,False,False,011.idv.tw (close only)
1968-11-30,1968-11-25,1968-12-01,1968-11-25,1968-11-30,,,,106.14,6,False,False,011.idv.tw (close only)
1968-12-07,1968-12-02,1968-12-08,1968-12-02,1968-12-07,,,,106.66,6,False,False,011.idv.tw (close only)
1968-12-14,1968-12-09,1968-12-15,1968-12-09,1968-12-14,,,,106.24,6,False,False,011.idv.tw (close only)
1968-12-21,1968-12-16,1968-12-22,1968-12-16,1968-12-21,,,,105.72,5,False,False,011.idv.tw (close only)
1968-12-28,1968-12-23,1968-12-29,1968-12-23,1968-12-28,,,,106.22,5,False,False,011.idv.tw (close only)
1969-01-04,1968-12-30,1969-01-05,1968-12-30,1969-01-04,,,,106.77,2,False,False,011.idv.tw (close only)
1969-01-11,1969-01-06,1969-01-12,1969-01-06,1969-01-11,,,,106.22,6,False,False,011.idv.tw (close only)
1969-01-18,1969-01-13,1969-01-19,1969-01-13,1969-01-18,,,,104.58,6,False,False,011.idv.tw (close only)
1969-01-25,1969-01-20,1969-01-26,1969-01-20,1969-01-25,,,,108.47,6,False,False,011.idv.tw (close only)
1969-02-01,1969-01-27,1969-02-02,1969-01-27,1969-02-01,,,,104.47,6,False,False,011.idv.tw (close only)
1969-02-08,1969-02-03,1969-02-09,1969-02-03,1969-02-08,,,,103.82,6,False,False,011.idv.tw (close only)
1969-02-14,1969-02-10,1969-02-16,1969-02-10,1969-02-14,,,,105.60,5,False,False,011.idv.tw (close only)
1969-02-22,1969-02-17,1969-02-23,1969-02-21,1969-02-22,,,,106.35,2,False,False,011.idv.tw (close only)
1969-03-01,1969-02-24,1969-03-02,1969-02-24,1969-03-01,,,,105.99,6,False,False,011.idv.tw (close only)
1969-03-08,1969-03-03,1969-03-09,1969-03-03,1969-03-08,,,,104.69,6,False,False,011.idv.tw (close only)
1969-03-15,1969-03-10,1969-03-16,1969-03-10,1969-03-15,,,,100.85,6,False,False,011.idv.tw (close only)
1969-03-22,1969-03-17,1969-03-23,1969-03-17,1969-03-22,,,,100.26,6,False,False,011.idv.tw (close only)
1969-03-28,1969-03-24,1969-03-30,1969-03-24,1969-03-28,,,,99.14,5,False,False,011.idv.tw (close only)
1969-04-05,1969-03-31,1969-04-06,1969-03-31,1969-04-05,,,,99.00,6,False,False,011.idv.tw (close only)
1969-04-12,1969-04-07,1969-04-13,1969-04-07,1969-04-12,,,,98.78,6,False,False,011.idv.tw (close only)
1969-04-19,1969-04-14,1969-04-20,1969-04-14,1969-04-19,,,,98.36,6,False,False,011.idv.tw (close only)
1969-04-26,1969-04-21,1969-04-27,1969-04-21,1969-04-26,,,,95.63,6,False,False,011.idv.tw (close only)
1969-05-03,1969-04-28,1969-05-04,1969-04-28,1969-05-03,,,,95.65,6,False,False,011.idv.tw (close only)
1969-05-10,1969-05-05,1969-05-11,1969-05-05,1969-05-10,,,,95.09,6,False,False,011.idv.tw (close only)
1969-05-17,1969-05-12,1969-05-18,1969-05-12,1969-05-17,,,,95.01,6,False,False,011.idv.tw (close only)
1969-05-24,1969-05-19,1969-05-25,1969-05-19,1969-05-24,,,,95.14,6,False,False,011.idv.tw (close only)
1969-05-31,1969-05-26,1969-06-01,1969-05-26,1969-05-31,,,,94.40,6,False,False,011.idv.tw (close only)
1969-06-07,1969-06-02,1969-06-08,1969-06-02,1969-06-07,,,,94.54,6,False,False,011.idv.tw (close only)
1969-06-14,1969-06-09,1969-06-15,1969-06-09,1969-06-14,,,,96.09,6,False,False,011.idv.tw (close only)
1969-06-21,1969-06-16,1969-06-22,1969-06-16,1969-06-21,,,,97.77,5,False,False,011.idv.tw (close only)
1969-06-28,1969-06-23,1969-06-29,1969-06-23,1969-06-28,,,,98.97,6,False,False,011.idv.tw (close only)
1969-07-05,1969-06-30,1969-07-06,1969-06-30,1969-07-05,,,,103.39,4,False,False,011.idv.tw (close only)
1969-07-12,1969-07-07,1969-07-13,1969-07-07,1969-07-12,,,,106.62,6,False,False,011.idv.tw (close only)
1969-07-19,1969-07-14,1969-07-20,1969-07-14,1969-07-19,,,,104.47,6,False,False,011.idv.tw (close only)
1969-07-26,1969-07-21,1969-07-27,1969-07-21,1969-07-26,,,,105.08,6,False,False,011.idv.tw (close only)
1969-08-02,1969-07-28,1969-08-03,1969-07-28,1969-08-02,,,,104.26,6,False,False,011.idv.tw (close only)
1969-08-09,1969-08-04,1969-08-10,1969-08-04,1969-08-09,,,,105.32,6,False,False,011.idv.tw (close only)
1969-08-16,1969-08-11,1969-08-17,1969-08-11,1969-08-16,,,,104.84,6,False,False,011.idv.tw (close only)
1969-08-23,1969-08-18,1969-08-24,1969-08-18,1969-08-23,,,,104.43,6,False,False,011.idv.tw (close only)
1969-08-30,1969-08-25,1969-08-31,1969-08-25,1969-08-30,,,,103.36,6,False,False,011.idv.tw (close only)
1969-09-06,1969-09-01,1969-09-07,1969-09-01,1969-09-06,,,,102.54,6,False,False,011.idv.tw (close only)
1969-09-13,1969-09-08,1969-09-14,1969-09-08,1969-09-13,,,,102.92,6,False,False,011.idv.tw (close only)
1969-09-20,1969-09-15,1969-09-21,1969-09-15,1969-09-20,,,,103.23,6,False,False,011.idv.tw (close only)
1969-09-26,1969-09-22,1969-09-28,1969-09-22,1969-09-26,,,,103.18,5,False,False,011.idv.tw (close only)
1969-10-02,1969-09-29,1969-10-05,1969-09-30,1969-10-02,,,,103.01,3,False,False,011.idv.tw (close only)
1969-10-11,1969-10-06,1969-10-12,1969-10-06,1969-10-11,,,,104.74,5,False,False,011.idv.tw (close only)
1969-10-18,1969-10-13,1969-10-19,1969-10-13,1969-10-18,,,,107.80,6,False,False,011.idv.tw (close only)
1969-10-24,1969-10-20,1969-10-26,1969-10-20,1969-10-24,,,,110.03,5,False,False,011.idv.tw (close only)
1969-11-01,1969-10-27,1969-11-02,1969-10-27,1969-11-01,,,,109.98,6,False,False,011.idv.tw (close only)
1969-11-08,1969-11-03,1969-11-09,1969-11-03,1969-11-08,,,,114.54,6,False,False,011.idv.tw (close only)
1969-11-15,1969-11-10,1969-11-16,1969-11-10,1969-11-15,,,,113.69,5,False,False,011.idv.tw (close only)
1969-11-22,1969-11-17,1969-11-23,1969-11-17,1969-11-22,,,,113.41,6,False,False,011.idv.tw (close only)
1969-11-29,1969-11-24,1969-11-30,1969-11-24,1969-11-29,,,,111.56,6,False,False,011.idv.tw (close only)
1969-12-06,1969-12-01,1969-12-07,1969-12-01,1969-12-06,,,,109.12,6,False,False,011.idv.tw (close only)
1969-12-13,1969-12-08,1969-12-14,1969-12-08,1969-12-13,,,,109.27,6,False,False,011.idv.tw (close only)
1969-12-19,1969-12-15,1969-12-21,1969-12-15,1969-12-19,,,,108.43,5,False,False,011.idv.tw (close only)
1969-12-27,1969-12-22,1969-12-28,1969-12-22,1969-12-27,,,,109.32,5,False,False,011.idv.tw (close only)
1969-12-30,1969-12-29,1970-01-04,1969-12-29,1969-12-30,,,,110.30,2,False,False,011.idv.tw (close only)
1970-01-10,1970-01-05,1970-01-11,1970-01-05,1970-01-10,,,,111.70,6,False,False,011.idv.tw (close only)
1970-01-17,1970-01-12,1970-01-18,1970-01-12,1970-01-17,,,,111.67,6,False,False,011.idv.tw (close only)
1970-01-24,1970-01-19,1970-01-25,1970-01-19,1970-01-24,,,,114.06,6,False,False,011.idv.tw (close only)
1970-01-31,1970-01-26,1970-02-01,1970-01-26,1970-01-31,,,,113.98,6,False,False,011.idv.tw (close only)
1970-02-04,1970-02-02,1970-02-08,1970-02-02,1970-02-04,,,,118.37,3,False,False,011.idv.tw (close only)
1970-02-14,1970-02-09,1970-02-15,1970-02-10,1970-02-14,,,,120.51,5,False,False,011.idv.tw (close only)
1970-02-21,1970-02-16,1970-02-22,1970-02-16,1970-02-21,,,,120.23,6,False,False,011.idv.tw (close only)
1970-02-28,1970-02-23,1970-03-01,1970-02-23,1970-02-28,,,,122.03,6,False,False,011.idv.tw (close only)
1970-03-07,1970-03-02,1970-03-08,1970-03-02,1970-03-07,,,,124.84,6,False,False,011.idv.tw (close only)
1970-03-14,1970-03-09,1970-03-15,1970-03-09,1970-03-14,,,,129.00,6,False,False,011.idv.tw (close only)
1970-03-21,1970-03-16,1970-03-22,1970-03-16,1970-03-21,,,,127.26,6,False,False,011.idv.tw (close only)
1970-03-28,1970-03-23,1970-03-29,1970-03-23,1970-03-28,,,,124.58,6,False,False,011.idv.tw (close only)
1970-04-04,1970-03-30,1970-04-05,1970-03-31,1970-04-04,,,,127.45,5,False,False,011.idv.tw (close only)
1970-04-11,1970-04-06,1970-04-12,1970-04-06,1970-04-11,,,,126.48,6,False,False,011.idv.tw (close only)
1970-04-18,1970-04-13,1970-04-19,1970-04-13,1970-04-18,,,,123.84,6,False,False,011.idv.tw (close only)
1970-04-25,1970-04-20,1970-04-26,1970-04-20,1970-04-25,,,,119.06,6,False,False,011.idv.tw (close only)
1970-05-02,1970-04-27,1970-05-03,1970-04-27,1970-05-02,,,,121.03,6,False,False,011.idv.tw (close only)
1970-05-09,1970-05-04,1970-05-10,1970-05-04,1970-05-09,,,,121.40,6,False,False,011.idv.tw (close only)
1970-05-16,1970-05-11,1970-05-17,1970-05-11,1970-05-16,,,,122.80,6,False,False,011.idv.tw (close only)
1970-05-23,1970-05-18,1970-05-24,1970-05-18,1970-05-23,,,,122.55,6,False,False,011.idv.tw (close only)
1970-05-30,1970-05-25,1970-05-31,1970-05-25,1970-05-30,,,,119.31,6,False,False,011.idv.tw (close only)
1970-06-06,1970-06-01,1970-06-07,1970-06-01,1970-06-06,,,,118.51,6,False,False,011.idv.tw (close only)
1970-06-13,1970-06-08,1970-06-14,1970-06-08,1970-06-13,,,,117.80,6,False,False,011.idv.tw (close only)
1970-06-19,1970-06-15,1970-06-21,1970-06-15,1970-06-19,,,,121.38,5,False,False,011.idv.tw (close only)
1970-06-27,1970-06-22,1970-06-28,1970-06-22,1970-06-27,,,,121.42,6,False,False,011.idv.tw (close only)
1970-07-04,1970-06-29,1970-07-05,1970-06-29,1970-07-04,,,,125.90,4,False,False,011.idv.tw (close only)
1970-07-11,1970-07-06,1970-07-12,1970-07-06,1970-07-11,,,,125.86,6,False,False,011.idv.tw (close only)
1970-07-18,1970-07-13,1970-07-19,1970-07-13,1970-07-18,,,,123.09,6,False,False,011.idv.tw (close only)
1970-07-25,1970-07-20,1970-07-26,1970-07-20,1970-07-25,,,,121.98,6,False,False,011.idv.tw (close only)
1970-08-01,1970-07-27,1970-08-02,1970-07-27,1970-08-01,,,,121.55,6,False,False,011.idv.tw (close only)
1970-08-08,1970-08-03,1970-08-09,1970-08-03,1970-08-08,,,,121.97,6,False,False,011.idv.tw (close only)
1970-08-15,1970-08-10,1970-08-16,1970-08-10,1970-08-15,,,,120.61,6,False,False,011.idv.tw (close only)
1970-08-22,1970-08-17,1970-08-23,1970-08-17,1970-08-22,,,,118.12,6,False,False,011.idv.tw (close only)
1970-08-29,1970-08-24,1970-08-30,1970-08-24,1970-08-29,,,,117.90,6,False,False,011.idv.tw (close only)
1970-09-05,1970-08-31,1970-09-06,1970-08-31,1970-09-05,,,,116.15,6,False,False,011.idv.tw (close only)
1970-09-12,1970-09-07,1970-09-13,1970-09-07,1970-09-12,,,,117.94,6,False,False,011.idv.tw (close only)
1970-09-19,1970-09-14,1970-09-20,1970-09-14,1970-09-19,,,,116.46,6,False,False,011.idv.tw (close only)
1970-09-26,1970-09-21,1970-09-27,1970-09-21,1970-09-26,,,,116.62,6,False,False,011.idv.tw (close only)
1970-10-03,1970-09-28,1970-10-04,1970-09-29,1970-10-03,,,,115.81,5,False,False,011.idv.tw (close only)
1970-10-09,1970-10-05,1970-10-11,1970-10-05,1970-10-09,,,,116.14,5,False,False,011.idv.tw (close only)
1970-10-17,1970-10-12,1970-10-18,1970-10-12,1970-10-17,,,,117.56,6,False,False,011.idv.tw (close only)
1970-10-24,1970-10-19,1970-10-25,1970-10-19,1970-10-24,,,,118.41,6,False,False,011.idv.tw (close only)
1970-10-31,1970-10-26,1970-11-01,1970-10-27,1970-10-31,,,,120.23,5,False,False,011.idv.tw (close only)
1970-11-07,1970-11-02,1970-11-08,1970-11-02,1970-11-07,,,,119.39,6,False,False,011.idv.tw (close only)
1970-11-14,1970-11-09,1970-11-15,1970-11-09,1970-11-14,,,,121.14,5,False,False,011.idv.tw (close only)
1970-11-21,1970-11-16,1970-11-22,1970-11-16,1970-11-21,,,,120.56,6,False,False,011.idv.tw (close only)
1970-11-28,1970-11-23,1970-11-29,1970-11-23,1970-11-28,,,,119.94,6,False,False,011.idv.tw (close only)
1970-12-05,1970-11-30,1970-12-06,1970-11-30,1970-12-05,,,,124.87,6,False,False,011.idv.tw (close only)
1970-12-12,1970-12-07,1970-12-13,1970-12-07,1970-12-12,,,,123.56,6,False,False,011.idv.tw (close only)
1970-12-19,1970-12-14,1970-12-20,1970-12-14,1970-12-19,,,,121.88,6,False,False,011.idv.tw (close only)
1970-12-26,1970-12-21,1970-12-27,1970-12-21,1970-12-26,,,,122.90,5,False,False,011.idv.tw (close only)
1970-12-30,1970-12-28,1971-01-03,1970-12-28,1970-12-30,,,,123.38,3,False,False,011.idv.tw (close only)
1971-01-09,1971-01-04,1971-01-10,1971-01-05,1971-01-09,,,,121.13,5,False,False,011.idv.tw (close only)
1971-01-16,1971-01-11,1971-01-17,1971-01-11,1971-01-16,,,,122.77,6,False,False,011.idv.tw (close only)
1971-01-23,1971-01-18,1971-01-24,1971-01-18,1971-01-23,,,,126.49,6,False,False,011.idv.tw (close only)
1971-01-25,1971-01-25,1971-01-31,1971-01-25,1971-01-25,,,,126.89,1,False,False,011.idv.tw (close only)
1971-02-06,1971-02-01,1971-02-07,1971-02-01,1971-02-06,,,,129.89,6,False,False,011.idv.tw (close only)
1971-02-13,1971-02-08,1971-02-14,1971-02-08,1971-02-13,,,,131.55,6,False,False,011.idv.tw (close only)
1971-02-20,1971-02-15,1971-02-21,1971-02-15,1971-02-20,,,,128.70,6,False,False,011.idv.tw (close only)
1971-02-27,1971-02-22,1971-02-28,1971-02-22,1971-02-27,,,,128.48,6,False,False,011.idv.tw (close only)
1971-03-06,1971-03-01,1971-03-07,1971-03-01,1971-03-06,,,,128.99,6,False,False,011.idv.tw (close only)
1971-03-13,1971-03-08,1971-03-14,1971-03-08,1971-03-13,,,,125.25,6,False,False,011.idv.tw (close only)
1971-03-20,1971-03-15,1971-03-21,1971-03-15,1971-03-20,,,,128.70,6,False,False,011.idv.tw (close only)
1971-03-27,1971-03-22,1971-03-28,1971-03-22,1971-03-27,,,,120.61,6,False,False,011.idv.tw (close only)
1971-04-03,1971-03-29,1971-04-04,1971-03-30,1971-04-03,,,,120.04,5,False,False,011.idv.tw (close only)
1971-04-10,1971-04-05,1971-04-11,1971-04-05,1971-04-10,,,,118.58,6,False,False,011.idv.tw (close only)
1971-04-17,1971-04-12,1971-04-18,1971-04-12,1971-04-17,,,,116.95,6,False,False,011.idv.tw (close only)
1971-04-24,1971-04-19,1971-04-25,1971-04-19,1971-04-24,,,,118.20,6,False,False,011.idv.tw (close only)
1971-05-01,1971-04-26,1971-05-02,1971-04-26,1971-05-01,,,,117.56,6,False,False,011.idv.tw (close only)
1971-05-08,1971-05-03,1971-05-09,1971-05-03,1971-05-08,,,,119.19,6,False,False,011.idv.tw (close only)
1971-05-15,1971-05-10,1971-05-16,1971-05-10,1971-05-15,,,,119.43,6,False,False,011.idv.tw (close only)
1971-05-22,1971-05-17,1971-05-23,1971-05-17,1971-05-22,,,,126.30,6,False,False,011.idv.tw (close only)
1971-05-29,1971-05-24,1971-05-30,1971-05-24,1971-05-29,,,,129.03,6,False,False,011.idv.tw (close only)
1971-06-05,1971-05-31,1971-06-06,1971-05-31,1971-06-05,,,,133.23,6,False,False,011.idv.tw (close only)
1971-06-12,1971-06-07,1971-06-13,1971-06-07,1971-06-12,,,,137.94,6,False,False,011.idv.tw (close only)
1971-06-19,1971-06-14,1971-06-20,1971-06-14,1971-06-19,,,,140.75,6,False,False,011.idv.tw (close only)
1971-06-26,1971-06-21,1971-06-27,1971-06-21,1971-06-26,,,,139.99,6,False,False,011.idv.tw (close only)
1971-07-03,1971-06-28,1971-07-04,1971-06-28,1971-07-03,,,,144.20,5,False,False,011.idv.tw (close only)
1971-07-10,1971-07-05,1971-07-11,1971-07-05,1971-07-10,,,,149.20,6,False,False,011.idv.tw (close only)
1971-07-17,1971-07-12,1971-07-18,1971-07-12,1971-07-17,,,,141.46,6,False,False,011.idv.tw (close only)
1971-07-24,1971-07-19,1971-07-25,1971-07-19,1971-07-24,,,,134.98,6,False,False,011.idv.tw (close only)
1971-07-31,1971-07-26,1971-08-01,1971-07-27,1971-07-31,,,,131.30,5,False,False,011.idv.tw (close only)
1971-08-07,1971-08-02,1971-08-08,1971-08-02,1971-08-07,,,,129.27,6,False,False,011.idv.tw (close only)
1971-08-14,1971-08-09,1971-08-15,1971-08-09,1971-08-14,,,,125.36,6,False,False,011.idv.tw (close only)
1971-08-21,1971-08-16,1971-08-22,1971-08-16,1971-08-21,,,,119.51,6,False,False,011.idv.tw (close only)
1971-08-28,1971-08-23,1971-08-29,1971-08-23,1971-08-28,,,,121.01,6,False,False,011.idv.tw (close only)
1971-09-04,1971-08-30,1971-09-05,1971-08-30,1971-09-04,,,,124.88,6,False,False,011.idv.tw (close only)
1971-09-11,1971-09-06,1971-09-12,1971-09-06,1971-09-11,,,,127.95,6,False,False,011.idv.tw (close only)
1971-09-18,1971-09-13,1971-09-19,1971-09-13,1971-09-18,,,,125.43,6,False,False,011.idv.tw (close only)
1971-09-25,1971-09-20,1971-09-26,1971-09-20,1971-09-25,,,,124.87,5,False,False,011.idv.tw (close only)
1971-10-02,1971-09-27,1971-10-03,1971-09-27,1971-10-02,,,,125.00,5,False,False,011.idv.tw (close only)
1971-10-09,1971-10-04,1971-10-10,1971-10-04,1971-10-09,,,,123.98,6,False,False,011.idv.tw (close only)
1971-10-16,1971-10-11,1971-10-17,1971-10-12,1971-10-16,,,,122.56,5,False,False,011.idv.tw (close only)
1971-10-23,1971-10-18,1971-10-24,1971-10-18,1971-10-23,,,,128.74,6,False,False,011.idv.tw (close only)
1971-10-30,1971-10-25,1971-10-31,1971-10-26,1971-10-30,,,,118.80,5,False,False,011.idv.tw (close only)
1971-11-06,1971-11-01,1971-11-07,1971-11-01,1971-11-06,,,,122.29,6,False,False,011.idv.tw (close only)
1971-11-13,1971-11-08,1971-11-14,1971-11-08,1971-11-13,,,,122.63,5,False,False,011.idv.tw (close only)
1971-11-20,1971-11-15,1971-11-21,1971-11-15,1971-11-20,,,,123.05,6,False,False,011.idv.tw (close only)
1971-11-27,1971-11-22,1971-11-28,1971-11-22,1971-11-27,,,,121.30,6,False,False,011.idv.tw (close only)
1971-12-04,1971-11-29,1971-12-05,1971-11-29,1971-12-04,,,,122.87,6,False,False,011.idv.tw (close only)
1971-12-11,1971-12-06,1971-12-12,1971-12-06,1971-12-11,,,,126.14,6,False,False,011.idv.tw (close only)
1971-12-18,1971-12-13,1971-12-19,1971-12-13,1971-12-18,,,,130.13,6,False,False,011.idv.tw (close only)
1971-12-24,1971-12-20,1971-12-26,1971-12-21,1971-12-24,,,,135.31,4,False,False,011.idv.tw (close only)
1971-12-31,1971-12-27,1972-01-02,1971-12-27,1971-12-31,,,,135.13,5,False,False,011.idv.tw (close only)
1972-01-08,1972-01-03,1972-01-09,1972-01-05,1972-01-08,,,,130.91,4,False,False,011.idv.tw (close only)
1972-01-15,1972-01-10,1972-01-16,1972-01-10,1972-01-15,,,,120.05,6,False,False,011.idv.tw (close only)
1972-01-22,1972-01-17,1972-01-23,1972-01-17,1972-01-22,,,,127.56,6,False,False,011.idv.tw (close only)
1972-01-29,1972-01-24,1972-01-30,1972-01-24,1972-01-29,,,,126.65,6,False,False,011.idv.tw (close only)
1972-02-05,1972-01-31,1972-02-06,1972-01-31,1972-02-05,,,,127.76,6,False,False,011.idv.tw (close only)
1972-02-12,1972-02-07,1972-02-13,1972-02-07,1972-02-12,,,,129.30,6,False,False,011.idv.tw (close only)
1972-02-19,1972-02-14,1972-02-20,1972-02-19,1972-02-19,,,,127.68,1,False,False,011.idv.tw (close only)
1972-02-26,1972-02-21,1972-02-27,1972-02-21,1972-02-26,,,,130.03,6,False,False,011.idv.tw (close only)
1972-03-04,1972-02-28,1972-03-05,1972-02-28,1972-03-04,,,,132.77,6,False,False,011.idv.tw (close only)
1972-03-11,1972-03-06,1972-03-12,1972-03-06,1972-03-11,,,,136.43,6,False,False,011.idv.tw (close only)
1972-03-18,1972-03-13,1972-03-19,1972-03-13,1972-03-18,,,,137.02,6,False,False,011.idv.tw (close only)
1972-03-25,1972-03-20,1972-03-26,1972-03-20,1972-03-25,,,,133.90,6,False,False,011.idv.tw (close only)
1972-04-01,1972-03-27,1972-04-02,1972-03-27,1972-04-01,,,,136.43,5,False,False,011.idv.tw (close only)
1972-04-08,1972-04-03,1972-04-09,1972-04-03,1972-04-08,,,,139.87,5,False,False,011.idv.tw (close only)
1972-04-15,1972-04-10,1972-04-16,1972-04-10,1972-04-15,,,,144.21,6,False,False,011.idv.tw (close only)
1972-04-22,1972-04-17,1972-04-23,1972-04-17,1972-04-22,,,,146.19,6,False,False,011.idv.tw (close only)
1972-04-29,1972-04-24,1972-04-30,1972-04-24,1972-04-29,,,,149.12,6,False,False,011.idv.tw (close only)
1972-05-06,1972-05-01,1972-05-07,1972-05-01,1972-05-06,,,,156.50,6,False,False,011.idv.tw (close only)
1972-05-13,1972-05-08,1972-05-14,1972-05-08,1972-05-13,,,,161.38,6,False,False,011.idv.tw (close only)
1972-05-20,1972-05-15,1972-05-21,1972-05-15,1972-05-20,,,,164.37,6,False,False,011.idv.tw (close only)
1972-05-27,1972-05-22,1972-05-28,1972-05-22,1972-05-27,,,,161.34,6,False,False,011.idv.tw (close only)
1972-06-03,1972-05-29,1972-06-04,1972-05-29,1972-06-03,,,,162.96,6,False,False,011.idv.tw (close only)
1972-06-10,1972-06-05,1972-06-11,1972-06-05,1972-06-10,,,,164.92,6,False,False,011.idv.tw (close only)
1972-06-17,1972-06-12,1972-06-18,1972-06-12,1972-06-17,,,,162.57,6,False,False,011.idv.tw (close only)
1972-06-24,1972-06-19,1972-06-25,1972-06-19,1972-06-24,,,,164.15,5,False,False,011.idv.tw (close only)
1972-06-30,1972-06-26,1972-07-02,1972-06-26,1972-06-30,,,,167.24,5,False,False,011.idv.tw (close only)
1972-07-08,1972-07-03,1972-07-09,1972-07-03,1972-07-08,,,,168.31,6,False,False,011.idv.tw (close only)
1972-07-15,1972-07-10,1972-07-16,1972-07-10,1972-07-15,,,,169.85,6,False,False,011.idv.tw (close only)
1972-07-22,1972-07-17,1972-07-23,1972-07-17,1972-07-22,,,,172.15,6,False,False,011.idv.tw (close only)
1972-07-29,1972-07-24,1972-07-30,1972-07-24,1972-07-29,,,,165.60,6,False,False,011.idv.tw (close only)
1972-08-05,1972-07-31,1972-08-06,1972-07-31,1972-08-05,,,,165.29,6,False,False,011.idv.tw (close only)
1972-08-12,1972-08-07,1972-08-13,1972-08-07,1972-08-12,,,,156.94,6,False,False,011.idv.tw (close only)
1972-08-19,1972-08-14,1972-08-20,1972-08-14,1972-08-19,,,,156.44,5,False,False,011.idv.tw (close only)
1972-08-26,1972-08-21,1972-08-27,1972-08-21,1972-08-26,,,,160.67,6,False,False,011.idv.tw (close only)
1972-09-02,1972-08-28,1972-09-03,1972-08-28,1972-09-02,,,,160.06,6,False,False,011.idv.tw (close only)
1972-09-09,1972-09-04,1972-09-10,1972-09-04,1972-09-09,,,,158.74,6,False,False,011.idv.tw (close only)
1972-09-16,1972-09-11,1972-09-17,1972-09-11,1972-09-16,,,,160.24,6,False,False,011.idv.tw (close only)
1972-09-23,1972-09-18,1972-09-24,1972-09-18,1972-09-23,,,,158.44,6,False,False,011.idv.tw (close only)
1972-09-30,1972-09-25,1972-10-01,1972-09-25,1972-09-30,,,,163.79,5,False,False,011.idv.tw (close only)
1972-10-07,1972-10-02,1972-10-08,1972-10-02,1972-10-07,,,,171.94,6,False,False,011.idv.tw (close only)
1972-10-14,1972-10-09,1972-10-15,1972-10-09,1972-10-14,,,,171.82,5,False,False,011.idv.tw (close only)
1972-10-21,1972-10-16,1972-10-22,1972-10-16,1972-10-21,,,,174.66,6,False,False,011.idv.tw (close only)
1972-10-28,1972-10-23,1972-10-29,1972-10-23,1972-10-28,,,,178.76,5,False,False,011.idv.tw (close only)
1972-11-04,1972-10-30,1972-11-05,1972-10-30,1972-11-04,,,,183.14,6,False,False,011.idv.tw (close only)
1972-11-11,1972-11-06,1972-11-12,1972-11-06,1972-11-11,,,,192.27,6,False,False,011.idv.tw (close only)
1972-11-18,1972-11-13,1972-11-19,1972-11-14,1972-11-18,,,,195.73,5,False,False,011.idv.tw (close only)
1972-11-25,1972-11-20,1972-11-26,1972-11-20,1972-11-25,,,,203.86,6,False,False,011.idv.tw (close only)
1972-12-02,1972-11-27,1972-12-03,1972-11-27,1972-12-02,,,,207.82,6,False,False,011.idv.tw (close only)
1972-12-09,1972-12-04,1972-12-10,1972-12-04,1972-12-09,,,,203.02,6,False,False,011.idv.tw (close only)
1972-12-16,1972-12-11,1972-12-17,1972-12-11,1972-12-16,,,,216.95,6,False,False,011.idv.tw (close only)
1972-12-23,1972-12-18,1972-12-24,1972-12-18,1972-12-23,,,,223.38,5,False,False,011.idv.tw (close only)
1972-12-29,1972-12-25,1972-12-31,1972-12-26,1972-12-29,,,,228.03,4,False,False,011.idv.tw (close only)
1973-01-06,1973-01-01,1973-01-07,1973-01-04,1973-01-06,,,,232.91,3,False,False,011.idv.tw (close only)
1973-01-13,1973-01-08,1973-01-14,1973-01-08,1973-01-13,,,,231.66,6,False,False,011.idv.tw (close only)
1973-01-20,1973-01-15,1973-01-21,1973-01-15,1973-01-20,,,,240.63,6,False,False,011.idv.tw (close only)
1973-01-27,1973-01-22,1973-01-28,1973-01-22,1973-01-27,,,,240.46,6,False,False,011.idv.tw (close only)
1973-01-31,1973-01-29,1973-02-04,1973-01-29,1973-01-31,,,,247.56,3,False,False,011.idv.tw (close only)
1973-02-10,1973-02-05,1973-02-11,1973-02-07,1973-02-10,,,,257.64,4,False,False,011.idv.tw (close only)
1973-02-17,1973-02-12,1973-02-18,1973-02-12,1973-02-17,,,,271.08,4,False,False,011.idv.tw (close only)
1973-02-24,1973-02-19,1973-02-25,1973-02-19,1973-02-24,,,,253.65,6,False,False,011.idv.tw (close only)
1973-03-03,1973-02-26,1973-03-04,1973-02-26,1973-03-03,,,,290.58,6,False,False,011.idv.tw (close only)
1973-03-10,1973-03-05,1973-03-11,1973-03-05,1973-03-10,,,,296.37,6,False,False,011.idv.tw (close only)
1973-03-17,1973-03-12,1973-03-18,1973-03-12,1973-03-17,,,,287.91,6,False,False,011.idv.tw (close only)
1973-03-24,1973-03-19,1973-03-25,1973-03-19,1973-03-24,,,,298.15,6,False,False,011.idv.tw (close only)
1973-03-31,1973-03-26,1973-04-01,1973-03-26,1973-03-31,,,,315.91,5,False,False,011.idv.tw (close only)
1973-04-07,1973-04-02,1973-04-08,1973-04-02,1973-04-07,,,,333.84,5,False,False,011.idv.tw (close only)
1973-04-14,1973-04-09,1973-04-15,1973-04-09,1973-04-14,,,,350.62,6,False,False,011.idv.tw (close only)
1973-04-21,1973-04-16,1973-04-22,1973-04-16,1973-04-21,,,,371.55,6,False,False,011.idv.tw (close only)
1973-04-28,1973-04-23,1973-04-29,1973-04-23,1973-04-28,,,,323.62,6,False,False,011.idv.tw (close only)
1973-05-05,1973-04-30,1973-05-06,1973-04-30,1973-05-05,,,,323.72,6,False,False,011.idv.tw (close only)
1973-05-12,1973-05-07,1973-05-13,1973-05-07,1973-05-12,,,,318.41,6,False,False,011.idv.tw (close only)
1973-05-19,1973-05-14,1973-05-20,1973-05-14,1973-05-19,,,,335.02,6,False,False,011.idv.tw (close only)
1973-05-26,1973-05-21,1973-05-27,1973-05-21,1973-05-26,,,,345.74,6,False,False,011.idv.tw (close only)
1973-06-02,1973-05-28,1973-06-03,1973-05-28,1973-06-02,,,,362.70,6,False,False,011.idv.tw (close only)
1973-06-09,1973-06-04,1973-06-10,1973-06-04,1973-06-09,,,,365.30,6,False,False,011.idv.tw (close only)
1973-06-16,1973-06-11,1973-06-17,1973-06-11,1973-06-16,,,,391.37,6,False,False,011.idv.tw (close only)
1973-06-23,1973-06-18,1973-06-24,1973-06-18,1973-06-23,,,,403.41,5,False,False,011.idv.tw (close only)
1973-06-30,1973-06-25,1973-07-01,1973-06-25,1973-06-30,,,,401.31,6,False,False,011.idv.tw (close only)
1973-07-07,1973-07-02,1973-07-08,1973-07-03,1973-07-07,,,,409.37,5,False,False,011.idv.tw (close only)
1973-07-14,1973-07-09,1973-07-15,1973-07-09,1973-07-14,,,,407.97,6,False,False,011.idv.tw (close only)
1973-07-21,1973-07-16,1973-07-22,1973-07-16,1973-07-21,,,,402.45,6,False,False,011.idv.tw (close only)
1973-07-28,1973-07-23,1973-07-29,1973-07-23,1973-07-28,,,,391.14,6,False,False,011.idv.tw (close only)
1973-08-04,1973-07-30,1973-08-05,1973-07-30,1973-08-04,,,,376.72,6,False,False,011.idv.tw (close only)
1973-08-11,1973-08-06,1973-08-12,1973-08-06,1973-08-11,,,,376.28,6,False,False,011.idv.tw (close only)
1973-08-18,1973-08-13,1973-08-19,1973-08-13,1973-08-18,,,,388.98,6,False,False,011.idv.tw (close only)
1973-08-25,1973-08-20,1973-08-26,1973-08-20,1973-08-25,,,,398.23,6,False,False,011.idv.tw (close only)
1973-09-01,1973-08-27,1973-09-02,1973-08-27,1973-09-01,,,,397.87,6,False,False,011.idv.tw (close only)
1973-09-08,1973-09-03,1973-09-09,1973-09-03,1973-09-08,,,,394.09,6,False,False,011.idv.tw (close only)
1973-09-15,1973-09-10,1973-09-16,1973-09-10,1973-09-15,,,,404.58,6,False,False,011.idv.tw (close only)
1973-09-22,1973-09-17,1973-09-23,1973-09-17,1973-09-22,,,,415.05,6,False,False,011.idv.tw (close only)
1973-09-29,1973-09-24,1973-09-30,1973-09-24,1973-09-29,,,,421.04,5,False,False,011.idv.tw (close only)
1973-10-06,1973-10-01,1973-10-07,1973-10-01,1973-10-06,,,,426.60,6,False,False,011.idv.tw (close only)
1973-10-13,1973-10-08,1973-10-14,1973-10-08,1973-10-13,,,,428.83,5,False,False,011.idv.tw (close only)
1973-10-20,1973-10-15,1973-10-21,1973-10-15,1973-10-20,,,,431.76,6,False,False,011.idv.tw (close only)
1973-10-27,1973-10-22,1973-10-28,1973-10-22,1973-10-27,,,,453.07,5,False,False,011.idv.tw (close only)
1973-11-03,1973-10-29,1973-11-04,1973-10-29,1973-11-03,,,,463.34,6,False,False,011.idv.tw (close only)
1973-11-10,1973-11-05,1973-11-11,1973-11-05,1973-11-10,,,,460.24,6,False,False,011.idv.tw (close only)
1973-11-17,1973-11-12,1973-11-18,1973-11-13,1973-11-17,,,,471.76,5,False,False,011.idv.tw (close only)
1973-11-24,1973-11-19,1973-11-25,1973-11-19,1973-11-24,,,,485.04,6,False,False,011.idv.tw (close only)
1973-12-01,1973-11-26,1973-12-02,1973-11-26,1973-12-01,,,,496.77,6,False,False,011.idv.tw (close only)
1973-12-08,1973-12-03,1973-12-09,1973-12-03,1973-12-08,,,,506.77,6,False,False,011.idv.tw (close only)
1973-12-15,1973-12-10,1973-12-16,1973-12-10,1973-12-15,,,,510.88,6,False,False,011.idv.tw (close only)
1973-12-22,1973-12-17,1973-12-23,1973-12-17,1973-12-22,,,,495.57,5,False,False,011.idv.tw (close only)
1973-12-28,1973-12-24,1973-12-30,1973-12-24,1973-12-28,,,,495.45,4,False,False,011.idv.tw (close only)
1974-01-05,1973-12-31,1974-01-06,1974-01-04,1974-01-05,,,,488.80,2,False,False,011.idv.tw (close only)
1974-01-12,1974-01-07,1974-01-13,1974-01-07,1974-01-12,,,,472.10,6,False,False,011.idv.tw (close only)
1974-01-19,1974-01-14,1974-01-20,1974-01-14,1974-01-19,,,,496.55,6,False,False,011.idv.tw (close only)
1974-02-02,1974-01-28,1974-02-03,1974-01-28,1974-02-02,,,,480.34,6,False,False,011.idv.tw (close only)
1974-02-09,1974-02-04,1974-02-10,1974-02-04,1974-02-09,,,,461.33,6,False,False,011.idv.tw (close only)
1974-02-16,1974-02-11,1974-02-17,1974-02-11,1974-02-16,,,,418.87,6,False,False,011.idv.tw (close only)
1974-02-23,1974-02-18,1974-02-24,1974-02-18,1974-02-23,,,,422.87,6,False,False,011.idv.tw (close only)
1974-03-02,1974-02-25,1974-03-03,1974-02-25,1974-03-02,,,,408.21,6,False,False,011.idv.tw (close only)
1974-03-09,1974-03-04,1974-03-10,1974-03-04,1974-03-09,,,,392.83,6,False,False,011.idv.tw (close only)
1974-03-16,1974-03-11,1974-03-17,1974-03-11,1974-03-16,,,,407.81,6,False,False,011.idv.tw (close only)
1974-03-23,1974-03-18,1974-03-24,1974-03-18,1974-03-23,,,,438.96,6,False,False,011.idv.tw (close only)
1974-03-30,1974-03-25,1974-03-31,1974-03-25,1974-03-30,,,,440.10,5,False,False,011.idv.tw (close only)
1974-04-06,1974-04-01,1974-04-07,1974-04-01,1974-04-06,,,,436.03,5,False,False,011.idv.tw (close only)
1974-04-13,1974-04-08,1974-04-14,1974-04-08,1974-04-13,,,,433.37,6,False,False,011.idv.tw (close only)
1974-04-20,1974-04-15,1974-04-21,1974-04-15,1974-04-20,,,,424.34,6,False,False,011.idv.tw (close only)
1974-04-27,1974-04-22,1974-04-28,1974-04-22,1974-04-27,,,,411.57,6,False,False,011.idv.tw (close only)
1974-05-04,1974-04-29,1974-05-05,1974-04-29,1974-05-04,,,,400.23,6,False,False,011.idv.tw (close only)
1974-05-11,1974-05-06,1974-05-12,1974-05-06,1974-05-11,,,,393.29,6,False,False,011.idv.tw (close only)
1974-05-18,1974-05-13,1974-05-19,1974-05-13,1974-05-18,,,,384.01,6,False,False,011.idv.tw (close only)
1974-05-25,1974-05-20,1974-05-26,1974-05-20,1974-05-25,,,,359.56,6,False,False,011.idv.tw (close only)
1974-06-01,1974-05-27,1974-06-02,1974-05-27,1974-06-01,,,,325.09,6,False,False,011.idv.tw (close only)
1974-06-08,1974-06-03,1974-06-09,1974-06-03,1974-06-08,,,,346.88,6,False,False,011.idv.tw (close only)
1974-06-15,1974-06-10,1974-06-16,1974-06-10,1974-06-15,,,,383.20,6,False,False,011.idv.tw (close only)
1974-06-22,1974-06-17,1974-06-23,1974-06-17,1974-06-22,,,,390.76,5,False,False,011.idv.tw (close only)
1974-06-29,1974-06-24,1974-06-30,1974-06-24,1974-06-29,,,,374.44,6,False,False,011.idv.tw (close only)
1974-07-06,1974-07-01,1974-07-07,1974-07-03,1974-07-06,,,,374.15,4,False,False,011.idv.tw (close only)
1974-07-13,1974-07-08,1974-07-14,1974-07-08,1974-07-13,,,,389.56,6,False,False,011.idv.tw (close only)
1974-07-20,1974-07-15,1974-07-21,1974-07-15,1974-07-20,,,,388.15,6,False,False,011.idv.tw (close only)
1974-07-27,1974-07-22,1974-07-28,1974-07-22,1974-07-27,,,,370.71,6,False,False,011.idv.tw (close only)
1974-08-03,1974-07-29,1974-08-04,1974-07-29,1974-08-03,,,,372.82,6,False,False,011.idv.tw (close only)
1974-08-10,1974-08-05,1974-08-11,1974-08-05,1974-08-10,,,,357.42,6,False,False,011.idv.tw (close only)
1974-08-17,1974-08-12,1974-08-18,1974-08-12,1974-08-17,,,,328.48,6,False,False,011.idv.tw (close only)
1974-08-24,1974-08-19,1974-08-25,1974-08-19,1974-08-24,,,,329.68,6,False,False,011.idv.tw (close only)
1974-08-31,1974-08-26,1974-09-01,1974-08-26,1974-08-31,,,,303.28,6,False,False,011.idv.tw (close only)
1974-09-07,1974-09-02,1974-09-08,1974-09-02,1974-09-07,,,,291.77,6,False,False,011.idv.tw (close only)
1974-09-14,1974-09-09,1974-09-15,1974-09-09,1974-09-14,,,,291.88,6,False,False,011.idv.tw (close only)
1974-09-21,1974-09-16,1974-09-22,1974-09-16,1974-09-21,,,,295.07,6,False,False,011.idv.tw (close only)
1974-09-27,1974-09-23,1974-09-29,1974-09-23,1974-09-27,,,,302.53,5,False,False,011.idv.tw (close only)
1974-10-05,1974-09-30,1974-10-06,1974-10-01,1974-10-05,,,,285.63,5,False,False,011.idv.tw (close only)
1974-10-12,1974-10-07,1974-10-13,1974-10-07,1974-10-12,,,,267.81,5,False,False,011.idv.tw (close only)
1974-10-19,1974-10-14,1974-10-20,1974-10-14,1974-10-19,,,,236.14,6,False,False,011.idv.tw (close only)
1974-10-26,1974-10-21,1974-10-27,1974-10-21,1974-10-26,,,,229.19,5,False,False,011.idv.tw (close only)
1974-11-02,1974-10-28,1974-11-03,1974-10-28,1974-11-02,,,,214.17,6,False,False,011.idv.tw (close only)
1974-11-09,1974-11-04,1974-11-10,1974-11-04,1974-11-09,,,,192.04,6,False,False,011.idv.tw (close only)
1974-11-16,1974-11-11,1974-11-17,1974-11-11,1974-11-16,,,,218.97,5,False,False,011.idv.tw (close only)
1974-11-23,1974-11-18,1974-11-24,1974-11-18,1974-11-23,,,,214.73,6,False,False,011.idv.tw (close only)
1974-11-30,1974-11-25,1974-12-01,1974-11-25,1974-11-30,,,,214.46,6,False,False,011.idv.tw (close only)
1974-12-07,1974-12-02,1974-12-08,1974-12-02,1974-12-07,,,,209.11,6,False,False,011.idv.tw (close only)
1974-12-14,1974-12-09,1974-12-15,1974-12-09,1974-12-14,,,,202.73,6,False,False,011.idv.tw (close only)
1974-12-21,1974-12-16,1974-12-22,1974-12-16,1974-12-21,,,,188.74,5,False,False,011.idv.tw (close only)
1974-12-28,1974-12-23,1974-12-29,1974-12-23,1974-12-28,,,,190.68,5,False,False,011.idv.tw (close only)
1975-01-04,1974-12-30,1975-01-05,1974-12-30,1975-01-04,,,,190.80,2,False,False,011.idv.tw (close only)
1975-01-11,1975-01-06,1975-01-12,1975-01-06,1975-01-11,,,,206.74,6,False,False,011.idv.tw (close only)
1975-01-18,1975-01-13,1975-01-19,1975-01-13,1975-01-18,,,,214.48,6,False,False,011.idv.tw (close only)
1975-01-25,1975-01-20,1975-01-26,1975-01-20,1975-01-25,,,,233.17,6,False,False,011.idv.tw (close only)
1975-02-01,1975-01-27,1975-02-02,1975-01-27,1975-02-01,,,,244.44,6,False,False,011.idv.tw (close only)
1975-02-07,1975-02-03,1975-02-09,1975-02-03,1975-02-07,,,,265.21,5,False,False,011.idv.tw (close only)
1975-02-15,1975-02-10,1975-02-16,1975-02-15,1975-02-15,,,,268.78,1,False,False,011.idv.tw (close only)
1975-02-22,1975-02-17,1975-02-23,1975-02-17,1975-02-22,,,,281.12,6,False,False,011.idv.tw (close only)
1975-03-01,1975-02-24,1975-03-02,1975-02-24,1975-03-01,,,,261.78,6,False,False,011.idv.tw (close only)
1975-03-08,1975-03-03,1975-03-09,1975-03-03,1975-03-08,,,,273.20,6,False,False,011.idv.tw (close only)
1975-03-15,1975-03-10,1975-03-16,1975-03-10,1975-03-15,,,,267.26,6,False,False,011.idv.tw (close only)
1975-03-22,1975-03-17,1975-03-23,1975-03-17,1975-03-22,,,,263.99,6,False,False,011.idv.tw (close only)
1975-03-28,1975-03-24,1975-03-30,1975-03-24,1975-03-28,,,,248.96,5,False,False,011.idv.tw (close only)
1975-04-04,1975-03-31,1975-04-06,1975-03-31,1975-04-04,,,,257.08,5,False,False,011.idv.tw (close only)
1975-04-12,1975-04-07,1975-04-13,1975-04-07,1975-04-12,,,,268.72,6,False,False,011.idv.tw (close only)
1975-04-19,1975-04-14,1975-04-20,1975-04-14,1975-04-19,,,,283.12,5,False,False,011.idv.tw (close only)
1975-04-26,1975-04-21,1975-04-27,1975-04-21,1975-04-26,,,,272.48,6,False,False,011.idv.tw (close only)
1975-05-03,1975-04-28,1975-05-04,1975-04-28,1975-05-03,,,,288.93,6,False,False,011.idv.tw (close only)
1975-05-10,1975-05-05,1975-05-11,1975-05-05,1975-05-10,,,,304.24,6,False,False,011.idv.tw (close only)
1975-05-17,1975-05-12,1975-05-18,1975-05-12,1975-05-17,,,,305.00,6,False,False,011.idv.tw (close only)
1975-05-24,1975-05-19,1975-05-25,1975-05-19,1975-05-24,,,,338.78,6,False,False,011.idv.tw (close only)
1975-05-31,1975-05-26,1975-06-01,1975-05-26,1975-05-31,,,,372.38,6,False,False,011.idv.tw (close only)
1975-06-07,1975-06-02,1975-06-08,1975-06-02,1975-06-07,,,,422.01,6,False,False,011.idv.tw (close only)
1975-06-13,1975-06-09,1975-06-15,1975-06-09,1975-06-13,,,,389.22,5,False,False,011.idv.tw (close only)
1975-06-21,1975-06-16,1975-06-22,1975-06-16,1975-06-21,,,,377.16,6,False,False,011.idv.tw (close only)
1975-06-28,1975-06-23,1975-06-29,1975-06-23,1975-06-28,,,,358.03,6,False,False,011.idv.tw (close only)
1975-07-05,1975-06-30,1975-07-06,1975-06-30,1975-07-05,,,,377.97,4,False,False,011.idv.tw (close only)
1975-07-12,1975-07-07,1975-07-13,1975-07-07,1975-07-12,,,,358.09,6,False,False,011.idv.tw (close only)
1975-07-19,1975-07-14,1975-07-20,1975-07-14,1975-07-19,,,,352.17,6,False,False,011.idv.tw (close only)
1975-07-26,1975-07-21,1975-07-27,1975-07-21,1975-07-26,,,,350.69,6,False,False,011.idv.tw (close only)
1975-08-02,1975-07-28,1975-08-03,1975-07-28,1975-08-02,,,,372.34,6,False,False,011.idv.tw (close only)
1975-08-09,1975-08-04,1975-08-10,1975-08-04,1975-08-09,,,,374.99,6,False,False,011.idv.tw (close only)
1975-08-16,1975-08-11,1975-08-17,1975-08-11,1975-08-16,,,,393.74,6,False,False,011.idv.tw (close only)
1975-08-23,1975-08-18,1975-08-24,1975-08-18,1975-08-23,,,,375.38,6,False,False,011.idv.tw (close only)
1975-08-30,1975-08-25,1975-08-31,1975-08-25,1975-08-30,,,,387.37,6,False,False,011.idv.tw (close only)
1975-09-06,1975-09-01,1975-09-07,1975-09-01,1975-09-06,,,,381.82,6,False,False,011.idv.tw (close only)
1975-09-13,1975-09-08,1975-09-14,1975-09-08,1975-09-13,,,,365.77,6,False,False,011.idv.tw (close only)
1975-09-19,1975-09-15,1975-09-21,1975-09-15,1975-09-19,,,,368.56,5,False,False,011.idv.tw (close only)
1975-09-27,1975-09-22,1975-09-28,1975-09-22,1975-09-27,,,,365.64,6,False,False,011.idv.tw (close only)
1975-10-04,1975-09-29,1975-10-05,1975-09-30,1975-10-04,,,,357.27,5,False,False,011.idv.tw (close only)
1975-10-09,1975-10-06,1975-10-12,1975-10-06,1975-10-09,,,,342.55,4,False,False,011.idv.tw (close only)
1975-10-18,1975-10-13,1975-10-19,1975-10-13,1975-10-18,,,,349.32,6,False,False,011.idv.tw (close only)
1975-10-24,1975-10-20,1975-10-26,1975-10-20,1975-10-24,,,,355.74,5,False,False,011.idv.tw (close only)
1975-11-01,1975-10-27,1975-11-02,1975-10-27,1975-11-01,,,,337.63,5,False,False,011.idv.tw (close only)
1975-11-08,1975-11-03,1975-11-09,1975-11-03,1975-11-08,,,,336.49,6,False,False,011.idv.tw (close only)
1975-11-15,1975-11-10,1975-11-16,1975-11-10,1975-11-15,,,,325.80,5,False,False,011.idv.tw (close only)
1975-11-22,1975-11-17,1975-11-23,1975-11-17,1975-11-22,,,,299.25,6,False,False,011.idv.tw (close only)
1975-11-29,1975-11-24,1975-11-30,1975-11-24,1975-11-29,,,,302.78,6,False,False,011.idv.tw (close only)
1975-12-06,1975-12-01,1975-12-07,1975-12-01,1975-12-06,,,,312.36,6,False,False,011.idv.tw (close only)
1975-12-13,1975-12-08,1975-12-14,1975-12-08,1975-12-13,,,,293.10,6,False,False,011.idv.tw (close only)
1975-12-20,1975-12-15,1975-12-21,1975-12-15,1975-12-20,,,,307.30,6,False,False,011.idv.tw (close only)
1975-12-27,1975-12-22,1975-12-28,1975-12-22,1975-12-27,,,,323.67,5,False,False,011.idv.tw (close only)
1975-12-30,1975-12-29,1976-01-04,1975-12-29,1975-12-30,,,,330.08,2,False,False,011.idv.tw (close only)
1976-01-10,1976-01-05,1976-01-11,1976-01-05,1976-01-10,,,,354.22,6,False,False,011.idv.tw (close only)
1976-01-17,1976-01-12,1976-01-18,1976-01-12,1976-01-17,,,,362.23,6,False,False,011.idv.tw (close only)
1976-01-24,1976-01-19,1976-01-25,1976-01-19,1976-01-24,,,,375.02,6,False,False,011.idv.tw (close only)
1976-01-28,1976-01-26,1976-02-01,1976-01-26,1976-01-28,,,,388.00,3,False,False,011.idv.tw (close only)
1976-02-07,1976-02-02,1976-02-08,1976-02-04,1976-02-07,,,,375.26,4,False,False,011.idv.tw (close only)
1976-02-14,1976-02-09,1976-02-15,1976-02-09,1976-02-14,,,,371.64,6,False,False,011.idv.tw (close only)
1976-02-21,1976-02-16,1976-02-22,1976-02-16,1976-02-21,,,,375.17,6,False,False,011.idv.tw (close only)
1976-02-28,1976-02-23,1976-02-29,1976-02-23,1976-02-28,,,,366.57,6,False,False,011.idv.tw (close only)
1976-03-06,1976-03-01,1976-03-07,1976-03-01,1976-03-06,,,,375.89,6,False,False,011.idv.tw (close only)
1976-03-13,1976-03-08,1976-03-14,1976-03-08,1976-03-13,,,,394.64,6,False,False,011.idv.tw (close only)
1976-03-20,1976-03-15,1976-03-21,1976-03-15,1976-03-20,,,,400.17,6,False,False,011.idv.tw (close only)
1976-03-27,1976-03-22,1976-03-28,1976-03-22,1976-03-27,,,,409.84,6,False,False,011.idv.tw (close only)
1976-04-03,1976-03-29,1976-04-04,1976-03-30,1976-04-03,,,,417.00,5,False,False,011.idv.tw (close only)
1976-04-10,1976-04-05,1976-04-11,1976-04-06,1976-04-10,,,,400.29,5,False,False,011.idv.tw (close only)
1976-04-17,1976-04-12,1976-04-18,1976-04-12,1976-04-17,,,,391.71,6,False,False,011.idv.tw (close only)
1976-04-24,1976-04-19,1976-04-25,1976-04-19,1976-04-24,,,,396.35,6,False,False,011.idv.tw (close only)
1976-05-01,1976-04-26,1976-05-02,1976-04-26,1976-05-01,,,,383.11,6,False,False,011.idv.tw (close only)
1976-05-08,1976-05-03,1976-05-09,1976-05-03,1976-05-08,,,,374.42,6,False,False,011.idv.tw (close only)
1976-05-15,1976-05-10,1976-05-16,1976-05-10,1976-05-15,,,,357.25,6,False,False,011.idv.tw (close only)
1976-05-22,1976-05-17,1976-05-23,1976-05-17,1976-05-22,,,,366.48,6,False,False,011.idv.tw (close only)
1976-05-29,1976-05-24,1976-05-30,1976-05-24,1976-05-29,,,,384.66,6,False,False,011.idv.tw (close only)
1976-06-05,1976-05-31,1976-06-06,1976-05-31,1976-06-05,,,,380.06,5,False,False,011.idv.tw (close only)
1976-06-12,1976-06-07,1976-06-13,1976-06-07,1976-06-12,,,,376.08,6,False,False,011.idv.tw (close only)
1976-06-19,1976-06-14,1976-06-20,1976-06-14,1976-06-19,,,,362.56,6,False,False,011.idv.tw (close only)
1976-06-26,1976-06-21,1976-06-27,1976-06-21,1976-06-26,,,,358.72,6,False,False,011.idv.tw (close only)
1976-06-30,1976-06-28,1976-07-04,1976-06-28,1976-06-30,,,,360.16,3,False,False,011.idv.tw (close only)
1976-07-10,1976-07-05,1976-07-11,1976-07-05,1976-07-10,,,,343.32,6,False,False,011.idv.tw (close only)
1976-07-17,1976-07-12,1976-07-18,1976-07-12,1976-07-17,,,,335.02,6,False,False,011.idv.tw (close only)
1976-07-24,1976-07-19,1976-07-25,1976-07-19,1976-07-24,,,,312.41,6,False,False,011.idv.tw (close only)
1976-07-31,1976-07-26,1976-08-01,1976-07-26,1976-07-31,,,,309.57,6,False,False,011.idv.tw (close only)
1976-08-07,1976-08-02,1976-08-08,1976-08-02,1976-08-07,,,,339.71,6,False,False,011.idv.tw (close only)
1976-08-14,1976-08-09,1976-08-15,1976-08-09,1976-08-14,,,,308.68,5,False,False,011.idv.tw (close only)
1976-08-21,1976-08-16,1976-08-22,1976-08-16,1976-08-21,,,,314.62,6,False,False,011.idv.tw (close only)
1976-08-28,1976-08-23,1976-08-29,1976-08-23,1976-08-28,,,,310.00,6,False,False,011.idv.tw (close only)
1976-09-04,1976-08-30,1976-09-05,1976-08-30,1976-09-04,,,,310.35,6,False,False,011.idv.tw (close only)
1976-09-11,1976-09-06,1976-09-12,1976-09-06,1976-09-11,,,,313.80,5,False,False,011.idv.tw (close only)
1976-09-18,1976-09-13,1976-09-19,1976-09-13,1976-09-18,,,,307.55,6,False,False,011.idv.tw (close only)
1976-09-25,1976-09-20,1976-09-26,1976-09-20,1976-09-25,,,,296.37,6,False,False,011.idv.tw (close only)
1976-10-02,1976-09-27,1976-10-03,1976-09-27,1976-10-02,,,,287.00,5,False,False,011.idv.tw (close only)
1976-10-09,1976-10-04,1976-10-10,1976-10-04,1976-10-09,,,,275.34,6,False,False,011.idv.tw (close only)
1976-10-16,1976-10-11,1976-10-17,1976-10-12,1976-10-16,,,,265.11,5,False,False,011.idv.tw (close only)
1976-10-23,1976-10-18,1976-10-24,1976-10-18,1976-10-23,,,,279.83,6,False,False,011.idv.tw (close only)
1976-10-30,1976-10-25,1976-10-31,1976-10-26,1976-10-30,,,,299.85,5,False,False,011.idv.tw (close only)
1976-11-06,1976-11-01,1976-11-07,1976-11-02,1976-11-06,,,,309.91,5,False,False,011.idv.tw (close only)
1976-11-13,1976-11-08,1976-11-14,1976-11-08,1976-11-13,,,,297.08,5,False,False,011.idv.tw (close only)
1976-11-20,1976-11-15,1976-11-21,1976-11-15,1976-11-20,,,,298.13,6,False,False,011.idv.tw (close only)
1976-11-27,1976-11-22,1976-11-28,1976-11-22,1976-11-27,,,,288.18,6,False,False,011.idv.tw (close only)
1976-12-04,1976-11-29,1976-12-05,1976-11-29,1976-12-04,,,,298.53,6,False,False,011.idv.tw (close only)
1976-12-11,1976-12-06,1976-12-12,1976-12-06,1976-12-11,,,,316.05,6,False,False,011.idv.tw (close only)
1976-12-18,1976-12-13,1976-12-19,1976-12-13,1976-12-18,,,,317.91,6,False,False,011.idv.tw (close only)
1976-12-24,1976-12-20,1976-12-26,1976-12-20,1976-12-24,,,,348.40,5,False,False,011.idv.tw (close only)
1976-12-30,1976-12-27,1977-01-02,1976-12-27,1976-12-30,,,,372.20,4,False,False,011.idv.tw (close only)
1977-01-08,1977-01-03,1977-01-09,1977-01-05,1977-01-08,,,,367.82,4,False,False,011.idv.tw (close only)
1977-01-15,1977-01-10,1977-01-16,1977-01-10,1977-01-15,,,,377.46,6,False,False,011.idv.tw (close only)
1977-01-22,1977-01-17,1977-01-23,1977-01-17,1977-01-22,,,,377.04,6,False,False,011.idv.tw (close only)
1977-01-29,1977-01-24,1977-01-30,1977-01-24,1977-01-29,,,,391.27,6,False,False,011.idv.tw (close only)
1977-02-05,1977-01-31,1977-02-06,1977-01-31,1977-02-05,,,,365.33,6,False,False,011.idv.tw (close only)
1977-02-12,1977-02-07,1977-02-13,1977-02-07,1977-02-12,,,,374.31,6,False,False,011.idv.tw (close only)
1977-02-15,1977-02-14,1977-02-20,1977-02-14,1977-02-15,,,,371.16,2,False,False,011.idv.tw (close only)
1977-02-26,1977-02-21,1977-02-27,1977-02-22,1977-02-26,,,,347.17,5,False,False,011.idv.tw (close only)
1977-03-05,1977-02-28,1977-03-06,1977-02-28,1977-03-05,,,,342.39,6,False,False,011.idv.tw (close only)
1977-03-12,1977-03-07,1977-03-13,1977-03-07,1977-03-12,,,,337.05,6,False,False,011.idv.tw (close only)
1977-03-19,1977-03-14,1977-03-20,1977-03-14,1977-03-19,,,,328.31,6,False,False,011.idv.tw (close only)
1977-03-26,1977-03-21,1977-03-27,1977-03-21,1977-03-26,,,,336.97,6,False,False,011.idv.tw (close only)
1977-04-02,1977-03-28,1977-04-03,1977-03-28,1977-04-02,,,,323.99,5,False,False,011.idv.tw (close only)
1977-04-09,1977-04-04,1977-04-10,1977-04-04,1977-04-09,,,,322.52,5,False,False,011.idv.tw (close only)
1977-04-16,1977-04-11,1977-04-17,1977-04-11,1977-04-16,,,,323.76,6,False,False,011.idv.tw (close only)
1977-04-23,1977-04-18,1977-04-24,1977-04-18,1977-04-23,,,,322.12,6,False,False,011.idv.tw (close only)
1977-04-30,1977-04-25,1977-05-01,1977-04-25,1977-04-30,,,,322.20,6,False,False,011.idv.tw (close only)
1977-05-07,1977-05-02,1977-05-08,1977-05-02,1977-05-07,,,,313.92,6,False,False,011.idv.tw (close only)
1977-05-14,1977-05-09,1977-05-15,1977-05-09,1977-05-14,,,,327.40,6,False,False,011.idv.tw (close only)
1977-05-21,1977-05-16,1977-05-22,1977-05-16,1977-05-21,,,,338.98,6,False,False,011.idv.tw (close only)
1977-05-28,1977-05-23,1977-05-29,1977-05-23,1977-05-28,,,,338.86,6,False,False,011.idv.tw (close only)
1977-06-04,1977-05-30,1977-06-05,1977-05-30,1977-06-04,,,,333.51,6,False,False,011.idv.tw (close only)
1977-06-11,1977-06-06,1977-06-12,1977-06-06,1977-06-11,,,,328.97,6,False,False,011.idv.tw (close only)
1977-06-18,1977-06-13,1977-06-19,1977-06-13,1977-06-18,,,,333.26,6,False,False,011.idv.tw (close only)
1977-06-25,1977-06-20,1977-06-26,1977-06-20,1977-06-25,,,,347.76,5,False,False,011.idv.tw (close only)
1977-06-30,1977-06-27,1977-07-03,1977-06-27,1977-06-30,,,,355.26,4,False,False,011.idv.tw (close only)
1977-07-09,1977-07-04,1977-07-10,1977-07-04,1977-07-09,,,,341.94,6,False,False,011.idv.tw (close only)
1977-07-16,1977-07-11,1977-07-17,1977-07-11,1977-07-16,,,,327.76,6,False,False,011.idv.tw (close only)
1977-07-23,1977-07-18,1977-07-24,1977-07-18,1977-07-23,,,,320.08,6,False,False,011.idv.tw (close only)
1977-07-30,1977-07-25,1977-07-31,1977-07-25,1977-07-30,,,,322.27,6,False,False,011.idv.tw (close only)
1977-08-06,1977-08-01,1977-08-07,1977-08-02,1977-08-06,,,,323.55,5,False,False,011.idv.tw (close only)
1977-08-13,1977-08-08,1977-08-14,1977-08-08,1977-08-13,,,,329.64,6,False,False,011.idv.tw (close only)
1977-08-20,1977-08-15,1977-08-21,1977-08-15,1977-08-20,,,,346.56,6,False,False,011.idv.tw (close only)
1977-08-27,1977-08-22,1977-08-28,1977-08-22,1977-08-27,,,,351.86,6,False,False,011.idv.tw (close only)
1977-09-03,1977-08-29,1977-09-04,1977-08-29,1977-09-03,,,,365.11,6,False,False,011.idv.tw (close only)
1977-09-10,1977-09-05,1977-09-11,1977-09-05,1977-09-10,,,,368.19,6,False,False,011.idv.tw (close only)
1977-09-17,1977-09-12,1977-09-18,1977-09-12,1977-09-17,,,,377.34,6,False,False,011.idv.tw (close only)
1977-09-24,1977-09-19,1977-09-25,1977-09-19,1977-09-24,,,,377.03,5,False,False,011.idv.tw (close only)
1977-10-01,1977-09-26,1977-10-02,1977-09-26,1977-10-01,,,,395.08,4,False,False,011.idv.tw (close only)
1977-10-08,1977-10-03,1977-10-09,1977-10-03,1977-10-08,,,,392.99,6,False,False,011.idv.tw (close only)
1977-10-15,1977-10-10,1977-10-16,1977-10-11,1977-10-15,,,,393.40,5,False,False,011.idv.tw (close only)
1977-10-22,1977-10-17,1977-10-23,1977-10-17,1977-10-22,,,,394.33,6,False,False,011.idv.tw (close only)
1977-10-29,1977-10-24,1977-10-30,1977-10-24,1977-10-29,,,,393.44,5,False,False,011.idv.tw (close only)
1977-11-05,1977-10-31,1977-11-06,1977-11-01,1977-11-05,,,,407.58,5,False,False,011.idv.tw (close only)
1977-11-11,1977-11-07,1977-11-13,1977-11-07,1977-11-11,,,,407.06,5,False,False,011.idv.tw (close only)
1977-11-18,1977-11-14,1977-11-20,1977-11-14,1977-11-18,,,,412.78,5,False,False,011.idv.tw (close only)
1977-11-26,1977-11-21,1977-11-27,1977-11-21,1977-11-26,,,,408.94,6,False,False,011.idv.tw (close only)
1977-12-03,1977-11-28,1977-12-04,1977-11-28,1977-12-03,,,,423.60,6,False,False,011.idv.tw (close only)
1977-12-10,1977-12-05,1977-12-11,1977-12-05,1977-12-10,,,,427.11,6,False,False,011.idv.tw (close only)
1977-12-17,1977-12-12,1977-12-18,1977-12-12,1977-12-17,,,,425.92,6,False,False,011.idv.tw (close only)
1977-12-24,1977-12-19,1977-12-25,1977-12-19,1977-12-24,,,,439.29,6,False,False,011.idv.tw (close only)
1977-12-30,1977-12-26,1978-01-01,1977-12-27,1977-12-30,,,,450.44,4,False,False,011.idv.tw (close only)
1978-01-07,1978-01-02,1978-01-08,1978-01-05,1978-01-07,,,,458.35,3,False,False,011.idv.tw (close only)
1978-01-14,1978-01-09,1978-01-15,1978-01-09,1978-01-14,,,,480.23,6,False,False,011.idv.tw (close only)
1978-01-21,1978-01-16,1978-01-22,1978-01-16,1978-01-21,,,,464.16,6,False,False,011.idv.tw (close only)
1978-01-28,1978-01-23,1978-01-29,1978-01-23,1978-01-28,,,,473.38,6,False,False,011.idv.tw (close only)
1978-02-03,1978-01-30,1978-02-05,1978-01-30,1978-02-03,,,,491.75,5,False,False,011.idv.tw (close only)
1978-02-11,1978-02-06,1978-02-12,1978-02-11,1978-02-11,,,,493.17,1,False,False,011.idv.tw (close only)
1978-02-18,1978-02-13,1978-02-19,1978-02-13,1978-02-18,,,,480.18,6,False,False,011.idv.tw (close only)
1978-02-25,1978-02-20,1978-02-26,1978-02-20,1978-02-25,,,,489.00,6,False,False,011.idv.tw (close only)
1978-03-04,1978-02-27,1978-03-05,1978-02-27,1978-03-04,,,,488.79,6,False,False,011.idv.tw (close only)
1978-03-11,1978-03-06,1978-03-12,1978-03-06,1978-03-11,,,,467.12,6,False,False,011.idv.tw (close only)
1978-03-18,1978-03-13,1978-03-19,1978-03-13,1978-03-18,,,,483.20,6,False,False,011.idv.tw (close only)
1978-03-25,1978-03-20,1978-03-26,1978-03-20,1978-03-25,,,,458.03,6,False,False,011.idv.tw (close only)
1978-04-01,1978-03-27,1978-04-02,1978-03-27,1978-04-01,,,,463.19,5,False,False,011.idv.tw (close only)
1978-04-08,1978-04-03,1978-04-09,1978-04-03,1978-04-08,,,,474.71,5,False,False,011.idv.tw (close only)
1978-04-15,1978-04-10,1978-04-16,1978-04-10,1978-04-15,,,,465.65,6,False,False,011.idv.tw (close only)
1978-04-22,1978-04-17,1978-04-23,1978-04-17,1978-04-22,,,,477.11,6,False,False,011.idv.tw (close only)
1978-04-29,1978-04-24,1978-04-30,1978-04-24,1978-04-29,,,,501.17,6,False,False,011.idv.tw (close only)
1978-05-06,1978-05-01,1978-05-07,1978-05-01,1978-05-06,,,,518.86,6,False,False,011.idv.tw (close only)
1978-05-13,1978-05-08,1978-05-14,1978-05-08,1978-05-13,,,,539.90,6,False,False,011.idv.tw (close only)
1978-05-20,1978-05-15,1978-05-21,1978-05-15,1978-05-20,,,,560.26,6,False,False,011.idv.tw (close only)
1978-05-27,1978-05-22,1978-05-28,1978-05-22,1978-05-27,,,,562.41,6,False,False,011.idv.tw (close only)
1978-06-03,1978-05-29,1978-06-04,1978-05-29,1978-06-03,,,,548.83,6,False,False,011.idv.tw (close only)
1978-06-09,1978-06-05,1978-06-11,1978-06-05,1978-06-09,,,,536.26,5,False,False,011.idv.tw (close only)
1978-06-17,1978-06-12,1978-06-18,1978-06-12,1978-06-17,,,,524.96,6,False,False,011.idv.tw (close only)
1978-06-24,1978-06-19,1978-06-25,1978-06-19,1978-06-24,,,,520.37,6,False,False,011.idv.tw (close only)
1978-06-30,1978-06-26,1978-07-02,1978-06-26,1978-06-30,,,,544.68,5,False,False,011.idv.tw (close only)
1978-07-08,1978-07-03,1978-07-09,1978-07-04,1978-07-08,,,,571.61,5,False,False,011.idv.tw (close only)
1978-07-15,1978-07-10,1978-07-16,1978-07-10,1978-07-15,,,,554.87,6,False,False,011.idv.tw (close only)
1978-07-22,1978-07-17,1978-07-23,1978-07-17,1978-07-22,,,,581.70,6,False,False,011.idv.tw (close only)
1978-07-29,1978-07-24,1978-07-30,1978-07-24,1978-07-29,,,,595.62,6,False,False,011.idv.tw (close only)
1978-08-05,1978-07-31,1978-08-06,1978-07-31,1978-08-05,,,,579.12,6,False,False,011.idv.tw (close only)
1978-08-12,1978-08-07,1978-08-13,1978-08-07,1978-08-12,,,,590.09,6,False,False,011.idv.tw (close only)
1978-08-19,1978-08-14,1978-08-20,1978-08-14,1978-08-19,,,,609.66,6,False,False,011.idv.tw (close only)
1978-08-26,1978-08-21,1978-08-27,1978-08-21,1978-08-26,,,,623.18,6,False,False,011.idv.tw (close only)
1978-09-02,1978-08-28,1978-09-03,1978-08-28,1978-09-02,,,,630.62,6,False,False,011.idv.tw (close only)
1978-09-09,1978-09-04,1978-09-10,1978-09-04,1978-09-09,,,,658.23,6,False,False,011.idv.tw (close only)
1978-09-16,1978-09-11,1978-09-17,1978-09-11,1978-09-16,,,,656.91,6,False,False,011.idv.tw (close only)
1978-09-23,1978-09-18,1978-09-24,1978-09-18,1978-09-23,,,,676.02,6,False,False,011.idv.tw (close only)
1978-09-30,1978-09-25,1978-10-01,1978-09-25,1978-09-30,,,,679.17,5,False,False,011.idv.tw (close only)
1978-10-07,1978-10-02,1978-10-08,1978-10-02,1978-10-07,,,,687.79,6,False,False,011.idv.tw (close only)
1978-10-14,1978-10-09,1978-10-15,1978-10-09,1978-10-14,,,,674.56,5,False,False,011.idv.tw (close only)
1978-10-21,1978-10-16,1978-10-22,1978-10-16,1978-10-21,,,,677.54,6,False,False,011.idv.tw (close only)
1978-10-28,1978-10-23,1978-10-29,1978-10-23,1978-10-28,,,,643.99,5,False,False,011.idv.tw (close only)
1978-11-04,1978-10-30,1978-11-05,1978-10-30,1978-11-04,,,,611.59,5,False,False,011.idv.tw (close only)
1978-11-11,1978-11-06,1978-11-12,1978-11-06,1978-11-11,,,,591.88,6,False,False,011.idv.tw (close only)
1978-11-18,1978-11-13,1978-11-19,1978-11-14,1978-11-18,,,,573.92,5,False,False,011.idv.tw (close only)
1978-11-25,1978-11-20,1978-11-26,1978-11-20,1978-11-25,,,,582.87,6,False,False,011.idv.tw (close only)
1978-12-02,1978-11-27,1978-12-03,1978-11-27,1978-12-02,,,,585.51,6,False,False,011.idv.tw (close only)
1978-12-09,1978-12-04,1978-12-10,1978-12-04,1978-12-09,,,,595.22,6,False,False,011.idv.tw (close only)
1978-12-16,1978-12-11,1978-12-17,1978-12-11,1978-12-16,,,,573.08,6,False,False,011.idv.tw (close only)
1978-12-23,1978-12-18,1978-12-24,1978-12-18,1978-12-23,,,,541.59,6,False,False,011.idv.tw (close only)
1978-12-29,1978-12-25,1978-12-31,1978-12-26,1978-12-29,,,,532.43,4,False,False,011.idv.tw (close only)
1979-01-06,1979-01-01,1979-01-07,1979-01-04,1979-01-06,,,,550.24,3,False,False,011.idv.tw (close only)
1979-01-13,1979-01-08,1979-01-14,1979-01-08,1979-01-13,,,,528.47,6,False,False,011.idv.tw (close only)
1979-01-20,1979-01-15,1979-01-21,1979-01-15,1979-01-20,,,,506.79,6,False,False,011.idv.tw (close only)
1979-01-25,1979-01-22,1979-01-28,1979-01-22,1979-01-25,,,,533.74,4,False,False,011.idv.tw (close only)
1979-02-03,1979-01-29,1979-02-04,1979-02-01,1979-02-03,,,,539.51,3,False,False,011.idv.tw (close only)
1979-02-10,1979-02-05,1979-02-11,1979-02-05,1979-02-10,,,,526.88,6,False,False,011.idv.tw (close only)
1979-02-17,1979-02-12,1979-02-18,1979-02-12,1979-02-17,,,,523.81,6,False,False,011.idv.tw (close only)
1979-02-24,1979-02-19,1979-02-25,1979-02-19,1979-02-24,,,,540.61,6,False,False,011.idv.tw (close only)
1979-03-03,1979-02-26,1979-03-04,1979-02-26,1979-03-03,,,,532.64,6,False,False,011.idv.tw (close only)
1979-03-10,1979-03-05,1979-03-11,1979-03-05,1979-03-10,,,,535.63,6,False,False,011.idv.tw (close only)
1979-03-17,1979-03-12,1979-03-18,1979-03-12,1979-03-17,,,,552.12,6,False,False,011.idv.tw (close only)
1979-03-24,1979-03-19,1979-03-25,1979-03-19,1979-03-24,,,,565.26,6,False,False,011.idv.tw (close only)
1979-03-31,1979-03-26,1979-04-01,1979-03-26,1979-03-31,,,,624.70,5,False,False,011.idv.tw (close only)
1979-04-07,1979-04-02,1979-04-08,1979-04-02,1979-04-07,,,,632.37,5,False,False,011.idv.tw (close only)
1979-04-14,1979-04-09,1979-04-15,1979-04-09,1979-04-14,,,,630.96,6,False,False,011.idv.tw (close only)
1979-04-21,1979-04-16,1979-04-22,1979-04-16,1979-04-21,,,,637.34,6,False,False,011.idv.tw (close only)
1979-04-28,1979-04-23,1979-04-29,1979-04-23,1979-04-28,,,,657.33,6,False,False,011.idv.tw (close only)
1979-05-05,1979-04-30,1979-05-06,1979-04-30,1979-05-05,,,,625.18,6,False,False,011.idv.tw (close only)
1979-05-12,1979-05-07,1979-05-13,1979-05-07,1979-05-12,,,,610.90,6,False,False,011.idv.tw (close only)
1979-05-19,1979-05-14,1979-05-20,1979-05-14,1979-05-19,,,,579.65,6,False,False,011.idv.tw (close only)
1979-05-26,1979-05-21,1979-05-27,1979-05-21,1979-05-26,,,,597.34,6,False,False,011.idv.tw (close only)
1979-06-02,1979-05-28,1979-06-03,1979-05-28,1979-06-02,,,,589.40,5,False,False,011.idv.tw (close only)
1979-06-09,1979-06-04,1979-06-10,1979-06-04,1979-06-09,,,,576.45,6,False,False,011.idv.tw (close only)
1979-06-16,1979-06-11,1979-06-17,1979-06-11,1979-06-16,,,,566.20,6,False,False,011.idv.tw (close only)
1979-06-23,1979-06-18,1979-06-24,1979-06-18,1979-06-23,,,,570.93,6,False,False,011.idv.tw (close only)
1979-06-30,1979-06-25,1979-07-01,1979-06-25,1979-06-30,,,,572.27,6,False,False,011.idv.tw (close only)
1979-07-07,1979-07-02,1979-07-08,1979-07-04,1979-07-07,,,,545.33,4,False,False,011.idv.tw (close only)
1979-07-14,1979-07-09,1979-07-15,1979-07-09,1979-07-14,,,,523.99,6,False,False,011.idv.tw (close only)
1979-07-21,1979-07-16,1979-07-22,1979-07-16,1979-07-21,,,,540.44,6,False,False,011.idv.tw (close only)
1979-07-28,1979-07-23,1979-07-29,1979-07-23,1979-07-28,,,,551.89,6,False,False,011.idv.tw (close only)
1979-08-04,1979-07-30,1979-08-05,1979-07-30,1979-08-04,,,,557.72,5,False,False,011.idv.tw (close only)
1979-08-11,1979-08-06,1979-08-12,1979-08-06,1979-08-11,,,,564.67,6,False,False,011.idv.tw (close only)
1979-08-18,1979-08-13,1979-08-19,1979-08-13,1979-08-18,,,,569.67,6,False,False,011.idv.tw (close only)
1979-08-25,1979-08-20,1979-08-26,1979-08-20,1979-08-25,,,,582.84,6,False,False,011.idv.tw (close only)
1979-09-01,1979-08-27,1979-09-02,1979-08-27,1979-09-01,,,,592.97,6,False,False,011.idv.tw (close only)
1979-09-08,1979-09-03,1979-09-09,1979-09-03,1979-09-08,,,,579.75,6,False,False,011.idv.tw (close only)
1979-09-15,1979-09-10,1979-09-16,1979-09-10,1979-09-15,,,,580.88,6,False,False,011.idv.tw (close only)
1979-09-22,1979-09-17,1979-09-23,1979-09-17,1979-09-22,,,,565.84,6,False,False,011.idv.tw (close only)
1979-09-29,1979-09-24,1979-09-30,1979-09-24,1979-09-29,,,,577.46,5,False,False,011.idv.tw (close only)
1979-10-06,1979-10-01,1979-10-07,1979-10-01,1979-10-06,,,,578.40,5,False,False,011.idv.tw (close only)
1979-10-13,1979-10-08,1979-10-14,1979-10-08,1979-10-13,,,,551.24,5,False,False,011.idv.tw (close only)
1979-10-20,1979-10-15,1979-10-21,1979-10-15,1979-10-20,,,,549.24,6,False,False,011.idv.tw (close only)
1979-10-27,1979-10-22,1979-10-28,1979-10-22,1979-10-27,,,,535.49,5,False,False,011.idv.tw (close only)
1979-11-03,1979-10-29,1979-11-04,1979-10-29,1979-11-03,,,,547.53,5,False,False,011.idv.tw (close only)
1979-11-10,1979-11-05,1979-11-11,1979-11-05,1979-11-10,,,,532.89,6,False,False,011.idv.tw (close only)
1979-11-17,1979-11-12,1979-11-18,1979-11-13,1979-11-17,,,,516.51,5,False,False,011.idv.tw (close only)
1979-11-24,1979-11-19,1979-11-25,1979-11-19,1979-11-24,,,,502.20,6,False,False,011.idv.tw (close only)
1979-12-01,1979-11-26,1979-12-02,1979-11-26,1979-12-01,,,,509.18,6,False,False,011.idv.tw (close only)
1979-12-08,1979-12-03,1979-12-09,1979-12-03,1979-12-08,,,,508.52,6,False,False,011.idv.tw (close only)
1979-12-15,1979-12-10,1979-12-16,1979-12-10,1979-12-15,,,,524.67,6,False,False,011.idv.tw (close only)
1979-12-22,1979-12-17,1979-12-23,1979-12-17,1979-12-22,,,,554.56,6,False,False,011.idv.tw (close only)
1979-12-29,1979-12-24,1979-12-30,1979-12-24,1979-12-29,,,,549.55,5,False,False,011.idv.tw (close only)
1980-01-05,1979-12-31,1980-01-06,1980-01-04,1980-01-05,,,,561.55,2,False,False,011.idv.tw (close only)
1980-01-12,1980-01-07,1980-01-13,1980-01-07,1980-01-12,,,,555.37,6,False,False,011.idv.tw (close only)
1980-01-19,1980-01-14,1980-01-20,1980-01-14,1980-01-19,,,,544.96,6,False,False,011.idv.tw (close only)
1980-01-26,1980-01-21,1980-01-27,1980-01-21,1980-01-26,,,,552.90,6,False,False,011.idv.tw (close only)
1980-02-02,1980-01-28,1980-02-03,1980-01-28,1980-02-02,,,,552.43,6,False,False,011.idv.tw (close only)
1980-02-09,1980-02-04,1980-02-10,1980-02-04,1980-02-09,,,,550.03,6,False,False,011.idv.tw (close only)
1980-02-13,1980-02-11,1980-02-17,1980-02-11,1980-02-13,,,,557.75,3,False,False,011.idv.tw (close only)
1980-02-23,1980-02-18,1980-02-24,1980-02-20,1980-02-23,,,,551.82,4,False,False,011.idv.tw (close only)
1980-03-01,1980-02-25,1980-03-02,1980-02-25,1980-03-01,,,,562.47,6,False,False,011.idv.tw (close only)
1980-03-08,1980-03-03,1980-03-09,1980-03-03,1980-03-08,,,,579.40,6,False,False,011.idv.tw (close only)
1980-03-15,1980-03-10,1980-03-16,1980-03-10,1980-03-15,,,,557.82,6,False,False,011.idv.tw (close only)
1980-03-22,1980-03-17,1980-03-23,1980-03-17,1980-03-22,,,,541.82,6,False,False,011.idv.tw (close only)
1980-03-28,1980-03-24,1980-03-30,1980-03-24,1980-03-28,,,,534.81,5,False,False,011.idv.tw (close only)
1980-04-05,1980-03-31,1980-04-06,1980-03-31,1980-04-05,,,,522.48,5,False,False,011.idv.tw (close only)
1980-04-12,1980-04-07,1980-04-13,1980-04-07,1980-04-12,,,,522.36,6,False,False,011.idv.tw (close only)
1980-04-19,1980-04-14,1980-04-20,1980-04-14,1980-04-19,,,,522.86,6,False,False,011.idv.tw (close only)
1980-04-26,1980-04-21,1980-04-27,1980-04-21,1980-04-26,,,,525.90,6,False,False,011.idv.tw (close only)
1980-05-03,1980-04-28,1980-05-04,1980-04-28,1980-05-03,,,,508.13,6,False,False,011.idv.tw (close only)
1980-05-10,1980-05-05,1980-05-11,1980-05-05,1980-05-10,,,,509.46,6,False,False,011.idv.tw (close only)
1980-05-17,1980-05-12,1980-05-18,1980-05-12,1980-05-17,,,,511.27,6,False,False,011.idv.tw (close only)
1980-05-24,1980-05-19,1980-05-25,1980-05-19,1980-05-24,,,,508.06,6,False,False,011.idv.tw (close only)
1980-05-31,1980-05-26,1980-06-01,1980-05-26,1980-05-31,,,,514.80,6,False,False,011.idv.tw (close only)
1980-06-07,1980-06-02,1980-06-08,1980-06-02,1980-06-07,,,,508.59,6,False,False,011.idv.tw (close only)
1980-06-14,1980-06-09,1980-06-15,1980-06-09,1980-06-14,,,,512.98,6,False,False,011.idv.tw (close only)
1980-06-21,1980-06-16,1980-06-22,1980-06-16,1980-06-21,,,,507.18,5,False,False,011.idv.tw (close only)
1980-06-28,1980-06-23,1980-06-29,1980-06-23,1980-06-28,,,,487.49,6,False,False,011.idv.tw (close only)
1980-07-05,1980-06-30,1980-07-06,1980-06-30,1980-07-05,,,,495.02,5,False,False,011.idv.tw (close only)
1980-07-12,1980-07-07,1980-07-13,1980-07-07,1980-07-12,,,,494.28,6,False,False,011.idv.tw (close only)
1980-07-19,1980-07-14,1980-07-20,1980-07-14,1980-07-19,,,,523.39,6,False,False,011.idv.tw (close only)
1980-07-26,1980-07-21,1980-07-27,1980-07-21,1980-07-26,,,,538.85,6,False,False,011.idv.tw (close only)
1980-08-02,1980-07-28,1980-08-03,1980-07-28,1980-08-02,,,,540.64,6,False,False,011.idv.tw (close only)
1980-08-09,1980-08-04,1980-08-10,1980-08-04,1980-08-09,,,,554.30,6,False,False,011.idv.tw (close only)
1980-08-16,1980-08-11,1980-08-17,1980-08-11,1980-08-16,,,,567.09,6,False,False,011.idv.tw (close only)
1980-08-23,1980-08-18,1980-08-24,1980-08-18,1980-08-23,,,,563.00,6,False,False,011.idv.tw (close only)
1980-08-30,1980-08-25,1980-08-31,1980-08-25,1980-08-30,,,,578.13,6,False,False,011.idv.tw (close only)
1980-09-06,1980-09-01,1980-09-07,1980-09-01,1980-09-06,,,,581.10,6,False,False,011.idv.tw (close only)
1980-09-13,1980-09-08,1980-09-14,1980-09-08,1980-09-13,,,,571.71,6,False,False,011.idv.tw (close only)
1980-09-20,1980-09-15,1980-09-21,1980-09-15,1980-09-20,,,,581.24,6,False,False,011.idv.tw (close only)
1980-09-27,1980-09-22,1980-09-28,1980-09-22,1980-09-27,,,,558.21,5,False,False,011.idv.tw (close only)
1980-10-04,1980-09-29,1980-10-05,1980-09-30,1980-10-04,,,,580.94,5,False,False,011.idv.tw (close only)
1980-10-11,1980-10-06,1980-10-12,1980-10-06,1980-10-11,,,,582.25,5,False,False,011.idv.tw (close only)
1980-10-18,1980-10-13,1980-10-19,1980-10-13,1980-10-18,,,,593.37,6,False,False,011.idv.tw (close only)
1980-10-24,1980-10-20,1980-10-26,1980-10-20,1980-10-24,,,,585.14,5,False,False,011.idv.tw (close only)
1980-11-01,1980-10-27,1980-11-02,1980-10-27,1980-11-01,,,,585.51,5,False,False,011.idv.tw (close only)
1980-11-08,1980-11-03,1980-11-09,1980-11-03,1980-11-08,,,,592.76,6,False,False,011.idv.tw (close only)
1980-11-15,1980-11-10,1980-11-16,1980-11-10,1980-11-15,,,,569.03,5,False,False,011.idv.tw (close only)
1980-11-22,1980-11-17,1980-11-23,1980-11-17,1980-11-22,,,,562.23,6,False,False,011.idv.tw (close only)
1980-11-29,1980-11-24,1980-11-30,1980-11-24,1980-11-29,,,,566.28,6,False,False,011.idv.tw (close only)
1980-12-05,1980-12-01,1980-12-07,1980-12-01,1980-12-05,,,,560.89,5,False,False,011.idv.tw (close only)
1980-12-13,1980-12-08,1980-12-14,1980-12-08,1980-12-13,,,,559.31,6,False,False,011.idv.tw (close only)
1980-12-20,1980-12-15,1980-12-21,1980-12-15,1980-12-20,,,,551.05,6,False,False,011.idv.tw (close only)
1980-12-27,1980-12-22,1980-12-28,1980-12-22,1980-12-27,,,,555.39,5,False,False,011.idv.tw (close only)
1980-12-30,1980-12-29,1981-01-04,1980-12-29,1980-12-30,,,,558.45,2,False,False,011.idv.tw (close only)
1981-01-10,1981-01-05,1981-01-11,1981-01-05,1981-01-10,,,,541.92,6,False,False,011.idv.tw (close only)
1981-01-17,1981-01-12,1981-01-18,1981-01-12,1981-01-17,,,,554.15,6,False,False,011.idv.tw (close only)
1981-01-24,1981-01-19,1981-01-25,1981-01-19,1981-01-24,,,,557.15,6,False,False,011.idv.tw (close only)
1981-01-31,1981-01-26,1981-02-01,1981-01-26,1981-01-31,,,,564.40,6,False,False,011.idv.tw (close only)
1981-02-02,1981-02-02,1981-02-08,1981-02-02,1981-02-02,,,,564.86,1,False,False,011.idv.tw (close only)
1981-02-14,1981-02-09,1981-02-15,1981-02-09,1981-02-14,,,,582.40,6,False,False,011.idv.tw (close only)
1981-02-21,1981-02-16,1981-02-22,1981-02-16,1981-02-21,,,,591.50,6,False,False,011.idv.tw (close only)
1981-02-28,1981-02-23,1981-03-01,1981-02-23,1981-02-28,,,,582.36,6,False,False,011.idv.tw (close only)
1981-03-07,1981-03-02,1981-03-08,1981-03-02,1981-03-07,,,,564.97,6,False,False,011.idv.tw (close only)
1981-03-14,1981-03-09,1981-03-15,1981-03-09,1981-03-14,,,,546.65,6,False,False,011.idv.tw (close only)
1981-03-21,1981-03-16,1981-03-22,1981-03-16,1981-03-21,,,,548.07,6,False,False,011.idv.tw (close only)
1981-03-28,1981-03-23,1981-03-29,1981-03-23,1981-03-28,,,,553.55,6,False,False,011.idv.tw (close only)
1981-04-04,1981-03-30,1981-04-05,1981-03-31,1981-04-04,,,,552.08,5,False,False,011.idv.tw (close only)
1981-04-11,1981-04-06,1981-04-12,1981-04-07,1981-04-11,,,,550.66,5,False,False,011.idv.tw (close only)
1981-04-18,1981-04-13,1981-04-19,1981-04-13,1981-04-18,,,,539.06,6,False,False,011.idv.tw (close only)
1981-04-25,1981-04-20,1981-04-26,1981-04-20,1981-04-25,,,,542.67,6,False,False,011.idv.tw (close only)
1981-05-02,1981-04-27,1981-05-03,1981-04-27,1981-05-02,,,,559.59,6,False,False,011.idv.tw (close only)
1981-05-09,1981-05-04,1981-05-10,1981-05-04,1981-05-09,,,,571.58,6,False,False,011.idv.tw (close only)
1981-05-16,1981-05-11,1981-05-17,1981-05-11,1981-05-16,,,,566.72,6,False,False,011.idv.tw (close only)
1981-05-23,1981-05-18,1981-05-24,1981-05-18,1981-05-23,,,,563.07,6,False,False,011.idv.tw (close only)
1981-05-30,1981-05-25,1981-05-31,1981-05-25,1981-05-30,,,,567.57,6,False,False,011.idv.tw (close only)
1981-06-05,1981-06-01,1981-06-07,1981-06-01,1981-06-05,,,,584.26,5,False,False,011.idv.tw (close only)
1981-06-13,1981-06-08,1981-06-14,1981-06-08,1981-06-13,,,,600.73,6,False,False,011.idv.tw (close only)
1981-06-20,1981-06-15,1981-06-21,1981-06-15,1981-06-20,,,,580.10,6,False,False,011.idv.tw (close only)
1981-06-27,1981-06-22,1981-06-28,1981-06-22,1981-06-27,,,,574.26,6,False,False,011.idv.tw (close only)
1981-07-04,1981-06-29,1981-07-05,1981-06-29,1981-07-04,,,,569.13,5,False,False,011.idv.tw (close only)
1981-07-11,1981-07-06,1981-07-12,1981-07-06,1981-07-11,,,,570.62,6,False,False,011.idv.tw (close only)
1981-07-18,1981-07-13,1981-07-19,1981-07-13,1981-07-18,,,,569.78,6,False,False,011.idv.tw (close only)
1981-07-25,1981-07-20,1981-07-26,1981-07-20,1981-07-25,,,,548.53,6,False,False,011.idv.tw (close only)
1981-08-01,1981-07-27,1981-08-02,1981-07-27,1981-08-01,,,,547.36,6,False,False,011.idv.tw (close only)
1981-08-08,1981-08-03,1981-08-09,1981-08-03,1981-08-08,,,,551.43,6,False,False,011.idv.tw (close only)
1981-08-15,1981-08-10,1981-08-16,1981-08-10,1981-08-15,,,,542.68,6,False,False,011.idv.tw (close only)
1981-08-22,1981-08-17,1981-08-23,1981-08-17,1981-08-22,,,,538.14,6,False,False,011.idv.tw (close only)
1981-08-29,1981-08-24,1981-08-30,1981-08-24,1981-08-29,,,,516.74,6,False,False,011.idv.tw (close only)
1981-09-05,1981-08-31,1981-09-06,1981-08-31,1981-09-05,,,,515.93,6,False,False,011.idv.tw (close only)
1981-09-11,1981-09-07,1981-09-13,1981-09-07,1981-09-11,,,,529.06,5,False,False,011.idv.tw (close only)
1981-09-19,1981-09-14,1981-09-20,1981-09-14,1981-09-19,,,,538.91,6,False,False,011.idv.tw (close only)
1981-09-26,1981-09-21,1981-09-27,1981-09-21,1981-09-26,,,,525.56,6,False,False,011.idv.tw (close only)
1981-10-03,1981-09-28,1981-10-04,1981-09-29,1981-10-03,,,,520.60,5,False,False,011.idv.tw (close only)
1981-10-09,1981-10-05,1981-10-11,1981-10-05,1981-10-09,,,,513.12,5,False,False,011.idv.tw (close only)
1981-10-17,1981-10-12,1981-10-18,1981-10-12,1981-10-17,,,,522.80,6,False,False,011.idv.tw (close only)
1981-10-24,1981-10-19,1981-10-25,1981-10-19,1981-10-24,,,,517.53,6,False,False,011.idv.tw (close only)
1981-10-30,1981-10-26,1981-11-01,1981-10-27,1981-10-30,,,,517.56,4,False,False,011.idv.tw (close only)
1981-11-07,1981-11-02,1981-11-08,1981-11-02,1981-11-07,,,,511.99,6,False,False,011.idv.tw (close only)
1981-11-13,1981-11-09,1981-11-15,1981-11-09,1981-11-13,,,,509.55,4,False,False,011.idv.tw (close only)
1981-11-21,1981-11-16,1981-11-22,1981-11-16,1981-11-21,,,,528.99,6,False,False,011.idv.tw (close only)
1981-11-28,1981-11-23,1981-11-29,1981-11-23,1981-11-28,,,,536.28,6,False,False,011.idv.tw (close only)
1981-12-05,1981-11-30,1981-12-06,1981-11-30,1981-12-05,,,,545.79,6,False,False,011.idv.tw (close only)
1981-12-12,1981-12-07,1981-12-13,1981-12-07,1981-12-12,,,,539.94,6,False,False,011.idv.tw (close only)
1981-12-19,1981-12-14,1981-12-20,1981-12-14,1981-12-19,,,,540.96,6,False,False,011.idv.tw (close only)
1981-12-26,1981-12-21,1981-12-27,1981-12-21,1981-12-26,,,,552.00,5,False,False,011.idv.tw (close only)
1981-12-30,1981-12-28,1982-01-03,1981-12-28,1981-12-30,,,,551.03,3,False,False,011.idv.tw (close only)
1982-01-09,1982-01-04,1982-01-10,1982-01-05,1982-01-09,,,,538.34,5,False,False,011.idv.tw (close only)
1982-01-15,1982-01-11,1982-01-17,1982-01-11,1982-01-15,,,,532.79,5,False,False,011.idv.tw (close only)
1982-01-22,1982-01-18,1982-01-24,1982-01-18,1982-01-22,,,,543.96,5,False,False,011.idv.tw (close only)
1982-01-30,1982-01-25,1982-01-31,1982-01-29,1982-01-30,,,,538.42,2,False,False,011.idv.tw (close only)
1982-02-06,1982-02-01,1982-02-07,1982-02-01,1982-02-06,,,,541.78,6,False,False,011.idv.tw (close only)
1982-02-13,1982-02-08,1982-02-14,1982-02-08,1982-02-13,,,,533.41,6,False,False,011.idv.tw (close only)
1982-02-20,1982-02-15,1982-02-21,1982-02-15,1982-02-20,,,,521.00,6,False,False,011.idv.tw (close only)
1982-02-27,1982-02-22,1982-02-28,1982-02-22,1982-02-27,,,,511.71,6,False,False,011.idv.tw (close only)
1982-03-06,1982-03-01,1982-03-07,1982-03-01,1982-03-06,,,,493.18,6,False,False,011.idv.tw (close only)
1982-03-13,1982-03-08,1982-03-14,1982-03-08,1982-03-13,,,,496.18,6,False,False,011.idv.tw (close only)
1982-03-20,1982-03-15,1982-03-21,1982-03-15,1982-03-20,,,,501.19,6,False,False,011.idv.tw (close only)
1982-03-27,1982-03-22,1982-03-28,1982-03-22,1982-03-27,,,,492.32,6,False,False,011.idv.tw (close only)
1982-04-03,1982-03-29,1982-04-04,1982-03-30,1982-04-03,,,,493.59,5,False,False,011.idv.tw (close only)
1982-04-10,1982-04-05,1982-04-11,1982-04-06,1982-04-10,,,,485.91,5,False,False,011.idv.tw (close only)
1982-04-17,1982-04-12,1982-04-18,1982-04-12,1982-04-17,,,,477.03,6,False,False,011.idv.tw (close only)
1982-04-24,1982-04-19,1982-04-25,1982-04-19,1982-04-24,,,,477.49,6,False,False,011.idv.tw (close only)
1982-05-01,1982-04-26,1982-05-02,1982-04-26,1982-05-01,,,,480.83,6,False,False,011.idv.tw (close only)
1982-05-08,1982-05-03,1982-05-09,1982-05-03,1982-05-08,,,,483.05,6,False,False,011.idv.tw (close only)
1982-05-15,1982-05-10,1982-05-16,1982-05-10,1982-05-15,,,,476.05,6,False,False,011.idv.tw (close only)
1982-05-22,1982-05-17,1982-05-23,1982-05-17,1982-05-22,,,,465.87,6,False,False,011.idv.tw (close only)
1982-05-29,1982-05-24,1982-05-30,1982-05-24,1982-05-29,,,,463.48,6,False,False,011.idv.tw (close only)
1982-06-05,1982-05-31,1982-06-06,1982-05-31,1982-06-05,,,,460.99,6,False,False,011.idv.tw (close only)
1982-06-11,1982-06-07,1982-06-13,1982-06-07,1982-06-11,,,,443.77,5,False,False,011.idv.tw (close only)
1982-06-19,1982-06-14,1982-06-20,1982-06-14,1982-06-19,,,,455.66,6,False,False,011.idv.tw (close only)
1982-06-26,1982-06-21,1982-06-27,1982-06-21,1982-06-26,,,,465.82,5,False,False,011.idv.tw (close only)
1982-07-03,1982-06-28,1982-07-04,1982-06-28,1982-07-03,,,,464.56,5,False,False,011.idv.tw (close only)
1982-07-10,1982-07-05,1982-07-11,1982-07-05,1982-07-10,,,,466.71,6,False,False,011.idv.tw (close only)
1982-07-17,1982-07-12,1982-07-18,1982-07-12,1982-07-17,,,,457.40,6,False,False,011.idv.tw (close only)
1982-07-24,1982-07-19,1982-07-25,1982-07-19,1982-07-24,,,,455.46,6,False,False,011.idv.tw (close only)
1982-07-31,1982-07-26,1982-08-01,1982-07-26,1982-07-31,,,,443.69,5,False,False,011.idv.tw (close only)
1982-08-07,1982-08-02,1982-08-08,1982-08-02,1982-08-07,,,,439.82,6,False,False,011.idv.tw (close only)
1982-08-14,1982-08-09,1982-08-15,1982-08-10,1982-08-14,,,,425.58,5,False,False,011.idv.tw (close only)
1982-08-21,1982-08-16,1982-08-22,1982-08-16,1982-08-21,,,,431.60,6,False,False,011.idv.tw (close only)
1982-08-28,1982-08-23,1982-08-29,1982-08-23,1982-08-28,,,,452.79,6,False,False,011.idv.tw (close only)
1982-09-04,1982-08-30,1982-09-05,1982-08-30,1982-09-04,,,,463.99,6,False,False,011.idv.tw (close only)
1982-09-11,1982-09-06,1982-09-12,1982-09-06,1982-09-11,,,,464.04,6,False,False,011.idv.tw (close only)
1982-09-18,1982-09-13,1982-09-19,1982-09-13,1982-09-18,,,,473.54,6,False,False,011.idv.tw (close only)
1982-09-25,1982-09-20,1982-09-26,1982-09-20,1982-09-25,,,,461.80,6,False,False,011.idv.tw (close only)
1982-10-01,1982-09-27,1982-10-03,1982-09-27,1982-10-01,,,,462.30,4,False,False,011.idv.tw (close only)
1982-10-09,1982-10-04,1982-10-10,1982-10-04,1982-10-09,,,,466.92,6,False,False,011.idv.tw (close only)
1982-10-16,1982-10-11,1982-10-17,1982-10-12,1982-10-16,,,,475.22,5,False,False,011.idv.tw (close only)
1982-10-23,1982-10-18,1982-10-24,1982-10-18,1982-10-23,,,,478.25,6,False,False,011.idv.tw (close only)
1982-10-30,1982-10-25,1982-10-31,1982-10-26,1982-10-30,,,,480.71,5,False,False,011.idv.tw (close only)
1982-11-06,1982-11-01,1982-11-07,1982-11-02,1982-11-06,,,,485.64,5,False,False,011.idv.tw (close only)
1982-11-13,1982-11-08,1982-11-14,1982-11-08,1982-11-13,,,,477.70,5,False,False,011.idv.tw (close only)
1982-11-20,1982-11-15,1982-11-21,1982-11-15,1982-11-20,,,,470.71,6,False,False,011.idv.tw (close only)
1982-11-27,1982-11-22,1982-11-28,1982-11-22,1982-11-27,,,,463.43,6,False,False,011.idv.tw (close only)
1982-12-04,1982-11-29,1982-12-05,1982-11-29,1982-12-04,,,,447.82,6,False,False,011.idv.tw (close only)
1982-12-11,1982-12-06,1982-12-12,1982-12-06,1982-12-11,,,,443.40,6,False,False,011.idv.tw (close only)
1982-12-18,1982-12-13,1982-12-19,1982-12-13,1982-12-18,,,,443.61,6,False,False,011.idv.tw (close only)
1982-12-24,1982-12-20,1982-12-26,1982-12-20,1982-12-24,,,,439.84,5,False,False,011.idv.tw (close only)
1982-12-30,1982-12-27,1983-01-02,1982-12-27,1982-12-30,,,,443.57,4,False,False,011.idv.tw (close only)
1983-01-08,1983-01-03,1983-01-09,1983-01-05,1983-01-08,,,,452.20,4,False,False,011.idv.tw (close only)
1983-01-15,1983-01-10,1983-01-16,1983-01-10,1983-01-15,,,,452.43,6,False,False,011.idv.tw (close only)
1983-01-22,1983-01-17,1983-01-23,1983-01-17,1983-01-22,,,,448.51,6,False,False,011.idv.tw (close only)
1983-01-29,1983-01-24,1983-01-30,1983-01-24,1983-01-29,,,,439.78,6,False,False,011.idv.tw (close only)
1983-02-05,1983-01-31,1983-02-06,1983-01-31,1983-02-05,,,,440.16,6,False,False,011.idv.tw (close only)
1983-02-10,1983-02-07,1983-02-13,1983-02-07,1983-02-10,,,,457.68,4,False,False,011.idv.tw (close only)
1983-02-19,1983-02-14,1983-02-20,1983-02-17,1983-02-19,,,,466.32,3,False,False,011.idv.tw (close only)
1983-02-26,1983-02-21,1983-02-27,1983-02-21,1983-02-26,,,,506.09,6,False,False,011.idv.tw (close only)
1983-03-05,1983-02-28,1983-03-06,1983-02-28,1983-03-05,,,,518.73,6,False,False,011.idv.tw (close only)
1983-03-12,1983-03-07,1983-03-13,1983-03-07,1983-03-12,,,,548.18,6,False,False,011.idv.tw (close only)
1983-03-19,1983-03-14,1983-03-20,1983-03-14,1983-03-19,,,,571.28,6,False,False,011.idv.tw (close only)
1983-03-26,1983-03-21,1983-03-27,1983-03-21,1983-03-26,,,,600.09,6,False,False,011.idv.tw (close only)
1983-04-02,1983-03-28,1983-04-03,1983-03-28,1983-04-02,,,,637.88,5,False,False,011.idv.tw (close only)
1983-04-09,1983-04-04,1983-04-10,1983-04-04,1983-04-09,,,,635.50,5,False,False,011.idv.tw (close only)
1983-04-16,1983-04-11,1983-04-17,1983-04-11,1983-04-16,,,,675.07,6,False,False,011.idv.tw (close only)
1983-04-23,1983-04-18,1983-04-24,1983-04-18,1983-04-23,,,,723.95,6,False,False,011.idv.tw (close only)
1983-04-30,1983-04-25,1983-05-01,1983-04-25,1983-04-30,,,,683.62,6,False,False,011.idv.tw (close only)
1983-05-07,1983-05-02,1983-05-08,1983-05-02,1983-05-07,,,,675.25,6,False,False,011.idv.tw (close only)
1983-05-14,1983-05-09,1983-05-15,1983-05-09,1983-05-14,,,,677.43,6,False,False,011.idv.tw (close only)
1983-05-21,1983-05-16,1983-05-22,1983-05-16,1983-05-21,,,,692.52,6,False,False,011.idv.tw (close only)
1983-05-28,1983-05-23,1983-05-29,1983-05-23,1983-05-28,,,,675.59,6,False,False,011.idv.tw (close only)
1983-06-04,1983-05-30,1983-06-05,1983-05-30,1983-06-04,,,,680.00,6,False,False,011.idv.tw (close only)
1983-06-11,1983-06-06,1983-06-12,1983-06-06,1983-06-11,,,,672.54,6,False,False,011.idv.tw (close only)
1983-06-18,1983-06-13,1983-06-19,1983-06-13,1983-06-18,,,,703.67,5,False,False,011.idv.tw (close only)
1983-06-25,1983-06-20,1983-06-26,1983-06-20,1983-06-25,,,,724.87,6,False,False,011.idv.tw (close only)
1983-07-02,1983-06-27,1983-07-03,1983-06-27,1983-07-02,,,,755.29,5,False,False,011.idv.tw (close only)
1983-07-09,1983-07-04,1983-07-10,1983-07-04,1983-07-09,,,,739.55,6,False,False,011.idv.tw (close only)
1983-07-16,1983-07-11,1983-07-17,1983-07-11,1983-07-16,,,,745.80,6,False,False,011.idv.tw (close only)
1983-07-23,1983-07-18,1983-07-24,1983-07-18,1983-07-23,,,,743.11,6,False,False,011.idv.tw (close only)
1983-07-30,1983-07-25,1983-07-31,1983-07-25,1983-07-30,,,,735.07,6,False,False,011.idv.tw (close only)
1983-08-06,1983-08-01,1983-08-07,1983-08-01,1983-08-06,,,,694.15,6,False,False,011.idv.tw (close only)
1983-08-13,1983-08-08,1983-08-14,1983-08-08,1983-08-13,,,,706.63,6,False,False,011.idv.tw (close only)
1983-08-20,1983-08-15,1983-08-21,1983-08-15,1983-08-20,,,,711.28,6,False,False,011.idv.tw (close only)
1983-08-27,1983-08-22,1983-08-28,1983-08-22,1983-08-27,,,,707.54,6,False,False,011.idv.tw (close only)
1983-09-03,1983-08-29,1983-09-04,1983-08-29,1983-09-03,,,,725.44,6,False,False,011.idv.tw (close only)
1983-09-10,1983-09-05,1983-09-11,1983-09-05,1983-09-10,,,,737.14,6,False,False,011.idv.tw (close only)
1983-09-17,1983-09-12,1983-09-18,1983-09-12,1983-09-17,,,,726.89,6,False,False,011.idv.tw (close only)
1983-09-24,1983-09-19,1983-09-25,1983-09-19,1983-09-24,,,,730.70,5,False,False,011.idv.tw (close only)
1983-10-01,1983-09-26,1983-10-02,1983-09-26,1983-10-01,,,,718.11,5,False,False,011.idv.tw (close only)
1983-10-08,1983-10-03,1983-10-09,1983-10-03,1983-10-08,,,,720.69,6,False,False,011.idv.tw (close only)
1983-10-15,1983-10-10,1983-10-16,1983-10-11,1983-10-15,,,,701.92,5,False,False,011.idv.tw (close only)
1983-10-22,1983-10-17,1983-10-23,1983-10-17,1983-10-22,,,,711.98,6,False,False,011.idv.tw (close only)
1983-10-29,1983-10-24,1983-10-30,1983-10-24,1983-10-29,,,,706.42,5,False,False,011.idv.tw (close only)
1983-11-05,1983-10-31,1983-11-06,1983-11-01,1983-11-05,,,,710.93,5,False,False,011.idv.tw (close only)
1983-11-11,1983-11-07,1983-11-13,1983-11-07,1983-11-11,,,,722.53,5,False,False,011.idv.tw (close only)
1983-11-19,1983-11-14,1983-11-20,1983-11-14,1983-11-19,,,,704.66,6,False,False,011.idv.tw (close only)
1983-11-26,1983-11-21,1983-11-27,1983-11-21,1983-11-26,,,,705.74,6,False,False,011.idv.tw (close only)
1983-12-02,1983-11-28,1983-12-04,1983-11-28,1983-12-02,,,,712.88,5,False,False,011.idv.tw (close only)
1983-12-10,1983-12-05,1983-12-11,1983-12-05,1983-12-10,,,,710.17,6,False,False,011.idv.tw (close only)
1983-12-17,1983-12-12,1983-12-18,1983-12-12,1983-12-17,,,,718.62,6,False,False,011.idv.tw (close only)
1983-12-24,1983-12-19,1983-12-25,1983-12-19,1983-12-24,,,,746.55,6,False,False,011.idv.tw (close only)
1983-12-30,1983-12-26,1984-01-01,1983-12-27,1983-12-30,,,,761.92,4,False,False,011.idv.tw (close only)
1984-01-07,1984-01-02,1984-01-08,1984-01-05,1984-01-07,,,,779.10,3,False,False,011.idv.tw (close only)
1984-01-14,1984-01-09,1984-01-15,1984-01-09,1984-01-14,,,,786.31,6,False,False,011.idv.tw (close only)
1984-01-21,1984-01-16,1984-01-22,1984-01-16,1984-01-21,,,,792.32,6,False,False,011.idv.tw (close only)
1984-01-28,1984-01-23,1984-01-29,1984-01-23,1984-01-28,,,,818.14,6,False,False,011.idv.tw (close only)
1984-01-30,1984-01-30,1984-02-05,1984-01-30,1984-01-30,,,,829.43,1,False,False,011.idv.tw (close only)
1984-02-11,1984-02-06,1984-02-12,1984-02-06,1984-02-11,,,,843.12,6,False,False,011.idv.tw (close only)
1984-02-18,1984-02-13,1984-02-19,1984-02-13,1984-02-18,,,,872.65,6,False,False,011.idv.tw (close only)
1984-02-25,1984-02-20,1984-02-26,1984-02-20,1984-02-25,,,,901.00,6,False,False,011.idv.tw (close only)
1984-03-03,1984-02-27,1984-03-04,1984-02-27,1984-03-03,,,,857.69,6,False,False,011.idv.tw (close only)
1984-03-10,1984-03-05,1984-03-11,1984-03-05,1984-03-10,,,,875.96,6,False,False,011.idv.tw (close only)
1984-03-17,1984-03-12,1984-03-18,1984-03-12,1984-03-17,,,,908.84,6,False,False,011.idv.tw (close only)
1984-03-24,1984-03-19,1984-03-25,1984-03-19,1984-03-24,,,,877.20,6,False,False,011.idv.tw (close only)
1984-03-31,1984-03-26,1984-04-01,1984-03-26,1984-03-31,,,,871.41,5,False,False,011.idv.tw (close only)
1984-04-07,1984-04-02,1984-04-08,1984-04-02,1984-04-07,,,,868.37,5,False,False,011.idv.tw (close only)
1984-04-14,1984-04-09,1984-04-15,1984-04-09,1984-04-14,,,,896.65,6,False,False,011.idv.tw (close only)
1984-04-21,1984-04-16,1984-04-22,1984-04-16,1984-04-21,,,,908.51,6,False,False,011.idv.tw (close only)
1984-04-28,1984-04-23,1984-04-29,1984-04-23,1984-04-28,,,,930.34,6,False,False,011.idv.tw (close only)
1984-05-05,1984-04-30,1984-05-06,1984-04-30,1984-05-05,,,,944.75,6,False,False,011.idv.tw (close only)
1984-05-12,1984-05-07,1984-05-13,1984-05-07,1984-05-12,,,,941.62,6,False,False,011.idv.tw (close only)
1984-05-19,1984-05-14,1984-05-20,1984-05-14,1984-05-19,,,,960.33,6,False,False,011.idv.tw (close only)
1984-05-26,1984-05-21,1984-05-27,1984-05-21,1984-05-26,,,,891.34,6,False,False,011.idv.tw (close only)
1984-06-02,1984-05-28,1984-06-03,1984-05-28,1984-06-02,,,,890.70,6,False,False,011.idv.tw (close only)
1984-06-09,1984-06-04,1984-06-10,1984-06-05,1984-06-09,,,,897.69,5,False,False,011.idv.tw (close only)
1984-06-16,1984-06-11,1984-06-17,1984-06-11,1984-06-16,,,,917.06,6,False,False,011.idv.tw (close only)
1984-06-23,1984-06-18,1984-06-24,1984-06-18,1984-06-23,,,,905.41,6,False,False,011.idv.tw (close only)
1984-06-30,1984-06-25,1984-07-01,1984-06-25,1984-06-30,,,,898.89,6,False,False,011.idv.tw (close only)
1984-07-07,1984-07-02,1984-07-08,1984-07-03,1984-07-07,,,,893.70,5,False,False,011.idv.tw (close only)
1984-07-14,1984-07-09,1984-07-15,1984-07-09,1984-07-14,,,,882.29,6,False,False,011.idv.tw (close only)
1984-07-21,1984-07-16,1984-07-22,1984-07-16,1984-07-21,,,,886.93,6,False,False,011.idv.tw (close only)
1984-07-28,1984-07-23,1984-07-29,1984-07-23,1984-07-28,,,,891.01,6,False,False,011.idv.tw (close only)
1984-08-04,1984-07-30,1984-08-05,1984-07-30,1984-08-04,,,,916.29,6,False,False,011.idv.tw (close only)
1984-08-11,1984-08-06,1984-08-12,1984-08-06,1984-08-11,,,,923.45,6,False,False,011.idv.tw (close only)
1984-08-18,1984-08-13,1984-08-19,1984-08-13,1984-08-18,,,,900.97,6,False,False,011.idv.tw (close only)
1984-08-25,1984-08-20,1984-08-26,1984-08-20,1984-08-25,,,,903.33,6,False,False,011.idv.tw (close only)
1984-09-01,1984-08-27,1984-09-02,1984-08-27,1984-09-01,,,,907.52,6,False,False,011.idv.tw (close only)
1984-09-08,1984-09-03,1984-09-09,1984-09-03,1984-09-08,,,,874.77,6,False,False,011.idv.tw (close only)
1984-09-15,1984-09-10,1984-09-16,1984-09-11,1984-09-15,,,,887.70,5,False,False,011.idv.tw (close only)
1984-09-22,1984-09-17,1984-09-23,1984-09-17,1984-09-22,,,,866.16,6,False,False,011.idv.tw (close only)
1984-09-29,1984-09-24,1984-09-30,1984-09-24,1984-09-29,,,,873.59,5,False,False,011.idv.tw (close only)
1984-10-06,1984-10-01,1984-10-07,1984-10-01,1984-10-06,,,,883.14,6,False,False,011.idv.tw (close only)
1984-10-13,1984-10-08,1984-10-14,1984-10-08,1984-10-13,,,,864.29,5,False,False,011.idv.tw (close only)
1984-10-20,1984-10-15,1984-10-21,1984-10-15,1984-10-20,,,,852.83,6,False,False,011.idv.tw (close only)
1984-10-27,1984-10-22,1984-10-28,1984-10-22,1984-10-27,,,,839.86,5,False,False,011.idv.tw (close only)
1984-11-03,1984-10-29,1984-11-04,1984-10-29,1984-11-03,,,,825.98,5,False,False,011.idv.tw (close only)
1984-11-10,1984-11-05,1984-11-11,1984-11-05,1984-11-10,,,,808.73,6,False,False,011.idv.tw (close only)
1984-11-17,1984-11-12,1984-11-18,1984-11-13,1984-11-17,,,,817.21,5,False,False,011.idv.tw (close only)
1984-11-24,1984-11-19,1984-11-25,1984-11-19,1984-11-24,,,,803.39,6,False,False,011.idv.tw (close only)
1984-12-01,1984-11-26,1984-12-02,1984-11-26,1984-12-01,,,,841.72,6,False,False,011.idv.tw (close only)
1984-12-08,1984-12-03,1984-12-09,1984-12-03,1984-12-08,,,,845.12,6,False,False,011.idv.tw (close only)
1984-12-15,1984-12-10,1984-12-16,1984-12-10,1984-12-15,,,,865.66,6,False,False,011.idv.tw (close only)
1984-12-22,1984-12-17,1984-12-23,1984-12-17,1984-12-22,,,,834.90,6,False,False,011.idv.tw (close only)
1984-12-29,1984-12-24,1984-12-30,1984-12-24,1984-12-29,,,,838.07,5,False,False,011.idv.tw (close only)
1985-01-05,1984-12-31,1985-01-06,1985-01-04,1985-01-05,,,,827.74,2,False,False,011.idv.tw (close only)
1985-01-12,1985-01-07,1985-01-13,1985-01-07,1985-01-12,,,,831.22,6,False,False,011.idv.tw (close only)
1985-01-19,1985-01-14,1985-01-20,1985-01-14,1985-01-19,,,,833.53,6,False,False,011.idv.tw (close only)
1985-01-26,1985-01-21,1985-01-27,1985-01-21,1985-01-26,,,,807.94,6,False,False,011.idv.tw (close only)
1985-02-02,1985-01-28,1985-02-03,1985-01-28,1985-02-02,,,,793.50,6,False,False,011.idv.tw (close only)
1985-02-09,1985-02-04,1985-02-10,1985-02-04,1985-02-09,,,,796.28,6,False,False,011.idv.tw (close only)
1985-02-16,1985-02-11,1985-02-17,1985-02-11,1985-02-16,,,,793.93,6,False,False,011.idv.tw (close only)
1985-03-02,1985-02-25,1985-03-03,1985-02-25,1985-03-02,,,,791.89,6,False,False,011.idv.tw (close only)
1985-03-09,1985-03-04,1985-03-10,1985-03-04,1985-03-09,,,,811.92,6,False,False,011.idv.tw (close only)
1985-03-16,1985-03-11,1985-03-17,1985-03-11,1985-03-16,,,,811.92,6,False,False,011.idv.tw (close only)
1985-03-23,1985-03-18,1985-03-24,1985-03-18,1985-03-23,,,,782.82,6,False,False,011.idv.tw (close only)
1985-03-30,1985-03-25,1985-03-31,1985-03-25,1985-03-30,,,,765.96,5,False,False,011.idv.tw (close only)
1985-04-06,1985-04-01,1985-04-07,1985-04-01,1985-04-06,,,,773.82,5,False,False,011.idv.tw (close only)
1985-04-13,1985-04-08,1985-04-14,1985-04-08,1985-04-13,,,,769.38,6,False,False,011.idv.tw (close only)
1985-04-20,1985-04-15,1985-04-21,1985-04-15,1985-04-20,,,,743.38,6,False,False,011.idv.tw (close only)
1985-04-27,1985-04-22,1985-04-28,1985-04-22,1985-04-27,,,,739.77,6,False,False,011.idv.tw (close only)
1985-05-04,1985-04-29,1985-05-05,1985-04-29,1985-05-04,,,,736.71,6,False,False,011.idv.tw (close only)
1985-05-11,1985-05-06,1985-05-12,1985-05-06,1985-05-11,,,,723.66,6,False,False,011.idv.tw (close only)
1985-05-18,1985-05-13,1985-05-19,1985-05-13,1985-05-18,,,,743.43,6,False,False,011.idv.tw (close only)
1985-05-25,1985-05-20,1985-05-26,1985-05-20,1985-05-25,,,,734.94,6,False,False,011.idv.tw (close only)
1985-06-01,1985-05-27,1985-06-02,1985-05-27,1985-06-01,,,,724.36,6,False,False,011.idv.tw (close only)
1985-06-08,1985-06-03,1985-06-09,1985-06-03,1985-06-08,,,,707.09,6,False,False,011.idv.tw (close only)
1985-06-15,1985-06-10,1985-06-16,1985-06-10,1985-06-15,,,,700.55,6,False,False,011.idv.tw (close only)
1985-06-21,1985-06-17,1985-06-23,1985-06-17,1985-06-21,,,,722.54,5,False,False,011.idv.tw (close only)
1985-06-29,1985-06-24,1985-06-30,1985-06-24,1985-06-29,,,,706.48,6,False,False,011.idv.tw (close only)
1985-07-06,1985-07-01,1985-07-07,1985-07-02,1985-07-06,,,,695.80,5,False,False,011.idv.tw (close only)
1985-07-13,1985-07-08,1985-07-14,1985-07-08,1985-07-13,,,,681.85,6,False,False,011.idv.tw (close only)
1985-07-20,1985-07-15,1985-07-21,1985-07-15,1985-07-20,,,,661.93,6,False,False,011.idv.tw (close only)
1985-07-27,1985-07-22,1985-07-28,1985-07-22,1985-07-27,,,,644.11,6,False,False,011.idv.tw (close only)
1985-08-03,1985-07-29,1985-08-04,1985-07-29,1985-08-03,,,,649.84,6,False,False,011.idv.tw (close only)
1985-08-10,1985-08-05,1985-08-11,1985-08-05,1985-08-10,,,,659.19,6,False,False,011.idv.tw (close only)
1985-08-17,1985-08-12,1985-08-18,1985-08-12,1985-08-17,,,,652.99,6,False,False,011.idv.tw (close only)
1985-08-24,1985-08-19,1985-08-25,1985-08-19,1985-08-24,,,,661.94,5,False,False,011.idv.tw (close only)
1985-08-31,1985-08-26,1985-09-01,1985-08-26,1985-08-31,,,,666.11,6,False,False,011.idv.tw (close only)
1985-09-07,1985-09-02,1985-09-08,1985-09-02,1985-09-07,,,,689.69,6,False,False,011.idv.tw (close only)
1985-09-14,1985-09-09,1985-09-15,1985-09-09,1985-09-14,,,,705.43,6,False,False,011.idv.tw (close only)
1985-09-21,1985-09-16,1985-09-22,1985-09-16,1985-09-21,,,,704.73,6,False,False,011.idv.tw (close only)
1985-09-27,1985-09-23,1985-09-29,1985-09-23,1985-09-27,,,,710.08,5,False,False,011.idv.tw (close only)
1985-10-05,1985-09-30,1985-10-06,1985-10-01,1985-10-05,,,,716.45,5,False,False,011.idv.tw (close only)
1985-10-12,1985-10-07,1985-10-13,1985-10-07,1985-10-12,,,,712.80,5,False,False,011.idv.tw (close only)
1985-10-19,1985-10-14,1985-10-20,1985-10-14,1985-10-19,,,,753.38,6,False,False,011.idv.tw (close only)
1985-10-24,1985-10-21,1985-10-27,1985-10-21,1985-10-24,,,,779.59,4,False,False,011.idv.tw (close only)
1985-11-02,1985-10-28,1985-11-03,1985-10-28,1985-11-02,,,,769.11,5,False,False,011.idv.tw (close only)
1985-11-09,1985-11-04,1985-11-10,1985-11-04,1985-11-09,,,,797.70,6,False,False,011.idv.tw (close only)
1985-11-15,1985-11-11,1985-11-17,1985-11-11,1985-11-15,,,,770.30,4,False,False,011.idv.tw (close only)
1985-11-23,1985-11-18,1985-11-24,1985-11-18,1985-11-23,,,,756.02,6,False,False,011.idv.tw (close only)
1985-11-30,1985-11-25,1985-12-01,1985-11-25,1985-11-30,,,,776.28,6,False,False,011.idv.tw (close only)
1985-12-07,1985-12-02,1985-12-08,1985-12-02,1985-12-07,,,,789.78,6,False,False,011.idv.tw (close only)
1985-12-14,1985-12-09,1985-12-15,1985-12-09,1985-12-14,,,,815.88,6,False,False,011.idv.tw (close only)
1985-12-21,1985-12-16,1985-12-22,1985-12-16,1985-12-21,,,,818.59,6,False,False,011.idv.tw (close only)
1985-12-28,1985-12-23,1985-12-29,1985-12-23,1985-12-28,,,,835.12,5,False,False,011.idv.tw (close only)
1986-01-04,1985-12-30,1986-01-05,1986-01-04,1986-01-04,,,,839.73,1,False,False,011.idv.tw (close only)
1986-01-11,1986-01-06,1986-01-12,1986-01-06,1986-01-11,,,,853.57,6,False,False,011.idv.tw (close only)
1986-01-18,1986-01-13,1986-01-19,1986-01-13,1986-01-18,,,,851.33,6,False,False,011.idv.tw (close only)
1986-01-25,1986-01-20,1986-01-26,1986-01-20,1986-01-25,,,,864.94,6,False,False,011.idv.tw (close only)
1986-01-31,1986-01-27,1986-02-02,1986-01-27,1986-01-31,,,,888.70,5,False,False,011.idv.tw (close only)
1986-02-05,1986-02-03,1986-02-09,1986-02-03,1986-02-05,,,,897.96,3,False,False,011.idv.tw (close only)
1986-02-15,1986-02-10,1986-02-16,1986-02-13,1986-02-15,,,,913.68,3,False,False,011.idv.tw (close only)
1986-02-22,1986-02-17,1986-02-23,1986-02-17,1986-02-22,,,,935.41,6,False,False,011.idv.tw (close only)
1986-03-01,1986-02-24,1986-03-02,1986-02-24,1986-03-01,,,,953.26,6,False,False,011.idv.tw (close only)
1986-03-08,1986-03-03,1986-03-09,1986-03-03,1986-03-08,,,,938.52,6,False,False,011.idv.tw (close only)
1986-03-15,1986-03-10,1986-03-16,1986-03-10,1986-03-15,,,,968.73,6,False,False,011.idv.tw (close only)
1986-03-22,1986-03-17,1986-03-23,1986-03-17,1986-03-22,,,,967.58,6,False,False,011.idv.tw (close only)
1986-03-28,1986-03-24,1986-03-30,1986-03-24,1986-03-28,,,,949.66,5,False,False,011.idv.tw (close only)
1986-04-04,1986-03-31,1986-04-06,1986-03-31,1986-04-04,,,,927.34,5,False,False,011.idv.tw (close only)
1986-04-12,1986-04-07,1986-04-13,1986-04-07,1986-04-12,,,,905.05,6,False,False,011.idv.tw (close only)
1986-04-19,1986-04-14,1986-04-20,1986-04-14,1986-04-19,,,,917.62,6,False,False,011.idv.tw (close only)
1986-04-26,1986-04-21,1986-04-27,1986-04-21,1986-04-26,,,,905.21,6,False,False,011.idv.tw (close only)
1986-05-03,1986-04-28,1986-05-04,1986-04-28,1986-05-03,,,,882.35,6,False,False,011.idv.tw (close only)
1986-05-10,1986-05-05,1986-05-11,1986-05-05,1986-05-10,,,,913.04,6,False,False,011.idv.tw (close only)
1986-05-17,1986-05-12,1986-05-18,1986-05-12,1986-05-17,,,,912.30,6,False,False,011.idv.tw (close only)
1986-05-24,1986-05-19,1986-05-25,1986-05-19,1986-05-24,,,,928.93,6,False,False,011.idv.tw (close only)
1986-05-31,1986-05-26,1986-06-01,1986-05-26,1986-05-31,,,,950.80,6,False,False,011.idv.tw (close only)
1986-06-07,1986-06-02,1986-06-08,1986-06-02,1986-06-07,,,,973.35,6,False,False,011.idv.tw (close only)
1986-06-13,1986-06-09,1986-06-15,1986-06-09,1986-06-13,,,,985.40,4,False,False,011.idv.tw (close only)
1986-06-21,1986-06-16,1986-06-22,1986-06-16,1986-06-21,,,,978.63,6,False,False,011.idv.tw (close only)
1986-06-28,1986-06-23,1986-06-29,1986-06-23,1986-06-28,,,,962.09,6,False,False,011.idv.tw (close only)
1986-07-05,1986-06-30,1986-07-06,1986-06-30,1986-07-05,,,,982.85,5,False,False,011.idv.tw (close only)
1986-07-12,1986-07-07,1986-07-13,1986-07-07,1986-07-12,,,,988.86,6,False,False,011.idv.tw (close only)
1986-07-19,1986-07-14,1986-07-20,1986-07-14,1986-07-19,,,,968.60,6,False,False,011.idv.tw (close only)
1986-07-26,1986-07-21,1986-07-27,1986-07-21,1986-07-26,,,,984.84,6,False,False,011.idv.tw (close only)
1986-08-02,1986-07-28,1986-08-03,1986-07-28,1986-08-02,,,,898.95,6,False,False,011.idv.tw (close only)
1986-08-09,1986-08-04,1986-08-10,1986-08-04,1986-08-09,,,,895.77,6,False,False,011.idv.tw (close only)
1986-08-16,1986-08-11,1986-08-17,1986-08-11,1986-08-16,,,,873.76,6,False,False,011.idv.tw (close only)
1986-08-23,1986-08-18,1986-08-24,1986-08-18,1986-08-23,,,,879.46,6,False,False,011.idv.tw (close only)
1986-08-30,1986-08-25,1986-08-31,1986-08-25,1986-08-30,,,,903.61,6,False,False,011.idv.tw (close only)
1986-09-06,1986-09-01,1986-09-07,1986-09-01,1986-09-06,,,,922.81,6,False,False,011.idv.tw (close only)
1986-09-13,1986-09-08,1986-09-14,1986-09-08,1986-09-13,,,,919.58,6,False,False,011.idv.tw (close only)
1986-09-20,1986-09-15,1986-09-21,1986-09-15,1986-09-20,,,,913.57,4,False,False,011.idv.tw (close only)
1986-09-27,1986-09-22,1986-09-28,1986-09-22,1986-09-27,,,,937.94,6,False,False,011.idv.tw (close only)
1986-10-04,1986-09-29,1986-10-05,1986-09-30,1986-10-04,,,,961.69,5,False,False,011.idv.tw (close only)
1986-10-09,1986-10-06,1986-10-12,1986-10-06,1986-10-09,,,,969.55,4,False,False,011.idv.tw (close only)
1986-10-18,1986-10-13,1986-10-19,1986-10-13,1986-10-18,,,,1004.16,6,False,False,011.idv.tw (close only)
1986-10-24,1986-10-20,1986-10-26,1986-10-20,1986-10-24,,,,1007.76,5,False,False,011.idv.tw (close only)
1986-10-30,1986-10-27,1986-11-02,1986-10-27,1986-10-30,,,,994.44,4,False,False,011.idv.tw (close only)
1986-11-08,1986-11-03,1986-11-09,1986-11-03,1986-11-08,,,,1030.61,6,False,False,011.idv.tw (close only)
1986-11-15,1986-11-10,1986-11-16,1986-11-10,1986-11-15,,,,1007.57,5,False,False,011.idv.tw (close only)
1986-11-22,1986-11-17,1986-11-23,1986-11-17,1986-11-22,,,,1011.14,6,False,False,011.idv.tw (close only)
1986-11-29,1986-11-24,1986-11-30,1986-11-24,1986-11-29,,,,996.24,6,False,False,011.idv.tw (close only)
1986-12-05,1986-12-01,1986-12-07,1986-12-01,1986-12-05,,,,999.92,5,False,False,011.idv.tw (close only)
1986-12-13,1986-12-08,1986-12-14,1986-12-08,1986-12-13,,,,1007.05,6,False,False,011.idv.tw (close only)
1986-12-20,1986-12-15,1986-12-21,1986-12-15,1986-12-20,,,,1017.58,6,False,False,011.idv.tw (close only)
1986-12-27,1986-12-22,1986-12-28,1986-12-22,1986-12-27,,,,1028.27,5,False,False,011.idv.tw (close only)
1986-12-29,1986-12-29,1987-01-04,1986-12-29,1986-12-29,,,,1039.11,1,False,False,011.idv.tw (close only)
1987-01-10,1987-01-05,1987-01-11,1987-01-06,1987-01-10,,,,1097.96,5,False,False,011.idv.tw (close only)
1987-01-17,1987-01-12,1987-01-18,1987-01-12,1987-01-17,,,,1129.71,6,False,False,011.idv.tw (close only)
1987-01-24,1987-01-19,1987-01-25,1987-01-19,1987-01-24,,,,1150.25,6,False,False,011.idv.tw (close only)
1987-02-07,1987-02-02,1987-02-08,1987-02-03,1987-02-07,,,,1195.47,5,False,False,011.idv.tw (close only)
1987-02-14,1987-02-09,1987-02-15,1987-02-09,1987-02-14,,,,1203.67,6,False,False,011.idv.tw (close only)
1987-02-21,1987-02-16,1987-02-22,1987-02-16,1987-02-21,,,,1221.32,6,False,False,011.idv.tw (close only)
1987-02-28,1987-02-23,1987-03-01,1987-02-23,1987-02-28,,,,1272.13,6,False,False,011.idv.tw (close only)
1987-03-07,1987-03-02,1987-03-08,1987-03-02,1987-03-07,,,,1282.58,6,False,False,011.idv.tw (close only)
1987-03-14,1987-03-09,1987-03-15,1987-03-09,1987-03-14,,,,1268.63,6,False,False,011.idv.tw (close only)
1987-03-21,1987-03-16,1987-03-22,1987-03-16,1987-03-21,,,,1339.15,6,False,False,011.idv.tw (close only)
1987-03-28,1987-03-23,1987-03-29,1987-03-23,1987-03-28,,,,1383.55,6,False,False,011.idv.tw (close only)
1987-04-04,1987-03-30,1987-04-05,1987-03-31,1987-04-04,,,,1461.79,5,False,False,011.idv.tw (close only)
1987-04-11,1987-04-06,1987-04-12,1987-04-07,1987-04-11,,,,1524.50,5,False,False,011.idv.tw (close only)
1987-04-18,1987-04-13,1987-04-19,1987-04-13,1987-04-18,,,,1535.51,6,False,False,011.idv.tw (close only)
1987-04-25,1987-04-20,1987-04-26,1987-04-20,1987-04-25,,,,1713.39,6,False,False,011.idv.tw (close only)
1987-05-02,1987-04-27,1987-05-03,1987-04-27,1987-05-02,,,,1830.74,6,False,False,011.idv.tw (close only)
1987-05-09,1987-05-04,1987-05-10,1987-05-04,1987-05-09,,,,1725.81,6,False,False,011.idv.tw (close only)
1987-05-16,1987-05-11,1987-05-17,1987-05-11,1987-05-16,,,,1751.74,6,False,False,011.idv.tw (close only)
1987-05-23,1987-05-18,1987-05-24,1987-05-18,1987-05-23,,,,1854.27,6,False,False,011.idv.tw (close only)
1987-05-30,1987-05-25,1987-05-31,1987-05-25,1987-05-30,,,,1878.61,6,False,False,011.idv.tw (close only)
1987-06-06,1987-06-01,1987-06-07,1987-06-02,1987-06-06,,,,1743.51,5,False,False,011.idv.tw (close only)
1987-06-13,1987-06-08,1987-06-14,1987-06-08,1987-06-13,,,,1741.30,6,False,False,011.idv.tw (close only)
1987-06-20,1987-06-15,1987-06-21,1987-06-15,1987-06-20,,,,1756.14,6,False,False,011.idv.tw (close only)
1987-06-27,1987-06-22,1987-06-28,1987-06-22,1987-06-27,,,,1703.69,6,False,False,011.idv.tw (close only)
1987-07-04,1987-06-29,1987-07-05,1987-06-29,1987-07-04,,,,1604.79,5,False,False,011.idv.tw (close only)
1987-07-11,1987-07-06,1987-07-12,1987-07-06,1987-07-11,,,,1823.30,6,False,False,011.idv.tw (close only)
1987-07-18,1987-07-13,1987-07-19,1987-07-13,1987-07-18,,,,1925.39,6,False,False,011.idv.tw (close only)
1987-07-25,1987-07-20,1987-07-26,1987-07-20,1987-07-25,,,,2041.48,6,False,False,011.idv.tw (close only)
1987-08-01,1987-07-27,1987-08-02,1987-07-27,1987-08-01,,,,2045.44,6,False,False,011.idv.tw (close only)
1987-08-08,1987-08-03,1987-08-09,1987-08-03,1987-08-08,,,,2198.53,6,False,False,011.idv.tw (close only)
1987-08-15,1987-08-10,1987-08-16,1987-08-10,1987-08-15,,,,2372.07,6,False,False,011.idv.tw (close only)
1987-08-22,1987-08-17,1987-08-23,1987-08-17,1987-08-22,,,,2529.49,6,False,False,011.idv.tw (close only)
1987-08-29,1987-08-24,1987-08-30,1987-08-24,1987-08-29,,,,2970.93,6,False,False,011.idv.tw (close only)
1987-09-05,1987-08-31,1987-09-06,1987-08-31,1987-09-05,,,,3082.97,6,False,False,011.idv.tw (close only)
1987-09-12,1987-09-07,1987-09-13,1987-09-07,1987-09-12,,,,3188.56,6,False,False,011.idv.tw (close only)
1987-09-19,1987-09-14,1987-09-20,1987-09-14,1987-09-19,,,,3782.76,6,False,False,011.idv.tw (close only)
1987-09-26,1987-09-21,1987-09-27,1987-09-21,1987-09-26,,,,4471.62,6,False,False,011.idv.tw (close only)
1987-10-03,1987-09-28,1987-10-04,1987-09-29,1987-10-03,,,,4396.04,5,False,False,011.idv.tw (close only)
1987-10-09,1987-10-05,1987-10-11,1987-10-05,1987-10-09,,,,3973.76,4,False,False,011.idv.tw (close only)
1987-10-17,1987-10-12,1987-10-18,1987-10-12,1987-10-17,,,,3551.75,6,False,False,011.idv.tw (close only)
1987-10-24,1987-10-19,1987-10-25,1987-10-19,1987-10-24,,,,2894.90,6,False,False,011.idv.tw (close only)
1987-10-30,1987-10-26,1987-11-01,1987-10-27,1987-10-30,,,,2722.32,4,False,False,011.idv.tw (close only)
1987-11-07,1987-11-02,1987-11-08,1987-11-02,1987-11-07,,,,2644.67,6,False,False,011.idv.tw (close only)
1987-11-14,1987-11-09,1987-11-15,1987-11-09,1987-11-14,,,,2448.66,5,False,False,011.idv.tw (close only)
1987-11-21,1987-11-16,1987-11-22,1987-11-16,1987-11-21,,,,2751.02,6,False,False,011.idv.tw (close only)
1987-11-28,1987-11-23,1987-11-29,1987-11-23,1987-11-28,,,,2874.92,6,False,False,011.idv.tw (close only)
1987-12-05,1987-11-30,1987-12-06,1987-11-30,1987-12-05,,,,2713.98,6,False,False,011.idv.tw (close only)
1987-12-12,1987-12-07,1987-12-13,1987-12-07,1987-12-12,,,,2767.12,6,False,False,011.idv.tw (close only)
1987-12-19,1987-12-14,1987-12-20,1987-12-14,1987-12-19,,,,2567.05,6,False,False,011.idv.tw (close only)
1987-12-24,1987-12-21,1987-12-27,1987-12-21,1987-12-24,,,,2361.56,4,False,False,011.idv.tw (close only)
1987-12-29,1987-12-28,1988-01-03,1987-12-28,1987-12-29,,,,2339.86,2,False,False,011.idv.tw (close only)
1988-01-09,1988-01-04,1988-01-10,1988-01-05,1988-01-09,,,,2420.17,5,False,False,011.idv.tw (close only)
1988-01-16,1988-01-11,1988-01-17,1988-01-11,1988-01-16,,,,2547.73,6,False,False,011.idv.tw (close only)
1988-01-23,1988-01-18,1988-01-24,1988-01-18,1988-01-23,,,,2789.78,6,False,False,011.idv.tw (close only)
1988-01-29,1988-01-25,1988-01-31,1988-01-25,1988-01-29,,,,2843.87,5,False,False,011.idv.tw (close only)
1988-02-06,1988-02-01,1988-02-07,1988-02-01,1988-02-06,,,,3140.05,6,False,False,011.idv.tw (close only)
1988-02-12,1988-02-08,1988-02-14,1988-02-08,1988-02-12,,,,3308.01,5,False,False,011.idv.tw (close only)
1988-02-27,1988-02-22,1988-02-28,1988-02-22,1988-02-27,,,,3425.40,6,False,False,011.idv.tw (close only)
1988-03-05,1988-02-29,1988-03-06,1988-02-29,1988-03-05,,,,3362.68,6,False,False,011.idv.tw (close only)
1988-03-12,1988-03-07,1988-03-13,1988-03-07,1988-03-12,,,,3232.62,6,False,False,011.idv.tw (close only)
1988-03-19,1988-03-14,1988-03-20,1988-03-14,1988-03-19,,,,3479.49,6,False,False,011.idv.tw (close only)
1988-03-26,1988-03-21,1988-03-27,1988-03-21,1988-03-26,,,,3295.03,6,False,False,011.idv.tw (close only)
1988-04-02,1988-03-28,1988-04-03,1988-03-28,1988-04-02,,,,3455.39,5,False,False,011.idv.tw (close only)
1988-04-09,1988-04-04,1988-04-10,1988-04-05,1988-04-09,,,,3627.77,5,False,False,011.idv.tw (close only)
1988-04-16,1988-04-11,1988-04-17,1988-04-11,1988-04-16,,,,3791.39,6,False,False,011.idv.tw (close only)
1988-04-23,1988-04-18,1988-04-24,1988-04-18,1988-04-23,,,,3857.40,6,False,False,011.idv.tw (close only)
1988-04-30,1988-04-25,1988-05-01,1988-04-25,1988-04-30,,,,4158.44,6,False,False,011.idv.tw (close only)
1988-05-07,1988-05-02,1988-05-08,1988-05-02,1988-05-07,,,,4442.44,6,False,False,011.idv.tw (close only)
1988-05-14,1988-05-09,1988-05-15,1988-05-09,1988-05-14,,,,4756.82,6,False,False,011.idv.tw (close only)
1988-05-21,1988-05-16,1988-05-22,1988-05-16,1988-05-21,,,,4351.75,6,False,False,011.idv.tw (close only)
1988-05-28,1988-05-23,1988-05-29,1988-05-23,1988-05-28,,,,4298.82,6,False,False,011.idv.tw (close only)
1988-06-04,1988-05-30,1988-06-05,1988-05-30,1988-06-04,,,,4775.99,6,False,False,011.idv.tw (close only)
1988-06-11,1988-06-06,1988-06-12,1988-06-06,1988-06-11,,,,4977.67,6,False,False,011.idv.tw (close only)
1988-06-17,1988-06-13,1988-06-19,1988-06-13,1988-06-17,,,,5241.08,5,False,False,011.idv.tw (close only)
1988-06-25,1988-06-20,1988-06-26,1988-06-20,1988-06-25,,,,4940.15,6,False,False,011.idv.tw (close only)
1988-07-02,1988-06-27,1988-07-03,1988-06-27,1988-07-02,,,,4960.32,5,False,False,011.idv.tw (close only)
1988-07-09,1988-07-04,1988-07-10,1988-07-04,1988-07-09,,,,4984.73,6,False,False,011.idv.tw (close only)
1988-07-16,1988-07-11,1988-07-17,1988-07-11,1988-07-16,,,,5454.29,6,False,False,011.idv.tw (close only)
1988-07-23,1988-07-18,1988-07-24,1988-07-18,1988-07-23,,,,5648.16,6,False,False,011.idv.tw (close only)
1988-07-30,1988-07-25,1988-07-31,1988-07-25,1988-07-30,,,,6248.02,6,False,False,011.idv.tw (close only)
1988-08-06,1988-08-01,1988-08-07,1988-08-01,1988-08-06,,,,6880.78,6,False,False,011.idv.tw (close only)
1988-08-13,1988-08-08,1988-08-14,1988-08-08,1988-08-13,,,,7180.41,6,False,False,011.idv.tw (close only)
1988-08-20,1988-08-15,1988-08-21,1988-08-15,1988-08-20,,,,7948.90,6,False,False,011.idv.tw (close only)
1988-08-27,1988-08-22,1988-08-28,1988-08-22,1988-08-27,,,,7597.93,6,False,False,011.idv.tw (close only)
1988-09-03,1988-08-29,1988-09-04,1988-08-29,1988-09-03,,,,7876.57,6,False,False,011.idv.tw (close only)
1988-09-10,1988-09-05,1988-09-11,1988-09-05,1988-09-10,,,,7629.27,6,False,False,011.idv.tw (close only)
1988-09-17,1988-09-12,1988-09-18,1988-09-12,1988-09-17,,,,7927.29,6,False,False,011.idv.tw (close only)
1988-09-24,1988-09-19,1988-09-25,1988-09-19,1988-09-24,,,,8789.78,6,False,False,011.idv.tw (close only)
1988-10-01,1988-09-26,1988-10-02,1988-09-29,1988-10-01,,,,8206.43,3,False,False,011.idv.tw (close only)
1988-10-08,1988-10-03,1988-10-09,1988-10-03,1988-10-08,,,,7068.94,6,False,False,011.idv.tw (close only)
1988-10-15,1988-10-10,1988-10-16,1988-10-11,1988-10-15,,,,6251.56,5,False,False,011.idv.tw (close only)
1988-10-22,1988-10-17,1988-10-23,1988-10-17,1988-10-22,,,,5739.66,6,False,False,011.idv.tw (close only)
1988-10-29,1988-10-24,1988-10-30,1988-10-24,1988-10-29,,,,6226.01,5,False,False,011.idv.tw (close only)
1988-11-05,1988-10-31,1988-11-06,1988-11-01,1988-11-05,,,,6374.32,5,False,False,011.idv.tw (close only)
1988-11-11,1988-11-07,1988-11-13,1988-11-07,1988-11-11,,,,6760.48,5,False,False,011.idv.tw (close only)
1988-11-19,1988-11-14,1988-11-20,1988-11-14,1988-11-19,,,,7205.76,6,False,False,011.idv.tw (close only)
1988-11-26,1988-11-21,1988-11-27,1988-11-21,1988-11-26,,,,7175.07,6,False,False,011.idv.tw (close only)
1988-12-03,1988-11-28,1988-12-04,1988-11-28,1988-12-03,,,,6450.33,6,False,False,011.idv.tw (close only)
1988-12-10,1988-12-05,1988-12-11,1988-12-05,1988-12-10,,,,6257.61,6,False,False,011.idv.tw (close only)
1988-12-17,1988-12-12,1988-12-18,1988-12-12,1988-12-17,,,,5252.71,6,False,False,011.idv.tw (close only)
1988-12-24,1988-12-19,1988-12-25,1988-12-19,1988-12-24,,,,5463.78,6,False,False,011.idv.tw (close only)
1988-12-29,1988-12-26,1989-01-01,1988-12-27,1988-12-29,,,,5119.11,3,False,False,011.idv.tw (close only)
1989-01-07,1989-01-02,1989-01-08,1989-01-05,1989-01-07,,,,5137.54,3,False,False,011.idv.tw (close only)
1989-01-14,1989-01-09,1989-01-15,1989-01-09,1989-01-14,,,,6063.55,6,False,False,011.idv.tw (close only)
1989-01-21,1989-01-16,1989-01-22,1989-01-16,1989-01-21,,,,5818.62,6,False,False,011.idv.tw (close only)
1989-01-28,1989-01-23,1989-01-29,1989-01-23,1989-01-28,,,,5819.71,6,False,False,011.idv.tw (close only)
1989-02-01,1989-01-30,1989-02-05,1989-01-30,1989-02-01,,,,6236.72,3,False,False,011.idv.tw (close only)
1989-02-11,1989-02-06,1989-02-12,1989-02-10,1989-02-11,,,,6520.28,2,False,False,011.idv.tw (close only)
1989-02-18,1989-02-13,1989-02-19,1989-02-13,1989-02-18,,,,6764.50,6,False,False,011.idv.tw (close only)
1989-02-25,1989-02-20,1989-02-26,1989-02-20,1989-02-25,,,,6800.48,6,False,False,011.idv.tw (close only)
1989-03-04,1989-02-27,1989-03-05,1989-02-27,1989-03-04,,,,7065.59,6,False,False,011.idv.tw (close only)
1989-03-11,1989-03-06,1989-03-12,1989-03-06,1989-03-11,,,,7471.37,6,False,False,011.idv.tw (close only)
1989-03-18,1989-03-13,1989-03-19,1989-03-13,1989-03-18,,,,7347.09,6,False,False,011.idv.tw (close only)
1989-03-25,1989-03-20,1989-03-26,1989-03-20,1989-03-25,,,,7497.52,6,False,False,011.idv.tw (close only)
1989-04-01,1989-03-27,1989-04-02,1989-03-27,1989-04-01,,,,7075.74,5,False,False,011.idv.tw (close only)
1989-04-08,1989-04-03,1989-04-09,1989-04-03,1989-04-08,,,,7596.00,5,False,False,011.idv.tw (close only)
1989-04-15,1989-04-10,1989-04-16,1989-04-10,1989-04-15,,,,7708.71,6,False,False,011.idv.tw (close only)
1989-04-22,1989-04-17,1989-04-23,1989-04-17,1989-04-22,,,,8068.21,6,False,False,011.idv.tw (close only)
1989-04-29,1989-04-24,1989-04-30,1989-04-24,1989-04-29,,,,7933.71,6,False,False,011.idv.tw (close only)
1989-05-06,1989-05-01,1989-05-07,1989-05-01,1989-05-06,,,,8357.14,6,False,False,011.idv.tw (close only)
1989-05-13,1989-05-08,1989-05-14,1989-05-08,1989-05-13,,,,8298.42,6,False,False,011.idv.tw (close only)
1989-05-20,1989-05-15,1989-05-21,1989-05-15,1989-05-20,,,,8842.41,6,False,False,011.idv.tw (close only)
1989-05-27,1989-05-22,1989-05-28,1989-05-22,1989-05-27,,,,9372.44,6,False,False,011.idv.tw (close only)
1989-06-03,1989-05-29,1989-06-04,1989-05-29,1989-06-03,,,,9575.98,6,False,False,011.idv.tw (close only)
1989-06-10,1989-06-05,1989-06-11,1989-06-05,1989-06-10,,,,9193.98,5,False,False,011.idv.tw (close only)
1989-06-17,1989-06-12,1989-06-18,1989-06-12,1989-06-17,,,,9907.23,6,False,False,011.idv.tw (close only)
1989-06-24,1989-06-19,1989-06-25,1989-06-19,1989-06-24,,,,9773.19,6,False,False,011.idv.tw (close only)
1989-06-30,1989-06-26,1989-07-02,1989-06-26,1989-06-30,,,,9205.06,5,False,False,011.idv.tw (close only)
1989-07-08,1989-07-03,1989-07-09,1989-07-03,1989-07-08,,,,8545.56,6,False,False,011.idv.tw (close only)
1989-07-15,1989-07-10,1989-07-16,1989-07-10,1989-07-15,,,,8098.37,6,False,False,011.idv.tw (close only)
1989-07-22,1989-07-17,1989-07-23,1989-07-17,1989-07-22,,,,8716.80,6,False,False,011.idv.tw (close only)
1989-07-29,1989-07-24,1989-07-30,1989-07-24,1989-07-29,,,,9172.61,6,False,False,011.idv.tw (close only)
1989-08-05,1989-07-31,1989-08-06,1989-07-31,1989-08-05,,,,9748.07,6,False,False,011.idv.tw (close only)
1989-08-12,1989-08-07,1989-08-13,1989-08-07,1989-08-12,,,,9476.08,6,False,False,011.idv.tw (close only)
1989-08-19,1989-08-14,1989-08-20,1989-08-14,1989-08-19,,,,9754.52,6,False,False,011.idv.tw (close only)
1989-08-26,1989-08-21,1989-08-27,1989-08-21,1989-08-26,,,,10022.61,6,False,False,011.idv.tw (close only)
1989-09-02,1989-08-28,1989-09-03,1989-08-28,1989-09-02,,,,10031.83,6,False,False,011.idv.tw (close only)
1989-09-09,1989-09-04,1989-09-10,1989-09-04,1989-09-09,,,,10485.00,6,False,False,011.idv.tw (close only)
1989-09-16,1989-09-11,1989-09-17,1989-09-11,1989-09-16,,,,10594.46,4,False,False,011.idv.tw (close only)
1989-09-23,1989-09-18,1989-09-24,1989-09-18,1989-09-23,,,,10675.43,6,False,False,011.idv.tw (close only)
1989-09-30,1989-09-25,1989-10-01,1989-09-25,1989-09-30,,,,10180.84,5,False,False,011.idv.tw (close only)
1989-10-07,1989-10-02,1989-10-08,1989-10-02,1989-10-07,,,,9871.86,6,False,False,011.idv.tw (close only)
1989-10-14,1989-10-09,1989-10-15,1989-10-09,1989-10-14,,,,10019.68,5,False,False,011.idv.tw (close only)
1989-10-21,1989-10-16,1989-10-22,1989-10-16,1989-10-21,,,,10130.36,6,False,False,011.idv.tw (close only)
1989-10-28,1989-10-23,1989-10-29,1989-10-23,1989-10-28,,,,10437.78,5,False,False,011.idv.tw (close only)
1989-11-04,1989-10-30,1989-11-05,1989-10-30,1989-11-04,,,,10492.45,5,False,False,011.idv.tw (close only)
1989-11-11,1989-11-06,1989-11-12,1989-11-06,1989-11-11,,,,10252.40,6,False,False,011.idv.tw (close only)
1989-11-18,1989-11-13,1989-11-19,1989-11-14,1989-11-18,,,,10309.07,5,False,False,011.idv.tw (close only)
1989-11-25,1989-11-20,1989-11-26,1989-11-20,1989-11-25,,,,9773.56,6,False,False,011.idv.tw (close only)
1989-12-01,1989-11-27,1989-12-03,1989-11-27,1989-12-01,,,,8931.28,5,False,False,011.idv.tw (close only)
1989-12-09,1989-12-04,1989-12-10,1989-12-04,1989-12-09,,,,8408.17,6,False,False,011.idv.tw (close only)
1989-12-16,1989-12-11,1989-12-17,1989-12-11,1989-12-16,,,,8548.96,6,False,False,011.idv.tw (close only)
1989-12-23,1989-12-18,1989-12-24,1989-12-18,1989-12-23,,,,8875.70,6,False,False,011.idv.tw (close only)
1989-12-28,1989-12-25,1989-12-31,1989-12-26,1989-12-28,,,,9624.18,3,False,False,011.idv.tw (close only)
1990-01-06,1990-01-01,1990-01-07,1990-01-04,1990-01-06,,,,9927.06,3,False,False,011.idv.tw (close only)
1990-01-13,1990-01-08,1990-01-14,1990-01-08,1990-01-13,,,,10559.20,6,False,False,011.idv.tw (close only)
1990-01-19,1990-01-15,1990-01-21,1990-01-15,1990-01-19,,,,11422.51,5,False,False,011.idv.tw (close only)
1990-01-23,1990-01-22,1990-01-28,1990-01-22,1990-01-23,,,,11947.01,2,False,False,011.idv.tw (close only)
1990-02-03,1990-01-29,1990-02-04,1990-01-31,1990-02-03,,,,11869.40,4,False,False,011.idv.tw (close only)
1990-02-10,1990-02-05,1990-02-11,1990-02-05,1990-02-10,,,,12495.34,6,False,False,011.idv.tw (close only)
1990-02-17,1990-02-12,1990-02-18,1990-02-12,1990-02-17,,,,11804.40,6,False,False,011.idv.tw (close only)
1990-02-24,1990-02-19,1990-02-25,1990-02-19,1990-02-24,,,,11658.66,6,False,False,011.idv.tw (close only)
1990-03-03,1990-02-26,1990-03-04,1990-02-26,1990-03-03,,,,11300.63,6,False,False,011.idv.tw (close only)
1990-03-10,1990-03-05,1990-03-11,1990-03-05,1990-03-10,,,,11791.20,6,False,False,011.idv.tw (close only)
1990-03-17,1990-03-12,1990-03-18,1990-03-12,1990-03-17,,,,11504.74,6,False,False,011.idv.tw (close only)
1990-03-24,1990-03-19,1990-03-25,1990-03-19,1990-03-24,,,,10300.79,6,False,False,011.idv.tw (close only)
1990-03-31,1990-03-26,1990-04-01,1990-03-26,1990-03-31,,,,10755.87,5,False,False,011.idv.tw (close only)
1990-04-07,1990-04-02,1990-04-08,1990-04-02,1990-04-07,,,,9828.22,5,False,False,011.idv.tw (close only)
1990-04-14,1990-04-09,1990-04-15,1990-04-09,1990-04-14,,,,9436.12,6,False,False,011.idv.tw (close only)
1990-04-21,1990-04-16,1990-04-22,1990-04-16,1990-04-21,,,,9365.93,6,False,False,011.idv.tw (close only)
1990-04-28,1990-04-23,1990-04-29,1990-04-23,1990-04-28,,,,9665.50,6,False,False,011.idv.tw (close only)
1990-05-05,1990-04-30,1990-05-06,1990-04-30,1990-05-05,,,,8943.39,6,False,False,011.idv.tw (close only)
1990-05-12,1990-05-07,1990-05-13,1990-05-07,1990-05-12,,,,8361.18,6,False,False,011.idv.tw (close only)
1990-05-18,1990-05-14,1990-05-20,1990-05-14,1990-05-18,,,,7416.96,5,False,False,011.idv.tw (close only)
1990-05-26,1990-05-21,1990-05-27,1990-05-21,1990-05-26,,,,6303.75,6,False,False,011.idv.tw (close only)
1990-06-02,1990-05-28,1990-06-03,1990-05-29,1990-06-02,,,,7857.01,5,False,False,011.idv.tw (close only)
1990-06-09,1990-06-04,1990-06-10,1990-06-04,1990-06-09,,,,6098.16,6,False,False,011.idv.tw (close only)
1990-06-15,1990-06-11,1990-06-17,1990-06-11,1990-06-15,,,,5855.82,5,False,False,011.idv.tw (close only)
1990-06-22,1990-06-18,1990-06-24,1990-06-18,1990-06-22,,,,5452.74,5,False,False,011.idv.tw (close only)
1990-06-30,1990-06-25,1990-07-01,1990-06-25,1990-06-30,,,,5049.58,5,False,False,011.idv.tw (close only)
1990-07-07,1990-07-02,1990-07-08,1990-07-03,1990-07-07,,,,4905.83,5,False,False,011.idv.tw (close only)
1990-07-14,1990-07-09,1990-07-15,1990-07-09,1990-07-14,,,,4813.07,6,False,False,011.idv.tw (close only)
1990-07-21,1990-07-16,1990-07-22,1990-07-16,1990-07-21,,,,5299.56,6,False,False,011.idv.tw (close only)
1990-07-28,1990-07-23,1990-07-29,1990-07-23,1990-07-28,,,,5442.22,6,False,False,011.idv.tw (close only)
1990-08-04,1990-07-30,1990-08-05,1990-07-30,1990-08-04,,,,5129.13,6,False,False,011.idv.tw (close only)
1990-08-11,1990-08-06,1990-08-12,1990-08-06,1990-08-11,,,,4114.63,6,False,False,011.idv.tw (close only)
1990-08-18,1990-08-13,1990-08-19,1990-08-13,1990-08-18,,,,3802.00,6,False,False,011.idv.tw (close only)
1990-08-25,1990-08-20,1990-08-26,1990-08-20,1990-08-25,,,,3164.61,6,False,False,011.idv.tw (close only)
1990-09-01,1990-08-27,1990-09-02,1990-08-27,1990-09-01,,,,3768.11,5,False,False,011.idv.tw (close only)
1990-09-06,1990-09-03,1990-09-09,1990-09-03,1990-09-06,,,,3308.85,4,False,False,011.idv.tw (close only)
1990-09-15,1990-09-10,1990-09-16,1990-09-10,1990-09-15,,,,3362.25,6,False,False,011.idv.tw (close only)
1990-09-22,1990-09-17,1990-09-23,1990-09-17,1990-09-22,,,,2998.38,6,False,False,011.idv.tw (close only)
1990-09-27,1990-09-24,1990-09-30,1990-09-24,1990-09-27,,,,2705.01,4,False,False,011.idv.tw (close only)
1990-10-06,1990-10-01,1990-10-07,1990-10-01,1990-10-06,,,,2739.04,5,False,False,011.idv.tw (close only)
1990-10-13,1990-10-08,1990-10-14,1990-10-08,1990-10-13,,,,2655.85,5,False,False,011.idv.tw (close only)
1990-10-20,1990-10-15,1990-10-21,1990-10-15,1990-10-20,,,,3085.02,6,False,False,011.idv.tw (close only)
1990-10-27,1990-10-22,1990-10-28,1990-10-22,1990-10-27,,,,3100.22,5,False,False,011.idv.tw (close only)
1990-11-03,1990-10-29,1990-11-04,1990-10-29,1990-11-03,,,,3304.86,5,False,False,011.idv.tw (close only)
1990-11-10,1990-11-05,1990-11-11,1990-11-05,1990-11-10,,,,3502.82,6,False,False,011.idv.tw (close only)
1990-11-17,1990-11-12,1990-11-18,1990-11-13,1990-11-17,,,,4073.74,5,False,False,011.idv.tw (close only)
1990-11-24,1990-11-19,1990-11-25,1990-11-19,1990-11-24,,,,4801.08,6,False,False,011.idv.tw (close only)
1990-12-01,1990-11-26,1990-12-02,1990-11-26,1990-12-01,,,,4674.84,6,False,False,011.idv.tw (close only)
1990-12-08,1990-12-03,1990-12-09,1990-12-03,1990-12-08,,,,4645.46,6,False,False,011.idv.tw (close only)
1990-12-15,1990-12-10,1990-12-16,1990-12-10,1990-12-15,,,,4319.47,6,False,False,011.idv.tw (close only)
1990-12-22,1990-12-17,1990-12-23,1990-12-17,1990-12-22,,,,4167.81,6,False,False,011.idv.tw (close only)
1990-12-27,1990-12-24,1990-12-30,1990-12-24,1990-12-27,,,,4530.16,3,False,False,011.idv.tw (close only)
1991-01-05,1990-12-31,1991-01-06,1991-01-03,1991-01-05,,,,4456.27,3,False,False,011.idv.tw (close only)
1991-01-12,1991-01-07,1991-01-13,1991-01-07,1991-01-12,,,,3539.71,6,False,False,011.idv.tw (close only)
1991-01-19,1991-01-14,1991-01-20,1991-01-14,1991-01-19,,,,3960.40,6,False,False,011.idv.tw (close only)
1991-01-26,1991-01-21,1991-01-27,1991-01-21,1991-01-26,,,,4023.30,6,False,False,011.idv.tw (close only)
1991-02-02,1991-01-28,1991-02-03,1991-01-28,1991-02-02,,,,4026.01,6,False,False,011.idv.tw (close only)
1991-02-09,1991-02-04,1991-02-10,1991-02-04,1991-02-09,,,,4540.92,6,False,False,011.idv.tw (close only)
1991-02-11,1991-02-11,1991-02-17,1991-02-11,1991-02-11,,,,4729.65,1,False,False,011.idv.tw (close only)
1991-02-23,1991-02-18,1991-02-24,1991-02-19,1991-02-23,,,,4946.52,5,False,False,011.idv.tw (close only)
1991-03-02,1991-02-25,1991-03-03,1991-02-25,1991-03-02,,,,4644.45,6,False,False,011.idv.tw (close only)
1991-03-09,1991-03-04,1991-03-10,1991-03-04,1991-03-09,,,,4743.57,6,False,False,011.idv.tw (close only)
1991-03-16,1991-03-11,1991-03-17,1991-03-11,1991-03-16,,,,4953.87,6,False,False,011.idv.tw (close only)
1991-03-23,1991-03-18,1991-03-24,1991-03-18,1991-03-23,,,,4725.83,6,False,False,011.idv.tw (close only)
1991-03-28,1991-03-25,1991-03-31,1991-03-25,1991-03-28,,,,5139.94,4,False,False,011.idv.tw (close only)
1991-04-03,1991-04-01,1991-04-07,1991-04-01,1991-04-03,,,,5344.84,3,False,False,011.idv.tw (close only)
1991-04-13,1991-04-08,1991-04-14,1991-04-08,1991-04-13,,,,5593.10,6,False,False,011.idv.tw (close only)
1991-04-20,1991-04-15,1991-04-21,1991-04-15,1991-04-20,,,,5754.09,6,False,False,011.idv.tw (close only)
1991-04-27,1991-04-22,1991-04-28,1991-04-22,1991-04-27,,,,5988.25,6,False,False,011.idv.tw (close only)
1991-05-04,1991-04-29,1991-05-05,1991-04-29,1991-05-04,,,,5920.78,6,False,False,011.idv.tw (close only)
1991-05-11,1991-05-06,1991-05-12,1991-05-06,1991-05-11,,,,6208.48,6,False,False,011.idv.tw (close only)
1991-05-18,1991-05-13,1991-05-19,1991-05-13,1991-05-18,,,,5982.26,6,False,False,011.idv.tw (close only)
1991-05-25,1991-05-20,1991-05-26,1991-05-20,1991-05-25,,,,5959.92,6,False,False,011.idv.tw (close only)
1991-06-01,1991-05-27,1991-06-02,1991-05-27,1991-06-01,,,,5729.69,6,False,False,011.idv.tw (close only)
1991-06-08,1991-06-03,1991-06-09,1991-06-03,1991-06-08,,,,5914.21,6,False,False,011.idv.tw (close only)
1991-06-15,1991-06-10,1991-06-16,1991-06-10,1991-06-15,,,,5925.19,6,False,False,011.idv.tw (close only)
1991-06-22,1991-06-17,1991-06-23,1991-06-18,1991-06-22,,,,6132.73,5,False,False,011.idv.tw (close only)
1991-06-29,1991-06-24,1991-06-30,1991-06-24,1991-06-29,,,,5768.08,6,False,False,011.idv.tw (close only)
1991-07-06,1991-07-01,1991-07-07,1991-07-02,1991-07-06,,,,5412.61,5,False,False,011.idv.tw (close only)
1991-07-13,1991-07-08,1991-07-14,1991-07-08,1991-07-13,,,,5412.23,6,False,False,011.idv.tw (close only)
1991-07-20,1991-07-15,1991-07-21,1991-07-15,1991-07-20,,,,5148.13,5,False,False,011.idv.tw (close only)
1991-07-27,1991-07-22,1991-07-28,1991-07-22,1991-07-27,,,,5140.30,6,False,False,011.idv.tw (close only)
1991-08-03,1991-07-29,1991-08-04,1991-07-29,1991-08-03,,,,5060.68,6,False,False,011.idv.tw (close only)
1991-08-10,1991-08-05,1991-08-11,1991-08-05,1991-08-10,,,,5207.01,6,False,False,011.idv.tw (close only)
1991-08-17,1991-08-12,1991-08-18,1991-08-12,1991-08-17,,,,4848.26,6,False,False,011.idv.tw (close only)
1991-08-24,1991-08-19,1991-08-25,1991-08-19,1991-08-24,,,,4526.14,6,False,False,011.idv.tw (close only)
1991-08-31,1991-08-26,1991-09-01,1991-08-26,1991-08-31,,,,4543.53,6,False,False,011.idv.tw (close only)
1991-09-07,1991-09-02,1991-09-08,1991-09-02,1991-09-07,,,,4709.50,6,False,False,011.idv.tw (close only)
1991-09-14,1991-09-09,1991-09-15,1991-09-09,1991-09-14,,,,4534.26,6,False,False,011.idv.tw (close only)
1991-09-21,1991-09-16,1991-09-22,1991-09-16,1991-09-21,,,,4741.45,6,False,False,011.idv.tw (close only)
1991-09-27,1991-09-23,1991-09-29,1991-09-24,1991-09-27,,,,4851.50,4,False,False,011.idv.tw (close only)
1991-10-05,1991-09-30,1991-10-06,1991-09-30,1991-10-05,,,,4796.66,6,False,False,011.idv.tw (close only)
1991-10-12,1991-10-07,1991-10-13,1991-10-07,1991-10-12,,,,4823.67,5,False,False,011.idv.tw (close only)
1991-10-19,1991-10-14,1991-10-20,1991-10-14,1991-10-19,,,,4391.47,6,False,False,011.idv.tw (close only)
1991-10-24,1991-10-21,1991-10-27,1991-10-21,1991-10-24,,,,4253.73,4,False,False,011.idv.tw (close only)
1991-11-02,1991-10-28,1991-11-03,1991-10-28,1991-11-02,,,,4299.74,5,False,False,011.idv.tw (close only)
1991-11-09,1991-11-04,1991-11-10,1991-11-04,1991-11-09,,,,4495.13,6,False,False,011.idv.tw (close only)
1991-11-16,1991-11-11,1991-11-17,1991-11-11,1991-11-16,,,,4442.46,5,False,False,011.idv.tw (close only)
1991-11-23,1991-11-18,1991-11-24,1991-11-18,1991-11-23,,,,4505.80,6,False,False,011.idv.tw (close only)
1991-11-30,1991-11-25,1991-12-01,1991-11-25,1991-11-30,,,,4378.50,6,False,False,011.idv.tw (close only)
1991-12-07,1991-12-02,1991-12-08,1991-12-02,1991-12-07,,,,4501.90,6,False,False,011.idv.tw (close only)
1991-12-14,1991-12-09,1991-12-15,1991-12-09,1991-12-14,,,,4399.61,6,False,False,011.idv.tw (close only)
1991-12-20,1991-12-16,1991-12-22,1991-12-16,1991-12-20,,,,4448.04,5,False,False,011.idv.tw (close only)
1991-12-28,1991-12-23,1991-12-29,1991-12-23,1991-12-28,,,,4600.67,5,False,False,011.idv.tw (close only)
1992-01-04,1991-12-30,1992-01-05,1992-01-04,1992-01-04,,,,4612.97,1,False,False,011.idv.tw (close only)
1992-01-11,1992-01-06,1992-01-12,1992-01-06,1992-01-11,,,,4856.82,6,False,False,011.idv.tw (close only)
1992-01-18,1992-01-13,1992-01-19,1992-01-13,1992-01-18,,,,4964.22,6,False,False,011.idv.tw (close only)
1992-01-25,1992-01-20,1992-01-26,1992-01-20,1992-01-25,,,,5298.99,6,False,False,011.idv.tw (close only)
1992-01-30,1992-01-27,1992-02-02,1992-01-27,1992-01-30,,,,5391.63,4,False,False,011.idv.tw (close only)
1992-02-08,1992-02-03,1992-02-09,1992-02-07,1992-02-08,,,,5217.63,2,False,False,011.idv.tw (close only)
1992-02-15,1992-02-10,1992-02-16,1992-02-10,1992-02-15,,,,5026.43,6,False,False,011.idv.tw (close only)
1992-02-22,1992-02-17,1992-02-23,1992-02-17,1992-02-22,,,,5074.80,6,False,False,011.idv.tw (close only)
1992-02-29,1992-02-24,1992-03-01,1992-02-24,1992-02-29,,,,5142.42,6,False,False,011.idv.tw (close only)
1992-03-07,1992-03-02,1992-03-08,1992-03-02,1992-03-07,,,,4986.53,6,False,False,011.idv.tw (close only)
1992-03-14,1992-03-09,1992-03-15,1992-03-09,1992-03-14,,,,5029.61,6,False,False,011.idv.tw (close only)
1992-03-21,1992-03-16,1992-03-22,1992-03-16,1992-03-21,,,,4745.03,6,False,False,011.idv.tw (close only)
1992-03-28,1992-03-23,1992-03-29,1992-03-23,1992-03-28,,,,4833.47,6,False,False,011.idv.tw (close only)
1992-04-02,1992-03-30,1992-04-05,1992-03-31,1992-04-02,,,,4733.96,3,False,False,011.idv.tw (close only)
1992-04-11,1992-04-06,1992-04-12,1992-04-06,1992-04-11,,,,4487.62,6,False,False,011.idv.tw (close only)
1992-04-18,1992-04-13,1992-04-19,1992-04-13,1992-04-18,,,,4527.81,6,False,False,011.idv.tw (close only)
1992-04-25,1992-04-20,1992-04-26,1992-04-20,1992-04-25,,,,4441.57,6,False,False,011.idv.tw (close only)
1992-05-02,1992-04-27,1992-05-03,1992-04-27,1992-05-02,,,,4532.53,6,False,False,011.idv.tw (close only)
1992-05-09,1992-05-04,1992-05-10,1992-05-04,1992-05-09,,,,4428.97,6,False,False,011.idv.tw (close only)
1992-05-16,1992-05-11,1992-05-17,1992-05-11,1992-05-16,,,,4356.07,6,False,False,011.idv.tw (close only)
1992-05-23,1992-05-18,1992-05-24,1992-05-18,1992-05-23,,,,4637.59,6,False,False,011.idv.tw (close only)
1992-05-30,1992-05-25,1992-05-31,1992-05-25,1992-05-30,,,,4496.58,6,False,False,011.idv.tw (close only)
1992-06-04,1992-06-01,1992-06-07,1992-06-01,1992-06-04,,,,4586.61,4,False,False,011.idv.tw (close only)
1992-06-13,1992-06-08,1992-06-14,1992-06-08,1992-06-13,,,,4676.13,6,False,False,011.idv.tw (close only)
1992-06-20,1992-06-15,1992-06-21,1992-06-15,1992-06-20,,,,4618.02,6,False,False,011.idv.tw (close only)
1992-06-27,1992-06-22,1992-06-28,1992-06-22,1992-06-27,,,,4496.44,6,False,False,011.idv.tw (close only)
1992-07-04,1992-06-29,1992-07-05,1992-06-29,1992-07-04,,,,4489.63,5,False,False,011.idv.tw (close only)
1992-07-11,1992-07-06,1992-07-12,1992-07-06,1992-07-11,,,,4384.52,6,False,False,011.idv.tw (close only)
1992-07-18,1992-07-13,1992-07-19,1992-07-13,1992-07-18,,,,4248.55,6,False,False,011.idv.tw (close only)
1992-07-25,1992-07-20,1992-07-26,1992-07-20,1992-07-25,,,,4018.85,6,False,False,011.idv.tw (close only)
1992-08-01,1992-07-27,1992-08-02,1992-07-27,1992-08-01,,,,4101.84,6,False,False,011.idv.tw (close only)
1992-08-08,1992-08-03,1992-08-09,1992-08-03,1992-08-08,,,,4030.73,6,False,False,011.idv.tw (close only)
1992-08-15,1992-08-10,1992-08-16,1992-08-10,1992-08-15,,,,3926.38,6,False,False,011.idv.tw (close only)
1992-08-22,1992-08-17,1992-08-23,1992-08-17,1992-08-22,,,,3822.81,6,False,False,011.idv.tw (close only)
1992-08-28,1992-08-24,1992-08-30,1992-08-24,1992-08-28,,,,3852.45,5,False,False,011.idv.tw (close only)
1992-09-03,1992-08-31,1992-09-06,1992-08-31,1992-09-03,,,,3888.49,4,False,False,011.idv.tw (close only)
1992-09-10,1992-09-07,1992-09-13,1992-09-07,1992-09-10,,,,3785.50,4,False,False,011.idv.tw (close only)
1992-09-19,1992-09-14,1992-09-20,1992-09-14,1992-09-19,,,,3569.93,6,False,False,011.idv.tw (close only)
1992-09-26,1992-09-21,1992-09-27,1992-09-21,1992-09-26,,,,3351.63,6,False,False,011.idv.tw (close only)
1992-10-03,1992-09-28,1992-10-04,1992-09-29,1992-10-03,,,,3704.25,5,False,False,011.idv.tw (close only)
1992-10-09,1992-10-05,1992-10-11,1992-10-05,1992-10-09,,,,3622.75,5,False,False,011.idv.tw (close only)
1992-10-17,1992-10-12,1992-10-18,1992-10-12,1992-10-17,,,,3749.32,6,False,False,011.idv.tw (close only)
1992-10-24,1992-10-19,1992-10-25,1992-10-19,1992-10-24,,,,3670.90,6,False,False,011.idv.tw (close only)
1992-10-30,1992-10-26,1992-11-01,1992-10-27,1992-10-30,,,,3631.73,4,False,False,011.idv.tw (close only)
1992-11-07,1992-11-02,1992-11-08,1992-11-02,1992-11-07,,,,3535.78,6,False,False,011.idv.tw (close only)
1992-11-14,1992-11-09,1992-11-15,1992-11-09,1992-11-14,,,,3573.09,5,False,False,011.idv.tw (close only)
1992-11-21,1992-11-16,1992-11-22,1992-11-16,1992-11-21,,,,3711.71,6,False,False,011.idv.tw (close only)
1992-11-28,1992-11-23,1992-11-29,1992-11-23,1992-11-28,,,,3686.14,6,False,False,011.idv.tw (close only)
1992-12-05,1992-11-30,1992-12-06,1992-11-30,1992-12-05,,,,3727.95,6,False,False,011.idv.tw (close only)
1992-12-12,1992-12-07,1992-12-13,1992-12-07,1992-12-12,,,,3742.61,6,False,False,011.idv.tw (close only)
1992-12-18,1992-12-14,1992-12-20,1992-12-14,1992-12-18,,,,3657.99,5,False,False,011.idv.tw (close only)
1992-12-24,1992-12-21,1992-12-27,1992-12-21,1992-12-24,,,,3456.00,4,False,False,011.idv.tw (close only)
1992-12-29,1992-12-28,1993-01-03,1992-12-28,1992-12-29,,,,3377.06,2,False,False,011.idv.tw (close only)
1993-01-09,1993-01-04,1993-01-10,1993-01-05,1993-01-09,,,,3254.05,5,False,False,011.idv.tw (close only)
1993-01-16,1993-01-11,1993-01-17,1993-01-11,1993-01-16,,,,3362.52,6,False,False,011.idv.tw (close only)
1993-01-19,1993-01-18,1993-01-24,1993-01-18,1993-01-19,,,,3420.62,2,False,False,011.idv.tw (close only)
1993-01-30,1993-01-25,1993-01-31,1993-01-27,1993-01-30,,,,3374.56,4,False,False,011.idv.tw (close only)
1993-02-06,1993-02-01,1993-02-07,1993-02-01,1993-02-06,,,,3645.41,6,False,False,011.idv.tw (close only)
1993-02-13,1993-02-08,1993-02-14,1993-02-08,1993-02-13,,,,3863.45,6,False,False,011.idv.tw (close only)
1993-02-20,1993-02-15,1993-02-21,1993-02-15,1993-02-20,,,,4055.65,6,False,False,011.idv.tw (close only)
1993-02-27,1993-02-22,1993-02-28,1993-02-22,1993-02-27,,,,4384.67,6,False,False,011.idv.tw (close only)
1993-03-06,1993-03-01,1993-03-07,1993-03-01,1993-03-06,,,,4723.65,6,False,False,011.idv.tw (close only)
1993-03-13,1993-03-08,1993-03-14,1993-03-08,1993-03-13,,,,4413.84,6,False,False,011.idv.tw (close only)
1993-03-20,1993-03-15,1993-03-21,1993-03-15,1993-03-20,,,,4573.58,6,False,False,011.idv.tw (close only)
1993-03-27,1993-03-22,1993-03-28,1993-03-22,1993-03-27,,,,4606.65,6,False,False,011.idv.tw (close only)
1993-04-03,1993-03-29,1993-04-04,1993-03-30,1993-04-03,,,,4982.61,5,False,False,011.idv.tw (close only)
1993-04-10,1993-04-05,1993-04-11,1993-04-07,1993-04-10,,,,4698.86,4,False,False,011.idv.tw (close only)
1993-04-17,1993-04-12,1993-04-18,1993-04-12,1993-04-17,,,,4491.08,6,False,False,011.idv.tw (close only)
1993-04-24,1993-04-19,1993-04-25,1993-04-19,1993-04-24,,,,4562.31,6,False,False,011.idv.tw (close only)
1993-05-01,1993-04-26,1993-05-02,1993-04-26,1993-05-01,,,,4501.00,6,False,False,011.idv.tw (close only)
1993-05-08,1993-05-03,1993-05-09,1993-05-03,1993-05-08,,,,4678.14,6,False,False,011.idv.tw (close only)
1993-05-15,1993-05-10,1993-05-16,1993-05-10,1993-05-15,,,,4565.53,6,False,False,011.idv.tw (close only)
1993-05-22,1993-05-17,1993-05-23,1993-05-17,1993-05-22,,,,4295.43,6,False,False,011.idv.tw (close only)
1993-05-29,1993-05-24,1993-05-30,1993-05-24,1993-05-29,,,,4295.37,6,False,False,011.idv.tw (close only)
1993-06-05,1993-05-31,1993-06-06,1993-05-31,1993-06-05,,,,4368.23,6,False,False,011.idv.tw (close only)
1993-06-12,1993-06-07,1993-06-13,1993-06-07,1993-06-12,,,,4221.07,6,False,False,011.idv.tw (close only)
1993-06-19,1993-06-14,1993-06-20,1993-06-14,1993-06-19,,,,4114.90,6,False,False,011.idv.tw (close only)
1993-06-26,1993-06-21,1993-06-27,1993-06-21,1993-06-26,,,,4143.29,5,False,False,011.idv.tw (close only)
1993-07-03,1993-06-28,1993-07-04,1993-06-28,1993-07-03,,,,3917.24,5,False,False,011.idv.tw (close only)
1993-07-10,1993-07-05,1993-07-11,1993-07-05,1993-07-10,,,,4079.59,6,False,False,011.idv.tw (close only)
1993-07-17,1993-07-12,1993-07-18,1993-07-12,1993-07-17,,,,3910.49,6,False,False,011.idv.tw (close only)
1993-07-24,1993-07-19,1993-07-25,1993-07-19,1993-07-24,,,,4030.42,6,False,False,011.idv.tw (close only)
1993-07-31,1993-07-26,1993-08-01,1993-07-26,1993-07-31,,,,3960.38,6,False,False,011.idv.tw (close only)
1993-08-07,1993-08-02,1993-08-08,1993-08-02,1993-08-07,,,,4026.64,6,False,False,011.idv.tw (close only)
1993-08-14,1993-08-09,1993-08-15,1993-08-09,1993-08-14,,,,4121.54,6,False,False,011.idv.tw (close only)
1993-08-21,1993-08-16,1993-08-22,1993-08-16,1993-08-21,,,,4020.35,6,False,False,011.idv.tw (close only)
1993-08-28,1993-08-23,1993-08-29,1993-08-23,1993-08-28,,,,3927.75,6,False,False,011.idv.tw (close only)
1993-09-04,1993-08-30,1993-09-05,1993-08-30,1993-09-04,,,,3856.30,6,False,False,011.idv.tw (close only)
1993-09-11,1993-09-06,1993-09-12,1993-09-06,1993-09-11,,,,3874.85,6,False,False,011.idv.tw (close only)
1993-09-18,1993-09-13,1993-09-19,1993-09-13,1993-09-18,,,,3953.40,6,False,False,011.idv.tw (close only)
1993-09-25,1993-09-20,1993-09-26,1993-09-20,1993-09-25,,,,3877.45,6,False,False,011.idv.tw (close only)
1993-10-02,1993-09-27,1993-10-03,1993-09-27,1993-10-02,,,,3809.86,4,False,False,011.idv.tw (close only)
1993-10-09,1993-10-04,1993-10-10,1993-10-04,1993-10-09,,,,3885.66,6,False,False,011.idv.tw (close only)
1993-10-16,1993-10-11,1993-10-17,1993-10-12,1993-10-16,,,,4031.16,5,False,False,011.idv.tw (close only)
1993-10-23,1993-10-18,1993-10-24,1993-10-18,1993-10-23,,,,4100.09,6,False,False,011.idv.tw (close only)
1993-10-30,1993-10-25,1993-10-31,1993-10-26,1993-10-30,,,,4131.68,5,False,False,011.idv.tw (close only)
1993-11-06,1993-11-01,1993-11-07,1993-11-02,1993-11-06,,,,4221.60,5,False,False,011.idv.tw (close only)
1993-11-11,1993-11-08,1993-11-14,1993-11-08,1993-11-11,,,,4271.14,4,False,False,011.idv.tw (close only)
1993-11-20,1993-11-15,1993-11-21,1993-11-15,1993-11-20,,,,4247.09,6,False,False,011.idv.tw (close only)
1993-11-26,1993-11-22,1993-11-28,1993-11-22,1993-11-26,,,,4163.99,5,False,False,011.idv.tw (close only)
1993-12-04,1993-11-29,1993-12-05,1993-11-29,1993-12-04,,,,4608.73,6,False,False,011.idv.tw (close only)
1993-12-11,1993-12-06,1993-12-12,1993-12-06,1993-12-11,,,,4751.58,6,False,False,011.idv.tw (close only)
1993-12-18,1993-12-13,1993-12-19,1993-12-13,1993-12-18,,,,5202.14,6,False,False,011.idv.tw (close only)
1993-12-24,1993-12-20,1993-12-26,1993-12-20,1993-12-24,,,,5320.38,5,False,False,011.idv.tw (close only)
1993-12-31,1993-12-27,1994-01-02,1993-12-27,1993-12-31,,,,6070.56,5,False,False,011.idv.tw (close only)
1994-01-08,1994-01-03,1994-01-09,1994-01-05,1994-01-08,,,,6375.15,4,False,False,011.idv.tw (close only)
1994-01-15,1994-01-10,1994-01-16,1994-01-10,1994-01-15,,,,6067.12,6,False,False,011.idv.tw (close only)
1994-01-22,1994-01-17,1994-01-23,1994-01-17,1994-01-22,,,,5970.03,6,False,False,011.idv.tw (close only)
1994-01-28,1994-01-24,1994-01-30,1994-01-24,1994-01-28,,,,6016.08,5,False,False,011.idv.tw (close only)
1994-02-05,1994-01-31,1994-02-06,1994-01-31,1994-02-05,,,,6294.13,6,False,False,011.idv.tw (close only)
1994-02-19,1994-02-14,1994-02-20,1994-02-14,1994-02-19,,,,5813.82,6,False,False,011.idv.tw (close only)
1994-02-26,1994-02-21,1994-02-27,1994-02-21,1994-02-26,,,,5590.27,6,False,False,011.idv.tw (close only)
1994-03-05,1994-02-28,1994-03-06,1994-02-28,1994-03-05,,,,5671.46,6,False,False,011.idv.tw (close only)
1994-03-12,1994-03-07,1994-03-13,1994-03-07,1994-03-12,,,,5273.10,6,False,False,011.idv.tw (close only)
1994-03-19,1994-03-14,1994-03-20,1994-03-14,1994-03-19,,,,5194.63,6,False,False,011.idv.tw (close only)
1994-03-26,1994-03-21,1994-03-27,1994-03-21,1994-03-26,,,,5332.21,6,False,False,011.idv.tw (close only)
1994-04-02,1994-03-28,1994-04-03,1994-03-28,1994-04-02,,,,5420.98,5,False,False,011.idv.tw (close only)
1994-04-09,1994-04-04,1994-04-10,1994-04-06,1994-04-09,,,,5565.84,4,False,False,011.idv.tw (close only)
1994-04-16,1994-04-11,1994-04-17,1994-04-11,1994-04-16,,,,5585.81,6,False,False,011.idv.tw (close only)
1994-04-23,1994-04-18,1994-04-24,1994-04-18,1994-04-23,,,,5837.33,6,False,False,011.idv.tw (close only)
1994-04-30,1994-04-25,1994-05-01,1994-04-25,1994-04-30,,,,5737.33,6,False,False,011.idv.tw (close only)
1994-05-07,1994-05-02,1994-05-08,1994-05-02,1994-05-07,,,,5981.73,6,False,False,011.idv.tw (close only)
1994-05-14,1994-05-09,1994-05-15,1994-05-09,1994-05-14,,,,6092.02,6,False,False,011.idv.tw (close only)
1994-05-21,1994-05-16,1994-05-22,1994-05-16,1994-05-21,,,,5831.18,6,False,False,011.idv.tw (close only)
1994-05-28,1994-05-23,1994-05-29,1994-05-23,1994-05-28,,,,5871.70,6,False,False,011.idv.tw (close only)
1994-06-04,1994-05-30,1994-06-05,1994-05-30,1994-06-04,,,,6039.33,6,False,False,011.idv.tw (close only)
1994-06-11,1994-06-06,1994-06-12,1994-06-06,1994-06-11,,,,6073.43,6,False,False,011.idv.tw (close only)
1994-06-17,1994-06-13,1994-06-19,1994-06-14,1994-06-17,,,,6159.74,4,False,False,011.idv.tw (close only)
1994-06-25,1994-06-20,1994-06-26,1994-06-20,1994-06-25,,,,5903.35,6,False,False,011.idv.tw (close only)
1994-07-02,1994-06-27,1994-07-03,1994-06-27,1994-07-02,,,,6005.84,5,False,False,011.idv.tw (close only)
1994-07-09,1994-07-04,1994-07-10,1994-07-04,1994-07-09,,,,6185.27,6,False,False,011.idv.tw (close only)
1994-07-15,1994-07-11,1994-07-17,1994-07-11,1994-07-15,,,,6407.50,5,False,False,011.idv.tw (close only)
1994-07-23,1994-07-18,1994-07-24,1994-07-18,1994-07-23,,,,6556.23,6,False,False,011.idv.tw (close only)
1994-07-30,1994-07-25,1994-07-31,1994-07-25,1994-07-30,,,,6720.05,6,False,False,011.idv.tw (close only)
1994-08-06,1994-08-01,1994-08-07,1994-08-01,1994-08-06,,,,6940.32,6,False,False,011.idv.tw (close only)
1994-08-13,1994-08-08,1994-08-14,1994-08-09,1994-08-13,,,,6563.91,5,False,False,011.idv.tw (close only)
1994-08-20,1994-08-15,1994-08-21,1994-08-15,1994-08-20,,,,6805.84,6,False,False,011.idv.tw (close only)
1994-08-27,1994-08-22,1994-08-28,1994-08-22,1994-08-27,,,,6953.04,6,False,False,011.idv.tw (close only)
1994-09-03,1994-08-29,1994-09-04,1994-08-29,1994-09-03,,,,6951.25,6,False,False,011.idv.tw (close only)
1994-09-10,1994-09-05,1994-09-11,1994-09-05,1994-09-10,,,,6999.82,6,False,False,011.idv.tw (close only)
1994-09-17,1994-09-12,1994-09-18,1994-09-12,1994-09-17,,,,7048.24,6,False,False,011.idv.tw (close only)
1994-09-24,1994-09-19,1994-09-25,1994-09-21,1994-09-24,,,,6922.02,4,False,False,011.idv.tw (close only)
1994-10-01,1994-09-26,1994-10-02,1994-09-26,1994-10-01,,,,7135.12,5,False,False,011.idv.tw (close only)
1994-10-08,1994-10-03,1994-10-09,1994-10-03,1994-10-08,,,,6214.48,6,False,False,011.idv.tw (close only)
1994-10-15,1994-10-10,1994-10-16,1994-10-11,1994-10-15,,,,6695.46,5,False,False,011.idv.tw (close only)
1994-10-22,1994-10-17,1994-10-23,1994-10-17,1994-10-22,,,,6770.96,6,False,False,011.idv.tw (close only)
1994-10-29,1994-10-24,1994-10-30,1994-10-24,1994-10-29,,,,6526.47,5,False,False,011.idv.tw (close only)
1994-11-05,1994-10-31,1994-11-06,1994-11-01,1994-11-05,,,,6372.21,5,False,False,011.idv.tw (close only)
1994-11-11,1994-11-07,1994-11-13,1994-11-07,1994-11-11,,,,6482.68,5,False,False,011.idv.tw (close only)
1994-11-19,1994-11-14,1994-11-20,1994-11-14,1994-11-19,,,,6449.68,6,False,False,011.idv.tw (close only)
1994-11-26,1994-11-21,1994-11-27,1994-11-21,1994-11-26,,,,6439.65,6,False,False,011.idv.tw (close only)
1994-12-02,1994-11-28,1994-12-04,1994-11-28,1994-12-02,,,,6479.82,5,False,False,011.idv.tw (close only)
1994-12-10,1994-12-05,1994-12-11,1994-12-05,1994-12-10,,,,6722.51,6,False,False,011.idv.tw (close only)
1994-12-17,1994-12-12,1994-12-18,1994-12-12,1994-12-17,,,,6937.33,6,False,False,011.idv.tw (close only)
1994-12-24,1994-12-19,1994-12-25,1994-12-19,1994-12-24,,,,6994.11,6,False,False,011.idv.tw (close only)
1994-12-31,1994-12-26,1995-01-01,1994-12-27,1994-12-31,,,,7124.66,5,False,False,011.idv.tw (close only)
1995-01-07,1995-01-02,1995-01-08,1995-01-05,1995-01-07,,,,6915.40,3,False,False,011.idv.tw (close only)
1995-01-14,1995-01-09,1995-01-15,1995-01-09,1995-01-14,,,,6511.30,6,False,False,011.idv.tw (close only)
1995-01-21,1995-01-16,1995-01-22,1995-01-16,1995-01-21,,,,6431.99,6,False,False,011.idv.tw (close only)
1995-01-26,1995-01-23,1995-01-29,1995-01-23,1995-01-26,,,,6307.85,4,False,False,011.idv.tw (close only)
1995-02-04,1995-01-30,1995-02-05,1995-02-04,1995-02-04,,,,6328.38,1,False,False,011.idv.tw (close only)
1995-02-11,1995-02-06,1995-02-12,1995-02-06,1995-02-11,,,,6565.24,6,False,False,011.idv.tw (close only)
1995-02-18,1995-02-13,1995-02-19,1995-02-13,1995-02-18,,,,6650.29,6,False,False,011.idv.tw (close only)
1995-02-25,1995-02-20,1995-02-26,1995-02-20,1995-02-25,,,,6591.36,6,False,False,011.idv.tw (close only)
1995-03-04,1995-02-27,1995-03-05,1995-02-27,1995-03-04,,,,6530.74,6,False,False,011.idv.tw (close only)
1995-03-11,1995-03-06,1995-03-12,1995-03-06,1995-03-11,,,,6480.98,6,False,False,011.idv.tw (close only)
1995-03-18,1995-03-13,1995-03-19,1995-03-13,1995-03-18,,,,6587.96,6,False,False,011.idv.tw (close only)
1995-03-25,1995-03-20,1995-03-26,1995-03-20,1995-03-25,,,,6401.39,6,False,False,011.idv.tw (close only)
1995-04-01,1995-03-27,1995-04-02,1995-03-27,1995-04-01,,,,6573.54,5,False,False,011.idv.tw (close only)
1995-04-08,1995-04-03,1995-04-09,1995-04-06,1995-04-08,,,,6552.49,3,False,False,011.idv.tw (close only)
1995-04-15,1995-04-10,1995-04-16,1995-04-10,1995-04-15,,,,6247.75,6,False,False,011.idv.tw (close only)
1995-04-22,1995-04-17,1995-04-23,1995-04-17,1995-04-22,,,,5987.93,6,False,False,011.idv.tw (close only)
1995-04-29,1995-04-24,1995-04-30,1995-04-24,1995-04-29,,,,5803.78,6,False,False,011.idv.tw (close only)
1995-05-06,1995-05-01,1995-05-07,1995-05-01,1995-05-06,,,,5642.16,6,False,False,011.idv.tw (close only)
1995-05-13,1995-05-08,1995-05-14,1995-05-08,1995-05-13,,,,5844.29,6,False,False,011.idv.tw (close only)
1995-05-20,1995-05-15,1995-05-21,1995-05-15,1995-05-20,,,,5730.94,6,False,False,011.idv.tw (close only)
1995-05-27,1995-05-22,1995-05-28,1995-05-22,1995-05-27,,,,5524.07,6,False,False,011.idv.tw (close only)
1995-06-01,1995-05-29,1995-06-04,1995-05-29,1995-06-01,,,,5714.33,4,False,False,011.idv.tw (close only)
1995-06-10,1995-06-05,1995-06-11,1995-06-05,1995-06-10,,,,5641.19,6,False,False,011.idv.tw (close only)
1995-06-17,1995-06-12,1995-06-18,1995-06-12,1995-06-17,,,,5341.20,6,False,False,011.idv.tw (close only)
1995-06-24,1995-06-19,1995-06-25,1995-06-19,1995-06-24,,,,5629.44,6,False,False,011.idv.tw (close only)
1995-06-30,1995-06-26,1995-07-02,1995-06-26,1995-06-30,,,,5444.97,5,False,False,011.idv.tw (close only)
1995-07-08,1995-07-03,1995-07-09,1995-07-03,1995-07-08,,,,5591.77,6,False,False,011.idv.tw (close only)
1995-07-15,1995-07-10,1995-07-16,1995-07-10,1995-07-15,,,,5505.98,6,False,False,011.idv.tw (close only)
1995-07-22,1995-07-17,1995-07-23,1995-07-17,1995-07-22,,,,5116.91,6,False,False,011.idv.tw (close only)
1995-07-29,1995-07-24,1995-07-30,1995-07-24,1995-07-29,,,,5218.42,6,False,False,011.idv.tw (close only)
1995-08-05,1995-07-31,1995-08-06,1995-07-31,1995-08-05,,,,4823.86,6,False,False,011.idv.tw (close only)
1995-08-12,1995-08-07,1995-08-13,1995-08-07,1995-08-12,,,,4648.37,6,False,False,011.idv.tw (close only)
1995-08-19,1995-08-14,1995-08-20,1995-08-14,1995-08-19,,,,4742.81,6,False,False,011.idv.tw (close only)
1995-08-26,1995-08-21,1995-08-27,1995-08-21,1995-08-26,,,,4650.44,6,False,False,011.idv.tw (close only)
1995-09-02,1995-08-28,1995-09-03,1995-08-28,1995-09-02,,,,4860.91,6,False,False,011.idv.tw (close only)
1995-09-08,1995-09-04,1995-09-10,1995-09-04,1995-09-08,,,,5182.51,5,False,False,011.idv.tw (close only)
1995-09-16,1995-09-11,1995-09-17,1995-09-11,1995-09-16,,,,4962.54,6,False,False,011.idv.tw (close only)
1995-09-23,1995-09-18,1995-09-24,1995-09-18,1995-09-23,,,,4991.57,5,False,False,011.idv.tw (close only)
1995-09-30,1995-09-25,1995-10-01,1995-09-25,1995-09-30,,,,5033.06,5,False,False,011.idv.tw (close only)
1995-10-07,1995-10-02,1995-10-08,1995-10-02,1995-10-07,,,,5207.12,6,False,False,011.idv.tw (close only)
1995-10-14,1995-10-09,1995-10-15,1995-10-09,1995-10-14,,,,5015.61,5,False,False,011.idv.tw (close only)
1995-10-21,1995-10-16,1995-10-22,1995-10-16,1995-10-21,,,,4937.98,6,False,False,011.idv.tw (close only)
1995-10-28,1995-10-23,1995-10-29,1995-10-23,1995-10-28,,,,4897.45,5,False,False,011.idv.tw (close only)
1995-11-04,1995-10-30,1995-11-05,1995-10-30,1995-11-04,,,,4814.35,5,False,False,011.idv.tw (close only)
1995-11-11,1995-11-06,1995-11-12,1995-11-06,1995-11-11,,,,4718.60,6,False,False,011.idv.tw (close only)
1995-11-18,1995-11-13,1995-11-19,1995-11-14,1995-11-18,,,,4583.49,5,False,False,011.idv.tw (close only)
1995-11-25,1995-11-20,1995-11-26,1995-11-20,1995-11-25,,,,4663.81,6,False,False,011.idv.tw (close only)
1995-12-01,1995-11-27,1995-12-03,1995-11-27,1995-12-01,,,,4809.94,5,False,False,011.idv.tw (close only)
1995-12-09,1995-12-04,1995-12-10,1995-12-04,1995-12-09,,,,4884.92,6,False,False,011.idv.tw (close only)
1995-12-16,1995-12-11,1995-12-17,1995-12-11,1995-12-16,,,,5029.61,6,False,False,011.idv.tw (close only)
1995-12-23,1995-12-18,1995-12-24,1995-12-18,1995-12-23,,,,5163.28,6,False,False,011.idv.tw (close only)
1995-12-30,1995-12-25,1995-12-31,1995-12-26,1995-12-30,,,,5173.73,5,False,False,011.idv.tw (close only)
1996-01-06,1996-01-01,1996-01-07,1996-01-04,1996-01-06,,,,4847.21,3,False,False,011.idv.tw (close only)
1996-01-13,1996-01-08,1996-01-14,1996-01-08,1996-01-13,,,,5025.30,6,False,False,011.idv.tw (close only)
1996-01-20,1996-01-15,1996-01-21,1996-01-15,1996-01-20,,,,5037.25,6,False,False,011.idv.tw (close only)
1996-01-27,1996-01-22,1996-01-28,1996-01-22,1996-01-27,,,,4861.53,6,False,False,011.idv.tw (close only)
1996-02-03,1996-01-29,1996-02-04,1996-01-29,1996-02-03,,,,4790.08,6,False,False,011.idv.tw (close only)
1996-02-10,1996-02-05,1996-02-11,1996-02-05,1996-02-10,,,,4776.03,6,False,False,011.idv.tw (close only)
1996-02-15,1996-02-12,1996-02-18,1996-02-12,1996-02-15,,,,4809.02,4,False,False,011.idv.tw (close only)
1996-02-24,1996-02-19,1996-02-25,1996-02-23,1996-02-24,,,,4837.63,2,False,False,011.idv.tw (close only)
1996-03-02,1996-02-26,1996-03-03,1996-02-26,1996-03-02,,,,4854.90,6,False,False,011.idv.tw (close only)
1996-03-09,1996-03-04,1996-03-10,1996-03-04,1996-03-09,,,,4809.51,6,False,False,011.idv.tw (close only)
1996-03-16,1996-03-11,1996-03-17,1996-03-11,1996-03-16,,,,4940.85,6,False,False,011.idv.tw (close only)
1996-03-22,1996-03-18,1996-03-24,1996-03-18,1996-03-22,,,,5066.55,5,False,False,011.idv.tw (close only)
1996-03-28,1996-03-25,1996-03-31,1996-03-25,1996-03-28,,,,5032.35,4,False,False,011.idv.tw (close only)
1996-04-06,1996-04-01,1996-04-07,1996-04-01,1996-04-06,,,,5581.13,4,False,False,011.idv.tw (close only)
1996-04-13,1996-04-08,1996-04-14,1996-04-08,1996-04-13,,,,6070.63,6,False,False,011.idv.tw (close only)
1996-04-20,1996-04-15,1996-04-21,1996-04-15,1996-04-20,,,,5927.52,6,False,False,011.idv.tw (close only)
1996-04-27,1996-04-22,1996-04-28,1996-04-22,1996-04-27,,,,6115.92,6,False,False,011.idv.tw (close only)
1996-05-04,1996-04-29,1996-05-05,1996-04-29,1996-05-04,,,,6141.84,6,False,False,011.idv.tw (close only)
1996-05-11,1996-05-06,1996-05-12,1996-05-06,1996-05-11,,,,6145.77,6,False,False,011.idv.tw (close only)
1996-05-18,1996-05-13,1996-05-19,1996-05-13,1996-05-18,,,,6021.18,6,False,False,011.idv.tw (close only)
1996-05-25,1996-05-20,1996-05-26,1996-05-20,1996-05-25,,,,5909.41,6,False,False,011.idv.tw (close only)
1996-06-01,1996-05-27,1996-06-02,1996-05-27,1996-06-01,,,,5983.39,6,False,False,011.idv.tw (close only)
1996-06-08,1996-06-03,1996-06-09,1996-06-03,1996-06-08,,,,6109.22,6,False,False,011.idv.tw (close only)
1996-06-15,1996-06-10,1996-06-16,1996-06-10,1996-06-15,,,,6412.40,6,False,False,011.idv.tw (close only)
1996-06-22,1996-06-17,1996-06-23,1996-06-17,1996-06-22,,,,6401.35,5,False,False,011.idv.tw (close only)
1996-06-29,1996-06-24,1996-06-30,1996-06-24,1996-06-29,,,,6560.41,6,False,False,011.idv.tw (close only)
1996-07-06,1996-07-01,1996-07-07,1996-07-02,1996-07-06,,,,6380.75,5,False,False,011.idv.tw (close only)
1996-07-13,1996-07-08,1996-07-14,1996-07-08,1996-07-13,,,,6116.88,6,False,False,011.idv.tw (close only)
1996-07-20,1996-07-15,1996-07-21,1996-07-15,1996-07-20,,,,6210.61,6,False,False,011.idv.tw (close only)
1996-07-27,1996-07-22,1996-07-28,1996-07-22,1996-07-27,,,,6173.95,6,False,False,011.idv.tw (close only)
1996-08-03,1996-07-29,1996-08-04,1996-07-29,1996-08-03,,,,6106.87,4,False,False,011.idv.tw (close only)
1996-08-10,1996-08-05,1996-08-11,1996-08-05,1996-08-10,,,,6314.88,6,False,False,011.idv.tw (close only)
1996-08-17,1996-08-12,1996-08-18,1996-08-12,1996-08-17,,,,6228.62,6,False,False,011.idv.tw (close only)
1996-08-24,1996-08-19,1996-08-25,1996-08-19,1996-08-24,,,,6190.56,6,False,False,011.idv.tw (close only)
1996-08-31,1996-08-26,1996-09-01,1996-08-26,1996-08-31,,,,6324.60,6,False,False,011.idv.tw (close only)
1996-09-07,1996-09-02,1996-09-08,1996-09-02,1996-09-07,,,,6371.97,6,False,False,011.idv.tw (close only)
1996-09-14,1996-09-09,1996-09-15,1996-09-09,1996-09-14,,,,6464.55,6,False,False,011.idv.tw (close only)
1996-09-21,1996-09-16,1996-09-22,1996-09-16,1996-09-21,,,,6490.09,6,False,False,011.idv.tw (close only)
1996-09-26,1996-09-23,1996-09-29,1996-09-23,1996-09-26,,,,6508.17,4,False,False,011.idv.tw (close only)
1996-10-05,1996-09-30,1996-10-06,1996-09-30,1996-10-05,,,,6644.66,6,False,False,011.idv.tw (close only)
1996-10-12,1996-10-07,1996-10-13,1996-10-07,1996-10-12,,,,6625.44,5,False,False,011.idv.tw (close only)
1996-10-19,1996-10-14,1996-10-20,1996-10-14,1996-10-19,,,,6431.95,6,False,False,011.idv.tw (close only)
1996-10-24,1996-10-21,1996-10-27,1996-10-21,1996-10-24,,,,6458.91,4,False,False,011.idv.tw (close only)
1996-11-02,1996-10-28,1996-11-03,1996-10-28,1996-11-02,,,,6562.94,5,False,False,011.idv.tw (close only)
1996-11-09,1996-11-04,1996-11-10,1996-11-04,1996-11-09,,,,6583.08,6,False,False,011.idv.tw (close only)
1996-11-16,1996-11-11,1996-11-17,1996-11-11,1996-11-16,,,,6596.10,5,False,False,011.idv.tw (close only)
1996-11-23,1996-11-18,1996-11-24,1996-11-18,1996-11-23,,,,6842.16,6,False,False,011.idv.tw (close only)
1996-11-30,1996-11-25,1996-12-01,1996-11-25,1996-11-30,,,,6826.06,6,False,False,011.idv.tw (close only)
1996-12-07,1996-12-02,1996-12-08,1996-12-02,1996-12-07,,,,6779.61,6,False,False,011.idv.tw (close only)
1996-12-14,1996-12-09,1996-12-15,1996-12-09,1996-12-14,,,,6889.19,6,False,False,011.idv.tw (close only)
1996-12-21,1996-12-16,1996-12-22,1996-12-16,1996-12-21,,,,6900.49,6,False,False,011.idv.tw (close only)
1996-12-28,1996-12-23,1996-12-29,1996-12-23,1996-12-28,,,,6903.90,5,False,False,011.idv.tw (close only)
1997-01-04,1996-12-30,1997-01-05,1996-12-30,1997-01-04,,,,6820.35,3,False,False,011.idv.tw (close only)
1997-01-11,1997-01-06,1997-01-12,1997-01-06,1997-01-11,,,,7118.07,6,False,False,011.idv.tw (close only)
1997-01-18,1997-01-13,1997-01-19,1997-01-13,1997-01-18,,,,7154.20,6,False,False,011.idv.tw (close only)
1997-01-25,1997-01-20,1997-01-26,1997-01-20,1997-01-25,,,,7212.28,6,False,False,011.idv.tw (close only)
1997-02-01,1997-01-27,1997-02-02,1997-01-27,1997-02-01,,,,7315.39,6,False,False,011.idv.tw (close only)
1997-02-03,1997-02-03,1997-02-09,1997-02-03,1997-02-03,,,,7346.88,1,False,False,011.idv.tw (close only)
1997-02-15,1997-02-10,1997-02-16,1997-02-11,1997-02-15,,,,7598.93,5,False,False,011.idv.tw (close only)
1997-02-22,1997-02-17,1997-02-23,1997-02-17,1997-02-22,,,,7739.94,6,False,False,011.idv.tw (close only)
1997-03-01,1997-02-24,1997-03-02,1997-02-24,1997-03-01,,,,7983.71,6,False,False,011.idv.tw (close only)
1997-03-08,1997-03-03,1997-03-09,1997-03-03,1997-03-08,,,,8182.44,6,False,False,011.idv.tw (close only)
1997-03-15,1997-03-10,1997-03-16,1997-03-10,1997-03-15,,,,8291.31,6,False,False,011.idv.tw (close only)
1997-03-22,1997-03-17,1997-03-23,1997-03-17,1997-03-22,,,,8234.07,6,False,False,011.idv.tw (close only)
1997-03-28,1997-03-24,1997-03-30,1997-03-24,1997-03-28,,,,8119.70,5,False,False,011.idv.tw (close only)
1997-04-03,1997-03-31,1997-04-06,1997-03-31,1997-04-03,,,,8367.57,4,False,False,011.idv.tw (close only)
1997-04-12,1997-04-07,1997-04-13,1997-04-07,1997-04-12,,,,8487.89,6,False,False,011.idv.tw (close only)
1997-04-19,1997-04-14,1997-04-20,1997-04-14,1997-04-19,,,,8302.25,6,False,False,011.idv.tw (close only)
1997-04-26,1997-04-21,1997-04-27,1997-04-21,1997-04-26,,,,8661.72,6,False,False,011.idv.tw (close only)
1997-05-03,1997-04-28,1997-05-04,1997-04-28,1997-05-03,,,,8314.67,5,False,False,011.idv.tw (close only)
1997-05-10,1997-05-05,1997-05-11,1997-05-05,1997-05-10,,,,8274.19,6,False,False,011.idv.tw (close only)
1997-05-17,1997-05-12,1997-05-18,1997-05-12,1997-05-17,,,,8141.12,6,False,False,011.idv.tw (close only)
1997-05-24,1997-05-19,1997-05-25,1997-05-19,1997-05-24,,,,8178.70,6,False,False,011.idv.tw (close only)
1997-05-31,1997-05-26,1997-06-01,1997-05-26,1997-05-31,,,,8163.11,6,False,False,011.idv.tw (close only)
1997-06-07,1997-06-02,1997-06-08,1997-06-02,1997-06-07,,,,8367.46,6,False,False,011.idv.tw (close only)
1997-06-14,1997-06-09,1997-06-15,1997-06-10,1997-06-14,,,,8502.18,5,False,False,011.idv.tw (close only)
1997-06-21,1997-06-16,1997-06-22,1997-06-16,1997-06-21,,,,8833.83,6,False,False,011.idv.tw (close only)
1997-06-28,1997-06-23,1997-06-29,1997-06-23,1997-06-28,,,,9024.48,6,False,False,011.idv.tw (close only)
1997-07-05,1997-06-30,1997-07-06,1997-06-30,1997-07-05,,,,9258.63,5,False,False,011.idv.tw (close only)
1997-07-12,1997-07-07,1997-07-13,1997-07-07,1997-07-12,,,,9501.08,6,False,False,011.idv.tw (close only)
1997-07-19,1997-07-14,1997-07-20,1997-07-14,1997-07-19,,,,9749.30,6,False,False,011.idv.tw (close only)
1997-07-26,1997-07-21,1997-07-27,1997-07-21,1997-07-26,,,,9869.25,6,False,False,011.idv.tw (close only)
1997-08-02,1997-07-28,1997-08-03,1997-07-28,1997-08-02,,,,10048.90,6,False,False,011.idv.tw (close only)
1997-08-09,1997-08-04,1997-08-10,1997-08-04,1997-08-09,,,,9993.54,6,False,False,011.idv.tw (close only)
1997-08-16,1997-08-11,1997-08-17,1997-08-11,1997-08-16,,,,9706.57,6,False,False,011.idv.tw (close only)
1997-08-23,1997-08-18,1997-08-24,1997-08-19,1997-08-23,,,,9965.42,5,False,False,011.idv.tw (close only)
1997-08-30,1997-08-25,1997-08-31,1997-08-25,1997-08-30,,,,9756.47,5,False,False,011.idv.tw (close only)
1997-09-06,1997-09-01,1997-09-07,1997-09-01,1997-09-06,,,,9382.73,6,False,False,011.idv.tw (close only)
1997-09-13,1997-09-08,1997-09-14,1997-09-08,1997-09-13,,,,9093.84,6,False,False,011.idv.tw (close only)
1997-09-20,1997-09-15,1997-09-21,1997-09-15,1997-09-20,,,,9201.21,5,False,False,011.idv.tw (close only)
1997-09-27,1997-09-22,1997-09-28,1997-09-22,1997-09-27,,,,8829.38,6,False,False,011.idv.tw (close only)
1997-10-04,1997-09-29,1997-10-05,1997-09-30,1997-10-04,,,,8380.83,5,False,False,011.idv.tw (close only)
1997-10-09,1997-10-06,1997-10-12,1997-10-06,1997-10-09,,,,8461.87,4,False,False,011.idv.tw (close only)
1997-10-18,1997-10-13,1997-10-19,1997-10-13,1997-10-18,,,,7618.45,6,False,False,011.idv.tw (close only)
1997-10-24,1997-10-20,1997-10-26,1997-10-20,1997-10-24,,,,7719.04,5,False,False,011.idv.tw (close only)
1997-10-30,1997-10-27,1997-11-02,1997-10-27,1997-10-30,,,,7313.40,4,False,False,011.idv.tw (close only)
1997-11-08,1997-11-03,1997-11-09,1997-11-03,1997-11-08,,,,7670.76,6,False,False,011.idv.tw (close only)
1997-11-15,1997-11-10,1997-11-16,1997-11-10,1997-11-15,,,,7492.26,5,False,False,011.idv.tw (close only)
1997-11-22,1997-11-17,1997-11-23,1997-11-17,1997-11-22,,,,7907.49,6,False,False,011.idv.tw (close only)
1997-11-28,1997-11-24,1997-11-30,1997-11-24,1997-11-28,,,,7797.19,5,False,False,011.idv.tw (close only)
1997-12-06,1997-12-01,1997-12-07,1997-12-01,1997-12-06,,,,8243.76,6,False,False,011.idv.tw (close only)
1997-12-13,1997-12-08,1997-12-14,1997-12-08,1997-12-13,,,,8343.88,6,False,False,011.idv.tw (close only)
1997-12-20,1997-12-15,1997-12-21,1997-12-15,1997-12-20,,,,8154.27,6,False,False,011.idv.tw (close only)
1997-12-27,1997-12-22,1997-12-28,1997-12-22,1997-12-27,,,,8104.64,5,False,False,011.idv.tw (close only)
1998-01-03,1997-12-29,1998-01-04,1997-12-29,1998-01-03,,,,8159.11,4,False,False,011.idv.tw (close only)
1998-01-09,1998-01-05,1998-01-11,1998-01-05,1998-01-09,,,,7737.20,5,False,False,011.idv.tw (close only)
1998-01-17,1998-01-12,1998-01-18,1998-01-12,1998-01-17,,,,7895.48,6,False,False,011.idv.tw (close only)
1998-01-22,1998-01-19,1998-01-25,1998-01-19,1998-01-22,,,,8085.47,4,False,False,011.idv.tw (close only)
1998-02-07,1998-02-02,1998-02-08,1998-02-02,1998-02-07,,,,8683.46,6,False,False,011.idv.tw (close only)
1998-02-13,1998-02-09,1998-02-15,1998-02-09,1998-02-13,,,,8706.46,5,False,False,011.idv.tw (close only)
1998-02-21,1998-02-16,1998-02-22,1998-02-16,1998-02-21,,,,9088.81,6,False,False,011.idv.tw (close only)
1998-02-27,1998-02-23,1998-03-01,1998-02-23,1998-02-27,,,,9202.56,5,False,False,011.idv.tw (close only)
1998-03-07,1998-03-02,1998-03-08,1998-03-02,1998-03-07,,,,8850.74,6,False,False,011.idv.tw (close only)
1998-03-13,1998-03-09,1998-03-15,1998-03-09,1998-03-13,,,,9055.51,5,False,False,011.idv.tw (close only)
1998-03-21,1998-03-16,1998-03-22,1998-03-16,1998-03-21,,,,8856.06,6,False,False,011.idv.tw (close only)
1998-03-27,1998-03-23,1998-03-29,1998-03-23,1998-03-27,,,,9095.83,5,False,False,011.idv.tw (close only)
1998-04-04,1998-03-30,1998-04-05,1998-03-30,1998-04-04,,,,9239.48,6,False,False,011.idv.tw (close only)
1998-04-10,1998-04-06,1998-04-12,1998-04-07,1998-04-10,,,,9054.02,4,False,False,011.idv.tw (close only)
1998-04-18,1998-04-13,1998-04-19,1998-04-13,1998-04-18,,,,8725.94,6,False,False,011.idv.tw (close only)
1998-04-24,1998-04-20,1998-04-26,1998-04-20,1998-04-24,,,,8636.11,5,False,False,011.idv.tw (close only)
1998-05-02,1998-04-27,1998-05-03,1998-04-27,1998-05-02,,,,8293.46,5,False,False,011.idv.tw (close only)
1998-05-08,1998-05-04,1998-05-10,1998-05-04,1998-05-08,,,,8210.84,5,False,False,011.idv.tw (close only)
1998-05-16,1998-05-11,1998-05-17,1998-05-11,1998-05-16,,,,8066.16,6,False,False,011.idv.tw (close only)
1998-05-22,1998-05-18,1998-05-24,1998-05-18,1998-05-22,,,,8384.91,5,False,False,011.idv.tw (close only)
1998-05-29,1998-05-25,1998-05-31,1998-05-25,1998-05-29,,,,7903.34,5,False,False,011.idv.tw (close only)
1998-06-06,1998-06-01,1998-06-07,1998-06-01,1998-06-06,,,,7636.73,6,False,False,011.idv.tw (close only)
1998-06-12,1998-06-08,1998-06-14,1998-06-08,1998-06-12,,,,7117.11,5,False,False,011.idv.tw (close only)
1998-06-20,1998-06-15,1998-06-21,1998-06-15,1998-06-20,,,,7817.27,6,False,False,011.idv.tw (close only)
1998-06-26,1998-06-22,1998-06-28,1998-06-22,1998-06-26,,,,7681.96,5,False,False,011.idv.tw (close only)
1998-07-04,1998-06-29,1998-07-05,1998-06-29,1998-07-04,,,,7876.24,5,False,False,011.idv.tw (close only)
1998-07-10,1998-07-06,1998-07-12,1998-07-06,1998-07-10,,,,7883.16,5,False,False,011.idv.tw (close only)
1998-07-18,1998-07-13,1998-07-19,1998-07-13,1998-07-18,,,,8039.80,6,False,False,011.idv.tw (close only)
1998-07-24,1998-07-20,1998-07-26,1998-07-20,1998-07-24,,,,7902.40,5,False,False,011.idv.tw (close only)
1998-08-01,1998-07-27,1998-08-02,1998-07-27,1998-08-01,,,,7622.68,6,False,False,011.idv.tw (close only)
1998-08-07,1998-08-03,1998-08-09,1998-08-03,1998-08-07,,,,7530.02,5,False,False,011.idv.tw (close only)
1998-08-15,1998-08-10,1998-08-16,1998-08-10,1998-08-15,,,,7371.84,6,False,False,011.idv.tw (close only)
1998-08-21,1998-08-17,1998-08-23,1998-08-17,1998-08-21,,,,7213.37,5,False,False,011.idv.tw (close only)
1998-08-29,1998-08-24,1998-08-30,1998-08-24,1998-08-29,,,,6735.92,6,False,False,011.idv.tw (close only)
1998-09-05,1998-08-31,1998-09-06,1998-08-31,1998-09-05,,,,6755.71,6,False,False,011.idv.tw (close only)
1998-09-11,1998-09-07,1998-09-13,1998-09-07,1998-09-11,,,,6841.83,5,False,False,011.idv.tw (close only)
1998-09-19,1998-09-14,1998-09-20,1998-09-14,1998-09-19,,,,7149.59,6,False,False,011.idv.tw (close only)
1998-09-25,1998-09-21,1998-09-27,1998-09-21,1998-09-25,,,,6979.89,5,False,False,011.idv.tw (close only)
1998-10-03,1998-09-28,1998-10-04,1998-09-28,1998-10-03,,,,6619.97,6,False,False,011.idv.tw (close only)
1998-10-09,1998-10-05,1998-10-11,1998-10-06,1998-10-09,,,,6944.17,4,False,False,011.idv.tw (close only)
1998-10-17,1998-10-12,1998-10-18,1998-10-12,1998-10-17,,,,6901.19,5,False,False,011.idv.tw (close only)
1998-10-23,1998-10-19,1998-10-25,1998-10-19,1998-10-23,,,,7055.46,5,False,False,011.idv.tw (close only)
1998-10-31,1998-10-26,1998-11-01,1998-10-26,1998-10-31,,,,7165.98,6,False,False,011.idv.tw (close only)
1998-11-07,1998-11-02,1998-11-08,1998-11-02,1998-11-07,,,,6978.72,6,False,False,011.idv.tw (close only)
1998-11-13,1998-11-09,1998-11-15,1998-11-09,1998-11-13,,,,6829.62,4,False,False,011.idv.tw (close only)
1998-11-21,1998-11-16,1998-11-22,1998-11-16,1998-11-21,,,,7366.11,6,False,False,011.idv.tw (close only)
1998-11-27,1998-11-23,1998-11-29,1998-11-23,1998-11-27,,,,7320.12,5,False,False,011.idv.tw (close only)
1998-12-04,1998-11-30,1998-12-06,1998-11-30,1998-12-04,,,,7201.84,5,False,False,011.idv.tw (close only)
1998-12-11,1998-12-07,1998-12-13,1998-12-07,1998-12-11,,,,6939.74,5,False,False,011.idv.tw (close only)
1998-12-19,1998-12-14,1998-12-20,1998-12-14,1998-12-19,,,,6478.11,6,False,False,011.idv.tw (close only)
1998-12-24,1998-12-21,1998-12-27,1998-12-21,1998-12-24,,,,6683.00,4,False,False,011.idv.tw (close only)
1998-12-31,1998-12-28,1999-01-03,1998-12-28,1998-12-31,,,,6418.43,4,False,False,011.idv.tw (close only)
1999-01-08,1999-01-04,1999-01-10,1999-01-05,1999-01-08,6310.41,6492.87,5988.06,6421.75,4,False,True,TWSE
1999-01-16,1999-01-11,1999-01-17,1999-01-11,1999-01-16,6472.02,6577.92,6176.09,6483.30,6,False,True,TWSE
1999-01-22,1999-01-18,1999-01-24,1999-01-18,1999-01-22,6436.17,6477.44,6221.24,6228.95,5,False,True,TWSE
1999-01-30,1999-01-25,1999-01-31,1999-01-25,1999-01-30,6142.73,6204.46,5949.45,5998.32,6,False,True,TWSE
1999-02-06,1999-02-01,1999-02-07,1999-02-01,1999-02-06,5948.35,5948.35,5422.66,5710.18,6,False,True,TWSE
1999-02-10,1999-02-08,1999-02-14,1999-02-08,1999-02-10,5784.14,5869.15,5669.23,5798.00,3,False,True,TWSE
1999-02-20,1999-02-15,1999-02-21,1999-02-20,1999-02-20,6040.57,6086.76,5977.01,6072.33,1,False,True,TWSE
1999-02-26,1999-02-22,1999-02-28,1999-02-22,1999-02-26,6216.01,6383.04,6158.35,6318.52,5,False,True,TWSE
1999-03-06,1999-03-01,1999-03-07,1999-03-01,1999-03-06,6324.40,6498.05,6228.53,6421.73,6,False,True,TWSE
1999-03-12,1999-03-08,1999-03-14,1999-03-08,1999-03-12,6436.97,6537.35,6388.51,6462.73,5,False,True,TWSE
1999-03-20,1999-03-15,1999-03-21,1999-03-15,1999-03-20,6478.57,7050.28,6447.95,6993.38,6,False,True,TWSE
1999-03-26,1999-03-22,1999-03-28,1999-03-22,1999-03-26,7023.14,7133.03,6845.80,7033.25,5,False,True,TWSE
1999-04-03,1999-03-29,1999-04-04,1999-03-29,1999-04-03,7047.24,7276.29,6831.94,7182.20,6,False,True,TWSE
1999-04-09,1999-04-05,1999-04-11,1999-04-06,1999-04-09,7229.94,7381.64,7110.59,7265.70,4,False,True,TWSE
1999-04-17,1999-04-12,1999-04-18,1999-04-12,1999-04-17,7262.36,7590.92,7189.45,7581.50,6,False,True,TWSE
1999-04-23,1999-04-19,1999-04-25,1999-04-19,1999-04-23,7633.73,7703.76,7447.52,7612.80,5,False,True,TWSE
1999-04-30,1999-04-26,1999-05-02,1999-04-26,1999-04-30,7641.08,7664.42,7224.22,7371.17,5,False,True,TWSE
1999-05-07,1999-05-03,1999-05-09,1999-05-03,1999-05-07,7393.58,7664.89,7312.47,7469.33,5,False,True,TWSE
1999-05-15,1999-05-10,1999-05-16,1999-05-10,1999-05-15,7441.28,7622.74,7399.92,7576.64,6,False,True,TWSE
1999-05-21,1999-05-17,1999-05-23,1999-05-17,1999-05-21,7627.30,7705.63,7484.06,7606.69,5,False,True,TWSE
1999-05-29,1999-05-24,1999-05-30,1999-05-24,1999-05-29,7629.71,7644.97,7348.88,7419.70,6,False,True,TWSE
1999-06-05,1999-05-31,1999-06-06,1999-05-31,1999-06-05,7438.97,7684.85,7310.52,7639.30,6,False,True,TWSE
1999-06-11,1999-06-07,1999-06-13,1999-06-07,1999-06-11,7693.25,8058.18,7688.84,7979.40,5,False,True,TWSE
1999-06-17,1999-06-14,1999-06-20,1999-06-14,1999-06-17,8023.71,8290.25,7924.41,8274.36,4,False,True,TWSE
1999-06-25,1999-06-21,1999-06-27,1999-06-21,1999-06-25,8361.05,8661.39,8251.65,8265.96,5,False,True,TWSE
1999-07-03,1999-06-28,1999-07-04,1999-06-28,1999-07-03,8281.70,8710.71,8240.35,8563.55,5,False,True,TWSE
1999-07-09,1999-07-05,1999-07-11,1999-07-05,1999-07-09,8588.15,8668.15,8390.99,8550.27,5,False,True,TWSE
1999-07-17,1999-07-12,1999-07-18,1999-07-12,1999-07-17,8582.89,8592.05,7068.88,7366.23,6,False,True,TWSE
1999-07-23,1999-07-19,1999-07-25,1999-07-19,1999-07-23,7364.88,7830.76,7192.99,7724.52,5,False,True,TWSE
1999-07-31,1999-07-26,1999-08-01,1999-07-26,1999-07-31,7702.08,7730.60,7150.04,7326.75,6,False,True,TWSE
1999-08-07,1999-08-02,1999-08-08,1999-08-02,1999-08-07,7328.54,7355.15,6771.75,7049.74,6,False,True,TWSE
1999-08-13,1999-08-09,1999-08-15,1999-08-09,1999-08-13,7066.76,7683.03,7017.86,7626.05,5,False,True,TWSE
1999-08-21,1999-08-16,1999-08-22,1999-08-16,1999-08-21,7748.15,8278.30,7748.15,8153.57,6,False,True,TWSE
1999-08-27,1999-08-23,1999-08-29,1999-08-23,1999-08-27,8168.77,8255.48,7954.35,8053.97,5,False,True,TWSE
1999-09-04,1999-08-30,1999-09-05,1999-08-30,1999-09-04,8054.83,8414.60,8015.41,8065.11,6,False,True,TWSE
1999-09-10,1999-09-06,1999-09-12,1999-09-06,1999-09-10,8072.77,8196.38,7891.66,8161.46,5,False,True,TWSE
1999-09-18,1999-09-13,1999-09-19,1999-09-13,1999-09-18,8201.00,8250.73,7897.56,8016.93,6,False,True,TWSE
1999-09-20,1999-09-20,1999-09-26,1999-09-20,1999-09-20,8028.42,8028.42,7947.94,7972.14,1,False,True,TWSE
1999-10-02,1999-09-27,1999-10-03,1999-09-27,1999-10-02,7789.84,7789.84,7415.58,7659.55,6,False,True,TWSE
1999-10-08,1999-10-04,1999-10-10,1999-10-04,1999-10-08,7668.69,7763.61,7462.45,7552.98,5,False,True,TWSE
1999-10-16,1999-10-11,1999-10-17,1999-10-11,1999-10-16,7555.94,7959.52,7554.07,7829.39,6,False,True,TWSE
1999-10-22,1999-10-18,1999-10-24,1999-10-18,1999-10-22,7804.80,7818.60,7505.07,7559.63,5,False,True,TWSE
1999-10-30,1999-10-25,1999-10-31,1999-10-25,1999-10-30,7583.70,7859.55,7570.71,7854.85,6,False,True,TWSE
1999-11-06,1999-11-01,1999-11-07,1999-11-01,1999-11-06,7871.07,7874.26,7371.51,7376.56,6,False,True,TWSE
1999-11-11,1999-11-08,1999-11-14,1999-11-08,1999-11-11,7318.28,7549.29,7261.31,7532.22,4,False,True,TWSE
1999-11-20,1999-11-15,1999-11-21,1999-11-15,1999-11-20,7575.61,7944.49,7492.48,7900.34,6,False,True,TWSE
1999-11-26,1999-11-22,1999-11-28,1999-11-22,1999-11-26,7967.05,8152.33,7558.40,7595.44,5,False,True,TWSE
1999-12-04,1999-11-29,1999-12-05,1999-11-29,1999-12-04,7706.12,8087.49,7684.42,7964.49,6,False,True,TWSE
1999-12-10,1999-12-06,1999-12-12,1999-12-06,1999-12-10,7982.74,7982.74,7687.36,7733.77,5,False,True,TWSE
1999-12-18,1999-12-13,1999-12-19,1999-12-13,1999-12-18,7782.48,7932.47,7684.64,7797.87,6,False,True,TWSE
1999-12-24,1999-12-20,1999-12-26,1999-12-20,1999-12-24,7821.95,8225.39,7741.84,8219.45,5,False,True,TWSE
1999-12-28,1999-12-27,2000-01-02,1999-12-27,1999-12-28,8274.83,8480.50,8253.79,8448.84,2,False,True,TWSE
2000-01-07,2000-01-03,2000-01-09,2000-01-04,2000-01-07,8644.91,9023.99,8642.50,8845.47,4,False,True,TWSE
2000-01-15,2000-01-10,2000-01-16,2000-01-10,2000-01-15,8918.60,9332.52,8890.45,9191.37,6,False,True,TWSE
2000-01-21,2000-01-17,2000-01-23,2000-01-17,2000-01-21,9256.57,9384.52,9077.70,9255.94,5,False,True,TWSE
2000-01-29,2000-01-24,2000-01-30,2000-01-24,2000-01-29,9327.98,9753.72,9308.01,9636.38,6,False,True,TWSE
2000-02-01,2000-01-31,2000-02-06,2000-01-31,2000-02-01,9653.24,9901.80,9613.80,9856.39,2,False,True,TWSE
2000-02-11,2000-02-07,2000-02-13,2000-02-09,2000-02-11,10039.67,10227.33,9932.07,10128.67,3,False,True,TWSE
2000-02-19,2000-02-14,2000-02-20,2000-02-14,2000-02-19,10140.65,10393.59,9853.86,10161.05,6,False,True,TWSE
2000-02-25,2000-02-21,2000-02-27,2000-02-21,2000-02-25,10165.24,10212.99,9407.79,9432.49,5,False,True,TWSE
2000-03-04,2000-02-28,2000-03-05,2000-02-29,2000-03-04,9525.65,9781.27,9410.11,9517.97,5,False,True,TWSE
2000-03-10,2000-03-06,2000-03-12,2000-03-06,2000-03-10,9519.80,9712.39,9286.39,9429.60,5,False,True,TWSE
2000-03-17,2000-03-13,2000-03-19,2000-03-13,2000-03-17,9279.90,9279.90,8250.46,8763.27,5,False,True,TWSE
2000-03-24,2000-03-20,2000-03-26,2000-03-20,2000-03-24,8509.32,9571.28,8355.89,9482.64,5,False,True,TWSE
2000-04-01,2000-03-27,2000-04-02,2000-03-27,2000-04-01,9531.91,10071.26,9531.91,10050.43,6,False,True,TWSE
2000-04-08,2000-04-03,2000-04-09,2000-04-05,2000-04-08,9923.74,10328.98,9894.26,9934.57,4,False,True,TWSE
2000-04-15,2000-04-10,2000-04-16,2000-04-10,2000-04-15,9962.65,10194.91,8780.08,8866.80,6,False,True,TWSE
2000-04-21,2000-04-17,2000-04-23,2000-04-17,2000-04-21,8848.16,9477.67,8796.77,9120.48,5,False,True,TWSE
2000-04-29,2000-04-24,2000-04-30,2000-04-24,2000-04-29,9128.95,9128.95,8458.40,8777.35,6,False,True,TWSE
2000-05-06,2000-05-01,2000-05-07,2000-05-02,2000-05-06,8836.83,8838.78,8338.92,8657.13,5,False,True,TWSE
2000-05-12,2000-05-08,2000-05-14,2000-05-08,2000-05-12,8669.47,8749.62,8281.68,8560.44,5,False,True,TWSE
2000-05-20,2000-05-15,2000-05-21,2000-05-15,2000-05-20,8639.94,9167.78,8461.27,8820.35,6,False,True,TWSE
2000-05-26,2000-05-22,2000-05-28,2000-05-22,2000-05-26,8903.32,8967.36,8386.37,8559.46,5,False,True,TWSE
2000-06-03,2000-05-29,2000-06-04,2000-05-29,2000-06-03,8593.62,9059.88,8571.35,8935.64,6,False,True,TWSE
2000-06-09,2000-06-05,2000-06-11,2000-06-05,2000-06-09,8961.36,9209.48,8894.82,9036.66,4,False,True,TWSE
2000-06-17,2000-06-12,2000-06-18,2000-06-12,2000-06-17,9065.22,9083.85,8753.67,8770.80,6,False,True,TWSE
2000-06-23,2000-06-19,2000-06-25,2000-06-19,2000-06-23,8786.37,8861.03,8616.85,8684.93,5,False,True,TWSE
2000-06-30,2000-06-26,2000-07-02,2000-06-26,2000-06-30,8672.80,8675.47,8050.02,8265.09,5,False,True,TWSE
2000-07-07,2000-07-03,2000-07-09,2000-07-03,2000-07-07,8260.95,8438.72,7988.54,8173.08,5,False,True,TWSE
2000-07-15,2000-07-10,2000-07-16,2000-07-10,2000-07-15,8209.86,8605.04,8015.38,8518.13,6,False,True,TWSE
2000-07-21,2000-07-17,2000-07-23,2000-07-17,2000-07-21,8601.26,8643.21,8058.14,8167.37,5,False,True,TWSE
2000-07-29,2000-07-24,2000-07-30,2000-07-24,2000-07-29,8132.39,8178.74,7723.44,8143.93,6,False,True,TWSE
2000-08-05,2000-07-31,2000-08-06,2000-07-31,2000-08-05,8154.99,8192.73,7736.19,7841.43,6,False,True,TWSE
2000-08-11,2000-08-07,2000-08-13,2000-08-07,2000-08-11,7804.00,8105.63,7670.28,7974.65,5,False,True,TWSE
2000-08-19,2000-08-14,2000-08-20,2000-08-14,2000-08-19,7977.42,8276.24,7821.74,8209.07,6,False,True,TWSE
2000-08-25,2000-08-21,2000-08-27,2000-08-21,2000-08-25,8232.91,8305.67,8014.95,8026.32,4,False,True,TWSE
2000-09-02,2000-08-28,2000-09-03,2000-08-28,2000-09-02,7985.45,7985.45,7381.01,7707.59,6,False,True,TWSE
2000-09-08,2000-09-04,2000-09-10,2000-09-04,2000-09-08,7758.54,7829.34,7360.50,7367.99,5,False,True,TWSE
2000-09-16,2000-09-11,2000-09-17,2000-09-11,2000-09-16,7297.78,7407.78,7003.60,7053.29,5,False,True,TWSE
2000-09-22,2000-09-18,2000-09-24,2000-09-18,2000-09-22,6990.48,7026.27,6600.10,6612.09,5,False,True,TWSE
2000-09-30,2000-09-25,2000-10-01,2000-09-25,2000-09-30,6618.16,6840.38,6155.65,6185.14,6,False,True,TWSE
2000-10-07,2000-10-02,2000-10-08,2000-10-02,2000-10-07,6165.64,6425.69,5904.98,6352.03,6,False,True,TWSE
2000-10-13,2000-10-09,2000-10-15,2000-10-09,2000-10-13,6336.30,6338.52,5482.98,5876.11,4,False,True,TWSE
2000-10-21,2000-10-16,2000-10-22,2000-10-16,2000-10-21,6060.44,6161.16,5074.44,5599.74,6,False,True,TWSE
2000-10-27,2000-10-23,2000-10-29,2000-10-23,2000-10-27,5644.73,6035.17,5539.97,5805.17,5,False,True,TWSE
2000-11-04,2000-10-30,2000-11-05,2000-10-30,2000-11-04,5644.26,5875.08,5381.42,5677.30,6,False,True,TWSE
2000-11-10,2000-11-06,2000-11-12,2000-11-06,2000-11-10,5679.09,6164.62,5609.14,6088.74,5,False,True,TWSE
2000-11-18,2000-11-13,2000-11-19,2000-11-13,2000-11-18,5878.64,5942.06,5134.31,5167.35,6,False,True,TWSE
2000-11-24,2000-11-20,2000-11-26,2000-11-20,2000-11-24,4994.73,5423.43,4760.68,5419.99,5,False,True,TWSE
2000-12-02,2000-11-27,2000-12-03,2000-11-27,2000-12-02,5510.80,5526.13,5163.23,5277.35,6,False,True,TWSE
2000-12-08,2000-12-04,2000-12-10,2000-12-04,2000-12-08,5239.82,5366.79,5102.68,5252.83,5,False,True,TWSE
2000-12-16,2000-12-11,2000-12-17,2000-12-11,2000-12-16,5283.81,5403.14,5132.76,5134.10,6,False,True,TWSE
2000-12-22,2000-12-18,2000-12-24,2000-12-18,2000-12-22,5116.07,5127.73,4728.41,4811.22,5,False,True,TWSE
2000-12-30,2000-12-25,2000-12-31,2000-12-26,2000-12-30,4871.86,4880.41,4555.91,4739.09,5,False,True,TWSE
2001-01-05,2001-01-01,2001-01-07,2001-01-02,2001-01-05,4717.49,5295.53,4678.00,5295.53,4,False,True,TWSE
2001-01-12,2001-01-08,2001-01-14,2001-01-08,2001-01-12,5248.10,5531.20,5188.51,5339.40,5,False,True,TWSE
2001-01-18,2001-01-15,2001-01-21,2001-01-15,2001-01-18,5292.75,5892.53,5254.83,5847.91,4,False,True,TWSE
2001-02-02,2001-01-29,2001-02-04,2001-01-29,2001-02-02,5850.70,6103.10,5577.87,6049.26,5,False,True,TWSE
2001-02-09,2001-02-05,2001-02-11,2001-02-05,2001-02-09,6012.43,6042.72,5653.86,5809.84,5,False,True,TWSE
2001-02-16,2001-02-12,2001-02-18,2001-02-12,2001-02-16,5807.61,6198.22,5795.68,6045.67,5,False,True,TWSE
2001-02-23,2001-02-19,2001-02-25,2001-02-19,2001-02-23,5921.18,6079.62,5678.23,5726.93,5,False,True,TWSE
2001-03-02,2001-02-26,2001-03-04,2001-02-26,2001-03-02,5746.65,5805.40,5471.62,5499.54,4,False,True,TWSE
2001-03-09,2001-03-05,2001-03-11,2001-03-05,2001-03-09,5506.60,5794.34,5473.01,5680.43,5,False,True,TWSE
2001-03-16,2001-03-12,2001-03-18,2001-03-12,2001-03-16,5578.69,5846.39,5498.56,5783.93,5,False,True,TWSE
2001-03-23,2001-03-19,2001-03-25,2001-03-19,2001-03-23,5783.02,5836.17,5602.14,5800.55,5,False,True,TWSE
2001-03-30,2001-03-26,2001-04-01,2001-03-26,2001-03-30,5848.63,5981.31,5772.39,5797.92,5,False,True,TWSE
2001-04-06,2001-04-02,2001-04-08,2001-04-02,2001-04-06,5797.85,5797.85,5345.60,5515.13,4,False,True,TWSE
2001-04-13,2001-04-09,2001-04-15,2001-04-09,2001-04-13,5476.75,5601.49,5349.14,5495.47,5,False,True,TWSE
2001-04-20,2001-04-16,2001-04-22,2001-04-16,2001-04-20,5490.42,5683.63,5391.25,5596.63,5,False,True,TWSE
2001-04-27,2001-04-23,2001-04-29,2001-04-23,2001-04-27,5607.46,5644.68,5416.67,5416.67,5,False,True,TWSE
2001-05-04,2001-04-30,2001-05-06,2001-04-30,2001-05-04,5430.59,5502.53,5211.70,5244.05,4,False,True,TWSE
2001-05-11,2001-05-07,2001-05-13,2001-05-07,2001-05-11,5278.91,5316.79,5033.56,5232.72,5,False,True,TWSE
2001-05-18,2001-05-14,2001-05-20,2001-05-14,2001-05-18,5161.25,5212.04,5081.14,5111.67,5,False,True,TWSE
2001-05-25,2001-05-21,2001-05-27,2001-05-21,2001-05-25,5079.72,5246.79,4902.22,5170.08,5,False,True,TWSE
2001-06-01,2001-05-28,2001-06-03,2001-05-28,2001-06-01,5123.90,5174.81,4991.32,5013.96,5,False,True,TWSE
2001-06-08,2001-06-04,2001-06-10,2001-06-04,2001-06-08,5012.14,5282.82,4944.98,5226.28,5,False,True,TWSE
2001-06-15,2001-06-11,2001-06-17,2001-06-11,2001-06-15,5211.70,5318.71,5080.80,5158.63,5,False,True,TWSE
2001-06-22,2001-06-18,2001-06-24,2001-06-18,2001-06-22,5132.52,5132.60,4884.91,4904.34,5,False,True,TWSE
2001-06-29,2001-06-25,2001-07-01,2001-06-26,2001-06-29,4932.15,4948.44,4741.54,4883.43,4,False,True,TWSE
2001-07-06,2001-07-02,2001-07-08,2001-07-02,2001-07-06,4886.49,4906.82,4663.82,4707.01,5,False,True,TWSE
2001-07-13,2001-07-09,2001-07-15,2001-07-09,2001-07-13,4677.04,4715.33,4483.09,4485.68,5,False,True,TWSE
2001-07-20,2001-07-16,2001-07-22,2001-07-16,2001-07-20,4505.72,4510.74,4065.64,4220.33,5,False,True,TWSE
2001-07-27,2001-07-23,2001-07-29,2001-07-23,2001-07-27,4248.35,4417.62,4008.08,4320.59,5,False,True,TWSE
2001-08-03,2001-07-30,2001-08-05,2001-07-31,2001-08-03,4299.57,4579.16,4275.42,4530.68,4,False,True,TWSE
2001-08-10,2001-08-06,2001-08-12,2001-08-06,2001-08-10,4507.84,4527.75,4367.54,4476.91,5,False,True,TWSE
2001-08-17,2001-08-13,2001-08-19,2001-08-13,2001-08-17,4492.28,4715.20,4470.17,4638.36,5,False,True,TWSE
2001-08-24,2001-08-20,2001-08-26,2001-08-20,2001-08-24,4520.12,4595.75,4303.34,4310.32,5,False,True,TWSE
2001-08-31,2001-08-27,2001-09-02,2001-08-27,2001-08-31,4352.34,4576.33,4333.20,4509.44,5,False,True,TWSE
2001-09-07,2001-09-03,2001-09-09,2001-09-03,2001-09-07,4520.00,4526.27,4244.86,4302.16,5,False,True,TWSE
2001-09-14,2001-09-10,2001-09-16,2001-09-10,2001-09-14,4254.48,4305.74,3763.42,3774.62,4,False,True,TWSE
2001-09-21,2001-09-17,2001-09-23,2001-09-18,2001-09-21,3871.31,3916.93,3588.46,3591.85,4,False,True,TWSE + Yahoo Finance ^TWII
2001-09-28,2001-09-24,2001-09-30,2001-09-24,2001-09-28,3503.33,3649.19,3411.68,3636.94,5,False,True,TWSE
2001-10-05,2001-10-01,2001-10-07,2001-10-02,2001-10-05,3623.67,3623.67,3436.25,3585.46,4,False,True,TWSE
2001-10-12,2001-10-08,2001-10-14,2001-10-08,2001-10-12,3519.35,3898.36,3495.93,3801.50,4,False,True,TWSE
2001-10-19,2001-10-15,2001-10-21,2001-10-15,2001-10-19,3724.66,3872.81,3699.82,3845.62,5,False,True,TWSE
2001-10-26,2001-10-22,2001-10-28,2001-10-22,2001-10-26,3866.70,4104.21,3861.71,4043.57,5,False,True,TWSE
2001-11-02,2001-10-29,2001-11-04,2001-10-29,2001-11-02,4081.94,4084.89,3872.33,3998.48,5,False,True,TWSE
2001-11-09,2001-11-05,2001-11-11,2001-11-05,2001-11-09,4014.74,4208.51,3984.68,4123.78,5,False,True,TWSE
2001-11-16,2001-11-12,2001-11-18,2001-11-12,2001-11-16,4126.00,4491.50,4090.96,4446.62,5,False,True,TWSE
2001-11-23,2001-11-19,2001-11-25,2001-11-19,2001-11-23,4459.39,4605.68,4401.46,4519.08,5,False,True,TWSE
2001-11-30,2001-11-26,2001-12-02,2001-11-26,2001-11-30,4560.56,4722.18,4376.22,4441.12,5,False,True,TWSE
2001-12-07,2001-12-03,2001-12-09,2001-12-03,2001-12-07,4534.37,5335.01,4532.19,5333.93,5,False,True,TWSE
2001-12-14,2001-12-10,2001-12-16,2001-12-10,2001-12-14,5345.51,5651.98,5191.32,5486.73,5,False,True,TWSE
2001-12-21,2001-12-17,2001-12-23,2001-12-17,2001-12-21,5502.04,5588.45,5090.55,5109.24,5,False,True,TWSE
2001-12-28,2001-12-24,2001-12-30,2001-12-24,2001-12-28,5132.61,5505.19,5100.52,5398.28,5,False,True,TWSE
2002-01-04,2001-12-31,2002-01-06,2001-12-31,2002-01-04,5481.07,5690.29,5477.53,5638.53,4,False,True,TWSE
2002-01-11,2002-01-07,2002-01-13,2002-01-07,2002-01-11,5691.15,5926.99,5657.93,5687.59,5,False,True,TWSE
2002-01-18,2002-01-14,2002-01-20,2002-01-14,2002-01-18,5625.64,5661.02,5375.40,5522.80,5,False,True,TWSE
2002-01-25,2002-01-21,2002-01-27,2002-01-21,2002-01-25,5569.60,5978.57,5565.01,5950.64,5,False,True,TWSE
2002-02-01,2002-01-28,2002-02-03,2002-01-28,2002-02-01,6026.87,6049.12,5738.99,5857.93,5,False,True,TWSE
2002-02-06,2002-02-04,2002-02-10,2002-02-04,2002-02-06,5867.45,5978.89,5773.07,5926.08,3,False,True,TWSE
2002-02-22,2002-02-18,2002-02-24,2002-02-18,2002-02-22,6048.65,6048.65,5532.17,5609.83,5,False,True,TWSE
2002-03-01,2002-02-25,2002-03-03,2002-02-25,2002-03-01,5644.22,5736.22,5492.94,5680.78,4,False,True,TWSE
2002-03-08,2002-03-04,2002-03-10,2002-03-04,2002-03-08,5878.46,6137.01,5834.26,6011.65,5,False,True,TWSE
2002-03-15,2002-03-11,2002-03-17,2002-03-11,2002-03-15,6088.19,6212.28,5939.46,5951.45,5,False,True,TWSE
2002-03-22,2002-03-18,2002-03-24,2002-03-18,2002-03-22,5999.60,6203.21,5877.39,6140.42,5,False,True,TWSE
2002-03-29,2002-03-25,2002-03-31,2002-03-25,2002-03-29,6194.16,6326.43,6100.72,6167.47,5,False,True,TWSE
2002-04-04,2002-04-01,2002-04-07,2002-04-01,2002-04-04,6118.45,6326.13,6118.45,6207.09,4,False,True,TWSE
2002-04-12,2002-04-08,2002-04-14,2002-04-08,2002-04-12,6204.57,6246.32,6009.45,6182.59,5,False,True,TWSE
2002-04-19,2002-04-15,2002-04-21,2002-04-15,2002-04-19,6226.57,6460.87,6179.61,6448.12,5,False,True,TWSE
2002-04-26,2002-04-22,2002-04-28,2002-04-22,2002-04-26,6470.45,6484.93,6266.46,6306.93,5,False,True,TWSE
2002-05-03,2002-04-29,2002-05-05,2002-04-29,2002-05-03,6244.26,6258.18,5750.82,5910.32,4,False,True,TWSE
2002-05-10,2002-05-06,2002-05-12,2002-05-06,2002-05-10,5807.50,5884.28,5525.30,5807.30,5,False,True,TWSE
2002-05-17,2002-05-13,2002-05-19,2002-05-13,2002-05-17,5751.46,5933.68,5718.60,5789.84,5,False,True,TWSE
2002-05-24,2002-05-20,2002-05-26,2002-05-20,2002-05-24,5739.45,5739.45,5421.80,5706.40,5,False,True,TWSE
2002-05-31,2002-05-27,2002-06-02,2002-05-27,2002-05-31,5624.81,5796.73,5565.00,5675.65,5,False,True,TWSE
2002-06-07,2002-06-03,2002-06-09,2002-06-03,2002-06-07,5628.27,5656.91,5423.26,5433.02,5,False,True,TWSE
2002-06-14,2002-06-10,2002-06-16,2002-06-10,2002-06-14,5477.01,5585.51,5357.12,5562.12,5,False,True,TWSE
2002-06-21,2002-06-17,2002-06-23,2002-06-17,2002-06-21,5589.64,5625.15,5264.35,5460.53,5,False,True,TWSE
2002-06-28,2002-06-24,2002-06-30,2002-06-24,2002-06-28,5440.61,5467.25,5048.31,5153.71,5,False,True,TWSE
2002-07-05,2002-07-01,2002-07-07,2002-07-01,2002-07-05,5124.50,5255.23,4808.16,5255.23,5,False,True,TWSE
2002-07-12,2002-07-08,2002-07-14,2002-07-08,2002-07-12,5350.31,5420.15,5162.26,5416.50,5,False,True,TWSE
2002-07-19,2002-07-15,2002-07-21,2002-07-15,2002-07-19,5427.33,5460.09,5133.29,5161.92,5,False,True,TWSE
2002-07-26,2002-07-22,2002-07-28,2002-07-22,2002-07-26,5064.51,5171.51,4828.51,4855.34,5,False,True,TWSE
2002-08-02,2002-07-29,2002-08-04,2002-07-29,2002-08-02,4826.82,5019.82,4796.45,4920.89,5,False,True,TWSE
2002-08-09,2002-08-05,2002-08-11,2002-08-05,2002-08-09,4684.55,4861.98,4506.60,4851.44,5,False,True,TWSE
2002-08-16,2002-08-12,2002-08-18,2002-08-12,2002-08-16,4855.61,5008.35,4787.96,4919.02,5,False,True,TWSE
2002-08-23,2002-08-19,2002-08-25,2002-08-19,2002-08-23,4937.77,5030.24,4856.03,4968.85,5,False,True,TWSE
2002-08-30,2002-08-26,2002-09-01,2002-08-26,2002-08-30,4933.85,4958.78,4747.42,4764.94,5,False,True,TWSE
2002-09-05,2002-09-02,2002-09-08,2002-09-02,2002-09-05,4756.01,4756.01,4459.37,4459.37,4,False,True,TWSE
2002-09-13,2002-09-09,2002-09-15,2002-09-09,2002-09-13,4475.99,4707.55,4438.91,4580.17,5,False,True,TWSE
2002-09-20,2002-09-16,2002-09-22,2002-09-16,2002-09-20,4578.15,4633.86,4369.51,4429.25,5,False,True,TWSE
2002-09-27,2002-09-23,2002-09-29,2002-09-23,2002-09-27,4424.16,4450.08,4127.59,4208.80,5,False,True,TWSE
2002-10-04,2002-09-30,2002-10-06,2002-09-30,2002-10-04,4147.04,4260.41,4014.21,4067.79,5,False,True,TWSE + Yahoo Finance ^TWII
2002-10-11,2002-10-07,2002-10-13,2002-10-07,2002-10-11,4020.42,4031.57,3845.76,3850.04,4,False,True,Yahoo Finance ^TWII
2002-10-18,2002-10-14,2002-10-20,2002-10-14,2002-10-18,3885.68,4465.99,3847.10,4458.17,5,False,True,Yahoo Finance ^TWII
2002-10-25,2002-10-21,2002-10-27,2002-10-21,2002-10-25,4446.10,4633.09,4352.32,4564.06,5,False,True,Yahoo Finance ^TWII
2002-11-01,2002-10-28,2002-11-03,2002-10-28,2002-11-01,4630.84,4682.94,4448.03,4500.55,5,False,True,Yahoo Finance ^TWII
2002-11-08,2002-11-04,2002-11-10,2002-11-04,2002-11-08,4599.48,4811.01,4546.76,4811.01,5,False,True,Yahoo Finance ^TWII
2002-11-15,2002-11-11,2002-11-17,2002-11-11,2002-11-15,4790.94,4828.28,4603.62,4813.53,5,False,True,Yahoo Finance ^TWII
2002-11-22,2002-11-18,2002-11-24,2002-11-18,2002-11-22,4828.44,4862.66,4573.08,4707.61,5,False,True,Yahoo Finance ^TWII
2002-11-29,2002-11-25,2002-12-01,2002-11-25,2002-11-29,4731.31,4772.36,4588.40,4646.69,5,False,True,Yahoo Finance ^TWII
2002-12-06,2002-12-02,2002-12-08,2002-12-02,2002-12-06,4655.42,4805.65,4613.15,4738.98,5,False,True,Yahoo Finance ^TWII
2002-12-13,2002-12-09,2002-12-15,2002-12-09,2002-12-13,4826.12,4867.23,4586.41,4588.14,5,False,True,Yahoo Finance ^TWII
2002-12-20,2002-12-16,2002-12-22,2002-12-16,2002-12-20,4554.98,4633.65,4480.98,4595.67,5,False,True,Yahoo Finance ^TWII
2002-12-27,2002-12-23,2002-12-29,2002-12-23,2002-12-27,4607.79,4627.72,4462.21,4547.32,5,False,True,Yahoo Finance ^TWII
2003-01-03,2002-12-30,2003-01-05,2002-12-30,2003-01-03,4508.59,4641.46,4413.14,4626.32,4,False,True,Yahoo Finance ^TWII
2003-01-10,2003-01-06,2003-01-12,2003-01-06,2003-01-10,4653.99,4884.64,4635.87,4850.80,5,False,True,Yahoo Finance ^TWII
2003-01-17,2003-01-13,2003-01-19,2003-01-13,2003-01-17,4895.30,5082.39,4895.30,4907.78,5,False,True,Yahoo Finance ^TWII
2003-01-24,2003-01-20,2003-01-26,2003-01-20,2003-01-24,4875.74,5141.80,4875.74,5057.32,5,False,True,Yahoo Finance ^TWII
2003-01-28,2003-01-27,2003-02-02,2003-01-27,2003-01-28,5037.10,5055.31,4942.89,5015.16,2,False,True,Yahoo Finance ^TWII
2003-02-07,2003-02-03,2003-02-09,2003-02-06,2003-02-07,4975.65,4975.65,4641.06,4735.37,2,False,True,Yahoo Finance ^TWII
2003-02-14,2003-02-10,2003-02-16,2003-02-10,2003-02-14,4696.57,4715.18,4463.06,4493.99,5,False,True,Yahoo Finance ^TWII
2003-02-21,2003-02-17,2003-02-23,2003-02-17,2003-02-21,4629.57,4707.73,4520.76,4548.35,5,False,True,Yahoo Finance ^TWII
2003-02-27,2003-02-24,2003-03-02,2003-02-24,2003-02-27,4585.80,4613.08,4385.61,4432.46,4,False,True,Yahoo Finance ^TWII
2003-03-07,2003-03-03,2003-03-09,2003-03-03,2003-03-07,4483.44,4546.85,4312.28,4350.59,5,False,True,Yahoo Finance ^TWII
2003-03-14,2003-03-10,2003-03-16,2003-03-10,2003-03-14,4370.68,4532.97,4240.60,4476.17,5,False,True,Yahoo Finance ^TWII
2003-03-21,2003-03-17,2003-03-23,2003-03-17,2003-03-21,4441.80,4615.84,4357.88,4586.92,5,False,True,Yahoo Finance ^TWII
2003-03-28,2003-03-24,2003-03-30,2003-03-24,2003-03-28,4619.07,4619.98,4465.28,4477.01,5,False,True,Yahoo Finance ^TWII
2003-04-04,2003-03-31,2003-04-06,2003-03-31,2003-04-04,4442.10,4499.18,4275.39,4499.18,5,False,True,Yahoo Finance ^TWII
2003-04-11,2003-04-07,2003-04-13,2003-04-07,2003-04-11,4505.74,4606.90,4479.12,4530.40,5,False,True,Yahoo Finance ^TWII
2003-04-18,2003-04-14,2003-04-20,2003-04-14,2003-04-18,4540.09,4677.42,4456.96,4658.30,5,False,True,Yahoo Finance ^TWII
2003-04-25,2003-04-21,2003-04-27,2003-04-21,2003-04-25,4652.24,4661.89,4231.56,4233.54,5,False,True,Yahoo Finance ^TWII
2003-05-02,2003-04-28,2003-05-04,2003-04-28,2003-05-02,4126.25,4268.84,4044.73,4187.82,4,False,True,Yahoo Finance ^TWII
2003-05-09,2003-05-05,2003-05-11,2003-05-05,2003-05-09,4167.42,4278.89,4146.14,4244.18,5,False,True,Yahoo Finance ^TWII
2003-05-16,2003-05-12,2003-05-18,2003-05-12,2003-05-16,4264.74,4365.11,4245.21,4283.77,5,False,True,Yahoo Finance ^TWII
2003-05-23,2003-05-19,2003-05-25,2003-05-19,2003-05-23,4259.88,4360.94,4184.85,4349.52,5,False,True,Yahoo Finance ^TWII
2003-05-30,2003-05-26,2003-06-01,2003-05-26,2003-05-30,4393.40,4639.01,4393.40,4555.90,5,False,True,Yahoo Finance ^TWII
2003-06-06,2003-06-02,2003-06-08,2003-06-02,2003-06-06,4620.54,4779.40,4612.10,4740.45,4,False,True,Yahoo Finance ^TWII
2003-06-13,2003-06-09,2003-06-15,2003-06-09,2003-06-13,4725.84,4914.41,4715.82,4881.90,5,False,True,Yahoo Finance ^TWII
2003-06-20,2003-06-16,2003-06-22,2003-06-16,2003-06-20,4875.43,5089.08,4873.67,5002.58,5,False,True,Yahoo Finance ^TWII
2003-06-27,2003-06-23,2003-06-29,2003-06-23,2003-06-27,5014.80,5036.86,4856.33,4877.90,5,False,True,Yahoo Finance ^TWII
2003-07-04,2003-06-30,2003-07-06,2003-06-30,2003-07-04,4881.80,5197.72,4864.57,5151.85,5,False,True,Yahoo Finance ^TWII
2003-07-11,2003-07-07,2003-07-13,2003-07-07,2003-07-11,5227.31,5416.98,5179.36,5239.96,5,False,True,Yahoo Finance ^TWII
2003-07-18,2003-07-14,2003-07-20,2003-07-14,2003-07-18,5282.98,5435.12,5250.03,5287.38,5,False,True,Yahoo Finance ^TWII
2003-07-25,2003-07-21,2003-07-27,2003-07-21,2003-07-25,5338.53,5441.02,5213.06,5394.75,5,False,True,Yahoo Finance ^TWII
2003-08-01,2003-07-28,2003-08-03,2003-07-28,2003-08-01,5476.16,5504.38,5260.83,5390.51,5,False,True,Yahoo Finance ^TWII
2003-08-08,2003-08-04,2003-08-10,2003-08-04,2003-08-08,5393.10,5407.50,5193.18,5232.55,5,False,True,Yahoo Finance ^TWII
2003-08-15,2003-08-11,2003-08-17,2003-08-11,2003-08-15,5239.17,5540.00,5174.77,5488.74,5,False,True,Yahoo Finance ^TWII
2003-08-22,2003-08-18,2003-08-24,2003-08-18,2003-08-22,5528.09,5692.93,5480.64,5646.62,5,False,True,Yahoo Finance ^TWII
2003-08-29,2003-08-25,2003-08-31,2003-08-25,2003-08-29,5667.04,5686.85,5504.52,5650.83,5,False,True,Yahoo Finance ^TWII
2003-09-05,2003-09-01,2003-09-07,2003-09-01,2003-09-05,5690.84,5756.08,5620.29,5639.03,5,False,True,Yahoo Finance ^TWII
2003-09-12,2003-09-08,2003-09-14,2003-09-08,2003-09-12,5638.20,5800.80,5591.33,5645.28,4,False,True,Yahoo Finance ^TWII
2003-09-19,2003-09-15,2003-09-21,2003-09-15,2003-09-19,5640.22,5809.43,5605.99,5757.91,5,False,True,Yahoo Finance ^TWII
2003-09-26,2003-09-22,2003-09-28,2003-09-22,2003-09-26,5732.81,5750.14,5633.07,5650.11,5,False,True,Yahoo Finance ^TWII
2003-10-03,2003-09-29,2003-10-05,2003-09-29,2003-10-03,5645.08,5759.00,5560.55,5747.79,5,False,True,Yahoo Finance ^TWII
2003-10-09,2003-10-06,2003-10-12,2003-10-06,2003-10-09,5810.84,5879.68,5782.89,5869.88,4,False,True,Yahoo Finance ^TWII
2003-10-17,2003-10-13,2003-10-19,2003-10-13,2003-10-17,5907.21,6077.60,5906.96,6042.71,5,False,True,Yahoo Finance ^TWII
2003-10-24,2003-10-20,2003-10-26,2003-10-20,2003-10-24,6041.53,6116.58,5918.14,5918.14,5,False,True,Yahoo Finance ^TWII
2003-10-31,2003-10-27,2003-11-02,2003-10-27,2003-10-31,5946.02,6173.85,5941.09,6045.12,5,False,True,Yahoo Finance ^TWII
2003-11-07,2003-11-03,2003-11-09,2003-11-03,2003-11-07,6054.31,6182.20,5958.87,6056.83,5,False,True,Yahoo Finance ^TWII
2003-11-14,2003-11-10,2003-11-16,2003-11-10,2003-11-14,6053.14,6094.70,5971.13,6044.77,5,False,True,Yahoo Finance ^TWII
2003-11-21,2003-11-17,2003-11-23,2003-11-17,2003-11-21,6011.74,6011.74,5749.19,5830.06,5,False,True,Yahoo Finance ^TWII
2003-11-28,2003-11-24,2003-11-30,2003-11-24,2003-11-28,5845.49,5917.70,5740.57,5771.77,5,False,True,Yahoo Finance ^TWII
2003-12-05,2003-12-01,2003-12-07,2003-12-01,2003-12-05,5768.69,5945.53,5752.15,5900.05,5,False,True,Yahoo Finance ^TWII
2003-12-12,2003-12-08,2003-12-14,2003-12-08,2003-12-12,5869.16,5922.71,5773.75,5858.32,5,False,True,Yahoo Finance ^TWII
2003-12-19,2003-12-15,2003-12-21,2003-12-15,2003-12-19,5910.92,5924.24,5718.44,5759.23,5,False,True,Yahoo Finance ^TWII
2003-12-26,2003-12-22,2003-12-28,2003-12-22,2003-12-26,5782.09,5900.10,5773.64,5857.21,5,False,True,Yahoo Finance ^TWII
2004-01-02,2003-12-29,2004-01-04,2003-12-29,2004-01-02,5870.08,6043.30,5804.89,6041.56,4,False,True,Yahoo Finance ^TWII
2004-01-09,2004-01-05,2004-01-11,2004-01-05,2004-01-09,6080.18,6257.89,6061.86,6226.98,5,False,True,Yahoo Finance ^TWII
2004-01-16,2004-01-12,2004-01-18,2004-01-12,2004-01-16,6225.23,6311.46,6190.35,6269.71,5,False,True,Yahoo Finance ^TWII
2004-01-30,2004-01-26,2004-02-01,2004-01-27,2004-01-30,6371.50,6421.45,6303.21,6375.38,4,False,True,Yahoo Finance ^TWII
2004-02-06,2004-02-02,2004-02-08,2004-02-02,2004-02-06,6379.98,6388.97,6210.35,6353.35,5,False,True,Yahoo Finance ^TWII
2004-02-13,2004-02-09,2004-02-15,2004-02-09,2004-02-13,6442.84,6578.82,6397.34,6549.18,5,False,True,Yahoo Finance ^TWII
2004-02-20,2004-02-16,2004-02-22,2004-02-16,2004-02-20,6566.76,6708.04,6518.10,6665.54,5,False,True,Yahoo Finance ^TWII
2004-02-27,2004-02-23,2004-02-29,2004-02-23,2004-02-27,6686.67,6756.76,6589.23,6750.54,5,False,True,Yahoo Finance ^TWII
2004-03-05,2004-03-01,2004-03-07,2004-03-01,2004-03-05,6816.79,7135.00,6816.79,6943.68,5,False,True,Yahoo Finance ^TWII
2004-03-12,2004-03-08,2004-03-14,2004-03-08,2004-03-12,6997.66,7025.11,6766.16,6800.24,5,False,True,Yahoo Finance ^TWII
2004-03-19,2004-03-15,2004-03-21,2004-03-15,2004-03-19,6897.78,6897.78,6564.31,6815.09,5,False,True,Yahoo Finance ^TWII
2004-03-26,2004-03-22,2004-03-28,2004-03-22,2004-03-26,6360.33,6368.03,6020.64,6132.62,5,False,True,Yahoo Finance ^TWII
2004-04-02,2004-03-29,2004-04-04,2004-03-29,2004-04-02,6348.86,6581.99,6327.34,6545.54,5,False,True,Yahoo Finance ^TWII
2004-04-09,2004-04-05,2004-04-11,2004-04-05,2004-04-09,6627.23,6744.56,6555.41,6620.36,5,False,True,Yahoo Finance ^TWII
2004-04-16,2004-04-12,2004-04-18,2004-04-12,2004-04-16,6701.36,6916.31,6701.36,6818.20,5,False,True,Yahoo Finance ^TWII
2004-04-23,2004-04-19,2004-04-25,2004-04-19,2004-04-23,6852.45,6912.09,6678.70,6748.10,5,False,True,Yahoo Finance ^TWII
2004-04-30,2004-04-26,2004-05-02,2004-04-26,2004-04-30,6752.90,6775.67,6023.58,6117.81,5,False,True,Yahoo Finance ^TWII
2004-05-07,2004-05-03,2004-05-09,2004-05-03,2004-05-07,6102.60,6191.84,5818.57,6040.26,5,False,True,Yahoo Finance ^TWII
2004-05-14,2004-05-10,2004-05-16,2004-05-10,2004-05-14,5929.72,6026.64,5704.21,5777.32,5,False,True,Yahoo Finance ^TWII
2004-05-21,2004-05-17,2004-05-23,2004-05-17,2004-05-21,5632.58,5993.28,5450.72,5964.94,5,False,True,Yahoo Finance ^TWII
2004-05-28,2004-05-24,2004-05-30,2004-05-24,2004-05-28,5927.46,6137.26,5873.80,6137.26,5,False,True,Yahoo Finance ^TWII
2004-06-04,2004-05-31,2004-06-06,2004-05-31,2004-06-04,6106.19,6106.19,5630.12,5724.89,5,False,True,Yahoo Finance ^TWII
2004-06-11,2004-06-07,2004-06-13,2004-06-07,2004-06-11,5803.01,6010.50,5728.20,5735.07,5,False,True,Yahoo Finance ^TWII
2004-06-18,2004-06-14,2004-06-20,2004-06-14,2004-06-18,5753.23,5782.67,5514.17,5569.29,5,False,True,Yahoo Finance ^TWII
2004-06-25,2004-06-21,2004-06-27,2004-06-21,2004-06-25,5666.61,5827.97,5542.36,5802.55,4,False,True,Yahoo Finance ^TWII
2004-07-02,2004-06-28,2004-07-04,2004-06-28,2004-07-02,5806.62,5870.59,5652.44,5746.70,5,False,True,Yahoo Finance ^TWII
2004-07-09,2004-07-05,2004-07-11,2004-07-05,2004-07-09,5687.61,5780.68,5627.72,5777.72,5,False,True,Yahoo Finance ^TWII
2004-07-16,2004-07-12,2004-07-18,2004-07-12,2004-07-16,5802.35,5804.92,5501.93,5502.14,5,False,True,Yahoo Finance ^TWII
2004-07-23,2004-07-19,2004-07-25,2004-07-19,2004-07-23,5483.61,5528.01,5285.16,5373.85,5,False,True,Yahoo Finance ^TWII
2004-07-30,2004-07-26,2004-08-01,2004-07-26,2004-07-30,5318.67,5450.38,5280.42,5420.57,5,False,True,Yahoo Finance ^TWII
2004-08-06,2004-08-02,2004-08-08,2004-08-02,2004-08-06,5404.19,5466.29,5255.06,5399.16,5,False,True,Yahoo Finance ^TWII
2004-08-13,2004-08-09,2004-08-15,2004-08-09,2004-08-13,5332.44,5438.43,5313.80,5389.93,5,False,True,Yahoo Finance ^TWII
2004-08-20,2004-08-16,2004-08-22,2004-08-16,2004-08-20,5380.64,5670.35,5299.62,5622.86,5,False,True,Yahoo Finance ^TWII
2004-08-27,2004-08-23,2004-08-29,2004-08-23,2004-08-27,5651.77,5837.61,5620.51,5797.71,3,False,True,Yahoo Finance ^TWII
2004-09-03,2004-08-30,2004-09-05,2004-08-30,2004-09-03,5791.87,5880.21,5745.33,5761.14,5,False,True,Yahoo Finance ^TWII
2004-09-10,2004-09-06,2004-09-12,2004-09-06,2004-09-10,5747.34,5898.80,5712.95,5846.19,5,False,True,Yahoo Finance ^TWII
2004-09-17,2004-09-13,2004-09-19,2004-09-13,2004-09-17,5917.61,5970.29,5814.40,5818.39,5,False,True,Yahoo Finance ^TWII
2004-09-24,2004-09-20,2004-09-26,2004-09-20,2004-09-24,5846.74,5970.18,5814.15,5892.21,5,False,True,Yahoo Finance ^TWII
2004-10-01,2004-09-27,2004-10-03,2004-09-27,2004-10-01,5872.02,5945.35,5809.75,5945.35,4,False,True,Yahoo Finance ^TWII
2004-10-08,2004-10-04,2004-10-10,2004-10-04,2004-10-08,6020.68,6135.55,6012.92,6102.16,5,False,True,Yahoo Finance ^TWII
2004-10-15,2004-10-11,2004-10-17,2004-10-11,2004-10-15,6079.25,6096.28,5782.02,5820.82,5,False,True,Yahoo Finance ^TWII
2004-10-22,2004-10-18,2004-10-24,2004-10-18,2004-10-22,5848.15,5857.54,5756.26,5774.67,5,False,True,Yahoo Finance ^TWII
2004-10-29,2004-10-25,2004-10-31,2004-10-26,2004-10-29,5715.49,5735.24,5597.80,5705.93,4,False,True,Yahoo Finance ^TWII
2004-11-05,2004-11-01,2004-11-07,2004-11-01,2004-11-05,5725.65,5959.88,5628.25,5931.31,5,False,True,Yahoo Finance ^TWII
2004-11-12,2004-11-08,2004-11-14,2004-11-08,2004-11-12,5937.16,5957.58,5873.28,5917.16,5,False,True,Yahoo Finance ^TWII
2004-11-19,2004-11-15,2004-11-21,2004-11-15,2004-11-19,5961.08,6088.12,5894.98,6026.55,5,False,True,Yahoo Finance ^TWII
2004-11-26,2004-11-22,2004-11-28,2004-11-22,2004-11-26,5962.32,5970.33,5778.65,5778.65,5,False,True,Yahoo Finance ^TWII
2004-12-03,2004-11-29,2004-12-05,2004-11-29,2004-12-03,5797.95,5893.27,5722.18,5893.27,5,False,True,Yahoo Finance ^TWII
2004-12-10,2004-12-06,2004-12-12,2004-12-06,2004-12-10,5864.45,5927.68,5857.64,5911.63,5,False,True,Yahoo Finance ^TWII
2004-12-17,2004-12-13,2004-12-19,2004-12-13,2004-12-17,5901.45,6028.75,5818.28,6009.32,5,False,True,Yahoo Finance ^TWII
2004-12-24,2004-12-20,2004-12-26,2004-12-20,2004-12-24,5913.27,6043.77,5910.04,6019.42,5,False,True,Yahoo Finance ^TWII
2004-12-31,2004-12-27,2005-01-02,2004-12-27,2004-12-31,6018.02,6160.96,5973.17,6139.69,5,False,True,Yahoo Finance ^TWII
2005-01-07,2005-01-03,2005-01-09,2005-01-03,2005-01-07,6166.39,6183.15,5934.83,5935.99,5,False,True,Yahoo Finance ^TWII
2005-01-14,2005-01-10,2005-01-16,2005-01-10,2005-01-14,5950.12,5993.39,5813.15,5889.52,5,False,True,Yahoo Finance ^TWII
2005-01-21,2005-01-17,2005-01-23,2005-01-17,2005-01-21,5955.62,5969.03,5835.68,5848.91,5,False,True,Yahoo Finance ^TWII
2005-01-28,2005-01-24,2005-01-30,2005-01-24,2005-01-28,5859.89,5902.72,5734.87,5879.93,5,False,True,Yahoo Finance ^TWII
2005-02-03,2005-01-31,2005-02-06,2005-01-31,2005-02-03,5905.30,6064.66,5900.37,6034.60,4,False,True,Yahoo Finance ^TWII
2005-02-18,2005-02-14,2005-02-20,2005-02-14,2005-02-18,6130.32,6158.80,6062.96,6115.43,5,False,True,Yahoo Finance ^TWII
2005-02-25,2005-02-21,2005-02-27,2005-02-21,2005-02-25,6145.56,6233.53,6048.63,6207.83,5,False,True,Yahoo Finance ^TWII
2005-03-04,2005-02-28,2005-03-06,2005-03-01,2005-03-04,6227.42,6267.52,6164.15,6193.62,4,False,True,Yahoo Finance ^TWII
2005-03-11,2005-03-07,2005-03-13,2005-03-07,2005-03-11,6224.44,6257.54,6156.98,6204.23,5,False,True,Yahoo Finance ^TWII
2005-03-18,2005-03-14,2005-03-20,2005-03-14,2005-03-18,6181.83,6193.32,6002.10,6043.95,5,False,True,Yahoo Finance ^TWII
2005-03-25,2005-03-21,2005-03-27,2005-03-21,2005-03-25,6056.10,6077.94,5970.20,6065.91,5,False,True,Yahoo Finance ^TWII
2005-04-01,2005-03-28,2005-04-03,2005-03-28,2005-04-01,6091.83,6093.19,5940.18,6028.75,5,False,True,Yahoo Finance ^TWII
2005-04-08,2005-04-04,2005-04-10,2005-04-04,2005-04-08,6013.70,6048.37,5971.76,6024.07,4,False,True,Yahoo Finance ^TWII
2005-04-15,2005-04-11,2005-04-17,2005-04-11,2005-04-15,6021.33,6021.33,5875.67,5888.37,5,False,True,Yahoo Finance ^TWII
2005-04-22,2005-04-18,2005-04-24,2005-04-18,2005-04-22,5809.76,5809.76,5565.41,5747.09,5,False,True,Yahoo Finance ^TWII
2005-04-29,2005-04-25,2005-05-01,2005-04-25,2005-04-29,5753.24,5842.27,5727.42,5818.07,5,False,True,Yahoo Finance ^TWII
2005-05-06,2005-05-02,2005-05-08,2005-05-03,2005-05-06,5845.14,5974.86,5793.25,5967.96,4,False,True,Yahoo Finance ^TWII
2005-05-13,2005-05-09,2005-05-15,2005-05-09,2005-05-13,5957.92,6001.19,5900.72,5981.48,5,False,True,Yahoo Finance ^TWII
2005-05-20,2005-05-16,2005-05-22,2005-05-16,2005-05-20,5992.31,5997.77,5879.19,5954.69,5,False,True,Yahoo Finance ^TWII
2005-05-27,2005-05-23,2005-05-29,2005-05-23,2005-05-27,5953.28,5998.78,5879.08,5991.55,5,False,True,Yahoo Finance ^TWII
2005-06-03,2005-05-30,2005-06-05,2005-05-30,2005-06-03,5996.89,6113.49,5962.88,6107.95,5,False,True,Yahoo Finance ^TWII
2005-06-10,2005-06-06,2005-06-12,2005-06-06,2005-06-10,6109.30,6198.30,6086.41,6192.35,5,False,True,Yahoo Finance ^TWII
2005-06-17,2005-06-13,2005-06-19,2005-06-13,2005-06-17,6194.90,6357.39,6167.78,6293.56,5,False,True,Yahoo Finance ^TWII
2005-06-24,2005-06-20,2005-06-26,2005-06-20,2005-06-24,6311.67,6401.81,6265.69,6340.69,5,False,True,Yahoo Finance ^TWII
2005-07-01,2005-06-27,2005-07-03,2005-06-27,2005-07-01,6307.61,6375.68,6195.17,6272.14,5,False,True,Yahoo Finance ^TWII
2005-07-08,2005-07-04,2005-07-10,2005-07-04,2005-07-08,6269.63,6288.96,6180.58,6201.40,5,False,True,Yahoo Finance ^TWII
2005-07-15,2005-07-11,2005-07-17,2005-07-11,2005-07-15,6255.40,6454.33,6249.41,6410.59,5,False,True,Yahoo Finance ^TWII
2005-07-22,2005-07-18,2005-07-24,2005-07-19,2005-07-22,6403.71,6480.97,6344.84,6380.73,4,False,True,Yahoo Finance ^TWII
2005-07-29,2005-07-25,2005-07-31,2005-07-25,2005-07-29,6406.45,6439.98,6305.93,6311.98,5,False,True,Yahoo Finance ^TWII
2005-08-04,2005-08-01,2005-08-07,2005-08-01,2005-08-04,6320.67,6481.62,6290.93,6446.01,4,False,True,Yahoo Finance ^TWII
2005-08-12,2005-08-08,2005-08-14,2005-08-08,2005-08-12,6400.04,6430.13,6326.37,6350.90,5,False,True,Yahoo Finance ^TWII
2005-08-19,2005-08-15,2005-08-21,2005-08-15,2005-08-19,6344.88,6344.88,6138.62,6158.94,5,False,True,Yahoo Finance ^TWII
2005-08-26,2005-08-22,2005-08-28,2005-08-22,2005-08-26,6194.89,6234.31,6097.23,6136.55,5,False,True,Yahoo Finance ^TWII
2005-09-02,2005-08-29,2005-09-04,2005-08-29,2005-09-02,6117.27,6130.79,5976.40,6116.05,4,False,True,Yahoo Finance ^TWII
2005-09-09,2005-09-05,2005-09-11,2005-09-05,2005-09-09,6131.95,6170.00,6094.00,6119.06,5,False,True,Yahoo Finance ^TWII
2005-09-16,2005-09-12,2005-09-18,2005-09-12,2005-09-16,6155.38,6186.12,6015.56,6031.24,5,False,True,Yahoo Finance ^TWII
2005-09-23,2005-09-19,2005-09-25,2005-09-19,2005-09-23,6044.16,6121.62,5899.59,5925.54,5,False,True,Yahoo Finance ^TWII
2005-09-30,2005-09-26,2005-10-02,2005-09-26,2005-09-30,5967.69,6118.61,5894.99,6118.61,5,False,True,Yahoo Finance ^TWII
2005-10-07,2005-10-03,2005-10-09,2005-10-03,2005-10-07,6128.97,6171.87,6075.67,6081.84,5,False,True,Yahoo Finance ^TWII
2005-10-14,2005-10-10,2005-10-16,2005-10-11,2005-10-14,6097.88,6112.68,5928.86,5969.07,4,False,True,Yahoo Finance ^TWII
2005-10-21,2005-10-17,2005-10-23,2005-10-17,2005-10-21,5990.23,5991.35,5647.92,5738.76,5,False,True,Yahoo Finance ^TWII
2005-10-28,2005-10-24,2005-10-30,2005-10-24,2005-10-28,5761.33,5803.67,5618.90,5632.97,5,False,True,Yahoo Finance ^TWII
2005-11-04,2005-10-31,2005-11-06,2005-10-31,2005-11-04,5692.82,5930.24,5681.20,5911.74,5,False,True,Yahoo Finance ^TWII
2005-11-11,2005-11-07,2005-11-13,2005-11-07,2005-11-11,5905.36,6075.26,5836.24,6075.26,5,False,True,Yahoo Finance ^TWII
2005-11-18,2005-11-14,2005-11-20,2005-11-14,2005-11-18,6066.24,6121.60,5994.91,6106.74,5,False,True,Yahoo Finance ^TWII
2005-11-25,2005-11-21,2005-11-27,2005-11-21,2005-11-25,6130.80,6145.01,6050.24,6128.20,5,False,True,Yahoo Finance ^TWII
2005-12-02,2005-11-28,2005-12-04,2005-11-28,2005-12-02,6167.08,6258.34,6139.51,6228.95,5,False,True,Yahoo Finance ^TWII
2005-12-09,2005-12-05,2005-12-11,2005-12-05,2005-12-09,6280.81,6370.82,6223.35,6264.36,5,False,True,Yahoo Finance ^TWII
2005-12-16,2005-12-12,2005-12-18,2005-12-12,2005-12-16,6272.61,6375.33,6206.83,6350.69,5,False,True,Yahoo Finance ^TWII
2005-12-23,2005-12-19,2005-12-25,2005-12-19,2005-12-23,6386.36,6516.11,6374.49,6512.63,5,False,True,Yahoo Finance ^TWII
2005-12-30,2005-12-26,2006-01-01,2005-12-26,2005-12-30,6565.67,6600.17,6479.34,6548.34,5,False,True,Yahoo Finance ^TWII
2006-01-06,2006-01-02,2006-01-08,2006-01-02,2006-01-06,6457.61,6761.01,6424.03,6694.82,5,False,True,Yahoo Finance ^TWII
2006-01-13,2006-01-09,2006-01-15,2006-01-09,2006-01-13,6752.09,6797.20,6650.61,6682.35,5,False,True,Yahoo Finance ^TWII
2006-01-20,2006-01-16,2006-01-22,2006-01-16,2006-01-20,6680.88,6775.73,6442.78,6486.63,5,False,True,Yahoo Finance ^TWII
2006-01-25,2006-01-23,2006-01-29,2006-01-23,2006-01-25,6385.88,6536.89,6373.63,6532.18,3,False,True,Yahoo Finance ^TWII
2006-02-03,2006-01-30,2006-02-05,2006-02-03,2006-02-03,6592.19,6626.43,6547.17,6594.60,1,False,True,Yahoo Finance ^TWII
2006-02-10,2006-02-06,2006-02-12,2006-02-06,2006-02-10,6568.35,6747.43,6530.80,6594.92,5,False,True,Yahoo Finance ^TWII
2006-02-17,2006-02-13,2006-02-19,2006-02-13,2006-02-17,6591.99,6726.73,6540.71,6673.75,5,False,True,Yahoo Finance ^TWII
2006-02-24,2006-02-20,2006-02-26,2006-02-20,2006-02-24,6652.55,6717.53,6466.21,6538.22,5,False,True,Yahoo Finance ^TWII
2006-03-03,2006-02-27,2006-03-05,2006-02-27,2006-03-03,6496.55,6685.45,6481.99,6553.66,4,False,True,Yahoo Finance ^TWII
2006-03-10,2006-03-06,2006-03-12,2006-03-06,2006-03-10,6547.73,6582.21,6436.14,6490.68,5,False,True,Yahoo Finance ^TWII
2006-03-17,2006-03-13,2006-03-19,2006-03-13,2006-03-17,6520.36,6594.18,6444.14,6528.57,5,False,True,Yahoo Finance ^TWII
2006-03-24,2006-03-20,2006-03-26,2006-03-20,2006-03-24,6554.18,6569.53,6344.73,6376.62,5,False,True,Yahoo Finance ^TWII
2006-03-31,2006-03-27,2006-04-02,2006-03-27,2006-03-31,6408.20,6632.63,6399.08,6613.97,5,False,True,Yahoo Finance ^TWII
2006-04-07,2006-04-03,2006-04-09,2006-04-03,2006-04-07,6627.32,6802.94,6615.98,6781.94,4,False,True,Yahoo Finance ^TWII
2006-04-14,2006-04-10,2006-04-16,2006-04-10,2006-04-14,6759.38,6952.54,6709.83,6952.54,5,False,True,Yahoo Finance ^TWII
2006-04-21,2006-04-17,2006-04-23,2006-04-17,2006-04-21,6982.47,7160.74,6918.46,7093.05,5,False,True,Yahoo Finance ^TWII
2006-04-28,2006-04-24,2006-04-30,2006-04-24,2006-04-28,7066.19,7229.35,7047.96,7171.77,5,False,True,Yahoo Finance ^TWII
2006-05-05,2006-05-01,2006-05-07,2006-05-02,2006-05-05,7174.93,7455.83,7141.91,7370.44,4,False,True,Yahoo Finance ^TWII
2006-05-12,2006-05-08,2006-05-14,2006-05-08,2006-05-12,7438.41,7476.07,7254.97,7278.96,5,False,True,Yahoo Finance ^TWII
2006-05-19,2006-05-15,2006-05-21,2006-05-15,2006-05-19,7225.80,7240.92,6987.65,7074.15,5,False,True,Yahoo Finance ^TWII
2006-05-26,2006-05-22,2006-05-28,2006-05-22,2006-05-26,7111.42,7112.42,6791.11,6879.51,5,False,True,Yahoo Finance ^TWII
2006-06-02,2006-05-29,2006-06-04,2006-05-29,2006-06-02,6913.10,6967.09,6829.40,6959.64,4,False,True,Yahoo Finance ^TWII
2006-06-09,2006-06-05,2006-06-11,2006-06-05,2006-06-09,6956.77,6967.38,6268.92,6444.63,5,False,True,Yahoo Finance ^TWII
2006-06-16,2006-06-12,2006-06-18,2006-06-12,2006-06-16,6384.32,6629.33,6328.38,6575.77,5,False,True,Yahoo Finance ^TWII
2006-06-23,2006-06-19,2006-06-25,2006-06-19,2006-06-23,6576.55,6603.98,6290.63,6452.31,5,False,True,Yahoo Finance ^TWII
2006-06-30,2006-06-26,2006-07-02,2006-06-26,2006-06-30,6464.40,6731.07,6448.51,6704.41,5,False,True,Yahoo Finance ^TWII
2006-07-07,2006-07-03,2006-07-09,2006-07-03,2006-07-07,6727.23,6789.55,6608.49,6660.61,5,False,True,Yahoo Finance ^TWII
2006-07-14,2006-07-10,2006-07-16,2006-07-10,2006-07-14,6609.86,6725.42,6413.92,6428.03,5,False,True,Yahoo Finance ^TWII
2006-07-21,2006-07-17,2006-07-23,2006-07-17,2006-07-21,6402.77,6446.29,6232.49,6420.01,5,False,True,Yahoo Finance ^TWII
2006-07-28,2006-07-24,2006-07-30,2006-07-24,2006-07-28,6316.83,6490.36,6308.72,6480.07,5,False,True,Yahoo Finance ^TWII
2006-08-04,2006-07-31,2006-08-06,2006-07-31,2006-08-04,6528.23,6531.11,6421.55,6442.61,5,False,True,Yahoo Finance ^TWII
2006-08-11,2006-08-07,2006-08-13,2006-08-07,2006-08-11,6425.99,6617.23,6405.09,6571.10,5,False,True,Yahoo Finance ^TWII
2006-08-18,2006-08-14,2006-08-20,2006-08-14,2006-08-18,6588.47,6761.79,6587.36,6721.08,5,False,True,Yahoo Finance ^TWII
2006-08-25,2006-08-21,2006-08-27,2006-08-21,2006-08-25,6715.72,6715.72,6454.71,6526.22,5,False,True,Yahoo Finance ^TWII
2006-09-01,2006-08-28,2006-09-03,2006-08-28,2006-09-01,6515.08,6667.62,6422.38,6651.46,5,False,True,Yahoo Finance ^TWII
2006-09-08,2006-09-04,2006-09-10,2006-09-04,2006-09-08,6706.51,6766.81,6630.25,6693.11,5,False,True,Yahoo Finance ^TWII
2006-09-15,2006-09-11,2006-09-17,2006-09-11,2006-09-15,6714.36,6802.84,6550.03,6681.09,5,False,True,Yahoo Finance ^TWII
2006-09-22,2006-09-18,2006-09-24,2006-09-18,2006-09-22,6784.77,6938.93,6775.12,6885.60,5,False,True,Yahoo Finance ^TWII
2006-09-29,2006-09-25,2006-10-01,2006-09-25,2006-09-29,6879.68,6961.92,6844.33,6883.05,5,False,True,Yahoo Finance ^TWII
2006-10-05,2006-10-02,2006-10-08,2006-10-02,2006-10-05,6907.43,7004.42,6874.98,6997.24,4,False,True,Yahoo Finance ^TWII
2006-10-14,2006-10-09,2006-10-15,2006-10-11,2006-10-14,,,,7076.85,4,False,False,011.idv.tw (close only) + Yahoo Finance ^TWII
2006-10-20,2006-10-16,2006-10-22,2006-10-16,2006-10-20,7102.97,7159.85,6980.07,7039.37,5,False,True,Yahoo Finance ^TWII
2006-10-27,2006-10-23,2006-10-29,2006-10-23,2006-10-27,7041.70,7132.29,7008.13,7086.74,5,False,True,Yahoo Finance ^TWII
2006-11-03,2006-10-30,2006-11-05,2006-10-30,2006-11-03,7050.05,7186.98,6995.10,7161.61,5,False,True,Yahoo Finance ^TWII
2006-11-10,2006-11-06,2006-11-12,2006-11-06,2006-11-10,7036.89,7242.45,7036.89,7174.20,5,False,True,Yahoo Finance ^TWII
2006-11-17,2006-11-13,2006-11-19,2006-11-13,2006-11-17,7182.78,7290.25,7136.06,7259.54,5,False,True,Yahoo Finance ^TWII
2006-11-24,2006-11-20,2006-11-26,2006-11-20,2006-11-24,7266.40,7430.90,7228.97,7427.36,5,False,True,Yahoo Finance ^TWII
2006-12-01,2006-11-27,2006-12-03,2006-11-27,2006-12-01,7494.59,7621.81,7431.87,7613.57,5,False,True,Yahoo Finance ^TWII
2006-12-08,2006-12-04,2006-12-10,2006-12-04,2006-12-08,7622.09,7716.85,7575.14,7636.30,5,False,True,Yahoo Finance ^TWII
2006-12-15,2006-12-11,2006-12-17,2006-12-11,2006-12-15,7635.69,7635.72,7369.09,7538.82,5,False,True,Yahoo Finance ^TWII
2006-12-22,2006-12-18,2006-12-24,2006-12-18,2006-12-22,7568.82,7685.88,7561.88,7652.47,5,False,True,Yahoo Finance ^TWII
2006-12-29,2006-12-25,2006-12-31,2006-12-25,2006-12-29,7658.05,7823.72,7635.16,7823.72,5,False,True,Yahoo Finance ^TWII
2007-01-05,2007-01-01,2007-01-07,2007-01-02,2007-01-05,7871.41,7999.42,7821.71,7835.57,4,False,True,Yahoo Finance ^TWII
2007-01-12,2007-01-08,2007-01-14,2007-01-08,2007-01-12,7778.57,7827.93,7599.55,7761.71,5,False,True,Yahoo Finance ^TWII
2007-01-19,2007-01-15,2007-01-21,2007-01-15,2007-01-19,7809.91,7896.95,7741.49,7840.08,5,False,True,Yahoo Finance ^TWII
2007-01-26,2007-01-22,2007-01-28,2007-01-22,2007-01-26,7866.17,7990.55,7784.21,7821.32,5,False,True,Yahoo Finance ^TWII
2007-02-02,2007-01-29,2007-02-04,2007-01-29,2007-02-02,7831.57,7838.92,7637.54,7777.03,5,False,True,Yahoo Finance ^TWII
2007-02-09,2007-02-05,2007-02-11,2007-02-05,2007-02-09,7786.77,7894.77,7772.05,7859.53,5,False,True,Yahoo Finance ^TWII
2007-02-14,2007-02-12,2007-02-18,2007-02-12,2007-02-14,7826.46,7826.46,7725.81,7809.45,3,False,True,Yahoo Finance ^TWII
2007-03-03,2007-02-26,2007-03-04,2007-02-26,2007-03-03,,,,7630.15,5,False,False,011.idv.tw (close only) + Yahoo Finance ^TWII
2007-03-09,2007-03-05,2007-03-11,2007-03-05,2007-03-09,7565.95,7619.35,7306.07,7568.20,5,False,True,Yahoo Finance ^TWII
2007-03-16,2007-03-12,2007-03-18,2007-03-12,2007-03-16,7611.15,7743.37,7526.48,7719.80,5,False,True,Yahoo Finance ^TWII
2007-03-23,2007-03-19,2007-03-25,2007-03-19,2007-03-23,7739.56,7879.09,7713.78,7859.32,5,False,True,Yahoo Finance ^TWII
2007-03-30,2007-03-26,2007-04-01,2007-03-26,2007-03-30,7878.59,7928.03,7764.05,7884.41,5,False,True,Yahoo Finance ^TWII
2007-04-04,2007-04-02,2007-04-08,2007-04-02,2007-04-04,7888.17,8021.59,7866.59,8004.61,3,False,True,Yahoo Finance ^TWII
2007-04-14,2007-04-09,2007-04-15,2007-04-09,2007-04-14,,,,8045.12,6,False,False,011.idv.tw (close only) + Yahoo Finance ^TWII
2007-04-20,2007-04-16,2007-04-22,2007-04-16,2007-04-20,8088.83,8100.61,7883.92,7942.67,5,False,True,Yahoo Finance ^TWII
2007-04-27,2007-04-23,2007-04-29,2007-04-23,2007-04-27,8009.55,8062.70,7949.42,7949.42,5,False,True,Yahoo Finance ^TWII
2007-05-04,2007-04-30,2007-05-06,2007-04-30,2007-05-04,7956.03,8066.06,7843.05,8066.06,4,False,True,Yahoo Finance ^TWII
2007-05-11,2007-05-07,2007-05-13,2007-05-07,2007-05-11,8122.20,8132.80,8018.64,8031.54,5,False,True,Yahoo Finance ^TWII
2007-05-18,2007-05-14,2007-05-20,2007-05-14,2007-05-18,8072.15,8080.63,7968.92,8034.14,5,False,True,Yahoo Finance ^TWII
2007-05-25,2007-05-21,2007-05-27,2007-05-21,2007-05-25,8067.23,8256.25,8043.90,8159.97,5,False,True,Yahoo Finance ^TWII
2007-06-01,2007-05-28,2007-06-03,2007-05-28,2007-06-01,8194.83,8261.67,8110.28,8249.90,5,False,True,Yahoo Finance ^TWII
2007-06-08,2007-06-04,2007-06-10,2007-06-04,2007-06-08,8310.09,8376.97,8263.61,8300.71,5,False,True,Yahoo Finance ^TWII
2007-06-15,2007-06-11,2007-06-17,2007-06-11,2007-06-15,8351.03,8578.33,8328.61,8573.64,5,False,True,Yahoo Finance ^TWII
2007-06-23,2007-06-18,2007-06-24,2007-06-20,2007-06-23,,,,8812.91,4,False,False,011.idv.tw (close only) + Yahoo Finance ^TWII
2007-06-29,2007-06-25,2007-07-01,2007-06-25,2007-06-29,8882.30,8985.93,8820.68,8883.21,5,False,True,Yahoo Finance ^TWII
2007-07-06,2007-07-02,2007-07-08,2007-07-02,2007-07-06,8903.77,9199.66,8849.35,9188.31,5,False,True,Yahoo Finance ^TWII
2007-07-13,2007-07-09,2007-07-15,2007-07-09,2007-07-13,9246.44,9540.35,9239.20,9471.30,5,False,True,Yahoo Finance ^TWII
2007-07-20,2007-07-16,2007-07-22,2007-07-16,2007-07-20,9514.09,9585.90,9337.67,9585.90,5,False,True,Yahoo Finance ^TWII
2007-07-27,2007-07-23,2007-07-29,2007-07-23,2007-07-27,9576.06,9807.91,9162.28,9162.28,5,False,True,Yahoo Finance ^TWII
2007-08-03,2007-07-30,2007-08-05,2007-07-30,2007-08-03,9037.35,9307.81,8727.64,9057.82,5,False,True,Yahoo Finance ^TWII
2007-08-10,2007-08-06,2007-08-12,2007-08-06,2007-08-10,8865.58,9219.02,8856.91,8931.31,5,False,True,Yahoo Finance ^TWII
2007-08-17,2007-08-13,2007-08-19,2007-08-13,2007-08-17,9030.82,9030.93,7987.61,8090.29,5,False,True,Yahoo Finance ^TWII
2007-08-24,2007-08-20,2007-08-26,2007-08-20,2007-08-24,8496.97,8741.64,8397.26,8690.09,5,False,True,Yahoo Finance ^TWII
2007-08-31,2007-08-27,2007-09-02,2007-08-27,2007-08-31,8849.96,8982.16,8514.47,8982.16,5,False,True,Yahoo Finance ^TWII
2007-09-07,2007-09-03,2007-09-09,2007-09-03,2007-09-07,9018.89,9078.47,8841.64,9018.08,5,False,True,Yahoo Finance ^TWII
2007-09-14,2007-09-10,2007-09-16,2007-09-10,2007-09-14,8868.00,9084.97,8845.90,9031.63,5,False,True,Yahoo Finance ^TWII
2007-09-21,2007-09-17,2007-09-23,2007-09-17,2007-09-21,9039.28,9109.52,8874.71,9105.28,4,False,True,Yahoo Finance ^TWII
2007-09-29,2007-09-24,2007-09-30,2007-09-26,2007-09-29,,,,9476.52,4,False,False,011.idv.tw (close only) + Yahoo Finance ^TWII
2007-10-05,2007-10-01,2007-10-07,2007-10-01,2007-10-05,9523.98,9783.75,9474.40,9617.26,5,False,True,Yahoo Finance ^TWII
2007-10-12,2007-10-08,2007-10-14,2007-10-08,2007-10-12,9736.93,9744.97,9490.01,9496.47,4,False,True,Yahoo Finance ^TWII
2007-10-19,2007-10-15,2007-10-21,2007-10-15,2007-10-19,9565.36,9673.96,9431.66,9611.72,5,False,True,Yahoo Finance ^TWII
2007-10-26,2007-10-22,2007-10-28,2007-10-22,2007-10-26,9278.89,9661.94,9275.72,9631.51,5,False,True,Yahoo Finance ^TWII
2007-11-02,2007-10-29,2007-11-04,2007-10-29,2007-11-02,9743.73,9859.65,9248.34,9273.09,5,False,True,Yahoo Finance ^TWII
2007-11-09,2007-11-05,2007-11-11,2007-11-05,2007-11-09,9251.86,9437.43,8853.81,8970.92,5,False,True,Yahoo Finance ^TWII
2007-11-16,2007-11-12,2007-11-18,2007-11-12,2007-11-16,8755.37,8993.89,8599.39,8764.82,5,False,True,Yahoo Finance ^TWII
2007-11-23,2007-11-19,2007-11-25,2007-11-19,2007-11-23,8818.42,8838.28,8342.20,8342.20,5,False,True,Yahoo Finance ^TWII
2007-11-30,2007-11-26,2007-12-02,2007-11-26,2007-11-30,8462.93,8590.63,8207.97,8586.40,5,False,True,Yahoo Finance ^TWII
2007-12-07,2007-12-03,2007-12-09,2007-12-03,2007-12-07,8623.12,8804.93,8557.00,8722.38,5,False,True,Yahoo Finance ^TWII
2007-12-14,2007-12-10,2007-12-16,2007-12-10,2007-12-14,8700.48,8706.58,7922.66,8118.08,5,False,True,Yahoo Finance ^TWII
2007-12-21,2007-12-17,2007-12-23,2007-12-17,2007-12-21,8041.60,8092.96,7664.62,7941.44,5,False,True,Yahoo Finance ^TWII
2007-12-28,2007-12-24,2007-12-30,2007-12-24,2007-12-28,8074.44,8460.18,8061.31,8396.95,5,False,True,Yahoo Finance ^TWII
2008-01-04,2007-12-31,2008-01-06,2007-12-31,2008-01-04,8450.32,8532.92,8097.85,8221.10,4,False,True,Yahoo Finance ^TWII
2008-01-11,2008-01-07,2008-01-13,2008-01-07,2008-01-11,7959.92,8177.13,7818.31,8029.31,5,False,True,Yahoo Finance ^TWII
2008-01-18,2008-01-14,2008-01-20,2008-01-14,2008-01-18,8254.00,8546.20,7883.91,8184.65,5,False,True,Yahoo Finance ^TWII
2008-01-25,2008-01-21,2008-01-27,2008-01-21,2008-01-25,8167.48,8220.63,7384.61,7739.59,5,False,True,Yahoo Finance ^TWII
2008-02-01,2008-01-28,2008-02-03,2008-01-28,2008-02-01,7678.81,7706.03,7400.74,7673.99,5,False,True,Yahoo Finance ^TWII
2008-02-15,2008-02-11,2008-02-17,2008-02-12,2008-02-15,7568.30,7888.15,7530.37,7876.37,4,False,True,Yahoo Finance ^TWII
2008-02-22,2008-02-18,2008-02-24,2008-02-18,2008-02-22,7925.30,8108.71,7855.48,8108.71,5,False,True,Yahoo Finance ^TWII
2008-02-29,2008-02-25,2008-03-02,2008-02-25,2008-02-29,8228.92,8473.71,8228.92,8412.76,4,False,True,Yahoo Finance ^TWII
2008-03-07,2008-03-03,2008-03-09,2008-03-03,2008-03-07,8213.70,8658.64,8147.27,8531.38,5,False,True,Yahoo Finance ^TWII
2008-03-14,2008-03-10,2008-03-16,2008-03-10,2008-03-14,8500.81,8577.85,8120.49,8161.39,5,False,True,Yahoo Finance ^TWII
2008-03-21,2008-03-17,2008-03-23,2008-03-17,2008-03-21,8041.31,8539.91,7900.80,8524.99,5,False,True,Yahoo Finance ^TWII
2008-03-28,2008-03-24,2008-03-30,2008-03-24,2008-03-28,9049.23,9049.23,8559.10,8623.48,5,False,True,Yahoo Finance ^TWII
2008-04-03,2008-03-31,2008-04-06,2008-03-31,2008-04-03,8605.90,8627.53,8419.72,8596.34,4,False,True,Yahoo Finance ^TWII
2008-04-11,2008-04-07,2008-04-13,2008-04-07,2008-04-11,8638.63,8937.12,8619.99,8909.58,5,False,True,Yahoo Finance ^TWII
2008-04-18,2008-04-14,2008-04-20,2008-04-14,2008-04-18,8877.47,9194.86,8839.12,9074.34,5,False,True,Yahoo Finance ^TWII
2008-04-25,2008-04-21,2008-04-27,2008-04-21,2008-04-25,9156.77,9160.10,8945.22,8947.83,5,False,True,Yahoo Finance ^TWII
2008-05-02,2008-04-28,2008-05-04,2008-04-28,2008-05-02,8965.73,9079.60,8882.57,8963.63,4,False,True,Yahoo Finance ^TWII
2008-05-09,2008-05-05,2008-05-11,2008-05-05,2008-05-09,8968.54,8977.90,8782.96,8792.39,5,False,True,Yahoo Finance ^TWII
2008-05-16,2008-05-12,2008-05-18,2008-05-12,2008-05-16,8808.59,9241.52,8754.27,9197.41,5,False,True,Yahoo Finance ^TWII
2008-05-23,2008-05-19,2008-05-25,2008-05-19,2008-05-23,9249.57,9309.95,8834.73,8834.73,5,False,True,Yahoo Finance ^TWII
2008-05-30,2008-05-26,2008-06-01,2008-05-26,2008-05-30,8808.74,8834.52,8548.32,8619.08,5,False,True,Yahoo Finance ^TWII
2008-06-06,2008-06-02,2008-06-08,2008-06-02,2008-06-06,8638.48,8809.33,8520.80,8745.35,5,False,True,Yahoo Finance ^TWII
2008-06-13,2008-06-09,2008-06-15,2008-06-09,2008-06-13,8522.37,8602.11,8042.89,8105.59,5,False,True,Yahoo Finance ^TWII
2008-06-20,2008-06-16,2008-06-22,2008-06-16,2008-06-20,8191.22,8253.85,7897.97,7902.44,5,False,True,Yahoo Finance ^TWII
2008-06-27,2008-06-23,2008-06-29,2008-06-23,2008-06-27,7767.59,7928.41,7466.20,7548.76,5,False,True,Yahoo Finance ^TWII
2008-07-04,2008-06-30,2008-07-06,2008-06-30,2008-07-04,7602.51,7604.42,7115.07,7228.41,5,False,True,Yahoo Finance ^TWII
2008-07-11,2008-07-07,2008-07-13,2008-07-07,2008-07-11,7207.92,7343.63,6976.60,7244.76,5,False,True,Yahoo Finance ^TWII
2008-07-18,2008-07-14,2008-07-20,2008-07-14,2008-07-18,7214.21,7270.49,6708.46,6815.32,5,False,True,Yahoo Finance ^TWII
2008-07-25,2008-07-21,2008-07-27,2008-07-21,2008-07-25,6991.71,7368.08,6991.71,7233.62,5,False,True,Yahoo Finance ^TWII
2008-08-01,2008-07-28,2008-08-03,2008-07-29,2008-08-01,7052.58,7172.48,6903.85,7002.54,4,False,True,Yahoo Finance ^TWII
2008-08-08,2008-08-04,2008-08-10,2008-08-04,2008-08-08,6947.25,7216.58,6809.96,7209.04,5,False,True,Yahoo Finance ^TWII
2008-08-15,2008-08-11,2008-08-17,2008-08-11,2008-08-15,7313.08,7376.69,7181.69,7196.50,5,False,True,Yahoo Finance ^TWII
2008-08-22,2008-08-18,2008-08-24,2008-08-18,2008-08-22,7189.68,7213.69,6837.25,6911.64,5,False,True,Yahoo Finance ^TWII
2008-08-29,2008-08-25,2008-08-31,2008-08-25,2008-08-29,6974.07,7127.84,6917.31,7046.11,5,False,True,Yahoo Finance ^TWII
2008-09-05,2008-09-01,2008-09-07,2008-09-01,2008-09-05,6967.22,6967.22,6211.35,6307.28,5,False,True,Yahoo Finance ^TWII
2008-09-12,2008-09-08,2008-09-14,2008-09-08,2008-09-12,6560.73,6668.45,6171.35,6310.68,5,False,True,Yahoo Finance ^TWII
2008-09-19,2008-09-15,2008-09-21,2008-09-15,2008-09-19,6198.30,6202.14,5530.19,5970.38,5,False,True,Yahoo Finance ^TWII
2008-09-26,2008-09-22,2008-09-28,2008-09-22,2008-09-26,6156.86,6198.48,5881.58,5929.63,5,False,True,Yahoo Finance ^TWII
2008-10-03,2008-09-29,2008-10-05,2008-09-30,2008-10-03,5534.72,5854.00,5534.72,5742.23,4,False,True,Yahoo Finance ^TWII
2008-10-09,2008-10-06,2008-10-12,2008-10-06,2008-10-09,5566.56,5590.52,5130.71,5130.71,4,False,True,Yahoo Finance ^TWII
2008-10-17,2008-10-13,2008-10-19,2008-10-13,2008-10-17,4996.06,5321.25,4924.73,4960.40,5,False,True,Yahoo Finance ^TWII
2008-10-24,2008-10-20,2008-10-26,2008-10-20,2008-10-24,4845.31,5045.45,4579.62,4579.62,5,False,True,Yahoo Finance ^TWII
2008-10-31,2008-10-27,2008-11-02,2008-10-27,2008-10-31,4301.33,4911.80,4110.09,4870.66,5,False,True,Yahoo Finance ^TWII
2008-11-07,2008-11-03,2008-11-09,2008-11-03,2008-11-07,4925.74,5095.98,4468.08,4742.33,5,False,True,Yahoo Finance ^TWII
2008-11-14,2008-11-10,2008-11-16,2008-11-10,2008-11-14,4711.61,4772.32,4374.64,4452.70,5,False,True,Yahoo Finance ^TWII
2008-11-21,2008-11-17,2008-11-23,2008-11-17,2008-11-21,4362.53,4475.93,3955.43,4171.10,5,False,True,Yahoo Finance ^TWII
2008-11-28,2008-11-24,2008-11-30,2008-11-24,2008-11-28,4158.76,4476.33,4081.66,4460.49,5,False,True,Yahoo Finance ^TWII
2008-12-05,2008-12-01,2008-12-07,2008-12-01,2008-12-05,4436.12,4567.76,4190.02,4225.07,5,False,True,Yahoo Finance ^TWII
2008-12-12,2008-12-08,2008-12-14,2008-12-08,2008-12-12,4278.61,4694.40,4278.61,4481.27,5,False,True,Yahoo Finance ^TWII
2008-12-19,2008-12-15,2008-12-21,2008-12-15,2008-12-19,4604.50,4725.06,4532.41,4694.52,5,False,True,Yahoo Finance ^TWII
2008-12-26,2008-12-22,2008-12-28,2008-12-22,2008-12-26,4735.17,4750.96,4325.46,4425.08,5,False,True,Yahoo Finance ^TWII
2008-12-31,2008-12-29,2009-01-04,2008-12-29,2008-12-31,4429.35,4627.98,4381.49,4591.22,3,False,True,Yahoo Finance ^TWII
2009-01-10,2009-01-05,2009-01-11,2009-01-05,2009-01-10,,,,4467.53,6,False,False,011.idv.tw (close only) + Yahoo Finance ^TWII
2009-01-17,2009-01-12,2009-01-18,2009-01-12,2009-01-17,,,,4366.10,6,False,False,011.idv.tw (close only) + Yahoo Finance ^TWII
2009-01-21,2009-01-19,2009-01-25,2009-01-19,2009-01-21,4389.08,4398.53,4164.19,4247.97,3,False,True,Yahoo Finance ^TWII
2009-02-06,2009-02-02,2009-02-08,2009-02-02,2009-02-06,4277.10,4507.30,4240.08,4471.25,5,False,True,Yahoo Finance ^TWII
2009-02-13,2009-02-09,2009-02-15,2009-02-09,2009-02-13,4562.68,4599.61,4448.24,4592.50,5,False,True,Yahoo Finance ^TWII
2009-02-20,2009-02-16,2009-02-22,2009-02-16,2009-02-20,4605.77,4607.97,4428.29,4436.94,5,False,True,Yahoo Finance ^TWII
2009-02-27,2009-02-23,2009-03-01,2009-02-23,2009-02-27,4420.43,4564.32,4371.02,4557.15,5,False,True,Yahoo Finance ^TWII
2009-03-06,2009-03-02,2009-03-08,2009-03-02,2009-03-06,4528.27,4677.89,4328.05,4653.63,5,False,True,Yahoo Finance ^TWII
2009-03-13,2009-03-09,2009-03-15,2009-03-09,2009-03-13,4643.62,4923.57,4578.05,4897.39,5,False,True,Yahoo Finance ^TWII
2009-03-20,2009-03-16,2009-03-22,2009-03-16,2009-03-20,4940.85,5125.40,4915.40,4961.62,5,False,True,Yahoo Finance ^TWII
2009-03-27,2009-03-23,2009-03-29,2009-03-23,2009-03-27,5022.60,5468.49,5015.82,5390.70,5,False,True,Yahoo Finance ^TWII
2009-04-03,2009-03-30,2009-04-05,2009-03-30,2009-04-03,,,,5529.63,5,False,False,011.idv.tw (close only) + Yahoo Finance ^TWII
2009-04-10,2009-04-06,2009-04-12,2009-04-06,2009-04-10,5590.70,5788.21,5435.04,5781.96,5,False,True,Yahoo Finance ^TWII
2009-04-17,2009-04-13,2009-04-19,2009-04-13,2009-04-17,5814.17,6071.06,5706.03,5755.38,5,False,True,Yahoo Finance ^TWII
2009-04-24,2009-04-20,2009-04-26,2009-04-20,2009-04-24,5764.48,5987.23,5648.10,5880.77,5,False,True,Yahoo Finance ^TWII
2009-04-30,2009-04-27,2009-05-03,2009-04-27,2009-04-30,5931.87,5995.12,5571.93,5992.57,4,False,True,Yahoo Finance ^TWII
2009-05-08,2009-05-04,2009-05-10,2009-05-04,2009-05-08,6285.60,6628.54,6256.29,6583.87,5,False,True,Yahoo Finance ^TWII
2009-05-15,2009-05-11,2009-05-17,2009-05-11,2009-05-15,6581.70,6680.97,6339.47,6489.09,5,False,True,Yahoo Finance ^TWII
2009-05-22,2009-05-18,2009-05-24,2009-05-18,2009-05-22,6516.13,6784.26,6457.14,6737.29,5,False,True,Yahoo Finance ^TWII
2009-05-27,2009-05-25,2009-05-31,2009-05-25,2009-05-27,6838.70,6930.59,6649.95,6890.44,3,False,True,Yahoo Finance ^TWII
2009-06-06,2009-06-01,2009-06-07,2009-06-01,2009-06-06,,,,6856.74,6,False,False,011.idv.tw (close only) + Yahoo Finance ^TWII
2009-06-12,2009-06-08,2009-06-14,2009-06-08,2009-06-12,6907.32,6907.32,6353.78,6448.23,5,False,True,Yahoo Finance ^TWII
2009-06-19,2009-06-15,2009-06-21,2009-06-15,2009-06-19,6362.22,6383.98,6100.08,6231.15,5,False,True,Yahoo Finance ^TWII
2009-06-26,2009-06-22,2009-06-28,2009-06-22,2009-06-26,6256.38,6527.86,6191.63,6463.56,5,False,True,Yahoo Finance ^TWII
2009-07-03,2009-06-29,2009-07-05,2009-06-29,2009-07-03,6512.42,6686.70,6381.42,6665.40,5,False,True,Yahoo Finance ^TWII
2009-07-10,2009-07-06,2009-07-12,2009-07-06,2009-07-10,6691.02,6807.46,6615.90,6769.86,5,False,True,Yahoo Finance ^TWII
2009-07-17,2009-07-13,2009-07-19,2009-07-13,2009-07-17,6795.23,6878.68,6525.90,6850.99,5,False,True,Yahoo Finance ^TWII
2009-07-24,2009-07-20,2009-07-26,2009-07-20,2009-07-24,6921.64,7046.46,6861.02,6973.28,5,False,True,Yahoo Finance ^TWII
2009-07-31,2009-07-27,2009-08-02,2009-07-27,2009-07-31,7008.18,7185.52,6944.50,7077.71,5,False,True,Yahoo Finance ^TWII
2009-08-06,2009-08-03,2009-08-09,2009-08-03,2009-08-06,7036.47,7138.94,6775.87,6868.65,4,False,True,Yahoo Finance ^TWII
2009-08-14,2009-08-10,2009-08-16,2009-08-10,2009-08-14,6858.87,7132.33,6812.06,7069.51,5,False,True,Yahoo Finance ^TWII
2009-08-21,2009-08-17,2009-08-23,2009-08-17,2009-08-21,7034.27,7051.78,6629.10,6654.80,5,False,True,Yahoo Finance ^TWII
2009-08-28,2009-08-24,2009-08-30,2009-08-24,2009-08-28,6766.76,6865.92,6658.73,6809.86,5,False,True,Yahoo Finance ^TWII
2009-09-04,2009-08-31,2009-09-06,2009-08-31,2009-09-04,6844.91,7178.54,6760.05,7153.13,5,False,True,Yahoo Finance ^TWII
2009-09-11,2009-09-07,2009-09-13,2009-09-07,2009-09-11,7192.16,7507.49,7169.40,7337.14,5,False,True,Yahoo Finance ^TWII
2009-09-18,2009-09-14,2009-09-20,2009-09-14,2009-09-18,7337.04,7526.55,7218.18,7526.55,5,False,True,Yahoo Finance ^TWII
2009-09-25,2009-09-21,2009-09-27,2009-09-21,2009-09-25,7523.00,7558.88,7280.04,7345.22,5,False,True,Yahoo Finance ^TWII
2009-10-02,2009-09-28,2009-10-04,2009-09-28,2009-10-02,7332.49,7599.62,7257.63,7411.88,5,False,True,Yahoo Finance ^TWII
2009-10-09,2009-10-05,2009-10-11,2009-10-05,2009-10-09,7424.24,7635.66,7381.02,7571.96,5,False,True,Yahoo Finance ^TWII
2009-10-16,2009-10-12,2009-10-18,2009-10-12,2009-10-16,7620.17,7780.66,7471.53,7715.10,5,False,True,Yahoo Finance ^TWII
2009-10-23,2009-10-19,2009-10-25,2009-10-19,2009-10-23,7712.33,7811.92,7577.89,7649.28,5,False,True,Yahoo Finance ^TWII
2009-10-30,2009-10-26,2009-11-01,2009-10-26,2009-10-30,7701.19,7751.68,7233.63,7340.08,5,False,True,Yahoo Finance ^TWII
2009-11-06,2009-11-02,2009-11-08,2009-11-02,2009-11-06,7238.30,7521.01,7218.89,7463.05,5,False,True,Yahoo Finance ^TWII
2009-11-13,2009-11-09,2009-11-15,2009-11-09,2009-11-13,7562.59,7709.89,7512.50,7665.63,5,False,True,Yahoo Finance ^TWII
2009-11-20,2009-11-16,2009-11-22,2009-11-16,2009-11-20,7701.97,7875.48,7649.19,7682.97,5,False,True,Yahoo Finance ^TWII
2009-11-27,2009-11-23,2009-11-29,2009-11-23,2009-11-27,7694.90,7818.00,7490.91,7490.91,5,False,True,Yahoo Finance ^TWII
2009-12-04,2009-11-30,2009-12-06,2009-11-30,2009-12-04,7582.69,7741.85,7549.01,7650.91,5,False,True,Yahoo Finance ^TWII
2009-12-11,2009-12-07,2009-12-13,2009-12-07,2009-12-11,7704.69,7829.41,7631.06,7795.07,5,False,True,Yahoo Finance ^TWII
2009-12-18,2009-12-14,2009-12-20,2009-12-14,2009-12-18,7793.14,7846.78,7688.00,7753.63,5,False,True,Yahoo Finance ^TWII
2009-12-25,2009-12-21,2009-12-27,2009-12-21,2009-12-25,7797.65,8009.00,7787.27,7972.59,5,False,True,Yahoo Finance ^TWII
2009-12-31,2009-12-28,2010-01-03,2009-12-28,2009-12-31,8007.54,8188.80,8007.54,8188.11,4,False,True,Yahoo Finance ^TWII
2010-01-08,2010-01-04,2010-01-10,2010-01-04,2010-01-08,8222.42,8369.55,8143.45,8280.90,5,False,True,Yahoo Finance ^TWII
2010-01-15,2010-01-11,2010-01-17,2010-01-11,2010-01-15,8291.52,8380.23,8194.81,8356.89,5,False,True,Yahoo Finance ^TWII
2010-01-22,2010-01-18,2010-01-24,2010-01-18,2010-01-22,8290.38,8395.39,7912.85,7927.31,5,False,True,Yahoo Finance ^TWII
2010-01-29,2010-01-25,2010-01-31,2010-01-25,2010-01-29,7845.30,7938.14,7481.90,7640.44,5,False,True,Yahoo Finance ^TWII
2010-02-06,2010-02-01,2010-02-07,2010-02-01,2010-02-06,,,,7212.87,6,False,False,011.idv.tw (close only) + Yahoo Finance ^TWII
2010-02-10,2010-02-08,2010-02-14,2010-02-08,2010-02-10,7236.63,7496.34,7173.18,7441.84,3,False,True,Yahoo Finance ^TWII
2010-02-26,2010-02-22,2010-02-28,2010-02-22,2010-02-26,7619.87,7619.87,7383.68,7436.10,5,False,True,Yahoo Finance ^TWII
2010-03-05,2010-03-01,2010-03-07,2010-03-01,2010-03-05,7492.84,7694.89,7451.09,7666.26,5,False,True,Yahoo Finance ^TWII
2010-03-12,2010-03-08,2010-03-14,2010-03-08,2010-03-12,7741.80,7818.84,7716.28,7748.33,5,False,True,Yahoo Finance ^TWII
2010-03-19,2010-03-15,2010-03-21,2010-03-15,2010-03-19,7750.87,7922.48,7634.92,7897.91,5,False,True,Yahoo Finance ^TWII
2010-03-26,2010-03-22,2010-03-28,2010-03-22,2010-03-26,7861.90,7909.41,7753.51,7876.86,5,False,True,Yahoo Finance ^TWII
2010-04-02,2010-03-29,2010-04-04,2010-03-29,2010-04-02,7918.95,8050.99,7909.06,8025.93,5,False,True,Yahoo Finance ^TWII
2010-04-09,2010-04-05,2010-04-11,2010-04-06,2010-04-09,8083.03,8149.68,8038.37,8092.03,4,False,True,Yahoo Finance ^TWII
2010-04-16,2010-04-12,2010-04-18,2010-04-12,2010-04-16,8149.76,8190.01,8022.94,8111.57,5,False,True,Yahoo Finance ^TWII
2010-04-23,2010-04-19,2010-04-25,2010-04-19,2010-04-23,8003.02,8042.05,7842.07,8004.89,5,False,True,Yahoo Finance ^TWII
2010-04-30,2010-04-26,2010-05-02,2010-04-26,2010-04-30,8107.22,8174.85,7944.70,8004.25,5,False,True,Yahoo Finance ^TWII
2010-05-07,2010-05-03,2010-05-09,2010-05-03,2010-05-07,7979.80,8022.45,7387.19,7567.10,5,False,True,Yahoo Finance ^TWII
2010-05-14,2010-05-10,2010-05-16,2010-05-10,2010-05-14,7610.88,7787.32,7577.31,7772.13,5,False,True,Yahoo Finance ^TWII
2010-05-21,2010-05-17,2010-05-23,2010-05-17,2010-05-21,7697.79,7697.79,7164.21,7237.71,5,False,True,Yahoo Finance ^TWII
2010-05-28,2010-05-24,2010-05-30,2010-05-24,2010-05-28,7296.15,7364.01,7032.40,7295.32,5,False,True,Yahoo Finance ^TWII
2010-06-04,2010-05-31,2010-06-06,2010-05-31,2010-06-04,7312.26,7377.56,7159.75,7344.59,5,False,True,Yahoo Finance ^TWII
2010-06-11,2010-06-07,2010-06-13,2010-06-07,2010-06-11,7139.76,7321.60,7048.60,7299.49,5,False,True,Yahoo Finance ^TWII
2010-06-18,2010-06-14,2010-06-20,2010-06-14,2010-06-18,7372.93,7538.55,7347.23,7493.11,4,False,True,Yahoo Finance ^TWII
2010-06-25,2010-06-21,2010-06-27,2010-06-21,2010-06-25,7595.93,7645.71,7463.29,7474.71,5,False,True,Yahoo Finance ^TWII
2010-07-02,2010-06-28,2010-07-04,2010-06-28,2010-07-02,7507.15,7584.81,7251.60,7330.74,5,False,True,Yahoo Finance ^TWII
2010-07-09,2010-07-05,2010-07-11,2010-07-05,2010-07-09,7351.18,7652.55,7351.18,7647.25,5,False,True,Yahoo Finance ^TWII
2010-07-16,2010-07-12,2010-07-18,2010-07-12,2010-07-16,7674.26,7732.31,7587.87,7664.57,5,False,True,Yahoo Finance ^TWII
2010-07-23,2010-07-19,2010-07-25,2010-07-19,2010-07-23,7602.68,7782.02,7596.26,7761.22,5,False,True,Yahoo Finance ^TWII
2010-07-30,2010-07-26,2010-08-01,2010-07-26,2010-07-30,7787.07,7807.07,7726.40,7760.63,5,False,True,Yahoo Finance ^TWII
2010-08-06,2010-08-02,2010-08-08,2010-08-02,2010-08-06,7829.19,8018.74,7829.19,7963.30,5,False,True,Yahoo Finance ^TWII
2010-08-13,2010-08-09,2010-08-15,2010-08-09,2010-08-13,7974.67,8054.29,7776.66,7891.58,5,False,True,Yahoo Finance ^TWII
2010-08-20,2010-08-16,2010-08-22,2010-08-16,2010-08-20,7884.28,7984.57,7850.13,7927.31,5,False,True,Yahoo Finance ^TWII
2010-08-27,2010-08-23,2010-08-29,2010-08-23,2010-08-27,7938.21,8013.12,7662.23,7722.91,5,False,True,Yahoo Finance ^TWII
2010-09-03,2010-08-30,2010-09-05,2010-08-30,2010-09-03,7797.26,7830.21,7577.10,7830.21,5,False,True,Yahoo Finance ^TWII
2010-09-10,2010-09-06,2010-09-12,2010-09-06,2010-09-10,7879.70,7922.07,7817.87,7890.11,5,False,True,Yahoo Finance ^TWII
2010-09-17,2010-09-13,2010-09-19,2010-09-13,2010-09-17,7961.98,8197.82,7946.98,8158.33,5,False,True,Yahoo Finance ^TWII
2010-09-24,2010-09-20,2010-09-26,2010-09-20,2010-09-24,8174.88,8251.42,8129.21,8166.62,4,False,True,Yahoo Finance ^TWII
2010-10-01,2010-09-27,2010-10-03,2010-09-27,2010-10-01,8239.11,8286.93,8173.26,8244.18,5,False,True,Yahoo Finance ^TWII
2010-10-08,2010-10-04,2010-10-10,2010-10-04,2010-10-08,8261.16,8310.80,8155.30,8244.19,5,False,True,Yahoo Finance ^TWII
2010-10-15,2010-10-11,2010-10-17,2010-10-11,2010-10-15,8277.78,8277.78,8058.59,8205.30,5,False,True,Yahoo Finance ^TWII
2010-10-22,2010-10-18,2010-10-24,2010-10-18,2010-10-22,8209.39,8209.39,7992.81,8168.06,5,False,True,Yahoo Finance ^TWII
2010-10-29,2010-10-25,2010-10-31,2010-10-25,2010-10-29,8204.01,8386.29,8199.49,8287.09,5,False,True,Yahoo Finance ^TWII
2010-11-05,2010-11-01,2010-11-07,2010-11-01,2010-11-05,8343.52,8458.47,8273.47,8449.34,5,False,True,Yahoo Finance ^TWII
2010-11-12,2010-11-08,2010-11-14,2010-11-08,2010-11-12,8473.66,8473.66,8309.36,8316.05,5,False,True,Yahoo Finance ^TWII
2010-11-19,2010-11-15,2010-11-21,2010-11-15,2010-11-19,8287.83,8372.16,8226.71,8306.12,5,False,True,Yahoo Finance ^TWII
2010-11-26,2010-11-22,2010-11-28,2010-11-22,2010-11-26,8343.32,8396.49,8277.33,8312.15,5,False,True,Yahoo Finance ^TWII
2010-12-03,2010-11-29,2010-12-05,2010-11-29,2010-12-03,8399.77,8659.62,8331.51,8624.01,5,False,True,Yahoo Finance ^TWII
2010-12-10,2010-12-06,2010-12-12,2010-12-06,2010-12-10,8675.45,8782.82,8654.49,8718.83,5,False,True,Yahoo Finance ^TWII
2010-12-17,2010-12-13,2010-12-19,2010-12-13,2010-12-17,8748.64,8860.38,8698.41,8817.90,5,False,True,Yahoo Finance ^TWII
2010-12-24,2010-12-20,2010-12-26,2010-12-20,2010-12-24,8861.09,8914.34,8740.30,8861.10,5,False,True,Yahoo Finance ^TWII
2010-12-31,2010-12-27,2011-01-02,2010-12-27,2010-12-31,8866.67,8990.38,8828.67,8972.50,5,False,True,Yahoo Finance ^TWII
2011-01-07,2011-01-03,2011-01-09,2011-01-03,2011-01-07,9039.63,9046.18,8738.93,8782.72,5,False,True,Yahoo Finance ^TWII
2011-01-14,2011-01-10,2011-01-16,2011-01-10,2011-01-14,8798.05,9034.17,8762.50,8972.51,5,False,True,Yahoo Finance ^TWII
2011-01-21,2011-01-17,2011-01-23,2011-01-17,2011-01-21,8998.89,9092.28,8887.03,8954.38,5,False,True,Yahoo Finance ^TWII
2011-01-28,2011-01-24,2011-01-30,2011-01-24,2011-01-28,8983.59,9154.93,8927.49,9145.35,5,False,True,Yahoo Finance ^TWII
2011-02-11,2011-02-07,2011-02-13,2011-02-08,2011-02-11,9220.69,9220.69,8574.65,8609.86,4,False,True,Yahoo Finance ^TWII
2011-02-18,2011-02-14,2011-02-20,2011-02-14,2011-02-18,8666.61,8874.50,8565.05,8843.84,5,False,True,Yahoo Finance ^TWII
2011-02-25,2011-02-21,2011-02-27,2011-02-21,2011-02-25,8867.16,8867.16,8470.09,8599.65,5,False,True,Yahoo Finance ^TWII
2011-03-04,2011-02-28,2011-03-06,2011-03-01,2011-03-04,8611.79,8829.23,8611.79,8784.40,4,False,True,Yahoo Finance ^TWII
2011-03-11,2011-03-07,2011-03-13,2011-03-07,2011-03-11,8769.87,8824.41,8513.51,8567.82,5,False,True,Yahoo Finance ^TWII
2011-03-18,2011-03-14,2011-03-20,2011-03-14,2011-03-18,8616.29,8616.29,8070.52,8394.75,5,False,True,Yahoo Finance ^TWII
2011-03-25,2011-03-21,2011-03-27,2011-03-21,2011-03-25,8421.66,8658.05,8394.22,8610.39,5,False,True,Yahoo Finance ^TWII
2011-04-01,2011-03-28,2011-04-03,2011-03-28,2011-04-01,8587.99,8705.13,8522.57,8705.13,5,False,True,Yahoo Finance ^TWII
2011-04-08,2011-04-04,2011-04-10,2011-04-06,2011-04-08,8772.13,8929.06,8767.21,8894.54,3,False,True,Yahoo Finance ^TWII
2011-04-15,2011-04-11,2011-04-17,2011-04-11,2011-04-15,8922.75,8922.75,8700.08,8718.12,5,False,True,Yahoo Finance ^TWII
2011-04-22,2011-04-18,2011-04-24,2011-04-18,2011-04-22,8752.56,8992.67,8592.23,8969.43,5,False,True,Yahoo Finance ^TWII
2011-04-29,2011-04-25,2011-05-01,2011-04-25,2011-04-29,9015.91,9099.75,8866.74,9007.87,5,False,True,Yahoo Finance ^TWII
2011-05-06,2011-05-02,2011-05-08,2011-05-03,2011-05-06,9014.33,9029.58,8864.55,8977.23,4,False,True,Yahoo Finance ^TWII
2011-05-13,2011-05-09,2011-05-15,2011-05-09,2011-05-13,9001.80,9082.01,8963.24,9006.61,5,False,True,Yahoo Finance ^TWII
2011-05-20,2011-05-16,2011-05-22,2011-05-16,2011-05-20,8996.70,9026.18,8822.75,8837.03,5,False,True,Yahoo Finance ^TWII
2011-05-27,2011-05-23,2011-05-29,2011-05-23,2011-05-27,8767.30,8860.03,8673.38,8810.00,5,False,True,Yahoo Finance ^TWII
2011-06-03,2011-05-30,2011-06-05,2011-05-30,2011-06-03,8757.66,9089.47,8748.13,9046.28,5,False,True,Yahoo Finance ^TWII
2011-06-10,2011-06-06,2011-06-12,2011-06-07,2011-06-10,9025.21,9070.25,8837.82,8837.82,4,False,True,Yahoo Finance ^TWII
2011-06-17,2011-06-13,2011-06-19,2011-06-13,2011-06-17,8791.67,8876.14,8618.85,8636.10,5,False,True,Yahoo Finance ^TWII
2011-06-24,2011-06-20,2011-06-26,2011-06-20,2011-06-24,8679.15,8685.33,8508.16,8532.83,5,False,True,Yahoo Finance ^TWII
2011-07-01,2011-06-27,2011-07-03,2011-06-27,2011-07-01,8456.36,8744.20,8433.46,8739.82,5,False,True,Yahoo Finance ^TWII
2011-07-08,2011-07-04,2011-07-10,2011-07-04,2011-07-08,8801.51,8842.17,8740.00,8749.55,5,False,True,Yahoo Finance ^TWII
2011-07-15,2011-07-11,2011-07-17,2011-07-11,2011-07-15,8749.55,8749.55,8410.44,8574.91,5,False,True,Yahoo Finance ^TWII
2011-07-22,2011-07-18,2011-07-24,2011-07-18,2011-07-22,8550.16,8794.48,8473.91,8765.32,5,False,True,Yahoo Finance ^TWII
2011-07-29,2011-07-25,2011-07-31,2011-07-25,2011-07-29,8764.68,8819.93,8638.67,8644.18,5,False,True,Yahoo Finance ^TWII
2011-08-05,2011-08-01,2011-08-07,2011-08-01,2011-08-05,8629.97,8707.87,7844.77,7853.13,5,False,True,Yahoo Finance ^TWII
2011-08-12,2011-08-08,2011-08-14,2011-08-08,2011-08-12,7769.60,7853.53,7148.76,7637.02,5,False,True,Yahoo Finance ^TWII
2011-08-19,2011-08-15,2011-08-21,2011-08-15,2011-08-19,7769.17,7896.19,7316.83,7342.96,5,False,True,Yahoo Finance ^TWII
2011-08-26,2011-08-22,2011-08-28,2011-08-22,2011-08-26,7348.71,7594.81,7248.69,7445.10,5,False,True,Yahoo Finance ^TWII
2011-09-02,2011-08-29,2011-09-04,2011-08-29,2011-09-02,7482.92,7886.04,7474.31,7757.06,5,False,True,Yahoo Finance ^TWII
2011-09-09,2011-09-05,2011-09-11,2011-09-05,2011-09-09,7637.90,7651.27,7357.76,7610.57,5,False,True,Yahoo Finance ^TWII
2011-09-16,2011-09-12,2011-09-18,2011-09-13,2011-09-16,7530.00,7606.70,7186.75,7577.40,4,False,True,Yahoo Finance ^TWII
2011-09-23,2011-09-19,2011-09-25,2011-09-19,2011-09-23,7572.83,7574.78,6997.61,7046.22,5,False,True,Yahoo Finance ^TWII
2011-09-30,2011-09-26,2011-10-02,2011-09-26,2011-09-30,7026.49,7251.87,6877.12,7225.38,5,False,True,Yahoo Finance ^TWII
2011-10-07,2011-10-03,2011-10-09,2011-10-03,2011-10-07,7128.66,7253.09,6889.99,7211.96,5,False,True,Yahoo Finance ^TWII
2011-10-14,2011-10-10,2011-10-16,2011-10-11,2011-10-14,7348.86,7444.33,7323.54,7358.08,4,False,True,Yahoo Finance ^TWII
2011-10-21,2011-10-17,2011-10-23,2011-10-17,2011-10-21,7412.88,7475.06,7205.21,7254.51,5,False,True,Yahoo Finance ^TWII
2011-10-28,2011-10-24,2011-10-30,2011-10-24,2011-10-28,7352.43,7743.37,7352.43,7616.06,5,False,True,Yahoo Finance ^TWII
2011-11-04,2011-10-31,2011-11-06,2011-10-31,2011-11-04,7637.48,7658.97,7448.28,7603.23,5,False,True,Yahoo Finance ^TWII
2011-11-11,2011-11-07,2011-11-13,2011-11-07,2011-11-11,7623.16,7683.09,7274.84,7367.29,5,False,True,Yahoo Finance ^TWII
2011-11-18,2011-11-14,2011-11-20,2011-11-14,2011-11-18,7472.16,7544.23,7233.78,7233.78,5,False,True,Yahoo Finance ^TWII
2011-11-25,2011-11-21,2011-11-27,2011-11-21,2011-11-25,7166.26,7183.47,6744.26,6784.52,5,False,True,Yahoo Finance ^TWII
2011-12-02,2011-11-28,2011-12-04,2011-11-28,2011-12-02,6844.30,7199.26,6844.30,7140.68,5,False,True,Yahoo Finance ^TWII
2011-12-09,2011-12-05,2011-12-11,2011-12-05,2011-12-09,7149.58,7149.59,6831.39,6893.30,5,False,True,Yahoo Finance ^TWII
2011-12-16,2011-12-12,2011-12-18,2011-12-12,2011-12-16,6975.62,7002.09,6757.33,6785.09,5,False,True,Yahoo Finance ^TWII
2011-12-23,2011-12-19,2011-12-25,2011-12-19,2011-12-23,6780.64,7122.28,6609.11,7110.73,5,False,True,Yahoo Finance ^TWII
2011-12-30,2011-12-26,2012-01-01,2011-12-26,2011-12-30,7125.04,7139.03,6998.97,7072.08,5,False,True,Yahoo Finance ^TWII
2012-01-06,2012-01-02,2012-01-08,2012-01-02,2012-01-06,,,,7120.51,5,False,False,011.idv.tw (close only) + Yahoo Finance ^TWII
2012-01-13,2012-01-09,2012-01-15,2012-01-09,2012-01-13,7103.09,7249.94,7050.25,7181.54,5,False,True,Yahoo Finance ^TWII
2012-01-18,2012-01-16,2012-01-22,2012-01-16,2012-01-18,7241.92,7258.84,7091.35,7233.69,3,False,True,Yahoo Finance ^TWII
2012-02-04,2012-01-30,2012-02-05,2012-01-30,2012-02-04,,,,7741.24,6,False,False,011.idv.tw (close only) + Yahoo Finance ^TWII
2012-02-10,2012-02-06,2012-02-12,2012-02-06,2012-02-10,7752.28,7941.63,7673.91,7862.27,5,False,True,Yahoo Finance ^TWII
2012-02-17,2012-02-13,2012-02-19,2012-02-13,2012-02-17,7849.21,8013.46,7829.76,7894.36,5,False,True,Yahoo Finance ^TWII
2012-02-24,2012-02-20,2012-02-26,2012-02-20,2012-02-24,7959.99,8018.54,7870.26,7959.34,5,False,True,Yahoo Finance ^TWII
2012-03-03,2012-02-27,2012-03-04,2012-02-29,2012-03-03,,,,8114.44,4,False,False,011.idv.tw (close only) + Yahoo Finance ^TWII
2012-03-09,2012-03-05,2012-03-11,2012-03-05,2012-03-09,8105.27,8115.49,7824.45,8016.01,5,False,True,Yahoo Finance ^TWII
2012-03-16,2012-03-12,2012-03-18,2012-03-12,2012-03-16,8028.87,8170.31,7927.55,8054.94,5,False,True,Yahoo Finance ^TWII
2012-03-23,2012-03-19,2012-03-25,2012-03-19,2012-03-23,8113.46,8123.15,7940.19,8076.61,5,False,True,Yahoo Finance ^TWII
2012-03-30,2012-03-26,2012-04-01,2012-03-26,2012-03-30,8073.93,8085.43,7775.75,7933.00,5,False,True,Yahoo Finance ^TWII
2012-04-06,2012-04-02,2012-04-08,2012-04-02,2012-04-06,7905.88,7928.43,7528.03,7706.26,4,False,True,Yahoo Finance ^TWII
2012-04-13,2012-04-09,2012-04-15,2012-04-09,2012-04-13,7587.68,7788.27,7529.39,7788.27,5,False,True,Yahoo Finance ^TWII
2012-04-20,2012-04-16,2012-04-22,2012-04-16,2012-04-20,7747.36,7752.10,7507.15,7507.15,5,False,True,Yahoo Finance ^TWII
2012-04-27,2012-04-23,2012-04-29,2012-04-23,2012-04-27,7488.82,7600.45,7430.93,7480.50,5,False,True,Yahoo Finance ^TWII
2012-05-04,2012-04-30,2012-05-06,2012-04-30,2012-05-04,7439.22,7704.87,7422.14,7700.95,4,False,True,Yahoo Finance ^TWII
2012-05-11,2012-05-07,2012-05-13,2012-05-07,2012-05-11,7608.35,7608.35,7382.95,7401.37,5,False,True,Yahoo Finance ^TWII
2012-05-18,2012-05-14,2012-05-20,2012-05-14,2012-05-18,7389.89,7412.59,7149.36,7151.19,5,False,True,Yahoo Finance ^TWII
2012-05-25,2012-05-21,2012-05-27,2012-05-21,2012-05-25,7164.90,7274.89,7066.39,7071.63,5,False,True,Yahoo Finance ^TWII
2012-06-01,2012-05-28,2012-06-03,2012-05-28,2012-06-01,7067.55,7349.85,7047.32,7106.09,5,False,True,Yahoo Finance ^TWII
2012-06-08,2012-06-04,2012-06-10,2012-06-04,2012-06-08,6907.13,7139.16,6857.35,6999.65,5,False,True,Yahoo Finance ^TWII
2012-06-15,2012-06-11,2012-06-17,2012-06-11,2012-06-15,7081.72,7166.08,7026.27,7155.83,5,False,True,Yahoo Finance ^TWII
2012-06-22,2012-06-18,2012-06-24,2012-06-18,2012-06-22,7263.81,7334.63,7185.31,7222.05,5,False,True,Yahoo Finance ^TWII
2012-06-29,2012-06-25,2012-07-01,2012-06-25,2012-06-29,7222.61,7296.28,7117.17,7296.28,5,False,True,Yahoo Finance ^TWII
2012-07-06,2012-07-02,2012-07-08,2012-07-02,2012-07-06,7332.09,7442.55,7318.22,7368.59,5,False,True,Yahoo Finance ^TWII
2012-07-13,2012-07-09,2012-07-15,2012-07-09,2012-07-13,7301.72,7333.28,7103.71,7104.27,5,False,True,Yahoo Finance ^TWII
2012-07-20,2012-07-16,2012-07-22,2012-07-16,2012-07-20,7135.94,7164.68,7046.09,7164.68,5,False,True,Yahoo Finance ^TWII
2012-07-27,2012-07-23,2012-07-29,2012-07-23,2012-07-27,7105.99,7124.49,6922.73,7124.49,5,False,True,Yahoo Finance ^TWII
2012-08-03,2012-07-30,2012-08-05,2012-07-30,2012-08-03,7159.21,7273.62,7140.53,7217.51,4,False,True,Yahoo Finance ^TWII
2012-08-10,2012-08-06,2012-08-12,2012-08-06,2012-08-10,7311.74,7458.23,7265.96,7441.12,5,False,True,Yahoo Finance ^TWII
2012-08-17,2012-08-13,2012-08-19,2012-08-13,2012-08-17,7495.81,7520.65,7423.84,7467.92,5,False,True,Yahoo Finance ^TWII
2012-08-24,2012-08-20,2012-08-26,2012-08-20,2012-08-24,7482.05,7536.32,7422.44,7477.53,5,False,True,Yahoo Finance ^TWII
2012-08-31,2012-08-27,2012-09-02,2012-08-27,2012-08-31,7504.45,7523.54,7359.83,7397.06,5,False,True,Yahoo Finance ^TWII
2012-09-07,2012-09-03,2012-09-09,2012-09-03,2012-09-07,7430.40,7479.01,7313.56,7424.91,5,False,True,Yahoo Finance ^TWII
2012-09-14,2012-09-10,2012-09-16,2012-09-10,2012-09-14,7435.34,7738.05,7435.34,7738.05,5,False,True,Yahoo Finance ^TWII
2012-09-21,2012-09-17,2012-09-23,2012-09-17,2012-09-21,7768.45,7785.47,7704.61,7754.59,5,False,True,Yahoo Finance ^TWII
2012-09-28,2012-09-24,2012-09-30,2012-09-24,2012-09-28,7760.33,7789.39,7649.50,7715.16,5,False,True,Yahoo Finance ^TWII
2012-10-05,2012-10-01,2012-10-07,2012-10-01,2012-10-05,7702.12,7727.53,7621.38,7690.65,5,False,True,Yahoo Finance ^TWII
2012-10-12,2012-10-08,2012-10-14,2012-10-08,2012-10-12,7707.97,7707.97,7398.80,7437.04,4,False,True,Yahoo Finance ^TWII
2012-10-19,2012-10-15,2012-10-21,2012-10-15,2012-10-19,7433.22,7518.36,7392.61,7408.76,5,False,True,Yahoo Finance ^TWII
2012-10-26,2012-10-22,2012-10-28,2012-10-22,2012-10-26,7333.24,7375.50,7132.77,7134.06,5,False,True,Yahoo Finance ^TWII
2012-11-02,2012-10-29,2012-11-04,2012-10-29,2012-11-02,7147.20,7235.13,7050.05,7210.47,5,False,True,Yahoo Finance ^TWII
2012-11-09,2012-11-05,2012-11-11,2012-11-05,2012-11-09,7200.77,7302.27,7161.70,7293.22,5,False,True,Yahoo Finance ^TWII
2012-11-16,2012-11-12,2012-11-18,2012-11-12,2012-11-16,7303.93,7307.59,7066.28,7130.07,5,False,True,Yahoo Finance ^TWII
2012-11-23,2012-11-19,2012-11-25,2012-11-19,2012-11-23,7134.71,7326.01,7061.87,7326.01,5,False,True,Yahoo Finance ^TWII
2012-11-30,2012-11-26,2012-12-02,2012-11-26,2012-11-30,7372.38,7590.69,7370.28,7580.17,5,False,True,Yahoo Finance ^TWII
2012-12-07,2012-12-03,2012-12-09,2012-12-03,2012-12-07,7582.65,7673.62,7536.66,7642.26,5,False,True,Yahoo Finance ^TWII
2012-12-14,2012-12-10,2012-12-16,2012-12-10,2012-12-14,7658.39,7757.09,7556.67,7698.77,5,False,True,Yahoo Finance ^TWII
2012-12-22,2012-12-17,2012-12-23,2012-12-17,2012-12-22,,,,7540.14,6,False,False,011.idv.tw (close only) + Yahoo Finance ^TWII
2012-12-28,2012-12-24,2012-12-30,2012-12-24,2012-12-28,7542.66,7708.31,7520.62,7699.50,5,False,True,Yahoo Finance ^TWII
2013-01-04,2012-12-31,2013-01-06,2013-01-02,2013-01-04,7738.05,7855.16,7715.26,7805.99,3,False,True,Yahoo Finance ^TWII
2013-01-11,2013-01-07,2013-01-13,2013-01-07,2013-01-11,7797.05,7845.36,7692.98,7819.15,5,False,True,Yahoo Finance ^TWII
2013-01-18,2013-01-14,2013-01-20,2013-01-14,2013-01-18,7795.68,7823.97,7603.27,7732.87,5,False,True,Yahoo Finance ^TWII
2013-01-25,2013-01-21,2013-01-27,2013-01-21,2013-01-25,7725.36,7773.20,7637.20,7672.58,5,False,True,Yahoo Finance ^TWII
2013-02-01,2013-01-28,2013-02-03,2013-01-28,2013-02-01,7685.67,7866.23,7685.67,7855.97,5,False,True,Yahoo Finance ^TWII
2013-02-06,2013-02-04,2013-02-10,2013-02-04,2013-02-06,7882.76,7941.65,7863.91,7906.65,3,False,True,Yahoo Finance ^TWII
2013-02-23,2013-02-18,2013-02-24,2013-02-18,2013-02-23,,,,7986.89,6,False,False,011.idv.tw (close only) + Yahoo Finance ^TWII
2013-03-01,2013-02-25,2013-03-03,2013-02-25,2013-03-01,7986.87,7995.11,7871.23,7964.63,4,False,True,Yahoo Finance ^TWII
2013-03-08,2013-03-04,2013-03-10,2013-03-04,2013-03-08,7966.22,8029.14,7849.52,8015.14,5,False,True,Yahoo Finance ^TWII
2013-03-15,2013-03-11,2013-03-17,2013-03-11,2013-03-15,8021.88,8089.21,7924.94,7927.49,5,False,True,Yahoo Finance ^TWII
2013-03-22,2013-03-18,2013-03-24,2013-03-18,2013-03-22,7886.69,7888.16,7786.56,7796.22,5,False,True,Yahoo Finance ^TWII
2013-03-29,2013-03-25,2013-03-31,2013-03-25,2013-03-29,7862.58,7931.70,7844.84,7918.61,5,False,True,Yahoo Finance ^TWII
2013-04-03,2013-04-01,2013-04-07,2013-04-01,2013-04-03,7934.25,7954.15,7879.55,7942.35,3,False,True,Yahoo Finance ^TWII
2013-04-12,2013-04-08,2013-04-14,2013-04-08,2013-04-12,7831.22,7864.86,7714.93,7821.63,5,False,True,Yahoo Finance ^TWII
2013-04-19,2013-04-15,2013-04-21,2013-04-15,2013-04-19,7815.32,7933.72,7688.62,7930.80,5,False,True,Yahoo Finance ^TWII
2013-04-26,2013-04-22,2013-04-28,2013-04-22,2013-04-26,7976.10,8081.37,7913.60,8022.06,5,False,True,Yahoo Finance ^TWII
2013-05-03,2013-04-29,2013-05-05,2013-04-29,2013-05-03,8043.71,8175.33,8014.27,8135.03,4,False,True,Yahoo Finance ^TWII
2013-05-10,2013-05-06,2013-05-12,2013-05-06,2013-05-10,8188.48,8322.69,8145.10,8280.26,5,False,True,Yahoo Finance ^TWII
2013-05-17,2013-05-13,2013-05-19,2013-05-13,2013-05-17,8285.45,8414.88,8230.65,8368.19,5,False,True,Yahoo Finance ^TWII
2013-05-24,2013-05-20,2013-05-26,2013-05-20,2013-05-24,8364.95,8439.15,8172.54,8209.78,5,False,True,Yahoo Finance ^TWII
2013-05-31,2013-05-27,2013-06-02,2013-05-27,2013-05-31,8218.88,8344.21,8210.32,8254.80,5,False,True,Yahoo Finance ^TWII
2013-06-07,2013-06-03,2013-06-09,2013-06-03,2013-06-07,8177.97,8250.17,8071.98,8095.20,5,False,True,Yahoo Finance ^TWII
2013-06-14,2013-06-10,2013-06-16,2013-06-10,2013-06-14,8161.51,8190.87,7912.37,7937.74,4,False,True,Yahoo Finance ^TWII
2013-06-21,2013-06-17,2013-06-23,2013-06-17,2013-06-21,7953.65,8056.19,7739.09,7793.31,5,False,True,Yahoo Finance ^TWII
2013-06-28,2013-06-24,2013-06-30,2013-06-24,2013-06-28,7788.45,8062.21,7663.23,8062.21,5,False,True,Yahoo Finance ^TWII
2013-07-05,2013-07-01,2013-07-07,2013-07-01,2013-07-05,8011.95,8064.12,7877.06,8001.82,5,False,True,Yahoo Finance ^TWII
2013-07-12,2013-07-08,2013-07-14,2013-07-08,2013-07-12,7980.11,8220.49,7885.00,8220.49,5,False,True,Yahoo Finance ^TWII
2013-07-19,2013-07-15,2013-07-21,2013-07-15,2013-07-19,8178.26,8265.70,8046.70,8062.03,5,False,True,Yahoo Finance ^TWII
2013-07-26,2013-07-22,2013-07-28,2013-07-22,2013-07-26,8092.03,8233.10,8092.03,8149.40,5,False,True,Yahoo Finance ^TWII
2013-08-02,2013-07-29,2013-08-04,2013-07-29,2013-08-02,8146.14,8176.74,8056.22,8099.88,5,False,True,Yahoo Finance ^TWII
2013-08-09,2013-08-05,2013-08-11,2013-08-05,2013-08-09,8104.20,8143.44,7853.97,7856.14,5,False,True,Yahoo Finance ^TWII
2013-08-16,2013-08-12,2013-08-18,2013-08-12,2013-08-16,7878.22,7986.27,7850.27,7925.00,5,False,True,Yahoo Finance ^TWII
2013-08-23,2013-08-19,2013-08-25,2013-08-19,2013-08-23,7937.45,7944.74,7737.33,7873.31,4,False,True,Yahoo Finance ^TWII
2013-08-30,2013-08-26,2013-09-01,2013-08-26,2013-08-30,7906.52,8021.89,7761.76,8021.89,5,False,True,Yahoo Finance ^TWII
2013-09-06,2013-09-02,2013-09-08,2013-09-02,2013-09-06,8010.15,8182.56,7993.13,8164.20,5,False,True,Yahoo Finance ^TWII
2013-09-14,2013-09-09,2013-09-15,2013-09-09,2013-09-14,,,,8142.48,6,False,False,011.idv.tw (close only) + Yahoo Finance ^TWII
2013-09-18,2013-09-16,2013-09-22,2013-09-16,2013-09-18,8189.61,8263.05,8189.61,8209.18,3,False,True,Yahoo Finance ^TWII
2013-09-27,2013-09-23,2013-09-29,2013-09-23,2013-09-27,8226.80,8310.94,8184.68,8230.68,5,False,True,Yahoo Finance ^TWII
2013-10-04,2013-09-30,2013-10-06,2013-09-30,2013-10-04,8174.86,8376.79,8137.11,8364.55,5,False,True,Yahoo Finance ^TWII
2013-10-11,2013-10-07,2013-10-13,2013-10-07,2013-10-11,8354.91,8433.53,8311.59,8349.37,4,False,True,Yahoo Finance ^TWII
2013-10-18,2013-10-14,2013-10-20,2013-10-14,2013-10-18,8339.99,8441.19,8269.16,8441.19,5,False,True,Yahoo Finance ^TWII
2013-10-25,2013-10-21,2013-10-27,2013-10-21,2013-10-25,8456.68,8459.30,8322.15,8346.62,5,False,True,Yahoo Finance ^TWII
2013-11-01,2013-10-28,2013-11-03,2013-10-28,2013-11-01,8365.43,8476.63,8348.42,8388.18,5,False,True,Yahoo Finance ^TWII
2013-11-08,2013-11-04,2013-11-10,2013-11-04,2013-11-08,8371.83,8372.80,8216.33,8229.59,5,False,True,Yahoo Finance ^TWII
2013-11-15,2013-11-11,2013-11-17,2013-11-11,2013-11-15,8228.90,8242.41,8100.73,8177.12,5,False,True,Yahoo Finance ^TWII
2013-11-22,2013-11-18,2013-11-24,2013-11-18,2013-11-22,8201.85,8262.91,8093.82,8116.78,5,False,True,Yahoo Finance ^TWII
2013-11-29,2013-11-25,2013-12-01,2013-11-25,2013-11-29,8182.90,8414.79,8182.90,8406.83,5,False,True,Yahoo Finance ^TWII
2013-12-06,2013-12-02,2013-12-08,2013-12-02,2013-12-06,8429.24,8437.60,8361.99,8367.72,5,False,True,Yahoo Finance ^TWII
2013-12-13,2013-12-09,2013-12-15,2013-12-09,2013-12-13,8439.76,8501.77,8346.83,8376.94,5,False,True,Yahoo Finance ^TWII
2013-12-20,2013-12-16,2013-12-22,2013-12-16,2013-12-20,8368.83,8439.37,8313.87,8408.53,5,False,True,Yahoo Finance ^TWII
2013-12-27,2013-12-23,2013-12-29,2013-12-23,2013-12-27,8441.16,8543.50,8441.16,8535.04,5,False,True,Yahoo Finance ^TWII
2014-01-03,2013-12-30,2014-01-05,2013-12-30,2014-01-03,8552.13,8647.24,8537.86,8546.54,4,False,True,Yahoo Finance ^TWII
2014-01-10,2014-01-06,2014-01-12,2014-01-06,2014-01-10,8553.00,8587.08,8488.64,8529.35,5,False,True,Yahoo Finance ^TWII
2014-01-17,2014-01-13,2014-01-19,2014-01-13,2014-01-17,8587.49,8668.95,8523.46,8596.00,5,False,True,Yahoo Finance ^TWII
2014-01-24,2014-01-20,2014-01-26,2014-01-20,2014-01-24,8595.59,8650.14,8577.14,8598.31,5,False,True,Yahoo Finance ^TWII
2014-01-27,2014-01-27,2014-02-02,2014-01-27,2014-01-27,8519.48,8519.48,8442.19,8462.57,1,False,True,Yahoo Finance ^TWII
2014-02-07,2014-02-03,2014-02-09,2014-02-05,2014-02-07,8290.17,8409.03,8230.46,8387.35,3,False,True,Yahoo Finance ^TWII
2014-02-14,2014-02-10,2014-02-16,2014-02-10,2014-02-14,8416.42,8566.99,8391.95,8513.68,5,False,True,Yahoo Finance ^TWII
2014-02-21,2014-02-17,2014-02-23,2014-02-17,2014-02-21,8537.83,8612.08,8506.06,8601.86,5,False,True,Yahoo Finance ^TWII
2014-02-27,2014-02-24,2014-03-02,2014-02-24,2014-02-27,8603.61,8647.90,8541.65,8639.58,4,False,True,Yahoo Finance ^TWII
2014-03-07,2014-03-03,2014-03-09,2014-03-03,2014-03-07,8627.15,8787.62,8545.24,8713.96,5,False,True,Yahoo Finance ^TWII
2014-03-14,2014-03-10,2014-03-16,2014-03-10,2014-03-14,8706.43,8768.66,8651.54,8687.63,5,False,True,Yahoo Finance ^TWII
2014-03-21,2014-03-17,2014-03-23,2014-03-17,2014-03-21,8697.26,8759.55,8562.57,8577.17,5,False,True,Yahoo Finance ^TWII
2014-03-28,2014-03-24,2014-03-30,2014-03-24,2014-03-28,8540.27,8812.41,8508.01,8774.64,5,False,True,Yahoo Finance ^TWII
2014-04-03,2014-03-31,2014-04-06,2014-03-31,2014-04-03,8802.93,8922.79,8769.97,8888.54,4,False,True,Yahoo Finance ^TWII
2014-04-11,2014-04-07,2014-04-13,2014-04-07,2014-04-11,8844.91,8978.52,8828.59,8908.05,5,False,True,Yahoo Finance ^TWII
2014-04-18,2014-04-14,2014-04-20,2014-04-14,2014-04-18,8897.23,9002.70,8852.66,8966.66,5,False,True,Yahoo Finance ^TWII
2014-04-25,2014-04-21,2014-04-27,2014-04-21,2014-04-25,8961.52,9022.28,8749.51,8774.12,5,False,True,Yahoo Finance ^TWII
2014-05-02,2014-04-28,2014-05-04,2014-04-28,2014-05-02,8680.14,8890.09,8671.65,8867.32,4,False,True,Yahoo Finance ^TWII
2014-05-09,2014-05-05,2014-05-11,2014-05-05,2014-05-09,8895.87,8945.63,8844.45,8889.69,5,False,True,Yahoo Finance ^TWII
2014-05-16,2014-05-12,2014-05-18,2014-05-12,2014-05-16,8893.72,8898.31,8803.43,8888.45,5,False,True,Yahoo Finance ^TWII
2014-05-23,2014-05-19,2014-05-25,2014-05-19,2014-05-23,8901.54,9008.22,8848.53,9008.22,5,False,True,Yahoo Finance ^TWII
2014-05-30,2014-05-26,2014-06-01,2014-05-26,2014-05-30,9040.49,9139.57,9026.77,9075.91,5,False,True,Yahoo Finance ^TWII
2014-06-06,2014-06-02,2014-06-08,2014-06-03,2014-06-06,9106.61,9174.77,9070.45,9134.46,4,False,True,Yahoo Finance ^TWII
2014-06-13,2014-06-09,2014-06-15,2014-06-09,2014-06-13,9153.93,9229.80,9138.93,9196.39,5,False,True,Yahoo Finance ^TWII
2014-06-20,2014-06-16,2014-06-22,2014-06-16,2014-06-20,9196.23,9339.83,9179.56,9273.79,5,False,True,Yahoo Finance ^TWII
2014-06-27,2014-06-23,2014-06-29,2014-06-23,2014-06-27,9293.06,9330.95,9225.73,9306.83,5,False,True,Yahoo Finance ^TWII
2014-07-04,2014-06-30,2014-07-06,2014-06-30,2014-07-04,9332.44,9550.11,9327.89,9510.05,5,False,True,Yahoo Finance ^TWII
2014-07-11,2014-07-07,2014-07-13,2014-07-07,2014-07-11,9497.27,9591.27,9454.67,9495.84,5,False,True,Yahoo Finance ^TWII
2014-07-18,2014-07-14,2014-07-20,2014-07-14,2014-07-18,9497.81,9593.68,9335.38,9400.97,5,False,True,Yahoo Finance ^TWII
2014-07-25,2014-07-21,2014-07-27,2014-07-21,2014-07-25,9453.78,9538.07,9412.48,9439.29,5,False,True,Yahoo Finance ^TWII
2014-08-01,2014-07-28,2014-08-03,2014-07-28,2014-08-01,9415.90,9483.75,9201.83,9266.51,5,False,True,Yahoo Finance ^TWII
2014-08-08,2014-08-04,2014-08-10,2014-08-04,2014-08-08,9280.29,9330.19,9014.89,9085.96,5,False,True,Yahoo Finance ^TWII
2014-08-15,2014-08-11,2014-08-17,2014-08-11,2014-08-15,9109.83,9282.01,9107.21,9206.81,5,False,True,Yahoo Finance ^TWII
2014-08-22,2014-08-18,2014-08-24,2014-08-18,2014-08-22,9222.73,9380.60,9128.66,9380.10,5,False,True,Yahoo Finance ^TWII
2014-08-29,2014-08-25,2014-08-31,2014-08-25,2014-08-29,9393.24,9502.42,9369.24,9436.27,5,False,True,Yahoo Finance ^TWII
2014-09-05,2014-09-01,2014-09-07,2014-09-01,2014-09-05,9474.41,9532.66,9365.70,9407.94,5,False,True,Yahoo Finance ^TWII
2014-09-12,2014-09-08,2014-09-14,2014-09-09,2014-09-12,9452.14,9465.93,9223.18,9223.18,4,False,True,Yahoo Finance ^TWII
2014-09-19,2014-09-15,2014-09-21,2014-09-15,2014-09-19,9206.41,9289.22,9133.40,9240.45,5,False,True,Yahoo Finance ^TWII
2014-09-26,2014-09-22,2014-09-28,2014-09-22,2014-09-26,9220.54,9220.54,8913.51,8989.82,5,False,True,Yahoo Finance ^TWII
2014-10-03,2014-09-29,2014-10-05,2014-09-29,2014-10-03,9018.46,9113.80,8860.17,9106.28,5,False,True,Yahoo Finance ^TWII
2014-10-09,2014-10-06,2014-10-12,2014-10-06,2014-10-09,9118.28,9122.54,8946.16,8966.44,4,False,True,Yahoo Finance ^TWII
2014-10-17,2014-10-13,2014-10-19,2014-10-13,2014-10-17,8767.42,8795.77,8501.29,8512.88,5,False,True,Yahoo Finance ^TWII
2014-10-24,2014-10-20,2014-10-26,2014-10-20,2014-10-24,8617.08,8775.35,8611.17,8646.01,5,False,True,Yahoo Finance ^TWII
2014-10-31,2014-10-27,2014-11-02,2014-10-27,2014-10-31,8671.51,8974.76,8607.23,8974.76,5,False,True,Yahoo Finance ^TWII
2014-11-07,2014-11-03,2014-11-09,2014-11-03,2014-11-07,9009.38,9046.22,8867.78,8912.62,5,False,True,Yahoo Finance ^TWII
2014-11-14,2014-11-10,2014-11-16,2014-11-10,2014-11-14,8937.59,9069.44,8894.11,8982.88,5,False,True,Yahoo Finance ^TWII
2014-11-21,2014-11-17,2014-11-23,2014-11-17,2014-11-21,9003.37,9111.18,8828.15,9091.53,5,False,True,Yahoo Finance ^TWII
2014-11-28,2014-11-24,2014-11-30,2014-11-24,2014-11-28,9144.42,9217.73,9098.32,9187.15,5,False,True,Yahoo Finance ^TWII
2014-12-05,2014-12-01,2014-12-07,2014-12-01,2014-12-05,9038.41,9251.85,8998.55,9206.57,5,False,True,Yahoo Finance ^TWII
2014-12-12,2014-12-08,2014-12-14,2014-12-08,2014-12-12,9231.24,9241.63,8971.53,9027.33,5,False,True,Yahoo Finance ^TWII
2014-12-19,2014-12-15,2014-12-21,2014-12-15,2014-12-19,8987.95,9035.77,8826.03,8999.52,5,False,True,Yahoo Finance ^TWII
2014-12-27,2014-12-22,2014-12-28,2014-12-22,2014-12-27,,,,9218.50,6,False,False,011.idv.tw (close only) + Yahoo Finance ^TWII
2014-12-31,2014-12-29,2015-01-04,2014-12-29,2014-12-31,9216.43,9338.06,9216.43,9307.26,3,False,True,Yahoo Finance ^TWII
2015-01-09,2015-01-05,2015-01-11,2015-01-05,2015-01-09,9292.31,9292.31,9043.44,9215.58,5,False,True,Yahoo Finance ^TWII
2015-01-16,2015-01-12,2015-01-18,2015-01-12,2015-01-16,9198.02,9256.86,9109.46,9138.29,5,False,True,Yahoo Finance ^TWII
2015-01-23,2015-01-19,2015-01-25,2015-01-19,2015-01-23,9183.76,9471.80,9151.82,9470.94,5,False,True,Yahoo Finance ^TWII
2015-01-30,2015-01-26,2015-02-01,2015-01-26,2015-01-30,9474.56,9523.73,9361.91,9361.91,5,False,True,Yahoo Finance ^TWII
2015-02-06,2015-02-02,2015-02-08,2015-02-02,2015-02-06,9368.83,9533.88,9352.19,9456.18,5,False,True,Yahoo Finance ^TWII
2015-02-13,2015-02-09,2015-02-15,2015-02-09,2015-02-13,9465.12,9542.09,9390.13,9529.51,5,False,True,Yahoo Finance ^TWII
2015-02-26,2015-02-23,2015-03-01,2015-02-24,2015-02-26,9582.39,9699.54,9582.39,9622.10,3,False,True,Yahoo Finance ^TWII
2015-03-06,2015-03-02,2015-03-08,2015-03-02,2015-03-06,9665.11,9690.43,9564.44,9645.77,5,False,True,Yahoo Finance ^TWII
2015-03-13,2015-03-09,2015-03-15,2015-03-09,2015-03-13,9617.04,9633.51,9472.54,9579.35,5,False,True,Yahoo Finance ^TWII
2015-03-20,2015-03-16,2015-03-22,2015-03-16,2015-03-20,9583.45,9749.69,9512.91,9749.69,5,False,True,Yahoo Finance ^TWII
2015-03-27,2015-03-23,2015-03-29,2015-03-23,2015-03-27,9759.88,9775.63,9503.72,9503.72,5,False,True,Yahoo Finance ^TWII
2015-04-02,2015-03-30,2015-04-05,2015-03-30,2015-04-02,9533.38,9628.95,9503.53,9600.32,4,False,True,Yahoo Finance ^TWII
2015-04-10,2015-04-06,2015-04-12,2015-04-07,2015-04-10,9619.97,9663.05,9559.71,9617.70,4,False,True,Yahoo Finance ^TWII
2015-04-17,2015-04-13,2015-04-19,2015-04-13,2015-04-17,9622.64,9666.52,9508.14,9570.93,5,False,True,Yahoo Finance ^TWII
2015-04-24,2015-04-20,2015-04-26,2015-04-20,2015-04-24,9541.83,9961.31,9508.57,9913.28,5,False,True,Yahoo Finance ^TWII
2015-04-30,2015-04-27,2015-05-03,2015-04-27,2015-04-30,9941.18,10014.28,9820.05,9820.05,4,False,True,Yahoo Finance ^TWII
2015-05-08,2015-05-04,2015-05-10,2015-05-04,2015-05-08,9853.51,9871.65,9692.00,9692.00,5,False,True,Yahoo Finance ^TWII
2015-05-15,2015-05-11,2015-05-17,2015-05-11,2015-05-15,9763.94,9797.19,9552.86,9579.48,5,False,True,Yahoo Finance ^TWII
2015-05-22,2015-05-18,2015-05-24,2015-05-18,2015-05-22,9603.75,9736.09,9536.16,9638.80,5,False,True,Yahoo Finance ^TWII
2015-05-29,2015-05-25,2015-05-31,2015-05-25,2015-05-29,9654.28,9766.21,9589.32,9701.07,5,False,True,Yahoo Finance ^TWII
2015-06-05,2015-06-01,2015-06-07,2015-06-01,2015-06-05,9688.13,9692.34,9272.94,9340.13,5,False,True,Yahoo Finance ^TWII
2015-06-12,2015-06-08,2015-06-14,2015-06-08,2015-06-12,9324.22,9419.22,9191.87,9301.93,5,False,True,Yahoo Finance ^TWII
2015-06-18,2015-06-15,2015-06-21,2015-06-15,2015-06-18,9304.66,9324.94,9170.09,9218.37,4,False,True,Yahoo Finance ^TWII
2015-06-26,2015-06-22,2015-06-28,2015-06-22,2015-06-26,9247.76,9500.57,9247.76,9462.57,5,False,True,Yahoo Finance ^TWII
2015-07-03,2015-06-29,2015-07-05,2015-06-29,2015-07-03,9358.96,9404.76,9204.45,9358.23,5,False,True,Yahoo Finance ^TWII
2015-07-09,2015-07-06,2015-07-12,2015-07-06,2015-07-09,9309.86,9347.54,8750.92,8914.13,4,False,True,Yahoo Finance ^TWII
2015-07-17,2015-07-13,2015-07-19,2015-07-13,2015-07-17,8946.72,9124.76,8946.72,9045.98,5,False,True,Yahoo Finance ^TWII
2015-07-24,2015-07-20,2015-07-26,2015-07-20,2015-07-24,9085.00,9124.88,8733.43,8767.86,5,False,True,Yahoo Finance ^TWII
2015-07-31,2015-07-27,2015-08-02,2015-07-27,2015-07-31,8733.24,8733.24,8516.23,8665.34,5,False,True,Yahoo Finance ^TWII
2015-08-07,2015-08-03,2015-08-09,2015-08-03,2015-08-07,8636.53,8636.53,8368.40,8442.29,5,False,True,Yahoo Finance ^TWII
2015-08-14,2015-08-10,2015-08-16,2015-08-10,2015-08-14,8410.63,8586.22,8235.95,8305.64,5,False,True,Yahoo Finance ^TWII
2015-08-21,2015-08-17,2015-08-23,2015-08-17,2015-08-21,8307.90,8308.54,7786.92,7786.92,5,False,True,Yahoo Finance ^TWII
2015-08-28,2015-08-24,2015-08-30,2015-08-24,2015-08-28,7719.63,8039.76,7203.07,8019.18,5,False,True,Yahoo Finance ^TWII
2015-09-04,2015-08-31,2015-09-06,2015-08-31,2015-09-04,8026.62,8174.92,7907.31,8000.60,5,False,True,Yahoo Finance ^TWII
2015-09-11,2015-09-07,2015-09-13,2015-09-07,2015-09-11,7990.76,8313.18,7957.80,8305.82,5,False,True,Yahoo Finance ^TWII
2015-09-18,2015-09-14,2015-09-20,2015-09-14,2015-09-18,8332.57,8488.53,8226.07,8462.14,5,False,True,Yahoo Finance ^TWII
2015-09-25,2015-09-21,2015-09-27,2015-09-21,2015-09-25,8404.50,8404.50,8061.87,8132.35,5,False,True,Yahoo Finance ^TWII
2015-10-02,2015-09-28,2015-10-04,2015-09-30,2015-10-02,8097.15,8320.66,8059.68,8305.03,3,False,True,Yahoo Finance ^TWII
2015-10-08,2015-10-05,2015-10-11,2015-10-05,2015-10-08,8342.99,8544.93,8316.83,8445.96,4,False,True,Yahoo Finance ^TWII
2015-10-16,2015-10-12,2015-10-18,2015-10-12,2015-10-16,8478.34,8652.47,8478.34,8604.95,5,False,True,Yahoo Finance ^TWII
2015-10-23,2015-10-19,2015-10-25,2015-10-19,2015-10-23,8628.79,8740.08,8591.42,8673.81,5,False,True,Yahoo Finance ^TWII
2015-10-30,2015-10-26,2015-11-01,2015-10-26,2015-10-30,8706.81,8757.14,8503.69,8554.31,5,False,True,Yahoo Finance ^TWII
2015-11-06,2015-11-02,2015-11-08,2015-11-02,2015-11-06,8571.53,8871.87,8524.01,8693.57,5,False,True,Yahoo Finance ^TWII
2015-11-13,2015-11-09,2015-11-15,2015-11-09,2015-11-13,8702.67,8746.28,8329.50,8329.50,5,False,True,Yahoo Finance ^TWII
2015-11-20,2015-11-16,2015-11-22,2015-11-16,2015-11-20,8278.12,8484.06,8217.34,8465.45,5,False,True,Yahoo Finance ^TWII
2015-11-27,2015-11-23,2015-11-29,2015-11-23,2015-11-27,8480.59,8510.70,8352.17,8398.40,5,False,True,Yahoo Finance ^TWII
2015-12-04,2015-11-30,2015-12-06,2015-11-30,2015-12-04,8339.83,8497.19,8239.00,8398.60,5,False,True,Yahoo Finance ^TWII
2015-12-11,2015-12-07,2015-12-13,2015-12-07,2015-12-11,8432.47,8535.36,8108.68,8115.89,5,False,True,Yahoo Finance ^TWII
2015-12-18,2015-12-14,2015-12-20,2015-12-14,2015-12-18,8058.67,8319.67,7980.59,8257.32,5,False,True,Yahoo Finance ^TWII
2015-12-25,2015-12-21,2015-12-27,2015-12-21,2015-12-25,8228.05,8393.41,8191.53,8363.28,5,False,True,Yahoo Finance ^TWII
2015-12-31,2015-12-28,2016-01-03,2015-12-28,2015-12-31,8374.18,8394.60,8258.73,8338.06,4,False,True,Yahoo Finance ^TWII
2016-01-08,2016-01-04,2016-01-10,2016-01-04,2016-01-08,8315.79,8326.33,7770.16,7893.97,5,False,True,Yahoo Finance ^TWII
2016-01-15,2016-01-11,2016-01-17,2016-01-11,2016-01-15,7855.80,7865.98,7662.34,7762.01,5,False,True,Yahoo Finance ^TWII
2016-01-22,2016-01-18,2016-01-24,2016-01-18,2016-01-22,7678.67,7854.88,7627.89,7756.18,5,False,True,Yahoo Finance ^TWII
2016-01-30,2016-01-25,2016-01-31,2016-01-25,2016-01-30,,,,8145.21,6,False,False,011.idv.tw (close only) + Yahoo Finance ^TWII
2016-02-03,2016-02-01,2016-02-07,2016-02-01,2016-02-03,8164.24,8166.80,8036.60,8063.00,3,False,True,Yahoo Finance ^TWII
2016-02-19,2016-02-15,2016-02-21,2016-02-15,2016-02-19,7976.65,8337.97,7953.99,8325.04,5,False,True,Yahoo Finance ^TWII
2016-02-26,2016-02-22,2016-02-28,2016-02-22,2016-02-26,8315.79,8432.74,8264.39,8411.16,5,False,True,Yahoo Finance ^TWII
2016-03-04,2016-02-29,2016-03-06,2016-03-01,2016-03-04,8381.38,8648.94,8378.06,8643.55,4,False,True,Yahoo Finance ^TWII
2016-03-11,2016-03-07,2016-03-13,2016-03-07,2016-03-11,8656.74,8727.88,8575.70,8706.14,5,False,True,Yahoo Finance ^TWII
2016-03-18,2016-03-14,2016-03-20,2016-03-14,2016-03-18,8746.48,8826.84,8589.41,8810.71,5,False,True,Yahoo Finance ^TWII
2016-03-25,2016-03-21,2016-03-27,2016-03-21,2016-03-25,8826.16,8840.75,8676.87,8704.97,5,False,True,Yahoo Finance ^TWII
2016-04-01,2016-03-28,2016-04-03,2016-03-28,2016-04-01,8713.72,8803.91,8585.71,8657.55,5,False,True,Yahoo Finance ^TWII
2016-04-08,2016-04-04,2016-04-10,2016-04-06,2016-04-08,8605.16,8605.16,8436.54,8541.50,3,False,True,Yahoo Finance ^TWII
2016-04-15,2016-04-11,2016-04-17,2016-04-11,2016-04-15,8518.96,8719.15,8476.57,8700.39,5,False,True,Yahoo Finance ^TWII
2016-04-22,2016-04-18,2016-04-24,2016-04-18,2016-04-22,8681.80,8743.35,8501.03,8535.75,5,False,True,Yahoo Finance ^TWII
2016-04-29,2016-04-25,2016-05-01,2016-04-25,2016-04-29,8541.14,8622.42,8352.23,8377.90,5,False,True,Yahoo Finance ^TWII
2016-05-06,2016-05-02,2016-05-08,2016-05-03,2016-05-06,8362.35,8363.59,8104.16,8146.43,4,False,True,Yahoo Finance ^TWII
2016-05-13,2016-05-09,2016-05-15,2016-05-09,2016-05-13,8156.65,8204.51,7999.98,8053.69,5,False,True,Yahoo Finance ^TWII
2016-05-20,2016-05-16,2016-05-22,2016-05-16,2016-05-20,8035.21,8166.96,8003.93,8131.26,5,False,True,Yahoo Finance ^TWII
2016-05-27,2016-05-23,2016-05-29,2016-05-23,2016-05-27,8150.38,8463.61,8119.71,8463.61,5,False,True,Yahoo Finance ^TWII
2016-06-04,2016-05-30,2016-06-05,2016-05-30,2016-06-04,,,,8591.57,6,False,False,011.idv.tw (close only) + Yahoo Finance ^TWII
2016-06-08,2016-06-06,2016-06-12,2016-06-06,2016-06-08,8605.15,8754.82,8557.68,8715.48,3,False,True,Yahoo Finance ^TWII
2016-06-17,2016-06-13,2016-06-19,2016-06-13,2016-06-17,8634.24,8634.24,8476.84,8568.08,5,False,True,Yahoo Finance ^TWII
2016-06-24,2016-06-20,2016-06-26,2016-06-20,2016-06-24,8612.26,8716.25,8374.26,8476.99,5,False,True,Yahoo Finance ^TWII
2016-07-01,2016-06-27,2016-07-03,2016-06-27,2016-07-01,8406.29,8755.62,8386.27,8738.24,5,False,True,Yahoo Finance ^TWII
2016-07-08,2016-07-04,2016-07-10,2016-07-04,2016-07-08,8728.32,8782.38,8569.15,8640.91,5,False,True,Yahoo Finance ^TWII
2016-07-15,2016-07-11,2016-07-17,2016-07-11,2016-07-15,8728.23,8949.85,8728.23,8949.85,5,False,True,Yahoo Finance ^TWII
2016-07-22,2016-07-18,2016-07-24,2016-07-18,2016-07-22,8952.61,9075.89,8952.61,9013.14,5,False,True,Yahoo Finance ^TWII
2016-07-29,2016-07-25,2016-07-31,2016-07-25,2016-07-29,9030.36,9085.91,8916.05,8984.41,5,False,True,Yahoo Finance ^TWII
2016-08-05,2016-08-01,2016-08-07,2016-08-01,2016-08-05,9008.74,9101.71,8948.40,9092.12,5,False,True,Yahoo Finance ^TWII
2016-08-12,2016-08-08,2016-08-14,2016-08-08,2016-08-12,9123.07,9200.42,9063.81,9150.39,5,False,True,Yahoo Finance ^TWII
2016-08-19,2016-08-15,2016-08-21,2016-08-15,2016-08-19,9152.36,9175.13,9034.27,9034.27,5,False,True,Yahoo Finance ^TWII
2016-08-26,2016-08-22,2016-08-28,2016-08-22,2016-08-26,9004.68,9131.72,8928.33,9131.72,5,False,True,Yahoo Finance ^TWII
2016-09-02,2016-08-29,2016-09-04,2016-08-29,2016-09-02,9117.53,9136.42,8958.81,8987.55,5,False,True,Yahoo Finance ^TWII
2016-09-10,2016-09-05,2016-09-11,2016-09-05,2016-09-10,,,,9053.69,6,False,False,011.idv.tw (close only) + Yahoo Finance ^TWII
2016-09-14,2016-09-12,2016-09-18,2016-09-12,2016-09-14,9031.51,9031.51,8885.55,8902.30,3,False,True,Yahoo Finance ^TWII
2016-09-23,2016-09-19,2016-09-25,2016-09-19,2016-09-23,9003.41,9290.76,9003.41,9284.62,5,False,True,Yahoo Finance ^TWII
2016-09-30,2016-09-26,2016-10-02,2016-09-26,2016-09-30,9229.34,9303.13,9160.91,9166.85,3,False,True,Yahoo Finance ^TWII
2016-10-07,2016-10-03,2016-10-09,2016-10-03,2016-10-07,9219.52,9289.95,9212.38,9265.81,5,False,True,Yahoo Finance ^TWII
2016-10-14,2016-10-10,2016-10-16,2016-10-11,2016-10-14,9311.79,9327.71,9149.87,9165.17,4,False,True,Yahoo Finance ^TWII
2016-10-21,2016-10-17,2016-10-23,2016-10-17,2016-10-21,9150.67,9348.09,9074.99,9306.57,5,False,True,Yahoo Finance ^TWII
2016-10-28,2016-10-24,2016-10-30,2016-10-24,2016-10-28,9333.94,9399.97,9276.71,9306.92,5,False,True,Yahoo Finance ^TWII
2016-11-04,2016-10-31,2016-11-06,2016-10-31,2016-11-04,9283.20,9314.34,9048.21,9068.15,5,False,True,Yahoo Finance ^TWII
2016-11-11,2016-11-07,2016-11-13,2016-11-07,2016-11-11,9102.97,9296.86,8926.60,8957.76,5,False,True,Yahoo Finance ^TWII
2016-11-18,2016-11-14,2016-11-20,2016-11-14,2016-11-18,8955.27,9032.31,8879.69,9008.79,5,False,True,Yahoo Finance ^TWII
2016-11-25,2016-11-21,2016-11-27,2016-11-21,2016-11-25,9009.78,9202.72,8986.40,9159.07,5,False,True,Yahoo Finance ^TWII
2016-12-02,2016-11-28,2016-12-04,2016-11-28,2016-12-02,9167.33,9278.96,9165.90,9189.49,5,False,True,Yahoo Finance ^TWII
2016-12-09,2016-12-05,2016-12-11,2016-12-05,2016-12-09,9194.46,9399.25,9138.64,9392.68,5,False,True,Yahoo Finance ^TWII
2016-12-16,2016-12-12,2016-12-18,2016-12-12,2016-12-16,9402.05,9430.34,9309.79,9326.78,5,False,True,Yahoo Finance ^TWII
2016-12-23,2016-12-19,2016-12-25,2016-12-19,2016-12-23,9316.06,9317.03,9078.64,9078.64,5,False,True,Yahoo Finance ^TWII
2016-12-30,2016-12-26,2017-01-01,2016-12-26,2016-12-30,9088.99,9259.09,9083.28,9253.50,5,False,True,Yahoo Finance ^TWII
2017-01-06,2017-01-02,2017-01-08,2017-01-03,2017-01-06,9252.56,9381.11,9235.95,9372.22,4,False,True,Yahoo Finance ^TWII
2017-01-13,2017-01-09,2017-01-15,2017-01-09,2017-01-13,9376.48,9430.58,9319.45,9378.83,5,False,True,Yahoo Finance ^TWII
2017-01-20,2017-01-16,2017-01-22,2017-01-16,2017-01-20,9356.54,9359.01,9281.21,9331.46,5,False,True,Yahoo Finance ^TWII
2017-01-24,2017-01-23,2017-01-29,2017-01-23,2017-01-24,9363.66,9468.34,9363.66,9447.95,2,False,True,Yahoo Finance ^TWII
2017-02-03,2017-01-30,2017-02-05,2017-02-02,2017-02-03,9502.25,9521.34,9413.77,9455.56,2,False,True,Yahoo Finance ^TWII
2017-02-10,2017-02-06,2017-02-12,2017-02-06,2017-02-10,9467.67,9688.15,9467.67,9665.59,5,False,True,Yahoo Finance ^TWII
2017-02-18,2017-02-13,2017-02-19,2017-02-13,2017-02-18,,,,9779.92,6,False,False,011.idv.tw (close only) + Yahoo Finance ^TWII
2017-02-24,2017-02-20,2017-02-26,2017-02-20,2017-02-24,9795.81,9820.07,9721.36,9750.47,5,False,True,Yahoo Finance ^TWII
2017-03-03,2017-02-27,2017-03-05,2017-03-01,2017-03-03,9751.12,9774.60,9633.88,9648.21,3,False,True,Yahoo Finance ^TWII
2017-03-10,2017-03-06,2017-03-12,2017-03-06,2017-03-10,9647.00,9773.49,9562.75,9627.89,5,False,True,Yahoo Finance ^TWII
2017-03-17,2017-03-13,2017-03-19,2017-03-13,2017-03-17,9656.56,9908.69,9656.56,9908.69,5,False,True,Yahoo Finance ^TWII
2017-03-24,2017-03-20,2017-03-26,2017-03-20,2017-03-24,9905.81,9976.61,9843.07,9902.98,5,False,True,Yahoo Finance ^TWII
2017-03-31,2017-03-27,2017-04-02,2017-03-27,2017-03-31,9907.60,9924.14,9799.28,9811.52,5,False,True,Yahoo Finance ^TWII
2017-04-07,2017-04-03,2017-04-09,2017-04-05,2017-04-07,9856.44,9949.48,9788.52,9873.37,3,False,True,Yahoo Finance ^TWII
2017-04-14,2017-04-10,2017-04-16,2017-04-10,2017-04-14,9880.29,9898.64,9730.94,9732.93,5,False,True,Yahoo Finance ^TWII
2017-04-21,2017-04-17,2017-04-23,2017-04-17,2017-04-21,9740.81,9771.07,9622.25,9717.41,5,False,True,Yahoo Finance ^TWII
2017-04-28,2017-04-24,2017-04-30,2017-04-24,2017-04-28,9742.91,9897.04,9683.70,9872.00,5,False,True,Yahoo Finance ^TWII
2017-05-05,2017-05-01,2017-05-07,2017-05-02,2017-05-05,9926.44,9979.91,9899.94,9899.94,4,False,True,Yahoo Finance ^TWII
2017-05-12,2017-05-08,2017-05-14,2017-05-08,2017-05-12,9934.13,10018.79,9899.08,9986.82,5,False,True,Yahoo Finance ^TWII
2017-05-19,2017-05-15,2017-05-21,2017-05-15,2017-05-19,9978.28,10058.59,9895.65,9947.62,5,False,True,Yahoo Finance ^TWII
2017-05-26,2017-05-22,2017-05-28,2017-05-22,2017-05-26,9965.08,10121.88,9960.94,10101.95,5,False,True,Yahoo Finance ^TWII
2017-06-03,2017-05-29,2017-06-04,2017-05-31,2017-06-03,,,,10158.15,4,False,False,011.idv.tw (close only) + Yahoo Finance ^TWII
2017-06-09,2017-06-05,2017-06-11,2017-06-05,2017-06-09,10164.89,10268.37,10164.89,10199.65,5,False,True,Yahoo Finance ^TWII
2017-06-16,2017-06-12,2017-06-18,2017-06-12,2017-06-16,10137.04,10165.31,10033.25,10156.73,5,False,True,Yahoo Finance ^TWII
2017-06-23,2017-06-19,2017-06-25,2017-06-19,2017-06-23,10162.22,10422.33,10162.22,10377.70,5,False,True,Yahoo Finance ^TWII
2017-06-30,2017-06-26,2017-07-02,2017-06-26,2017-06-30,10341.86,10545.70,10329.84,10395.07,5,False,True,Yahoo Finance ^TWII
2017-07-07,2017-07-03,2017-07-09,2017-07-03,2017-07-07,10368.99,10421.72,10294.69,10297.25,5,False,True,Yahoo Finance ^TWII
2017-07-14,2017-07-10,2017-07-16,2017-07-10,2017-07-14,10310.74,10485.28,10283.95,10443.91,5,False,True,Yahoo Finance ^TWII
2017-07-21,2017-07-17,2017-07-23,2017-07-17,2017-07-21,10467.27,10537.42,10428.56,10436.70,5,False,True,Yahoo Finance ^TWII
2017-07-28,2017-07-24,2017-07-30,2017-07-24,2017-07-28,10426.13,10516.23,10406.81,10423.05,5,False,True,Yahoo Finance ^TWII
2017-08-04,2017-07-31,2017-08-06,2017-07-31,2017-08-04,10396.76,10519.27,10366.17,10506.56,5,False,True,Yahoo Finance ^TWII
2017-08-11,2017-08-07,2017-08-13,2017-08-07,2017-08-11,10521.69,10619.42,10238.50,10329.57,5,False,True,Yahoo Finance ^TWII
2017-08-18,2017-08-14,2017-08-20,2017-08-14,2017-08-18,10347.66,10372.41,10225.28,10321.33,5,False,True,Yahoo Finance ^TWII
2017-08-25,2017-08-21,2017-08-27,2017-08-21,2017-08-25,10316.09,10519.84,10282.72,10515.51,5,False,True,Yahoo Finance ^TWII
2017-09-01,2017-08-28,2017-09-03,2017-08-28,2017-09-01,10502.80,10619.52,10463.22,10594.82,5,False,True,Yahoo Finance ^TWII
2017-09-08,2017-09-04,2017-09-10,2017-09-04,2017-09-08,10585.44,10617.84,10509.91,10609.95,5,False,True,Yahoo Finance ^TWII
2017-09-15,2017-09-11,2017-09-17,2017-09-11,2017-09-15,10630.16,10656.25,10508.72,10580.41,5,False,True,Yahoo Finance ^TWII
2017-09-22,2017-09-18,2017-09-24,2017-09-18,2017-09-22,10590.80,10664.18,10446.45,10449.68,5,False,True,Yahoo Finance ^TWII
2017-09-30,2017-09-25,2017-10-01,2017-09-25,2017-09-30,,,,10383.94,6,False,False,011.idv.tw (close only) + Yahoo Finance ^TWII
2017-10-06,2017-10-02,2017-10-08,2017-10-02,2017-10-06,10425.10,10557.67,10414.53,10532.81,4,False,True,Yahoo Finance ^TWII
2017-10-13,2017-10-09,2017-10-15,2017-10-11,2017-10-13,10576.12,10724.09,10576.12,10724.09,3,False,True,Yahoo Finance ^TWII
2017-10-20,2017-10-16,2017-10-22,2017-10-16,2017-10-20,10735.14,10798.54,10684.32,10728.88,5,False,True,Yahoo Finance ^TWII
2017-10-27,2017-10-23,2017-10-29,2017-10-23,2017-10-27,10759.47,10803.60,10701.08,10709.11,5,False,True,Yahoo Finance ^TWII
2017-11-03,2017-10-30,2017-11-05,2017-10-30,2017-11-03,10777.60,10843.41,10743.13,10800.77,5,False,True,Yahoo Finance ^TWII
2017-11-10,2017-11-06,2017-11-12,2017-11-06,2017-11-10,10856.56,10858.50,10659.29,10732.67,5,False,True,Yahoo Finance ^TWII
2017-11-17,2017-11-13,2017-11-19,2017-11-13,2017-11-17,10728.22,10749.39,10600.26,10701.64,5,False,True,Yahoo Finance ^TWII
2017-11-24,2017-11-20,2017-11-26,2017-11-20,2017-11-24,10706.79,10882.65,10656.18,10854.09,5,False,True,Yahoo Finance ^TWII
2017-12-01,2017-11-27,2017-12-03,2017-11-27,2017-12-01,10836.82,10856.00,10495.15,10600.37,5,False,True,Yahoo Finance ^TWII
2017-12-08,2017-12-04,2017-12-10,2017-12-04,2017-12-08,10617.27,10665.43,10322.76,10398.62,5,False,True,Yahoo Finance ^TWII
2017-12-15,2017-12-11,2017-12-17,2017-12-11,2017-12-15,10438.33,10577.53,10408.06,10491.44,5,False,True,Yahoo Finance ^TWII
2017-12-22,2017-12-18,2017-12-24,2017-12-18,2017-12-22,10478.74,10545.78,10452.08,10537.27,5,False,True,Yahoo Finance ^TWII
2017-12-29,2017-12-25,2017-12-31,2017-12-25,2017-12-29,10546.64,10659.98,10408.12,10642.86,5,False,True,Yahoo Finance ^TWII
2018-01-05,2018-01-01,2018-01-07,2018-01-02,2018-01-05,10664.82,10879.80,10650.77,10879.80,4,False,True,Yahoo Finance ^TWII
2018-01-12,2018-01-08,2018-01-14,2018-01-08,2018-01-12,10899.09,10934.75,10770.10,10883.96,5,False,True,Yahoo Finance ^TWII
2018-01-19,2018-01-15,2018-01-21,2018-01-15,2018-01-19,10932.37,11150.85,10911.89,11150.85,5,False,True,Yahoo Finance ^TWII
2018-01-26,2018-01-22,2018-01-28,2018-01-22,2018-01-26,11169.79,11270.18,11089.48,11147.10,5,False,True,Yahoo Finance ^TWII
2018-02-02,2018-01-29,2018-02-04,2018-01-29,2018-02-02,11202.27,11246.18,11007.89,11126.23,5,False,True,Yahoo Finance ^TWII
2018-02-09,2018-02-05,2018-02-11,2018-02-05,2018-02-09,10970.30,10970.30,10189.04,10371.75,5,False,True,Yahoo Finance ^TWII
2018-02-12,2018-02-12,2018-02-18,2018-02-12,2018-02-12,10429.09,10473.51,10416.01,10421.09,1,False,True,Yahoo Finance ^TWII
2018-02-23,2018-02-19,2018-02-25,2018-02-21,2018-02-23,10559.79,10799.29,10559.79,10794.55,3,False,True,Yahoo Finance ^TWII
2018-03-02,2018-02-26,2018-03-04,2018-02-26,2018-03-02,10827.98,10937.90,10638.98,10698.17,4,False,True,Yahoo Finance ^TWII
2018-03-09,2018-03-05,2018-03-11,2018-03-05,2018-03-09,10727.45,10882.76,10642.90,10864.82,5,False,True,Yahoo Finance ^TWII
2018-03-16,2018-03-12,2018-03-18,2018-03-12,2018-03-16,10908.99,11095.63,10908.99,11027.70,5,False,True,Yahoo Finance ^TWII
2018-03-23,2018-03-19,2018-03-25,2018-03-19,2018-03-23,11004.81,11120.20,10758.06,10823.33,5,False,True,Yahoo Finance ^TWII
2018-03-31,2018-03-26,2018-04-01,2018-03-26,2018-03-31,,,,10919.49,6,False,False,011.idv.tw (close only) + Yahoo Finance ^TWII
2018-04-03,2018-04-02,2018-04-08,2018-04-02,2018-04-03,10936.26,10969.88,10775.45,10821.53,2,False,True,Yahoo Finance ^TWII
2018-04-13,2018-04-09,2018-04-15,2018-04-09,2018-04-13,10880.14,11016.35,10829.02,10965.39,5,False,True,Yahoo Finance ^TWII
2018-04-20,2018-04-16,2018-04-22,2018-04-16,2018-04-20,10962.36,10983.96,10770.05,10779.38,5,False,True,Yahoo Finance ^TWII
2018-04-27,2018-04-23,2018-04-29,2018-04-23,2018-04-27,10756.89,10774.73,10478.98,10553.43,5,False,True,Yahoo Finance ^TWII
2018-05-04,2018-04-30,2018-05-06,2018-04-30,2018-05-04,10553.41,10683.90,10500.97,10529.37,4,False,True,Yahoo Finance ^TWII
2018-05-11,2018-05-07,2018-05-13,2018-05-07,2018-05-11,10581.78,10874.63,10555.56,10858.98,5,False,True,Yahoo Finance ^TWII
2018-05-18,2018-05-14,2018-05-20,2018-05-14,2018-05-18,10938.30,10978.38,10819.07,10830.84,5,False,True,Yahoo Finance ^TWII
2018-05-25,2018-05-21,2018-05-27,2018-05-21,2018-05-25,10861.66,11034.12,10861.66,10942.30,5,False,True,Yahoo Finance ^TWII
2018-06-01,2018-05-28,2018-06-03,2018-05-28,2018-06-01,10976.49,10999.43,10799.75,10949.08,5,False,True,Yahoo Finance ^TWII
2018-06-08,2018-06-04,2018-06-10,2018-06-04,2018-06-08,11002.15,11261.68,11002.15,11156.42,5,False,True,Yahoo Finance ^TWII
2018-06-15,2018-06-11,2018-06-17,2018-06-11,2018-06-15,11168.99,11188.01,10981.61,11087.47,5,False,True,Yahoo Finance ^TWII
2018-06-22,2018-06-18,2018-06-24,2018-06-19,2018-06-22,11008.77,11008.77,10828.86,10899.28,4,False,True,Yahoo Finance ^TWII
2018-06-29,2018-06-25,2018-07-01,2018-06-25,2018-06-29,10834.07,10851.16,10633.01,10836.91,5,False,True,Yahoo Finance ^TWII
2018-07-06,2018-07-02,2018-07-08,2018-07-02,2018-07-06,10852.17,10886.20,10523.58,10608.57,5,False,True,Yahoo Finance ^TWII
2018-07-13,2018-07-09,2018-07-15,2018-07-09,2018-07-13,10638.90,10864.54,10635.03,10864.54,5,False,True,Yahoo Finance ^TWII
2018-07-20,2018-07-16,2018-07-22,2018-07-16,2018-07-20,10867.97,10963.95,10758.83,10932.11,5,False,True,Yahoo Finance ^TWII
2018-07-27,2018-07-23,2018-07-29,2018-07-23,2018-07-27,10929.46,11075.78,10901.75,11075.78,5,False,True,Yahoo Finance ^TWII
2018-08-03,2018-07-30,2018-08-05,2018-07-30,2018-08-03,11072.70,11100.02,10919.13,11012.43,5,False,True,Yahoo Finance ^TWII
2018-08-10,2018-08-06,2018-08-12,2018-08-06,2018-08-10,10997.26,11095.50,10972.25,10983.68,5,False,True,Yahoo Finance ^TWII
2018-08-17,2018-08-13,2018-08-19,2018-08-13,2018-08-17,10939.68,10939.68,10606.26,10690.96,5,False,True,Yahoo Finance ^TWII
2018-08-24,2018-08-20,2018-08-26,2018-08-20,2018-08-24,10698.76,10865.91,10663.44,10809.35,5,False,True,Yahoo Finance ^TWII
2018-08-31,2018-08-27,2018-09-02,2018-08-27,2018-08-31,10847.17,11186.05,10847.17,11063.94,5,False,True,Yahoo Finance ^TWII
2018-09-07,2018-09-03,2018-09-09,2018-09-03,2018-09-07,11087.86,11097.11,10807.56,10846.99,5,False,True,Yahoo Finance ^TWII
2018-09-14,2018-09-10,2018-09-16,2018-09-10,2018-09-14,10869.80,10882.04,10667.25,10868.14,5,False,True,Yahoo Finance ^TWII
2018-09-21,2018-09-17,2018-09-23,2018-09-17,2018-09-21,10881.78,10972.41,10750.81,10972.41,5,False,True,Yahoo Finance ^TWII
2018-09-28,2018-09-24,2018-09-30,2018-09-25,2018-09-28,10959.56,11073.95,10941.77,11006.34,4,False,True,Yahoo Finance ^TWII
2018-10-05,2018-10-01,2018-10-07,2018-10-01,2018-10-05,11014.19,11064.34,10446.94,10517.12,5,False,True,Yahoo Finance ^TWII
2018-10-12,2018-10-08,2018-10-14,2018-10-08,2018-10-12,10467.85,10507.83,9740.76,10045.81,4,False,True,Yahoo Finance ^TWII
2018-10-19,2018-10-15,2018-10-21,2018-10-15,2018-10-19,9989.63,10127.01,9762.91,9919.26,5,False,True,Yahoo Finance ^TWII
2018-10-26,2018-10-22,2018-10-28,2018-10-22,2018-10-26,9871.30,9984.15,9400.69,9489.18,5,False,True,Yahoo Finance ^TWII
2018-11-02,2018-10-29,2018-11-04,2018-10-29,2018-11-02,9515.43,9906.59,9459.12,9906.59,5,False,True,Yahoo Finance ^TWII
2018-11-09,2018-11-05,2018-11-11,2018-11-05,2018-11-09,9856.85,10014.42,9782.86,9830.01,5,False,True,Yahoo Finance ^TWII
2018-11-16,2018-11-12,2018-11-18,2018-11-12,2018-11-16,9806.80,9875.84,9616.16,9797.09,5,False,True,Yahoo Finance ^TWII
2018-11-23,2018-11-19,2018-11-25,2018-11-19,2018-11-23,9795.47,9836.02,9632.47,9667.30,5,False,True,Yahoo Finance ^TWII
2018-11-30,2018-11-26,2018-12-02,2018-11-26,2018-11-30,9679.98,10001.85,9679.98,9888.03,5,False,True,Yahoo Finance ^TWII
2018-12-07,2018-12-03,2018-12-09,2018-12-03,2018-12-07,9979.21,10148.75,9664.75,9760.88,5,False,True,Yahoo Finance ^TWII
2018-12-14,2018-12-10,2018-12-16,2018-12-10,2018-12-14,9722.97,9871.96,9626.47,9774.16,5,False,True,Yahoo Finance ^TWII
2018-12-21,2018-12-17,2018-12-23,2018-12-17,2018-12-21,9762.49,9826.88,9585.32,9676.67,5,False,True,Yahoo Finance ^TWII
2018-12-28,2018-12-24,2018-12-30,2018-12-24,2018-12-28,9646.53,9727.41,9473.30,9727.41,5,False,True,Yahoo Finance ^TWII
2019-01-04,2018-12-31,2019-01-06,2019-01-02,2019-01-04,9725.27,9737.68,9319.28,9382.51,3,False,True,Yahoo Finance ^TWII
2019-01-11,2019-01-07,2019-01-13,2019-01-07,2019-01-11,9460.20,9796.98,9460.20,9759.40,5,False,True,Yahoo Finance ^TWII
2019-01-18,2019-01-14,2019-01-20,2019-01-14,2019-01-18,9737.67,9842.80,9677.49,9836.06,5,False,True,Yahoo Finance ^TWII
2019-01-25,2019-01-21,2019-01-27,2019-01-21,2019-01-25,9870.27,9980.08,9828.03,9969.61,5,False,True,Yahoo Finance ^TWII
2019-01-30,2019-01-28,2019-02-03,2019-01-28,2019-01-30,10006.46,10020.60,9893.96,9932.26,3,False,True,Yahoo Finance ^TWII
2019-02-15,2019-02-11,2019-02-17,2019-02-11,2019-02-15,10029.84,10140.98,9988.83,10064.78,5,False,True,Yahoo Finance ^TWII
2019-02-22,2019-02-18,2019-02-24,2019-02-18,2019-02-22,10096.94,10322.92,10096.94,10322.92,5,False,True,Yahoo Finance ^TWII
2019-02-27,2019-02-25,2019-03-03,2019-02-25,2019-02-27,10343.45,10416.91,10343.45,10389.17,3,False,True,Yahoo Finance ^TWII
2019-03-08,2019-03-04,2019-03-10,2019-03-04,2019-03-08,10385.25,10402.39,10204.21,10241.75,5,False,True,Yahoo Finance ^TWII
2019-03-15,2019-03-11,2019-03-17,2019-03-11,2019-03-15,10224.27,10439.24,10214.02,10439.24,5,False,True,Yahoo Finance ^TWII
2019-03-22,2019-03-18,2019-03-24,2019-03-18,2019-03-22,10455.19,10667.94,10445.74,10639.07,5,False,True,Yahoo Finance ^TWII
2019-03-29,2019-03-25,2019-03-31,2019-03-25,2019-03-29,10535.12,10641.04,10458.79,10641.04,5,False,True,Yahoo Finance ^TWII
2019-04-03,2019-04-01,2019-04-07,2019-04-01,2019-04-03,10714.68,10741.56,10627.01,10704.38,3,False,True,Yahoo Finance ^TWII
2019-04-12,2019-04-08,2019-04-14,2019-04-08,2019-04-12,10759.96,10887.12,10759.96,10805.30,5,False,True,Yahoo Finance ^TWII
2019-04-19,2019-04-15,2019-04-21,2019-04-15,2019-04-19,10849.84,11077.99,10849.55,10968.50,5,False,True,Yahoo Finance ^TWII
2019-04-26,2019-04-22,2019-04-28,2019-04-22,2019-04-26,10994.52,11070.85,10906.44,10952.47,5,False,True,Yahoo Finance ^TWII
2019-05-03,2019-04-29,2019-05-05,2019-04-29,2019-05-03,10952.91,11097.00,10905.78,11096.30,4,False,True,Yahoo Finance ^TWII
2019-05-10,2019-05-06,2019-05-12,2019-05-06,2019-05-10,11005.36,11005.36,10669.39,10712.99,5,False,True,Yahoo Finance ^TWII
2019-05-17,2019-05-13,2019-05-19,2019-05-13,2019-05-17,10684.04,10693.44,10363.02,10384.11,5,False,True,Yahoo Finance ^TWII
2019-05-24,2019-05-20,2019-05-26,2019-05-20,2019-05-24,10405.36,10520.62,10289.69,10328.28,5,False,True,Yahoo Finance ^TWII
2019-05-31,2019-05-27,2019-06-02,2019-05-27,2019-05-31,10344.18,10515.10,10227.44,10498.49,5,False,True,Yahoo Finance ^TWII
2019-06-06,2019-06-03,2019-06-09,2019-06-03,2019-06-06,10482.45,10541.29,10371.08,10409.20,4,False,True,Yahoo Finance ^TWII
2019-06-14,2019-06-10,2019-06-16,2019-06-10,2019-06-14,10486.23,10637.90,10466.24,10524.67,5,False,True,Yahoo Finance ^TWII
2019-06-21,2019-06-17,2019-06-23,2019-06-17,2019-06-21,10488.70,10840.29,10474.19,10803.77,5,False,True,Yahoo Finance ^TWII
2019-06-28,2019-06-24,2019-06-30,2019-06-24,2019-06-28,10734.25,10800.29,10645.37,10730.83,5,False,True,Yahoo Finance ^TWII
2019-07-05,2019-07-01,2019-07-07,2019-07-01,2019-07-05,10821.30,10914.85,10720.66,10785.73,5,False,True,Yahoo Finance ^TWII
2019-07-12,2019-07-08,2019-07-14,2019-07-08,2019-07-12,10742.81,10867.59,10680.85,10824.35,5,False,True,Yahoo Finance ^TWII
2019-07-19,2019-07-15,2019-07-21,2019-07-15,2019-07-19,10819.92,10919.96,10769.57,10873.19,5,False,True,Yahoo Finance ^TWII
2019-07-26,2019-07-22,2019-07-28,2019-07-22,2019-07-26,10910.50,10994.44,10879.24,10891.98,5,False,True,Yahoo Finance ^TWII
2019-08-02,2019-07-29,2019-08-04,2019-07-29,2019-08-02,10872.63,10927.16,10524.68,10549.04,5,False,True,Yahoo Finance ^TWII
2019-08-08,2019-08-05,2019-08-11,2019-08-05,2019-08-08,10528.87,10542.49,10180.04,10494.49,4,False,True,Yahoo Finance ^TWII
2019-08-16,2019-08-12,2019-08-18,2019-08-12,2019-08-16,10491.79,10518.02,10287.76,10420.89,5,False,True,Yahoo Finance ^TWII
2019-08-23,2019-08-19,2019-08-25,2019-08-19,2019-08-23,10449.39,10596.41,10449.39,10538.11,5,False,True,Yahoo Finance ^TWII
2019-08-30,2019-08-26,2019-09-01,2019-08-26,2019-08-30,10453.40,10618.05,10340.15,10618.05,5,False,True,Yahoo Finance ^TWII
2019-09-06,2019-09-02,2019-09-08,2019-09-02,2019-09-06,10613.19,10803.07,10557.03,10780.64,5,False,True,Yahoo Finance ^TWII
2019-09-12,2019-09-09,2019-09-15,2019-09-09,2019-09-12,,,,10827.55,4,False,False,011.idv.tw (close only) + Yahoo Finance ^TWII
2019-09-20,2019-09-16,2019-09-22,2019-09-16,2019-09-20,10822.69,10971.54,10822.69,10929.69,5,False,True,Yahoo Finance ^TWII
2019-09-27,2019-09-23,2019-09-29,2019-09-23,2019-09-27,10924.81,10948.19,10825.85,10829.68,5,False,True,Yahoo Finance ^TWII
2019-10-04,2019-09-30,2019-10-06,2019-10-01,2019-10-04,10855.60,10967.65,10809.28,10894.48,4,False,True,Yahoo Finance ^TWII
2019-10-09,2019-10-07,2019-10-13,2019-10-07,2019-10-09,10932.24,11020.51,10889.96,10889.96,3,False,True,Yahoo Finance ^TWII
2019-10-18,2019-10-14,2019-10-20,2019-10-14,2019-10-18,11004.74,11237.38,11004.74,11180.22,5,False,True,Yahoo Finance ^TWII
2019-10-25,2019-10-21,2019-10-27,2019-10-21,2019-10-25,11166.24,11347.18,11147.86,11296.12,5,False,True,Yahoo Finance ^TWII
2019-11-01,2019-10-28,2019-11-03,2019-10-28,2019-11-01,11321.99,11428.42,11292.83,11399.53,5,False,True,Yahoo Finance ^TWII
2019-11-08,2019-11-04,2019-11-10,2019-11-04,2019-11-08,11451.72,11668.20,11451.72,11579.54,5,False,True,Yahoo Finance ^TWII
2019-11-15,2019-11-11,2019-11-17,2019-11-11,2019-11-15,11570.33,11570.33,11409.83,11525.60,5,False,True,Yahoo Finance ^TWII
2019-11-22,2019-11-18,2019-11-24,2019-11-18,2019-11-22,11543.80,11656.40,11478.43,11566.80,5,False,True,Yahoo Finance ^TWII
2019-11-29,2019-11-25,2019-12-01,2019-11-25,2019-11-29,11590.81,11654.06,11485.16,11489.57,5,False,True,Yahoo Finance ^TWII
2019-12-06,2019-12-02,2019-12-08,2019-12-02,2019-12-06,11509.94,11657.65,11454.38,11609.64,5,False,True,Yahoo Finance ^TWII
2019-12-13,2019-12-09,2019-12-15,2019-12-09,2019-12-13,11635.47,11990.78,11607.26,11927.73,5,False,True,Yahoo Finance ^TWII
2019-12-20,2019-12-16,2019-12-22,2019-12-16,2019-12-20,11915.61,12125.90,11915.61,11959.08,5,False,True,Yahoo Finance ^TWII
2019-12-27,2019-12-23,2019-12-29,2019-12-23,2019-12-27,11969.14,12093.02,11960.21,12091.59,5,False,True,Yahoo Finance ^TWII
2020-01-03,2019-12-30,2020-01-05,2019-12-30,2020-01-03,12094.81,12197.64,11997.14,12110.43,4,False,True,Yahoo Finance ^TWII
2020-01-10,2020-01-06,2020-01-12,2020-01-06,2020-01-10,12035.71,12040.08,11777.45,12024.65,5,False,True,Yahoo Finance ^TWII
2020-01-17,2020-01-13,2020-01-19,2020-01-13,2020-01-17,12069.61,12186.62,12006.08,12090.29,5,False,True,Yahoo Finance ^TWII
2020-01-20,2020-01-20,2020-01-26,2020-01-20,2020-01-20,12107.56,12151.42,12101.55,12118.71,1,False,True,Yahoo Finance ^TWII
2020-01-31,2020-01-27,2020-02-02,2020-01-30,2020-01-31,11933.23,11933.23,11418.22,11495.10,2,False,True,Yahoo Finance ^TWII
2020-02-07,2020-02-03,2020-02-09,2020-02-03,2020-02-07,11365.90,11749.68,11138.03,11612.81,5,False,True,Yahoo Finance ^TWII
2020-02-14,2020-02-10,2020-02-16,2020-02-10,2020-02-14,11514.72,11854.98,11423.34,11815.70,5,False,True,Yahoo Finance ^TWII
2020-02-21,2020-02-17,2020-02-23,2020-02-17,2020-02-21,11770.30,11827.83,11642.95,11686.35,5,False,True,Yahoo Finance ^TWII
2020-02-27,2020-02-24,2020-03-01,2020-02-24,2020-02-27,11615.28,11615.28,11274.52,11292.17,4,False,True,Yahoo Finance ^TWII
2020-03-06,2020-03-02,2020-03-08,2020-03-02,2020-03-06,11184.66,11525.32,11049.85,11321.81,5,False,True,Yahoo Finance ^TWII
2020-03-13,2020-03-09,2020-03-15,2020-03-09,2020-03-13,11221.76,11221.76,9636.15,10128.87,5,False,True,Yahoo Finance ^TWII
2020-03-20,2020-03-16,2020-03-22,2020-03-16,2020-03-20,10069.42,10130.80,8523.63,9234.09,5,False,True,Yahoo Finance ^TWII
2020-03-27,2020-03-23,2020-03-29,2020-03-23,2020-03-27,9025.55,9954.86,8750.14,9698.92,5,False,True,Yahoo Finance ^TWII
2020-04-01,2020-03-30,2020-04-05,2020-03-30,2020-04-01,9571.22,9789.81,9415.52,9663.63,3,False,True,Yahoo Finance ^TWII
2020-04-10,2020-04-06,2020-04-12,2020-04-06,2020-04-10,9707.75,10246.84,9651.52,10157.61,5,False,True,Yahoo Finance ^TWII
2020-04-17,2020-04-13,2020-04-19,2020-04-13,2020-04-17,10147.56,10710.15,10080.65,10597.04,5,False,True,Yahoo Finance ^TWII
2020-04-24,2020-04-20,2020-04-26,2020-04-20,2020-04-24,10612.45,10637.64,10140.09,10347.36,5,False,True,Yahoo Finance ^TWII
2020-04-30,2020-04-27,2020-05-03,2020-04-27,2020-04-30,10407.49,11012.78,10407.49,10992.14,4,False,True,Yahoo Finance ^TWII
2020-05-08,2020-05-04,2020-05-10,2020-05-04,2020-05-08,10781.51,10970.70,10658.50,10901.42,5,False,True,Yahoo Finance ^TWII
2020-05-15,2020-05-11,2020-05-17,2020-05-11,2020-05-15,10942.18,11039.11,10730.55,10814.92,5,False,True,Yahoo Finance ^TWII
2020-05-22,2020-05-18,2020-05-24,2020-05-18,2020-05-22,10753.21,11021.66,10730.70,10811.15,5,False,True,Yahoo Finance ^TWII
2020-05-29,2020-05-25,2020-05-31,2020-05-25,2020-05-29,10812.94,11087.53,10719.25,10942.16,5,False,True,Yahoo Finance ^TWII
2020-06-05,2020-06-01,2020-06-07,2020-06-01,2020-06-05,10971.40,11482.36,10971.40,11479.40,5,False,True,Yahoo Finance ^TWII
2020-06-12,2020-06-08,2020-06-14,2020-06-08,2020-06-12,11539.00,11771.12,11244.64,11429.94,5,False,True,Yahoo Finance ^TWII
2020-06-19,2020-06-15,2020-06-21,2020-06-15,2020-06-19,11436.28,11584.88,11299.45,11549.86,5,False,True,Yahoo Finance ^TWII
2020-06-24,2020-06-22,2020-06-28,2020-06-22,2020-06-24,11553.91,11701.23,11530.85,11660.67,3,False,True,Yahoo Finance ^TWII
2020-07-03,2020-06-29,2020-07-05,2020-06-29,2020-07-03,11608.80,11933.59,11500.65,11909.16,5,False,True,Yahoo Finance ^TWII
2020-07-10,2020-07-06,2020-07-12,2020-07-06,2020-07-10,11941.84,12273.43,11941.84,12073.68,5,False,True,Yahoo Finance ^TWII
2020-07-17,2020-07-13,2020-07-19,2020-07-13,2020-07-17,12109.61,12320.48,12107.04,12181.56,5,False,True,Yahoo Finance ^TWII
2020-07-24,2020-07-20,2020-07-26,2020-07-20,2020-07-24,12205.25,12502.84,12065.80,12304.04,5,False,True,Yahoo Finance ^TWII
2020-07-31,2020-07-27,2020-08-02,2020-07-27,2020-07-31,12618.69,13031.70,12488.01,12664.80,5,False,True,Yahoo Finance ^TWII
2020-08-07,2020-08-03,2020-08-09,2020-08-03,2020-08-07,12642.73,12971.87,12506.59,12828.87,5,False,True,Yahoo Finance ^TWII
2020-08-14,2020-08-10,2020-08-16,2020-08-10,2020-08-14,12786.80,12933.16,12625.54,12795.46,5,False,True,Yahoo Finance ^TWII
2020-08-21,2020-08-17,2020-08-23,2020-08-17,2020-08-21,12813.94,12981.58,12144.76,12607.84,5,False,True,Yahoo Finance ^TWII
2020-08-28,2020-08-24,2020-08-30,2020-08-24,2020-08-28,12629.78,12960.68,12567.95,12728.85,5,False,True,Yahoo Finance ^TWII
2020-09-04,2020-08-31,2020-09-06,2020-08-31,2020-09-04,12763.44,12857.79,12559.78,12637.95,5,False,True,Yahoo Finance ^TWII
2020-09-11,2020-09-07,2020-09-13,2020-09-07,2020-09-11,12645.93,12725.05,12480.50,12675.95,5,False,True,Yahoo Finance ^TWII
2020-09-18,2020-09-14,2020-09-20,2020-09-14,2020-09-18,12680.41,13021.68,12680.41,12875.62,5,False,True,Yahoo Finance ^TWII
2020-09-25,2020-09-21,2020-09-27,2020-09-21,2020-09-25,12874.61,12952.31,12149.81,12232.91,5,False,True,Yahoo Finance ^TWII
2020-09-30,2020-09-28,2020-10-04,2020-09-28,2020-09-30,12282.36,12571.34,12282.36,12515.61,3,False,True,Yahoo Finance ^TWII
2020-10-08,2020-10-05,2020-10-11,2020-10-05,2020-10-08,12567.88,12887.19,12519.12,12887.19,4,False,True,Yahoo Finance ^TWII
2020-10-16,2020-10-12,2020-10-18,2020-10-12,2020-10-16,12959.15,12997.79,12750.37,12750.37,5,False,True,Yahoo Finance ^TWII
2020-10-23,2020-10-19,2020-10-25,2020-10-19,2020-10-23,12803.32,12963.26,12803.32,12898.82,5,False,True,Yahoo Finance ^TWII
2020-10-30,2020-10-26,2020-11-01,2020-10-26,2020-10-30,12923.55,12971.58,12546.34,12546.34,5,False,True,Yahoo Finance ^TWII
2020-11-06,2020-11-02,2020-11-08,2020-11-02,2020-11-06,12565.32,12999.16,12480.66,12973.53,5,False,True,Yahoo Finance ^TWII
2020-11-13,2020-11-09,2020-11-15,2020-11-09,2020-11-13,13053.98,13324.86,13022.92,13273.33,5,False,True,Yahoo Finance ^TWII
2020-11-20,2020-11-16,2020-11-22,2020-11-16,2020-11-20,13356.74,13785.92,13356.74,13716.44,5,False,True,Yahoo Finance ^TWII
2020-11-27,2020-11-23,2020-11-29,2020-11-23,2020-11-27,13793.55,13951.17,13731.81,13867.09,5,False,True,Yahoo Finance ^TWII
2020-12-04,2020-11-30,2020-12-06,2020-11-30,2020-12-04,13917.65,14149.56,13722.89,14132.44,5,False,True,Yahoo Finance ^TWII
2020-12-11,2020-12-07,2020-12-13,2020-12-07,2020-12-11,14230.00,14427.41,14081.42,14261.69,5,False,True,Yahoo Finance ^TWII
2020-12-18,2020-12-14,2020-12-20,2020-12-14,2020-12-18,14238.92,14339.50,14053.35,14249.96,5,False,True,Yahoo Finance ^TWII
2020-12-25,2020-12-21,2020-12-27,2020-12-21,2020-12-25,14273.79,14411.93,14134.87,14331.42,5,False,True,Yahoo Finance ^TWII
2020-12-31,2020-12-28,2021-01-03,2020-12-28,2020-12-31,14363.45,14760.06,14363.45,14732.53,4,False,True,Yahoo Finance ^TWII
2021-01-08,2021-01-04,2021-01-10,2021-01-04,2021-01-08,14720.25,15463.95,14720.25,15463.95,5,False,True,Yahoo Finance ^TWII
2021-01-15,2021-01-11,2021-01-17,2021-01-11,2021-01-15,15425.58,16041.59,15395.73,15616.39,5,False,True,Yahoo Finance ^TWII
2021-01-22,2021-01-18,2021-01-24,2021-01-18,2021-01-22,15676.45,16238.46,15320.97,16019.03,5,False,True,Yahoo Finance ^TWII
2021-01-29,2021-01-25,2021-01-31,2021-01-25,2021-01-29,16006.21,16023.87,15138.31,15138.31,5,False,True,Yahoo Finance ^TWII
2021-02-05,2021-02-01,2021-02-07,2021-02-01,2021-02-05,15176.56,15938.09,15089.96,15802.40,5,False,True,Yahoo Finance ^TWII
2021-02-19,2021-02-15,2021-02-21,2021-02-17,2021-02-19,16197.45,16517.73,16197.45,16341.38,3,False,True,Yahoo Finance ^TWII
2021-02-26,2021-02-22,2021-02-28,2021-02-22,2021-02-26,16445.87,16579.17,15953.80,15953.80,5,False,True,Yahoo Finance ^TWII
2021-03-05,2021-03-01,2021-03-07,2021-03-02,2021-03-05,16127.87,16262.91,15636.43,15855.23,4,False,True,Yahoo Finance ^TWII
2021-03-12,2021-03-08,2021-03-14,2021-03-08,2021-03-12,15943.37,16298.03,15657.92,16255.18,5,False,True,Yahoo Finance ^TWII
2021-03-19,2021-03-15,2021-03-21,2021-03-15,2021-03-19,16256.58,16410.02,16022.17,16070.24,5,False,True,Yahoo Finance ^TWII
2021-03-26,2021-03-22,2021-03-28,2021-03-22,2021-03-26,16065.50,16351.38,15944.96,16305.88,5,False,True,Yahoo Finance ^TWII
2021-04-01,2021-03-29,2021-04-04,2021-03-29,2021-04-01,16411.67,16602.47,16411.67,16571.28,4,False,True,Yahoo Finance ^TWII
2021-04-09,2021-04-05,2021-04-11,2021-04-06,2021-04-09,,,,16854.10,4,False,False,011.idv.tw (close only) + Yahoo Finance ^TWII
2021-04-16,2021-04-12,2021-04-18,2021-04-12,2021-04-16,16908.55,17158.81,16559.57,17158.81,5,False,True,Yahoo Finance ^TWII
2021-04-23,2021-04-19,2021-04-25,2021-04-19,2021-04-23,17141.25,17428.15,17055.48,17300.27,5,False,True,Yahoo Finance ^TWII
2021-04-29,2021-04-26,2021-05-02,2021-04-26,2021-04-29,17378.36,17709.23,17378.36,17566.66,4,False,True,Yahoo Finance ^TWII
2021-05-07,2021-05-03,2021-05-09,2021-05-03,2021-05-07,17505.52,17546.94,16647.61,17285.00,5,False,True,Yahoo Finance ^TWII
2021-05-14,2021-05-10,2021-05-16,2021-05-10,2021-05-14,17274.23,17304.47,15165.27,15827.09,5,False,True,Yahoo Finance ^TWII
2021-05-21,2021-05-17,2021-05-23,2021-05-17,2021-05-21,15554.99,16431.14,15159.86,16302.06,5,False,True,Yahoo Finance ^TWII
2021-05-28,2021-05-24,2021-05-30,2021-05-24,2021-05-28,16246.52,16889.01,16136.97,16870.86,5,False,True,Yahoo Finance ^TWII
2021-06-04,2021-05-31,2021-06-06,2021-05-31,2021-06-04,16948.47,17311.28,16939.91,17147.41,5,False,True,Yahoo Finance ^TWII
2021-06-11,2021-06-07,2021-06-13,2021-06-07,2021-06-11,17176.09,17278.55,16775.85,17213.52,5,False,True,Yahoo Finance ^TWII
2021-06-18,2021-06-14,2021-06-20,2021-06-15,2021-06-18,17279.70,17417.50,17150.52,17318.54,4,False,True,Yahoo Finance ^TWII
2021-06-25,2021-06-21,2021-06-27,2021-06-21,2021-06-25,17305.49,17597.33,17023.31,17502.99,5,False,True,Yahoo Finance ^TWII
2021-07-02,2021-06-28,2021-07-04,2021-06-28,2021-07-02,17531.82,17863.90,17481.23,17710.15,5,False,True,Yahoo Finance ^TWII
2021-07-09,2021-07-05,2021-07-11,2021-07-05,2021-07-09,17783.80,18008.37,17597.46,17661.48,5,False,True,Yahoo Finance ^TWII
2021-07-16,2021-07-12,2021-07-18,2021-07-12,2021-07-16,17843.30,18034.19,17716.44,17895.25,5,False,True,Yahoo Finance ^TWII
2021-07-23,2021-07-19,2021-07-25,2021-07-19,2021-07-23,17854.35,17854.35,17352.24,17572.92,5,False,True,Yahoo Finance ^TWII
2021-07-30,2021-07-26,2021-08-01,2021-07-26,2021-07-30,17554.93,17637.36,16893.70,17247.41,5,False,True,Yahoo Finance ^TWII
2021-08-06,2021-08-02,2021-08-08,2021-08-02,2021-08-06,17256.61,17643.97,17231.22,17526.28,5,False,True,Yahoo Finance ^TWII
2021-08-13,2021-08-09,2021-08-15,2021-08-09,2021-08-13,17505.01,17524.91,16978.11,16982.11,5,False,True,Yahoo Finance ^TWII
2021-08-20,2021-08-16,2021-08-22,2021-08-16,2021-08-20,16941.33,16983.59,16248.08,16341.94,5,False,True,Yahoo Finance ^TWII
2021-08-27,2021-08-23,2021-08-29,2021-08-23,2021-08-27,16459.13,17229.89,16459.13,17209.93,5,False,True,Yahoo Finance ^TWII
2021-09-03,2021-08-30,2021-09-05,2021-08-30,2021-09-03,17244.62,17540.78,17207.57,17516.92,5,False,True,Yahoo Finance ^TWII
2021-09-10,2021-09-06,2021-09-12,2021-09-06,2021-09-10,17534.05,17633.67,17122.95,17474.57,5,False,True,Yahoo Finance ^TWII
2021-09-17,2021-09-13,2021-09-19,2021-09-13,2021-09-17,17452.16,17529.47,17235.45,17276.79,5,False,True,Yahoo Finance ^TWII
2021-09-24,2021-09-20,2021-09-26,2021-09-22,2021-09-24,17196.79,17273.59,16838.58,17260.19,3,False,True,Yahoo Finance ^TWII
2021-10-01,2021-09-27,2021-10-03,2021-09-27,2021-10-01,17278.11,17335.99,16503.74,16570.89,5,False,True,Yahoo Finance ^TWII
2021-10-08,2021-10-04,2021-10-10,2021-10-04,2021-10-08,16600.52,16771.71,16162.17,16640.43,5,False,True,Yahoo Finance ^TWII
2021-10-15,2021-10-11,2021-10-17,2021-10-12,2021-10-15,16589.72,16781.19,16328.47,16781.19,4,False,True,Yahoo Finance ^TWII
2021-10-22,2021-10-18,2021-10-24,2021-10-18,2021-10-22,16816.94,17026.89,16695.89,16888.74,5,False,True,Yahoo Finance ^TWII
2021-10-29,2021-10-25,2021-10-31,2021-10-25,2021-10-29,16879.34,17104.86,16784.11,16987.41,5,False,True,Yahoo Finance ^TWII
2021-11-05,2021-11-01,2021-11-07,2021-11-01,2021-11-05,17021.77,17296.90,17021.77,17296.90,5,False,True,Yahoo Finance ^TWII
2021-11-12,2021-11-08,2021-11-14,2021-11-08,2021-11-12,17323.39,17602.05,17279.46,17518.13,5,False,True,Yahoo Finance ^TWII
2021-11-19,2021-11-15,2021-11-21,2021-11-15,2021-11-19,17560.52,17986.18,17560.52,17818.31,5,False,True,Yahoo Finance ^TWII
2021-11-26,2021-11-22,2021-11-28,2021-11-22,2021-11-26,17828.53,17857.73,17330.44,17369.39,5,False,True,Yahoo Finance ^TWII
2021-12-03,2021-11-29,2021-12-05,2021-11-29,2021-12-03,17320.01,17781.14,17167.24,17697.14,5,False,True,Yahoo Finance ^TWII
2021-12-10,2021-12-06,2021-12-12,2021-12-06,2021-12-10,17650.67,17988.88,17585.95,17826.26,5,False,True,Yahoo Finance ^TWII
2021-12-17,2021-12-13,2021-12-19,2021-12-13,2021-12-17,17841.03,17919.35,17556.87,17812.59,5,False,True,Yahoo Finance ^TWII
2021-12-24,2021-12-20,2021-12-26,2021-12-20,2021-12-24,17812.81,18039.85,17646.39,17961.64,5,False,True,Yahoo Finance ^TWII
2021-12-30,2021-12-27,2022-01-02,2021-12-27,2021-12-30,17975.41,18291.25,17975.41,18218.84,4,False,True,Yahoo Finance ^TWII
2022-01-07,2022-01-03,2022-01-09,2022-01-03,2022-01-07,18260.23,18619.61,18134.41,18169.76,5,False,True,Yahoo Finance ^TWII
2022-01-14,2022-01-10,2022-01-16,2022-01-10,2022-01-14,18095.39,18509.00,18043.97,18403.33,5,False,True,Yahoo Finance ^TWII
2022-01-21,2022-01-17,2022-01-23,2022-01-17,2022-01-21,18512.15,18575.41,17851.39,17899.30,5,False,True,Yahoo Finance ^TWII
2022-01-26,2022-01-24,2022-01-30,2022-01-24,2022-01-26,17843.33,18004.45,17633.03,17674.40,3,False,True,Yahoo Finance ^TWII
2022-02-11,2022-02-07,2022-02-13,2022-02-07,2022-02-11,17750.70,18338.05,17712.35,18310.94,5,False,True,Yahoo Finance ^TWII
2022-02-18,2022-02-14,2022-02-20,2022-02-14,2022-02-18,18182.73,18330.63,17942.68,18232.35,5,False,True,Yahoo Finance ^TWII
2022-02-25,2022-02-21,2022-02-27,2022-02-21,2022-02-25,18196.40,18253.10,17554.97,17652.18,5,False,True,Yahoo Finance ^TWII
2022-03-04,2022-02-28,2022-03-06,2022-03-01,2022-03-04,17657.50,18026.03,17657.50,17736.52,4,False,True,Yahoo Finance ^TWII
2022-03-11,2022-03-07,2022-03-13,2022-03-07,2022-03-11,17581.57,17581.57,16764.78,17264.74,5,False,True,Yahoo Finance ^TWII
2022-03-18,2022-03-14,2022-03-20,2022-03-14,2022-03-18,17287.90,17472.95,16808.43,17456.52,5,False,True,Yahoo Finance ^TWII
2022-03-25,2022-03-21,2022-03-27,2022-03-21,2022-03-25,17503.95,17747.13,17468.55,17676.95,5,False,True,Yahoo Finance ^TWII
2022-04-01,2022-03-28,2022-04-03,2022-03-28,2022-04-01,17510.15,17770.07,17368.66,17625.59,5,False,True,Yahoo Finance ^TWII
2022-04-08,2022-04-04,2022-04-10,2022-04-06,2022-04-08,17484.19,17528.99,17178.63,17284.54,3,False,True,Yahoo Finance ^TWII
2022-04-15,2022-04-11,2022-04-17,2022-04-11,2022-04-15,17273.05,17374.14,16905.13,17004.18,5,False,True,Yahoo Finance ^TWII
2022-04-22,2022-04-18,2022-04-24,2022-04-18,2022-04-22,16958.66,17213.66,16845.51,17025.09,5,False,True,Yahoo Finance ^TWII
2022-04-29,2022-04-25,2022-05-01,2022-04-25,2022-04-29,16912.30,16912.30,16219.41,16592.18,5,False,True,Yahoo Finance ^TWII
2022-05-06,2022-05-02,2022-05-08,2022-05-03,2022-05-06,16593.21,16783.78,16312.17,16408.20,4,False,True,Yahoo Finance ^TWII
2022-05-13,2022-05-09,2022-05-15,2022-05-09,2022-05-13,16345.84,16345.84,15616.68,15832.54,5,False,True,Yahoo Finance ^TWII
2022-05-20,2022-05-16,2022-05-22,2022-05-16,2022-05-20,15943.69,16316.58,15847.46,16144.85,5,False,True,Yahoo Finance ^TWII
2022-05-27,2022-05-23,2022-05-29,2022-05-23,2022-05-27,16193.92,16266.22,15949.61,16266.22,5,False,True,Yahoo Finance ^TWII
2022-06-02,2022-05-30,2022-06-05,2022-05-30,2022-06-02,16368.93,16811.04,16368.93,16552.57,4,False,True,Yahoo Finance ^TWII
2022-06-10,2022-06-06,2022-06-12,2022-06-06,2022-06-10,16570.89,16702.99,16403.33,16460.12,5,False,True,Yahoo Finance ^TWII
2022-06-17,2022-06-13,2022-06-19,2022-06-13,2022-06-17,16295.07,16295.07,15573.38,15641.26,5,False,True,Yahoo Finance ^TWII
2022-06-24,2022-06-20,2022-06-26,2022-06-20,2022-06-24,15649.20,15728.64,15102.40,15303.32,5,False,True,Yahoo Finance ^TWII
2022-07-01,2022-06-27,2022-07-03,2022-06-27,2022-07-01,15409.08,15656.35,14336.03,14343.08,5,False,True,Yahoo Finance ^TWII
2022-07-08,2022-07-04,2022-07-10,2022-07-04,2022-07-08,14237.83,14552.42,13951.81,14464.53,5,False,True,Yahoo Finance ^TWII
2022-07-15,2022-07-11,2022-07-17,2022-07-11,2022-07-15,14478.31,14579.73,13928.66,14550.62,5,False,True,Yahoo Finance ^TWII
2022-07-22,2022-07-18,2022-07-24,2022-07-18,2022-07-22,14589.10,14996.24,14589.10,14949.36,5,False,True,Yahoo Finance ^TWII
2022-07-29,2022-07-25,2022-07-31,2022-07-25,2022-07-29,14902.25,15035.27,14717.02,15000.07,5,False,True,Yahoo Finance ^TWII
2022-08-05,2022-08-01,2022-08-07,2022-08-01,2022-08-05,14982.27,15041.41,14545.69,15036.04,5,False,True,Yahoo Finance ^TWII
2022-08-12,2022-08-08,2022-08-14,2022-08-08,2022-08-12,14972.21,15298.42,14890.55,15288.97,5,False,True,Yahoo Finance ^TWII
2022-08-19,2022-08-15,2022-08-21,2022-08-15,2022-08-19,15332.92,15475.89,15311.22,15408.78,5,False,True,Yahoo Finance ^TWII
2022-08-26,2022-08-22,2022-08-28,2022-08-22,2022-08-26,15375.20,15375.20,15053.52,15278.44,5,False,True,Yahoo Finance ^TWII
2022-09-02,2022-08-29,2022-09-04,2022-08-29,2022-09-02,15197.19,15197.19,14673.04,14673.04,5,False,True,Yahoo Finance ^TWII
2022-09-08,2022-09-05,2022-09-11,2022-09-05,2022-09-08,14670.18,14789.31,14397.12,14583.42,4,False,True,Yahoo Finance ^TWII
2022-09-16,2022-09-12,2022-09-18,2022-09-12,2022-09-16,14711.34,14949.56,14521.65,14561.76,5,False,True,Yahoo Finance ^TWII
2022-09-23,2022-09-19,2022-09-25,2022-09-19,2022-09-23,14567.27,14585.06,14109.71,14118.38,5,False,True,Yahoo Finance ^TWII
2022-09-30,2022-09-26,2022-10-02,2022-09-26,2022-09-30,13993.42,13993.42,13274.72,13424.58,5,False,True,Yahoo Finance ^TWII
2022-10-07,2022-10-03,2022-10-09,2022-10-03,2022-10-07,13359.26,13902.02,13273.48,13702.28,5,False,True,Yahoo Finance ^TWII
2022-10-14,2022-10-10,2022-10-16,2022-10-11,2022-10-14,13394.12,13394.12,12809.43,13128.12,4,False,True,Yahoo Finance ^TWII
2022-10-21,2022-10-17,2022-10-23,2022-10-17,2022-10-21,12988.83,13155.62,12698.91,12819.20,5,False,True,Yahoo Finance ^TWII
2022-10-28,2022-10-24,2022-10-30,2022-10-24,2022-10-28,12913.58,13027.84,12629.48,12788.42,5,False,True,Yahoo Finance ^TWII
2022-11-04,2022-10-31,2022-11-06,2022-10-31,2022-11-04,12862.37,13100.17,12826.34,13026.71,5,False,True,Yahoo Finance ^TWII
2022-11-11,2022-11-07,2022-11-13,2022-11-07,2022-11-11,13109.35,14045.51,13103.35,14007.56,5,False,True,Yahoo Finance ^TWII
2022-11-18,2022-11-14,2022-11-20,2022-11-14,2022-11-18,14080.91,14669.98,14076.94,14504.99,5,False,True,Yahoo Finance ^TWII
2022-11-25,2022-11-21,2022-11-27,2022-11-21,2022-11-25,14514.71,14835.66,14371.09,14778.51,5,False,True,Yahoo Finance ^TWII
2022-12-02,2022-11-28,2022-12-04,2022-11-28,2022-12-02,14636.90,15152.38,14449.05,14970.68,5,False,True,Yahoo Finance ^TWII
2022-12-09,2022-12-05,2022-12-11,2022-12-05,2022-12-09,14972.17,15088.06,14464.20,14705.43,5,False,True,Yahoo Finance ^TWII
2022-12-16,2022-12-12,2022-12-18,2022-12-12,2022-12-16,14658.46,14756.38,14447.77,14528.55,5,False,True,Yahoo Finance ^TWII
2022-12-23,2022-12-19,2022-12-25,2022-12-19,2022-12-23,14478.45,14493.72,14157.99,14271.63,5,False,True,Yahoo Finance ^TWII
2022-12-30,2022-12-26,2023-01-01,2022-12-26,2022-12-30,14271.20,14410.24,13981.63,14137.69,5,False,True,Yahoo Finance ^TWII
2023-01-06,2023-01-02,2023-01-08,2023-01-03,2023-01-06,14108.16,14384.92,14001.97,14373.34,4,False,True,Yahoo Finance ^TWII
2023-01-13,2023-01-09,2023-01-15,2023-01-09,2023-01-13,14504.47,14962.31,14504.47,14824.13,5,False,True,Yahoo Finance ^TWII
2023-01-17,2023-01-16,2023-01-22,2023-01-16,2023-01-17,14895.26,14960.92,14884.78,14932.93,2,False,True,Yahoo Finance ^TWII
2023-02-03,2023-01-30,2023-02-05,2023-01-30,2023-02-03,15291.53,15617.73,15265.20,15602.66,5,False,True,Yahoo Finance ^TWII
2023-02-10,2023-02-06,2023-02-12,2023-02-06,2023-02-10,15514.80,15631.22,15363.65,15586.65,5,False,True,Yahoo Finance ^TWII
2023-02-17,2023-02-13,2023-02-19,2023-02-13,2023-02-17,15564.76,15669.63,15388.85,15479.70,5,False,True,Yahoo Finance ^TWII
2023-02-24,2023-02-20,2023-02-26,2023-02-20,2023-02-24,15452.01,15717.96,15345.93,15503.79,5,False,True,Yahoo Finance ^TWII
2023-03-03,2023-02-27,2023-03-05,2023-03-01,2023-03-03,15435.38,15713.42,15387.38,15608.42,3,False,True,Yahoo Finance ^TWII
2023-03-10,2023-03-06,2023-03-12,2023-03-06,2023-03-10,15675.28,15879.16,15488.71,15526.20,5,False,True,Yahoo Finance ^TWII
2023-03-17,2023-03-13,2023-03-19,2023-03-13,2023-03-17,15514.03,15571.17,15186.74,15452.96,5,False,True,Yahoo Finance ^TWII
2023-03-24,2023-03-20,2023-03-26,2023-03-20,2023-03-24,15454.75,15921.97,15399.07,15914.70,5,False,True,Yahoo Finance ^TWII
2023-03-31,2023-03-27,2023-04-02,2023-03-27,2023-03-31,15873.67,15951.80,15681.10,15868.06,5,False,True,Yahoo Finance ^TWII
2023-04-07,2023-04-03,2023-04-09,2023-04-06,2023-04-07,15838.07,15877.99,15733.29,15836.50,2,False,True,Yahoo Finance ^TWII
2023-04-14,2023-04-10,2023-04-16,2023-04-10,2023-04-14,15850.94,15973.82,15800.42,15929.43,5,False,True,Yahoo Finance ^TWII
2023-04-21,2023-04-17,2023-04-23,2023-04-17,2023-04-21,15934.64,15967.89,15592.96,15602.99,5,False,True,Yahoo Finance ^TWII
2023-04-28,2023-04-24,2023-04-30,2023-04-24,2023-04-28,15555.10,15643.86,15284.46,15579.18,5,False,True,Yahoo Finance ^TWII
2023-05-05,2023-05-01,2023-05-07,2023-05-02,2023-05-05,15588.68,15673.62,15523.50,15626.07,4,False,True,Yahoo Finance ^TWII
2023-05-12,2023-05-08,2023-05-14,2023-05-08,2023-05-12,15648.54,15757.80,15424.42,15502.36,5,False,True,Yahoo Finance ^TWII
2023-05-19,2023-05-15,2023-05-21,2023-05-15,2023-05-19,15489.18,16189.81,15434.52,16174.92,5,False,True,Yahoo Finance ^TWII
2023-05-26,2023-05-22,2023-05-28,2023-05-22,2023-05-26,16168.74,16537.79,16070.16,16505.05,5,False,True,Yahoo Finance ^TWII
2023-06-02,2023-05-29,2023-06-04,2023-05-29,2023-06-02,16610.86,16752.20,16477.43,16706.91,5,False,True,Yahoo Finance ^TWII
2023-06-09,2023-06-05,2023-06-11,2023-06-05,2023-06-09,16714.48,16922.48,16694.21,16886.40,5,False,True,Yahoo Finance ^TWII
2023-06-16,2023-06-12,2023-06-18,2023-06-12,2023-06-16,16899.49,17346.32,16899.49,17288.91,5,False,True,Yahoo Finance ^TWII
2023-06-21,2023-06-19,2023-06-25,2023-06-19,2023-06-21,17274.07,17306.81,17121.59,17202.40,3,False,True,Yahoo Finance ^TWII
2023-06-30,2023-06-26,2023-07-02,2023-06-26,2023-06-30,17182.48,17182.48,16792.34,16915.54,5,False,True,Yahoo Finance ^TWII
2023-07-07,2023-07-03,2023-07-09,2023-07-03,2023-07-07,16915.54,17154.10,16593.84,16664.21,5,False,True,Yahoo Finance ^TWII
2023-07-14,2023-07-10,2023-07-16,2023-07-10,2023-07-14,16664.21,17287.40,16635.83,17283.71,5,False,True,Yahoo Finance ^TWII
2023-07-21,2023-07-17,2023-07-23,2023-07-17,2023-07-21,17279.11,17401.59,16859.13,17030.70,5,False,True,Yahoo Finance ^TWII
2023-07-28,2023-07-24,2023-07-30,2023-07-24,2023-07-28,17036.79,17328.21,16941.15,17292.93,5,False,True,Yahoo Finance ^TWII
2023-08-04,2023-07-31,2023-08-06,2023-07-31,2023-08-04,17341.04,17463.76,16748.51,16843.68,4,False,True,Yahoo Finance ^TWII
2023-08-11,2023-08-07,2023-08-13,2023-08-07,2023-08-11,16870.81,17043.56,16601.17,16601.25,5,False,True,Yahoo Finance ^TWII
2023-08-18,2023-08-14,2023-08-20,2023-08-14,2023-08-18,16585.41,16585.41,16264.65,16381.31,5,False,True,Yahoo Finance ^TWII
2023-08-25,2023-08-21,2023-08-27,2023-08-21,2023-08-25,16414.14,16822.36,16347.77,16481.58,5,False,True,Yahoo Finance ^TWII
2023-09-01,2023-08-28,2023-09-03,2023-08-28,2023-09-01,16498.86,16780.42,16495.76,16644.94,5,False,True,Yahoo Finance ^TWII
2023-09-08,2023-09-04,2023-09-10,2023-09-04,2023-09-08,16649.67,16841.19,16505.64,16576.02,5,False,True,Yahoo Finance ^TWII
2023-09-15,2023-09-11,2023-09-17,2023-09-11,2023-09-15,16579.83,16920.92,16398.30,16920.92,5,False,True,Yahoo Finance ^TWII
2023-09-22,2023-09-18,2023-09-24,2023-09-18,2023-09-22,16893.97,16893.97,16202.43,16344.48,5,False,True,Yahoo Finance ^TWII
2023-09-28,2023-09-25,2023-10-01,2023-09-25,2023-09-28,16345.78,16498.38,16212.86,16353.74,4,False,True,Yahoo Finance ^TWII
2023-10-06,2023-10-02,2023-10-08,2023-10-02,2023-10-06,16382.96,16575.31,16203.34,16520.57,5,False,True,Yahoo Finance ^TWII
2023-10-13,2023-10-09,2023-10-15,2023-10-11,2023-10-13,16567.43,16825.91,16567.43,16782.57,3,False,True,Yahoo Finance ^TWII
2023-10-20,2023-10-16,2023-10-22,2023-10-16,2023-10-20,16712.93,16770.64,16271.82,16440.72,5,False,True,Yahoo Finance ^TWII
2023-10-27,2023-10-23,2023-10-29,2023-10-23,2023-10-27,16391.41,16459.34,16073.74,16134.61,5,False,True,Yahoo Finance ^TWII
2023-11-03,2023-10-30,2023-11-05,2023-10-30,2023-11-03,16142.06,16520.10,15975.91,16507.65,5,False,True,Yahoo Finance ^TWII
2023-11-10,2023-11-06,2023-11-12,2023-11-06,2023-11-10,16572.56,16775.23,16572.56,16682.67,5,False,True,Yahoo Finance ^TWII
2023-11-17,2023-11-13,2023-11-19,2023-11-13,2023-11-17,16711.53,17253.47,16711.53,17208.95,5,False,True,Yahoo Finance ^TWII
2023-11-24,2023-11-20,2023-11-26,2023-11-20,2023-11-24,17197.82,17421.17,17151.82,17287.42,5,False,True,Yahoo Finance ^TWII
2023-12-01,2023-11-27,2023-12-03,2023-11-27,2023-12-01,17291.23,17450.13,17133.76,17438.35,5,False,True,Yahoo Finance ^TWII
2023-12-08,2023-12-04,2023-12-10,2023-12-04,2023-12-08,17450.64,17516.61,17252.57,17383.99,5,False,True,Yahoo Finance ^TWII
2023-12-15,2023-12-11,2023-12-17,2023-12-11,2023-12-15,17416.96,17743.54,17372.82,17673.87,5,False,True,Yahoo Finance ^TWII
2023-12-22,2023-12-18,2023-12-24,2023-12-18,2023-12-22,17637.86,17669.84,17442.76,17596.63,5,False,True,Yahoo Finance ^TWII
2023-12-29,2023-12-25,2023-12-31,2023-12-25,2023-12-29,17596.27,17945.70,17595.27,17930.81,5,False,True,Yahoo Finance ^TWII
2024-01-05,2024-01-01,2024-01-07,2024-01-02,2024-01-05,17939.79,17956.74,17495.39,17519.14,4,False,True,Yahoo Finance ^TWII
2024-01-12,2024-01-08,2024-01-14,2024-01-08,2024-01-12,17534.52,17694.26,17439.27,17512.83,5,False,True,Yahoo Finance ^TWII
2024-01-19,2024-01-15,2024-01-21,2024-01-15,2024-01-19,17541.26,17682.97,17151.58,17681.52,5,False,True,Yahoo Finance ^TWII
2024-01-26,2024-01-22,2024-01-28,2024-01-22,2024-01-26,17770.78,18029.85,17765.13,17995.03,5,False,True,Yahoo Finance ^TWII
2024-02-02,2024-01-29,2024-02-04,2024-01-29,2024-02-02,18001.24,18138.74,17832.95,18059.93,5,False,True,Yahoo Finance ^TWII
2024-02-05,2024-02-05,2024-02-11,2024-02-05,2024-02-05,18047.40,18115.80,17992.17,18096.07,1,False,True,Yahoo Finance ^TWII
2024-02-16,2024-02-12,2024-02-18,2024-02-15,2024-02-16,18664.45,18725.47,18550.86,18607.25,2,False,True,Yahoo Finance ^TWII
2024-02-23,2024-02-19,2024-02-25,2024-02-19,2024-02-23,18561.04,19012.38,18561.04,18889.19,5,False,True,Yahoo Finance ^TWII
2024-03-01,2024-02-26,2024-03-03,2024-02-26,2024-03-01,18899.39,19041.92,18752.53,18935.93,4,False,True,Yahoo Finance ^TWII
2024-03-08,2024-03-04,2024-03-10,2024-03-04,2024-03-08,18952.69,20065.50,18952.69,19785.32,5,False,True,Yahoo Finance ^TWII
2024-03-15,2024-03-11,2024-03-17,2024-03-11,2024-03-15,19671.90,20112.81,19649.67,19682.50,5,False,True,Yahoo Finance ^TWII
2024-03-22,2024-03-18,2024-03-24,2024-03-18,2024-03-22,19706.11,20296.10,19706.11,20228.43,5,False,True,Yahoo Finance ^TWII
2024-03-29,2024-03-25,2024-03-31,2024-03-25,2024-03-29,20228.64,20397.07,19977.40,20294.45,5,False,True,Yahoo Finance ^TWII
2024-04-03,2024-04-01,2024-04-07,2024-04-01,2024-04-03,20319.73,20466.57,20217.58,20337.60,3,False,True,Yahoo Finance ^TWII
2024-04-12,2024-04-08,2024-04-14,2024-04-08,2024-04-12,20395.05,20883.69,20379.83,20736.57,5,False,True,Yahoo Finance ^TWII
2024-04-19,2024-04-15,2024-04-21,2024-04-15,2024-04-19,20586.53,20623.77,19291.88,19527.12,5,False,True,Yahoo Finance ^TWII
2024-04-26,2024-04-22,2024-04-28,2024-04-22,2024-04-26,19466.44,20226.29,19395.31,20120.51,5,False,True,Yahoo Finance ^TWII
2024-05-03,2024-04-29,2024-05-05,2024-04-29,2024-05-03,20235.93,20559.97,20222.44,20330.32,4,False,True,Yahoo Finance ^TWII
2024-05-10,2024-05-06,2024-05-12,2024-05-06,2024-05-10,20479.80,20765.82,20479.80,20708.84,5,False,True,Yahoo Finance ^TWII
2024-05-17,2024-05-13,2024-05-19,2024-05-13,2024-05-17,20905.16,21515.52,20816.42,21258.47,5,False,True,Yahoo Finance ^TWII
2024-05-24,2024-05-20,2024-05-26,2024-05-20,2024-05-24,21278.38,21668.84,21102.18,21565.34,5,False,True,Yahoo Finance ^TWII
2024-05-31,2024-05-27,2024-06-02,2024-05-27,2024-05-31,21699.98,21937.40,21174.22,21174.22,5,False,True,Yahoo Finance ^TWII
2024-06-07,2024-06-03,2024-06-09,2024-06-03,2024-06-07,21388.71,21970.63,21264.63,21858.38,5,False,True,Yahoo Finance ^TWII
2024-06-14,2024-06-10,2024-06-16,2024-06-11,2024-06-14,21984.42,22504.72,21792.12,22504.72,4,False,True,Yahoo Finance ^TWII
2024-06-21,2024-06-17,2024-06-23,2024-06-17,2024-06-21,22468.11,23406.10,22431.26,23253.39,5,False,True,Yahoo Finance ^TWII
2024-06-28,2024-06-24,2024-06-30,2024-06-24,2024-06-28,23124.31,23142.40,22503.00,23032.25,5,False,True,Yahoo Finance ^TWII
2024-07-05,2024-07-01,2024-07-07,2024-07-01,2024-07-05,23042.70,23628.86,22833.78,23556.59,5,False,True,Yahoo Finance ^TWII
2024-07-12,2024-07-08,2024-07-14,2024-07-08,2024-07-12,23550.64,24416.67,23505.86,23916.93,5,False,True,Yahoo Finance ^TWII
2024-07-19,2024-07-15,2024-07-21,2024-07-15,2024-07-19,23927.91,24174.18,22865.84,22869.26,5,False,True,Yahoo Finance ^TWII
2024-07-26,2024-07-22,2024-07-28,2024-07-22,2024-07-26,22818.86,22871.84,21889.61,22119.21,3,False,True,Yahoo Finance ^TWII
2024-08-02,2024-07-29,2024-08-04,2024-07-29,2024-08-02,22321.37,22652.21,21636.22,21638.09,5,False,True,Yahoo Finance ^TWII
2024-08-09,2024-08-05,2024-08-11,2024-08-05,2024-08-09,20982.92,21613.76,19662.74,21469.00,5,False,True,Yahoo Finance ^TWII
2024-08-16,2024-08-12,2024-08-18,2024-08-12,2024-08-16,21598.93,22374.94,21598.93,22349.33,5,False,True,Yahoo Finance ^TWII
2024-08-23,2024-08-19,2024-08-25,2024-08-19,2024-08-23,22338.83,22545.89,21935.98,22158.05,5,False,True,Yahoo Finance ^TWII
2024-08-30,2024-08-26,2024-09-01,2024-08-26,2024-08-30,22250.49,22449.45,22010.89,22268.09,5,False,True,Yahoo Finance ^TWII
2024-09-06,2024-09-02,2024-09-08,2024-09-02,2024-09-06,22341.90,22439.31,20922.17,21435.19,5,False,True,Yahoo Finance ^TWII
2024-09-13,2024-09-09,2024-09-15,2024-09-09,2024-09-13,21127.81,21796.39,20922.51,21759.65,5,False,True,Yahoo Finance ^TWII
2024-09-20,2024-09-16,2024-09-22,2024-09-16,2024-09-20,21800.00,22354.54,21584.63,22159.42,4,False,True,Yahoo Finance ^TWII
2024-09-27,2024-09-23,2024-09-29,2024-09-23,2024-09-27,22170.94,23079.21,22154.55,22822.79,5,False,True,Yahoo Finance ^TWII
2024-10-04,2024-09-30,2024-10-06,2024-09-30,2024-10-04,22643.91,22691.23,22193.50,22302.71,3,False,True,Yahoo Finance ^TWII
2024-10-11,2024-10-07,2024-10-13,2024-10-07,2024-10-11,22479.24,23011.11,22418.38,22901.64,4,False,True,Yahoo Finance ^TWII
2024-10-18,2024-10-14,2024-10-20,2024-10-14,2024-10-18,22947.32,23713.70,22799.14,23487.27,5,False,True,Yahoo Finance ^TWII
2024-10-25,2024-10-21,2024-10-27,2024-10-21,2024-10-25,23602.98,23678.51,23150.77,23348.45,5,False,True,Yahoo Finance ^TWII
2024-11-01,2024-10-28,2024-11-03,2024-10-28,2024-11-01,23455.69,23547.12,22231.94,22780.08,4,False,True,Yahoo Finance ^TWII
2024-11-08,2024-11-04,2024-11-10,2024-11-04,2024-11-08,22839.18,23699.70,22792.77,23553.89,5,False,True,Yahoo Finance ^TWII
2024-11-15,2024-11-11,2024-11-17,2024-11-11,2024-11-15,23477.75,23563.80,22619.71,22742.77,5,False,True,Yahoo Finance ^TWII
2024-11-22,2024-11-18,2024-11-24,2024-11-18,2024-11-22,22693.96,23019.04,22490.28,22904.32,5,False,True,Yahoo Finance ^TWII
2024-11-29,2024-11-25,2024-12-01,2024-11-25,2024-11-29,22996.05,23172.43,22055.38,22262.50,5,False,True,Yahoo Finance ^TWII
2024-12-06,2024-12-02,2024-12-08,2024-12-02,2024-12-06,22456.50,23387.17,22456.50,23193.27,5,False,True,Yahoo Finance ^TWII
2024-12-13,2024-12-09,2024-12-15,2024-12-09,2024-12-13,23287.79,23329.01,22880.57,23020.48,5,False,True,Yahoo Finance ^TWII
2024-12-20,2024-12-16,2024-12-22,2024-12-16,2024-12-20,23207.21,23264.40,22510.25,22510.25,5,False,True,Yahoo Finance ^TWII
2024-12-27,2024-12-23,2024-12-29,2024-12-23,2024-12-27,22811.56,23335.66,22811.56,23275.68,5,False,True,Yahoo Finance ^TWII
2025-01-03,2024-12-30,2025-01-05,2024-12-30,2025-01-03,23274.26,23331.67,22713.63,22908.30,4,False,True,Yahoo Finance ^TWII
2025-01-10,2025-01-06,2025-01-12,2025-01-06,2025-01-10,23131.79,23943.95,22989.67,23011.86,5,False,True,Yahoo Finance ^TWII
2025-01-17,2025-01-13,2025-01-19,2025-01-13,2025-01-17,23070.32,23209.88,22458.22,23148.08,5,False,True,Yahoo Finance ^TWII
2025-01-22,2025-01-20,2025-01-26,2025-01-20,2025-01-22,23203.47,23642.08,23174.02,23525.41,3,False,True,Yahoo Finance ^TWII
2025-02-07,2025-02-03,2025-02-09,2025-02-03,2025-02-07,22796.71,23478.27,22502.20,23478.27,5,False,True,Yahoo Finance ^TWII
2025-02-14,2025-02-10,2025-02-16,2025-02-10,2025-02-14,23421.77,23528.61,23142.95,23152.61,5,False,True,Yahoo Finance ^TWII
2025-02-21,2025-02-17,2025-02-23,2025-02-17,2025-02-21,23258.17,23732.58,23242.84,23730.25,5,False,True,Yahoo Finance ^TWII
2025-02-27,2025-02-24,2025-03-02,2025-02-24,2025-02-27,23573.80,23605.22,23053.18,23053.18,4,False,True,Yahoo Finance ^TWII
2025-03-07,2025-03-03,2025-03-09,2025-03-03,2025-03-07,22734.05,22979.97,22359.50,22576.07,5,False,True,Yahoo Finance ^TWII
2025-03-14,2025-03-10,2025-03-16,2025-03-10,2025-03-14,22548.98,22641.25,21769.57,21968.05,5,False,True,Yahoo Finance ^TWII
2025-03-21,2025-03-17,2025-03-23,2025-03-17,2025-03-21,22137.53,22377.26,21942.69,22209.10,5,False,True,Yahoo Finance ^TWII
2025-03-28,2025-03-24,2025-03-30,2025-03-24,2025-03-28,22348.38,22414.02,21525.05,21602.89,5,False,True,Yahoo Finance ^TWII
2025-04-02,2025-03-31,2025-04-06,2025-03-31,2025-04-02,21254.63,21390.52,20695.90,21298.22,3,False,True,Yahoo Finance ^TWII
2025-04-11,2025-04-07,2025-04-13,2025-04-07,2025-04-11,20153.57,20153.57,17306.97,19528.77,5,False,True,Yahoo Finance ^TWII
2025-04-18,2025-04-14,2025-04-20,2025-04-14,2025-04-18,19686.68,20023.63,19196.47,19395.03,5,False,True,Yahoo Finance ^TWII
2025-04-25,2025-04-21,2025-04-27,2025-04-21,2025-04-25,19321.14,20012.27,18793.43,19872.73,5,False,True,Yahoo Finance ^TWII
2025-05-02,2025-04-28,2025-05-04,2025-04-28,2025-05-02,19972.07,20787.64,19972.07,20787.64,4,False,True,Yahoo Finance ^TWII
2025-05-09,2025-05-05,2025-05-11,2025-05-05,2025-05-09,20839.04,20915.04,20320.80,20915.04,5,False,True,Yahoo Finance ^TWII
2025-05-16,2025-05-12,2025-05-18,2025-05-12,2025-05-16,20996.95,21854.50,20996.95,21843.69,5,False,True,Yahoo Finance ^TWII
2025-05-23,2025-05-19,2025-05-25,2025-05-19,2025-05-23,21786.33,21879.24,21496.69,21652.24,5,False,True,Yahoo Finance ^TWII
2025-05-29,2025-05-26,2025-06-01,2025-05-26,2025-05-29,21577.64,21688.45,21305.73,21347.30,4,False,True,Yahoo Finance ^TWII
2025-06-06,2025-06-02,2025-06-08,2025-06-02,2025-06-06,21253.97,21738.93,20940.98,21660.66,5,False,True,Yahoo Finance ^TWII
2025-06-13,2025-06-09,2025-06-15,2025-06-09,2025-06-13,21773.45,22470.10,21717.52,22072.95,5,False,True,Yahoo Finance ^TWII
2025-06-20,2025-06-16,2025-06-22,2025-06-16,2025-06-20,22058.57,22370.25,21779.55,22045.74,5,False,True,Yahoo Finance ^TWII
2025-06-27,2025-06-23,2025-06-29,2025-06-23,2025-06-27,21750.70,22587.67,21551.58,22580.08,5,False,True,Yahoo Finance ^TWII
2025-07-04,2025-06-30,2025-07-06,2025-06-30,2025-07-04,22508.33,22842.75,22256.02,22547.50,5,False,True,Yahoo Finance ^TWII
2025-07-11,2025-07-07,2025-07-13,2025-07-07,2025-07-11,22550.14,22770.01,22190.46,22751.03,5,False,True,Yahoo Finance ^TWII
2025-07-18,2025-07-14,2025-07-20,2025-07-14,2025-07-18,22679.18,23468.21,22525.66,23383.13,5,False,True,Yahoo Finance ^TWII
2025-07-25,2025-07-21,2025-07-27,2025-07-21,2025-07-25,23314.29,23486.08,22985.90,23364.38,5,False,True,Yahoo Finance ^TWII
2025-08-01,2025-07-28,2025-08-03,2025-07-28,2025-08-01,23477.10,23631.11,23094.67,23434.38,5,False,True,Yahoo Finance ^TWII
2025-08-08,2025-08-04,2025-08-10,2025-08-04,2025-08-08,23260.18,24131.46,23151.65,24021.26,5,False,True,Yahoo Finance ^TWII
2025-08-15,2025-08-11,2025-08-17,2025-08-11,2025-08-15,23980.39,24406.94,23887.25,24334.48,5,False,True,Yahoo Finance ^TWII
2025-08-22,2025-08-18,2025-08-24,2025-08-18,2025-08-22,24272.55,24551.42,23620.24,23764.47,5,False,True,Yahoo Finance ^TWII
2025-08-29,2025-08-25,2025-08-31,2025-08-25,2025-08-29,24108.81,24570.15,24108.75,24233.10,5,False,True,Yahoo Finance ^TWII
2025-09-05,2025-09-01,2025-09-07,2025-09-01,2025-09-05,24143.37,24494.58,23885.41,24494.58,5,False,True,Yahoo Finance ^TWII
2025-09-12,2025-09-08,2025-09-14,2025-09-08,2025-09-12,24610.85,25541.44,24547.38,25474.64,5,False,True,Yahoo Finance ^TWII
2025-09-19,2025-09-15,2025-09-21,2025-09-15,2025-09-19,25494.10,25864.01,25284.17,25578.37,5,False,True,Yahoo Finance ^TWII
2025-09-26,2025-09-22,2025-09-28,2025-09-22,2025-09-26,25599.60,26394.03,25469.04,25580.32,5,False,True,Yahoo Finance ^TWII
2025-10-03,2025-09-29,2025-10-05,2025-09-30,2025-10-03,25738.31,26761.06,25738.31,26761.06,4,False,True,Yahoo Finance ^TWII
2025-10-09,2025-10-06,2025-10-12,2025-10-07,2025-10-09,27029.28,27463.12,26883.99,27301.92,3,False,True,Yahoo Finance ^TWII
2025-10-17,2025-10-13,2025-10-19,2025-10-13,2025-10-17,26762.60,27732.78,26470.44,27302.37,5,False,True,Yahoo Finance ^TWII
2025-10-23,2025-10-20,2025-10-26,2025-10-20,2025-10-23,27480.44,27969.05,27371.67,27532.26,4,False,True,Yahoo Finance ^TWII
2025-10-31,2025-10-27,2025-11-02,2025-10-27,2025-10-31,28029.88,28527.68,27885.62,28233.35,5,False,True,Yahoo Finance ^TWII
2025-11-07,2025-11-03,2025-11-09,2025-11-03,2025-11-07,28253.53,28554.61,27373.05,27651.41,5,False,True,Yahoo Finance ^TWII
2025-11-14,2025-11-10,2025-11-16,2025-11-10,2025-11-14,27805.47,28187.70,27383.34,27397.50,5,False,True,Yahoo Finance ^TWII
2025-11-21,2025-11-17,2025-11-23,2025-11-17,2025-11-21,27600.74,27723.77,26395.98,26434.94,5,False,True,Yahoo Finance ^TWII
2025-11-28,2025-11-24,2025-11-30,2025-11-24,2025-11-28,26596.03,27796.90,26482.33,27626.48,5,False,True,Yahoo Finance ^TWII
2025-12-05,2025-12-01,2025-12-07,2025-12-01,2025-12-05,27674.16,27980.89,27342.53,27980.89,5,False,True,Yahoo Finance ^TWII
2025-12-12,2025-12-08,2025-12-14,2025-12-08,2025-12-12,28034.00,28568.02,27984.19,28198.02,5,False,True,Yahoo Finance ^TWII
2025-12-19,2025-12-15,2025-12-21,2025-12-15,2025-12-19,28119.79,28119.79,27350.77,27696.35,5,False,True,Yahoo Finance ^TWII
2025-12-26,2025-12-22,2025-12-28,2025-12-22,2025-12-26,27986.66,28590.91,27986.66,28556.02,4,False,True,Yahoo Finance ^TWII
2026-01-02,2025-12-29,2026-01-04,2025-12-29,2026-01-02,28662.79,29363.43,28553.64,29349.81,4,False,True,Yahoo Finance ^TWII
2026-01-09,2026-01-05,2026-01-11,2026-01-05,2026-01-09,29779.70,30593.49,29779.70,30288.96,5,False,True,Yahoo Finance ^TWII
2026-01-16,2026-01-12,2026-01-18,2026-01-12,2026-01-16,30472.70,31475.22,30472.70,31408.70,5,False,True,Yahoo Finance ^TWII
2026-01-23,2026-01-19,2026-01-25,2026-01-19,2026-01-23,31336.77,32042.44,31200.76,31961.51,5,False,True,Yahoo Finance ^TWII
2026-01-30,2026-01-26,2026-02-01,2026-01-26,2026-01-30,32002.56,32996.03,31989.86,32063.75,5,False,True,Yahoo Finance ^TWII
2026-02-06,2026-02-02,2026-02-08,2026-02-02,2026-02-06,32008.46,32380.00,31164.28,31782.92,5,False,True,Yahoo Finance ^TWII
2026-02-11,2026-02-09,2026-02-15,2026-02-09,2026-02-11,31956.21,33707.83,31956.21,33605.71,3,False,True,Yahoo Finance ^TWII
2026-02-26,2026-02-23,2026-03-01,2026-02-23,2026-02-26,33663.02,35579.34,33663.02,35414.49,4,False,True,Yahoo Finance ^TWII
2026-03-06,2026-03-02,2026-03-08,2026-03-02,2026-03-06,35277.48,35345.72,32828.88,33599.54,5,False,True,Yahoo Finance ^TWII
2026-03-13,2026-03-09,2026-03-15,2026-03-09,2026-03-13,32354.61,34218.66,31529.36,33400.32,5,False,True,Yahoo Finance ^TWII
2026-03-20,2026-03-16,2026-03-22,2026-03-16,2026-03-20,33541.25,34423.66,33278.06,33543.88,5,False,True,Yahoo Finance ^TWII
2026-03-27,2026-03-23,2026-03-29,2026-03-23,2026-03-27,33334.00,33892.56,32434.54,33112.59,5,False,True,Yahoo Finance ^TWII
2026-04-02,2026-03-30,2026-04-05,2026-03-30,2026-04-02,33009.68,33497.58,31705.99,32572.43,4,False,True,Yahoo Finance ^TWII
2026-04-10,2026-04-06,2026-04-12,2026-04-07,2026-04-10,32671.52,35417.83,32671.52,35417.83,4,False,True,Yahoo Finance ^TWII
2026-04-17,2026-04-13,2026-04-19,2026-04-13,2026-04-17,35422.91,37145.66,35261.73,36804.34,5,False,True,Yahoo Finance ^TWII
2026-04-24,2026-04-20,2026-04-26,2026-04-20,2026-04-24,36850.24,38989.94,36850.24,38932.40,5,False,True,Yahoo Finance ^TWII
2026-04-30,2026-04-27,2026-05-03,2026-04-27,2026-04-30,39858.19,40194.92,38896.30,38926.63,4,False,True,Yahoo Finance ^TWII
2026-05-08,2026-05-04,2026-05-10,2026-05-04,2026-05-08,39228.39,42156.06,39228.39,41603.94,5,False,True,Yahoo Finance ^TWII
2026-05-15,2026-05-11,2026-05-17,2026-05-11,2026-05-15,41714.00,42408.66,41014.53,41172.36,5,False,True,Yahoo Finance ^TWII
2026-05-22,2026-05-18,2026-05-24,2026-05-18,2026-05-22,41095.82,42357.60,39967.08,42267.97,5,False,True,Yahoo Finance ^TWII
2026-05-29,2026-05-25,2026-05-31,2026-05-25,2026-05-29,42667.87,44954.09,42667.87,44732.94,5,False,True,Yahoo Finance ^TWII
2026-06-05,2026-06-01,2026-06-07,2026-06-01,2026-06-05,44872.82,46552.16,44209.53,45070.94,5,False,True,Yahoo Finance ^TWII
2026-06-12,2026-06-08,2026-06-14,2026-06-08,2026-06-12,44507.49,44821.71,42006.39,44169.04,5,False,True,Yahoo Finance ^TWII
2026-06-18,2026-06-15,2026-06-21,2026-06-15,2026-06-18,44447.87,46565.70,44447.87,46465.20,4,False,True,Yahoo Finance ^TWII
2026-06-26,2026-06-22,2026-06-28,2026-06-22,2026-06-26,46679.57,48218.87,44454.22,44571.76,5,False,True,Yahoo Finance ^TWII
2026-07-03,2026-06-29,2026-07-05,2026-06-29,2026-07-03,44594.81,47293.10,44594.81,46780.62,5,False,True,Yahoo Finance ^TWII
2026-07-09,2026-07-06,2026-07-12,2026-07-06,2026-07-09,46897.18,47395.30,45036.64,45354.61,4,False,True,Yahoo Finance ^TWII
2026-07-17,2026-07-13,2026-07-19,2026-07-13,2026-07-17,45500.32,46330.91,42671.27,42671.27,5,False,True,Yahoo Finance ^TWII
2026-07-24,2026-07-20,2026-07-26,2026-07-20,2026-07-24,42793.15,45323.75,41967.75,43654.84,5,False,True,Yahoo Finance ^TWII
2026-07-31,2026-07-27,2026-08-02,2026-07-27,2026-07-31,43585.92,43686.15,39384.85,43119.75,5,False,True,Yahoo Finance ^TWII
2026-08-07,2026-08-03,2026-08-09,2026-08-03,2026-08-07,42780.42,44980.31,42780.42,44225.91,5,False,True,Yahoo Finance ^TWII
2026-08-14,2026-08-10,2026-08-16,2026-08-10,2026-08-14,44540.71,46402.60,44540.71,45811.01,5,False,True,Yahoo Finance ^TWII
2026-08-21,2026-08-17,2026-08-23,2026-08-17,2026-08-21,45841.17,46189.30,44308.71,45224.29,5,False,True,Yahoo Finance ^TWII
2026-08-28,2026-08-24,2026-08-30,2026-08-24,2026-08-28,45240.30,46574.52,44210.31,46331.45,5,False,True,Yahoo Finance ^TWII
2026-09-04,2026-08-31,2026-09-06,2026-08-31,2026-09-04,46224.69,46948.72,45450.21,46551.13,5,False,True,TWSE + Yahoo Finance ^TWII
2026-09-07,2026-09-07,2026-09-13,2026-09-07,2026-09-07,46724.00,47429.58,46724.00,47326.27,1,True,True,TWSE
