date,period_start,period_end,first_trade_date,last_trade_date,open,high,low,close,trading_days,is_partial,partial_reason,has_ohlc,source,history_kind
1927-12-30,1927-12-26,1928-01-01,1927-12-30,1927-12-30,,,,17.66,1,True,來源起點不足整期,False,Yahoo Finance ^GSPC,供應商期初值
1928-01-06,1928-01-02,1928-01-08,1928-01-03,1928-01-06,,,,17.66,4,False,,False,Yahoo Finance ^GSPC,推出前回溯
1928-01-13,1928-01-09,1928-01-15,1928-01-09,1928-01-13,,,,17.58,5,False,,False,Yahoo Finance ^GSPC,推出前回溯
1928-01-20,1928-01-16,1928-01-22,1928-01-16,1928-01-20,,,,17.48,5,False,,False,Yahoo Finance ^GSPC,推出前回溯
1928-01-27,1928-01-23,1928-01-29,1928-01-23,1928-01-27,,,,17.69,5,False,,False,Yahoo Finance ^GSPC,推出前回溯
1928-02-03,1928-01-30,1928-02-05,1928-01-30,1928-02-03,,,,17.40,5,False,,False,Yahoo Finance ^GSPC,推出前回溯
1928-02-10,1928-02-06,1928-02-12,1928-02-06,1928-02-10,,,,17.54,5,False,,False,Yahoo Finance ^GSPC,推出前回溯
1928-02-17,1928-02-13,1928-02-19,1928-02-14,1928-02-17,,,,17.04,4,False,,False,Yahoo Finance ^GSPC,推出前回溯
1928-02-24,1928-02-20,1928-02-26,1928-02-20,1928-02-24,,,,17.18,4,False,,False,Yahoo Finance ^GSPC,推出前回溯
1928-03-02,1928-02-27,1928-03-04,1928-02-27,1928-03-02,,,,17.30,5,False,,False,Yahoo Finance ^GSPC,推出前回溯
1928-03-09,1928-03-05,1928-03-11,1928-03-05,1928-03-09,,,,17.93,5,False,,False,Yahoo Finance ^GSPC,推出前回溯
1928-03-16,1928-03-12,1928-03-18,1928-03-12,1928-03-16,,,,18.26,5,False,,False,Yahoo Finance ^GSPC,推出前回溯
1928-03-23,1928-03-19,1928-03-25,1928-03-19,1928-03-23,,,,18.78,5,False,,False,Yahoo Finance ^GSPC,推出前回溯
1928-03-30,1928-03-26,1928-04-01,1928-03-26,1928-03-30,,,,19.28,5,False,,False,Yahoo Finance ^GSPC,推出前回溯
1928-04-05,1928-04-02,1928-04-08,1928-04-02,1928-04-05,,,,19.23,4,False,,False,Yahoo Finance ^GSPC,推出前回溯
1928-04-13,1928-04-09,1928-04-15,1928-04-09,1928-04-13,,,,19.73,5,False,,False,Yahoo Finance ^GSPC,推出前回溯
1928-04-20,1928-04-16,1928-04-22,1928-04-16,1928-04-20,,,,19.34,5,False,,False,Yahoo Finance ^GSPC,推出前回溯
1928-04-27,1928-04-23,1928-04-29,1928-04-23,1928-04-27,,,,19.68,5,False,,False,Yahoo Finance ^GSPC,推出前回溯
1928-05-04,1928-04-30,1928-05-06,1928-04-30,1928-05-04,,,,20.24,5,False,,False,Yahoo Finance ^GSPC,推出前回溯
1928-05-11,1928-05-07,1928-05-13,1928-05-07,1928-05-11,,,,20.36,5,False,,False,Yahoo Finance ^GSPC,推出前回溯
1928-05-18,1928-05-14,1928-05-20,1928-05-14,1928-05-18,,,,19.92,5,False,,False,Yahoo Finance ^GSPC,推出前回溯
1928-05-25,1928-05-21,1928-05-27,1928-05-21,1928-05-25,,,,19.90,5,False,,False,Yahoo Finance ^GSPC,推出前回溯
1928-06-01,1928-05-28,1928-06-03,1928-05-28,1928-06-01,,,,20.07,4,False,,False,Yahoo Finance ^GSPC,推出前回溯
1928-06-08,1928-06-04,1928-06-10,1928-06-04,1928-06-08,,,,19.37,5,False,,False,Yahoo Finance ^GSPC,推出前回溯
1928-06-15,1928-06-11,1928-06-17,1928-06-11,1928-06-15,,,,18.74,5,False,,False,Yahoo Finance ^GSPC,推出前回溯
1928-06-22,1928-06-18,1928-06-24,1928-06-18,1928-06-22,,,,18.54,5,False,,False,Yahoo Finance ^GSPC,推出前回溯
1928-06-29,1928-06-25,1928-07-01,1928-06-25,1928-06-29,,,,19.14,5,False,,False,Yahoo Finance ^GSPC,推出前回溯
1928-07-06,1928-07-02,1928-07-08,1928-07-02,1928-07-06,,,,19.39,4,False,,False,Yahoo Finance ^GSPC,推出前回溯
1928-07-13,1928-07-09,1928-07-15,1928-07-09,1928-07-13,,,,18.96,5,False,,False,Yahoo Finance ^GSPC,推出前回溯
1928-07-20,1928-07-16,1928-07-22,1928-07-16,1928-07-20,,,,19.03,5,False,,False,Yahoo Finance ^GSPC,推出前回溯
1928-07-27,1928-07-23,1928-07-29,1928-07-23,1928-07-27,,,,19.42,5,False,,False,Yahoo Finance ^GSPC,推出前回溯
1928-08-03,1928-07-30,1928-08-05,1928-07-30,1928-08-03,,,,19.36,5,False,,False,Yahoo Finance ^GSPC,推出前回溯
1928-08-10,1928-08-06,1928-08-12,1928-08-06,1928-08-10,,,,19.25,5,False,,False,Yahoo Finance ^GSPC,推出前回溯
1928-08-17,1928-08-13,1928-08-19,1928-08-13,1928-08-17,,,,19.64,5,False,,False,Yahoo Finance ^GSPC,推出前回溯
1928-08-24,1928-08-20,1928-08-26,1928-08-20,1928-08-24,,,,20.34,5,False,,False,Yahoo Finance ^GSPC,推出前回溯
1928-08-31,1928-08-27,1928-09-02,1928-08-27,1928-08-31,,,,20.87,5,False,,False,Yahoo Finance ^GSPC,推出前回溯
1928-09-07,1928-09-03,1928-09-09,1928-09-04,1928-09-07,,,,21.09,4,False,,False,Yahoo Finance ^GSPC,推出前回溯
1928-09-14,1928-09-10,1928-09-16,1928-09-10,1928-09-14,,,,21.14,5,False,,False,Yahoo Finance ^GSPC,推出前回溯
1928-09-21,1928-09-17,1928-09-23,1928-09-17,1928-09-21,,,,21.36,5,False,,False,Yahoo Finance ^GSPC,推出前回溯
1928-09-28,1928-09-24,1928-09-30,1928-09-24,1928-09-28,,,,21.14,5,False,,False,Yahoo Finance ^GSPC,推出前回溯
1928-10-05,1928-10-01,1928-10-07,1928-10-01,1928-10-05,,,,21.22,5,False,,False,Yahoo Finance ^GSPC,推出前回溯
1928-10-11,1928-10-08,1928-10-14,1928-10-08,1928-10-11,,,,21.51,4,False,,False,Yahoo Finance ^GSPC,推出前回溯
1928-10-19,1928-10-15,1928-10-21,1928-10-15,1928-10-19,,,,21.96,5,False,,False,Yahoo Finance ^GSPC,推出前回溯
1928-10-26,1928-10-22,1928-10-28,1928-10-22,1928-10-26,,,,21.65,5,False,,False,Yahoo Finance ^GSPC,推出前回溯
1928-11-02,1928-10-29,1928-11-04,1928-10-29,1928-11-02,,,,21.95,5,False,,False,Yahoo Finance ^GSPC,推出前回溯
1928-11-09,1928-11-05,1928-11-11,1928-11-05,1928-11-09,,,,22.55,4,False,,False,Yahoo Finance ^GSPC,推出前回溯
1928-11-16,1928-11-12,1928-11-18,1928-11-12,1928-11-16,,,,23.37,5,False,,False,Yahoo Finance ^GSPC,推出前回溯
1928-11-23,1928-11-19,1928-11-25,1928-11-19,1928-11-23,,,,23.70,5,False,,False,Yahoo Finance ^GSPC,推出前回溯
1928-11-30,1928-11-26,1928-12-02,1928-11-26,1928-11-30,,,,24.28,4,False,,False,Yahoo Finance ^GSPC,推出前回溯
1928-12-07,1928-12-03,1928-12-09,1928-12-03,1928-12-07,,,,22.36,5,False,,False,Yahoo Finance ^GSPC,推出前回溯
1928-12-14,1928-12-10,1928-12-16,1928-12-10,1928-12-14,,,,22.53,5,False,,False,Yahoo Finance ^GSPC,推出前回溯
1928-12-21,1928-12-17,1928-12-23,1928-12-17,1928-12-21,,,,23.33,5,False,,False,Yahoo Finance ^GSPC,推出前回溯
1928-12-28,1928-12-24,1928-12-30,1928-12-24,1928-12-28,,,,23.98,4,False,,False,Yahoo Finance ^GSPC,推出前回溯
1929-01-04,1928-12-31,1929-01-06,1928-12-31,1929-01-04,,,,24.85,4,False,,False,Yahoo Finance ^GSPC,推出前回溯
1929-01-11,1929-01-07,1929-01-13,1929-01-07,1929-01-11,,,,24.54,5,False,,False,Yahoo Finance ^GSPC,推出前回溯
1929-01-18,1929-01-14,1929-01-20,1929-01-14,1929-01-18,,,,24.77,5,False,,False,Yahoo Finance ^GSPC,推出前回溯
1929-01-25,1929-01-21,1929-01-27,1929-01-21,1929-01-25,,,,25.48,5,False,,False,Yahoo Finance ^GSPC,推出前回溯
1929-02-01,1929-01-28,1929-02-03,1929-01-28,1929-02-01,,,,25.84,5,False,,False,Yahoo Finance ^GSPC,推出前回溯
1929-02-08,1929-02-04,1929-02-10,1929-02-04,1929-02-08,,,,24.44,5,False,,False,Yahoo Finance ^GSPC,推出前回溯
1929-02-15,1929-02-11,1929-02-17,1929-02-11,1929-02-15,,,,24.35,4,False,,False,Yahoo Finance ^GSPC,推出前回溯
1929-02-21,1929-02-18,1929-02-24,1929-02-18,1929-02-21,,,,24.86,4,False,,False,Yahoo Finance ^GSPC,推出前回溯
1929-03-01,1929-02-25,1929-03-03,1929-02-25,1929-03-01,,,,25.83,5,False,,False,Yahoo Finance ^GSPC,推出前回溯
1929-03-08,1929-03-04,1929-03-10,1929-03-04,1929-03-08,,,,25.31,5,False,,False,Yahoo Finance ^GSPC,推出前回溯
1929-03-15,1929-03-11,1929-03-17,1929-03-11,1929-03-15,,,,26.08,5,False,,False,Yahoo Finance ^GSPC,推出前回溯
1929-03-22,1929-03-18,1929-03-24,1929-03-18,1929-03-22,,,,25.55,5,False,,False,Yahoo Finance ^GSPC,推出前回溯
1929-03-28,1929-03-25,1929-03-31,1929-03-25,1929-03-28,,,,25.53,4,False,,False,Yahoo Finance ^GSPC,推出前回溯
1929-04-05,1929-04-01,1929-04-07,1929-04-01,1929-04-05,,,,25.05,5,False,,False,Yahoo Finance ^GSPC,推出前回溯
1929-04-12,1929-04-08,1929-04-14,1929-04-08,1929-04-12,,,,25.15,5,False,,False,Yahoo Finance ^GSPC,推出前回溯
1929-04-19,1929-04-15,1929-04-21,1929-04-15,1929-04-19,,,,25.41,5,False,,False,Yahoo Finance ^GSPC,推出前回溯
1929-04-26,1929-04-22,1929-04-28,1929-04-22,1929-04-26,,,,25.58,5,False,,False,Yahoo Finance ^GSPC,推出前回溯
1929-05-03,1929-04-29,1929-05-05,1929-04-29,1929-05-03,,,,26.37,5,False,,False,Yahoo Finance ^GSPC,推出前回溯
1929-05-10,1929-05-06,1929-05-12,1929-05-06,1929-05-10,,,,26.34,5,False,,False,Yahoo Finance ^GSPC,推出前回溯
1929-05-17,1929-05-13,1929-05-19,1929-05-13,1929-05-17,,,,26.09,5,False,,False,Yahoo Finance ^GSPC,推出前回溯
1929-05-24,1929-05-20,1929-05-26,1929-05-20,1929-05-24,,,,25.12,5,False,,False,Yahoo Finance ^GSPC,推出前回溯
1929-05-31,1929-05-27,1929-06-02,1929-05-27,1929-05-31,,,,24.83,4,False,,False,Yahoo Finance ^GSPC,推出前回溯
1929-06-07,1929-06-03,1929-06-09,1929-06-03,1929-06-07,,,,25.53,5,False,,False,Yahoo Finance ^GSPC,推出前回溯
1929-06-14,1929-06-10,1929-06-16,1929-06-10,1929-06-14,,,,25.93,5,False,,False,Yahoo Finance ^GSPC,推出前回溯
1929-06-21,1929-06-17,1929-06-23,1929-06-17,1929-06-21,,,,26.62,5,False,,False,Yahoo Finance ^GSPC,推出前回溯
1929-06-28,1929-06-24,1929-06-30,1929-06-24,1929-06-28,,,,27.41,5,False,,False,Yahoo Finance ^GSPC,推出前回溯
1929-07-05,1929-07-01,1929-07-07,1929-07-01,1929-07-05,,,,28.32,4,False,,False,Yahoo Finance ^GSPC,推出前回溯
1929-07-12,1929-07-08,1929-07-14,1929-07-08,1929-07-12,,,,28.57,5,False,,False,Yahoo Finance ^GSPC,推出前回溯
1929-07-19,1929-07-15,1929-07-21,1929-07-15,1929-07-19,,,,28.76,5,False,,False,Yahoo Finance ^GSPC,推出前回溯
1929-07-26,1929-07-22,1929-07-28,1929-07-22,1929-07-26,,,,28.66,5,False,,False,Yahoo Finance ^GSPC,推出前回溯
1929-08-02,1929-07-29,1929-08-04,1929-07-29,1929-08-02,,,,29.56,5,False,,False,Yahoo Finance ^GSPC,推出前回溯
1929-08-09,1929-08-05,1929-08-11,1929-08-05,1929-08-09,,,,28.38,5,False,,False,Yahoo Finance ^GSPC,推出前回溯
1929-08-16,1929-08-12,1929-08-18,1929-08-12,1929-08-16,,,,30.22,5,False,,False,Yahoo Finance ^GSPC,推出前回溯
1929-08-23,1929-08-19,1929-08-25,1929-08-19,1929-08-23,,,,31.09,5,False,,False,Yahoo Finance ^GSPC,推出前回溯
1929-08-30,1929-08-26,1929-09-01,1929-08-26,1929-08-30,,,,31.71,5,False,,False,Yahoo Finance ^GSPC,推出前回溯
1929-09-06,1929-09-02,1929-09-08,1929-09-03,1929-09-06,,,,31.83,4,False,,False,Yahoo Finance ^GSPC,推出前回溯
1929-09-13,1929-09-09,1929-09-15,1929-09-09,1929-09-13,,,,31.38,5,False,,False,Yahoo Finance ^GSPC,推出前回溯
1929-09-20,1929-09-16,1929-09-22,1929-09-16,1929-09-20,,,,31.39,5,False,,False,Yahoo Finance ^GSPC,推出前回溯
1929-09-27,1929-09-23,1929-09-29,1929-09-23,1929-09-27,,,,30.27,5,False,,False,Yahoo Finance ^GSPC,推出前回溯
1929-10-04,1929-09-30,1929-10-06,1929-09-30,1929-10-04,,,,28.65,5,False,,False,Yahoo Finance ^GSPC,推出前回溯
1929-10-11,1929-10-07,1929-10-13,1929-10-07,1929-10-11,,,,30.76,5,False,,False,Yahoo Finance ^GSPC,推出前回溯
1929-10-18,1929-10-14,1929-10-20,1929-10-14,1929-10-18,,,,28.84,5,False,,False,Yahoo Finance ^GSPC,推出前回溯
1929-10-25,1929-10-21,1929-10-27,1929-10-21,1929-10-25,,,,26.12,5,False,,False,Yahoo Finance ^GSPC,推出前回溯
1929-10-31,1929-10-28,1929-11-03,1929-10-28,1929-10-31,,,,24.15,4,False,,False,Yahoo Finance ^GSPC,推出前回溯
1929-11-08,1929-11-04,1929-11-10,1929-11-04,1929-11-08,,,,21.18,4,False,,False,Yahoo Finance ^GSPC,推出前回溯
1929-11-15,1929-11-11,1929-11-17,1929-11-11,1929-11-15,,,,20.30,5,False,,False,Yahoo Finance ^GSPC,推出前回溯
1929-11-22,1929-11-18,1929-11-24,1929-11-18,1929-11-22,,,,21.53,5,False,,False,Yahoo Finance ^GSPC,推出前回溯
1929-11-27,1929-11-25,1929-12-01,1929-11-25,1929-11-27,,,,20.92,3,False,,False,Yahoo Finance ^GSPC,推出前回溯
1929-12-06,1929-12-02,1929-12-08,1929-12-02,1929-12-06,,,,22.45,5,False,,False,Yahoo Finance ^GSPC,推出前回溯
1929-12-13,1929-12-09,1929-12-15,1929-12-09,1929-12-13,,,,21.70,5,False,,False,Yahoo Finance ^GSPC,推出前回溯
1929-12-20,1929-12-16,1929-12-22,1929-12-16,1929-12-20,,,,20.16,5,False,,False,Yahoo Finance ^GSPC,推出前回溯
1929-12-27,1929-12-23,1929-12-29,1929-12-23,1929-12-27,,,,20.82,4,False,,False,Yahoo Finance ^GSPC,推出前回溯
1930-01-03,1929-12-30,1930-01-05,1929-12-30,1930-01-03,,,,21.23,4,False,,False,Yahoo Finance ^GSPC,推出前回溯
1930-01-10,1930-01-06,1930-01-12,1930-01-06,1930-01-10,,,,21.55,5,False,,False,Yahoo Finance ^GSPC,推出前回溯
1930-01-17,1930-01-13,1930-01-19,1930-01-13,1930-01-17,,,,21.31,5,False,,False,Yahoo Finance ^GSPC,推出前回溯
1930-01-24,1930-01-20,1930-01-26,1930-01-20,1930-01-24,,,,22.04,5,False,,False,Yahoo Finance ^GSPC,推出前回溯
1930-01-31,1930-01-27,1930-02-02,1930-01-27,1930-01-31,,,,22.79,5,False,,False,Yahoo Finance ^GSPC,推出前回溯
1930-02-07,1930-02-03,1930-02-09,1930-02-03,1930-02-07,,,,22.97,5,False,,False,Yahoo Finance ^GSPC,推出前回溯
1930-02-14,1930-02-10,1930-02-16,1930-02-10,1930-02-14,,,,23.35,4,False,,False,Yahoo Finance ^GSPC,推出前回溯
1930-02-21,1930-02-17,1930-02-23,1930-02-17,1930-02-21,,,,22.92,5,False,,False,Yahoo Finance ^GSPC,推出前回溯
1930-02-28,1930-02-24,1930-03-02,1930-02-24,1930-02-28,,,,23.28,5,False,,False,Yahoo Finance ^GSPC,推出前回溯
1930-03-07,1930-03-03,1930-03-09,1930-03-03,1930-03-07,,,,23.59,5,False,,False,Yahoo Finance ^GSPC,推出前回溯
1930-03-14,1930-03-10,1930-03-16,1930-03-10,1930-03-14,,,,23.45,5,False,,False,Yahoo Finance ^GSPC,推出前回溯
1930-03-21,1930-03-17,1930-03-23,1930-03-17,1930-03-21,,,,24.29,5,False,,False,Yahoo Finance ^GSPC,推出前回溯
1930-03-28,1930-03-24,1930-03-30,1930-03-24,1930-03-28,,,,24.85,5,False,,False,Yahoo Finance ^GSPC,推出前回溯
1930-04-04,1930-03-31,1930-04-06,1930-03-31,1930-04-04,,,,25.54,5,False,,False,Yahoo Finance ^GSPC,推出前回溯
1930-04-11,1930-04-07,1930-04-13,1930-04-07,1930-04-11,,,,25.84,5,False,,False,Yahoo Finance ^GSPC,推出前回溯
1930-04-17,1930-04-14,1930-04-20,1930-04-14,1930-04-17,,,,25.75,4,False,,False,Yahoo Finance ^GSPC,推出前回溯
1930-04-25,1930-04-21,1930-04-27,1930-04-21,1930-04-25,,,,25.32,5,False,,False,Yahoo Finance ^GSPC,推出前回溯
1930-05-02,1930-04-28,1930-05-04,1930-04-28,1930-05-02,,,,23.57,5,False,,False,Yahoo Finance ^GSPC,推出前回溯
1930-05-09,1930-05-05,1930-05-11,1930-05-05,1930-05-09,,,,23.69,5,False,,False,Yahoo Finance ^GSPC,推出前回溯
1930-05-16,1930-05-12,1930-05-18,1930-05-12,1930-05-16,,,,24.28,5,False,,False,Yahoo Finance ^GSPC,推出前回溯
1930-05-23,1930-05-19,1930-05-25,1930-05-19,1930-05-23,,,,24.03,5,False,,False,Yahoo Finance ^GSPC,推出前回溯
1930-05-29,1930-05-26,1930-06-01,1930-05-26,1930-05-29,,,,24.49,4,False,,False,Yahoo Finance ^GSPC,推出前回溯
1930-06-06,1930-06-02,1930-06-08,1930-06-02,1930-06-06,,,,23.52,5,False,,False,Yahoo Finance ^GSPC,推出前回溯
1930-06-13,1930-06-09,1930-06-15,1930-06-09,1930-06-13,,,,22.26,5,False,,False,Yahoo Finance ^GSPC,推出前回溯
1930-06-20,1930-06-16,1930-06-22,1930-06-16,1930-06-20,,,,20.25,5,False,,False,Yahoo Finance ^GSPC,推出前回溯
1930-06-27,1930-06-23,1930-06-29,1930-06-23,1930-06-27,,,,19.81,5,False,,False,Yahoo Finance ^GSPC,推出前回溯
1930-07-03,1930-06-30,1930-07-06,1930-06-30,1930-07-03,,,,20.25,4,False,,False,Yahoo Finance ^GSPC,推出前回溯
1930-07-11,1930-07-07,1930-07-13,1930-07-07,1930-07-11,,,,20.55,5,False,,False,Yahoo Finance ^GSPC,推出前回溯
1930-07-18,1930-07-14,1930-07-20,1930-07-14,1930-07-18,,,,21.77,5,False,,False,Yahoo Finance ^GSPC,推出前回溯
1930-07-25,1930-07-21,1930-07-27,1930-07-21,1930-07-25,,,,21.50,5,False,,False,Yahoo Finance ^GSPC,推出前回溯
1930-08-01,1930-07-28,1930-08-03,1930-07-28,1930-08-01,,,,21.11,5,False,,False,Yahoo Finance ^GSPC,推出前回溯
1930-08-08,1930-08-04,1930-08-10,1930-08-04,1930-08-08,,,,20.27,5,False,,False,Yahoo Finance ^GSPC,推出前回溯
1930-08-15,1930-08-11,1930-08-17,1930-08-11,1930-08-15,,,,20.70,5,False,,False,Yahoo Finance ^GSPC,推出前回溯
1930-08-22,1930-08-18,1930-08-24,1930-08-18,1930-08-22,,,,20.79,5,False,,False,Yahoo Finance ^GSPC,推出前回溯
1930-08-29,1930-08-25,1930-08-31,1930-08-25,1930-08-29,,,,21.37,5,False,,False,Yahoo Finance ^GSPC,推出前回溯
1930-09-05,1930-09-01,1930-09-07,1930-09-02,1930-09-05,,,,21.34,4,False,,False,Yahoo Finance ^GSPC,推出前回溯
1930-09-12,1930-09-08,1930-09-14,1930-09-08,1930-09-12,,,,21.50,5,False,,False,Yahoo Finance ^GSPC,推出前回溯
1930-09-19,1930-09-15,1930-09-21,1930-09-15,1930-09-19,,,,20.68,5,False,,False,Yahoo Finance ^GSPC,推出前回溯
1930-09-26,1930-09-22,1930-09-28,1930-09-22,1930-09-26,,,,19.43,5,False,,False,Yahoo Finance ^GSPC,推出前回溯
1930-10-03,1930-09-29,1930-10-05,1930-09-29,1930-10-03,,,,19.42,5,False,,False,Yahoo Finance ^GSPC,推出前回溯
1930-10-10,1930-10-06,1930-10-12,1930-10-06,1930-10-10,,,,18.11,5,False,,False,Yahoo Finance ^GSPC,推出前回溯
1930-10-17,1930-10-13,1930-10-19,1930-10-14,1930-10-17,,,,17.16,4,False,,False,Yahoo Finance ^GSPC,推出前回溯
1930-10-24,1930-10-20,1930-10-26,1930-10-20,1930-10-24,,,,17.74,5,False,,False,Yahoo Finance ^GSPC,推出前回溯
1930-10-31,1930-10-27,1930-11-02,1930-10-27,1930-10-31,,,,16.94,5,False,,False,Yahoo Finance ^GSPC,推出前回溯
1930-11-07,1930-11-03,1930-11-09,1930-11-03,1930-11-07,,,,16.09,4,False,,False,Yahoo Finance ^GSPC,推出前回溯
1930-11-14,1930-11-10,1930-11-16,1930-11-10,1930-11-14,,,,16.89,5,False,,False,Yahoo Finance ^GSPC,推出前回溯
1930-11-21,1930-11-17,1930-11-23,1930-11-17,1930-11-21,,,,17.20,5,False,,False,Yahoo Finance ^GSPC,推出前回溯
1930-11-28,1930-11-24,1930-11-30,1930-11-24,1930-11-28,,,,16.38,4,False,,False,Yahoo Finance ^GSPC,推出前回溯
1930-12-05,1930-12-01,1930-12-07,1930-12-01,1930-12-05,,,,16.43,5,False,,False,Yahoo Finance ^GSPC,推出前回溯
1930-12-12,1930-12-08,1930-12-14,1930-12-08,1930-12-12,,,,15.43,5,False,,False,Yahoo Finance ^GSPC,推出前回溯
1930-12-19,1930-12-15,1930-12-21,1930-12-15,1930-12-19,,,,15.39,5,False,,False,Yahoo Finance ^GSPC,推出前回溯
1930-12-26,1930-12-22,1930-12-28,1930-12-22,1930-12-26,,,,14.85,4,False,,False,Yahoo Finance ^GSPC,推出前回溯
1931-01-02,1930-12-29,1931-01-04,1930-12-29,1931-01-02,,,,15.85,4,False,,False,Yahoo Finance ^GSPC,推出前回溯
1931-01-09,1931-01-05,1931-01-11,1931-01-05,1931-01-09,,,,16.07,5,False,,False,Yahoo Finance ^GSPC,推出前回溯
1931-01-16,1931-01-12,1931-01-18,1931-01-12,1931-01-16,,,,15.65,5,False,,False,Yahoo Finance ^GSPC,推出前回溯
1931-01-23,1931-01-19,1931-01-25,1931-01-19,1931-01-23,,,,16.42,5,False,,False,Yahoo Finance ^GSPC,推出前回溯
1931-01-30,1931-01-26,1931-02-01,1931-01-26,1931-01-30,,,,16.19,5,False,,False,Yahoo Finance ^GSPC,推出前回溯
1931-02-06,1931-02-02,1931-02-08,1931-02-02,1931-02-06,,,,16.27,5,False,,False,Yahoo Finance ^GSPC,推出前回溯
1931-02-13,1931-02-09,1931-02-15,1931-02-09,1931-02-13,,,,17.18,4,False,,False,Yahoo Finance ^GSPC,推出前回溯
1931-02-20,1931-02-16,1931-02-22,1931-02-16,1931-02-20,,,,17.71,5,False,,False,Yahoo Finance ^GSPC,推出前回溯
1931-02-27,1931-02-23,1931-03-01,1931-02-24,1931-02-27,,,,18.03,4,False,,False,Yahoo Finance ^GSPC,推出前回溯
1931-03-06,1931-03-02,1931-03-08,1931-03-02,1931-03-06,,,,17.32,5,False,,False,Yahoo Finance ^GSPC,推出前回溯
1931-03-13,1931-03-09,1931-03-15,1931-03-09,1931-03-13,,,,17.32,5,False,,False,Yahoo Finance ^GSPC,推出前回溯
1931-03-20,1931-03-16,1931-03-22,1931-03-16,1931-03-20,,,,18.06,5,False,,False,Yahoo Finance ^GSPC,推出前回溯
1931-03-27,1931-03-23,1931-03-29,1931-03-23,1931-03-27,,,,17.21,5,False,,False,Yahoo Finance ^GSPC,推出前回溯
1931-04-02,1931-03-30,1931-04-05,1931-03-30,1931-04-02,,,,16.45,4,False,,False,Yahoo Finance ^GSPC,推出前回溯
1931-04-10,1931-04-06,1931-04-12,1931-04-06,1931-04-10,,,,16.46,5,False,,False,Yahoo Finance ^GSPC,推出前回溯
1931-04-17,1931-04-13,1931-04-19,1931-04-13,1931-04-17,,,,15.73,5,False,,False,Yahoo Finance ^GSPC,推出前回溯
1931-04-24,1931-04-20,1931-04-26,1931-04-20,1931-04-24,,,,15.29,5,False,,False,Yahoo Finance ^GSPC,推出前回溯
1931-05-01,1931-04-27,1931-05-03,1931-04-27,1931-05-01,,,,14.65,5,False,,False,Yahoo Finance ^GSPC,推出前回溯
1931-05-08,1931-05-04,1931-05-10,1931-05-04,1931-05-08,,,,15.44,5,False,,False,Yahoo Finance ^GSPC,推出前回溯
1931-05-15,1931-05-11,1931-05-17,1931-05-11,1931-05-15,,,,14.44,5,False,,False,Yahoo Finance ^GSPC,推出前回溯
1931-05-22,1931-05-18,1931-05-24,1931-05-18,1931-05-22,,,,13.94,5,False,,False,Yahoo Finance ^GSPC,推出前回溯
1931-05-29,1931-05-25,1931-05-31,1931-05-25,1931-05-29,,,,13.02,5,False,,False,Yahoo Finance ^GSPC,推出前回溯
1931-06-05,1931-06-01,1931-06-07,1931-06-01,1931-06-05,,,,13.40,5,False,,False,Yahoo Finance ^GSPC,推出前回溯
1931-06-12,1931-06-08,1931-06-14,1931-06-08,1931-06-12,,,,13.75,5,False,,False,Yahoo Finance ^GSPC,推出前回溯
1931-06-19,1931-06-15,1931-06-21,1931-06-15,1931-06-19,,,,13.22,5,False,,False,Yahoo Finance ^GSPC,推出前回溯
1931-06-26,1931-06-22,1931-06-28,1931-06-22,1931-06-26,,,,15.35,5,False,,False,Yahoo Finance ^GSPC,推出前回溯
1931-07-03,1931-06-29,1931-07-05,1931-06-29,1931-07-03,,,,15.26,5,False,,False,Yahoo Finance ^GSPC,推出前回溯
1931-07-10,1931-07-06,1931-07-12,1931-07-06,1931-07-10,,,,14.63,5,False,,False,Yahoo Finance ^GSPC,推出前回溯
1931-07-17,1931-07-13,1931-07-19,1931-07-13,1931-07-17,,,,14.27,5,False,,False,Yahoo Finance ^GSPC,推出前回溯
1931-07-24,1931-07-20,1931-07-26,1931-07-20,1931-07-24,,,,13.97,5,False,,False,Yahoo Finance ^GSPC,推出前回溯
1931-07-31,1931-07-27,1931-08-02,1931-07-27,1931-07-31,,,,13.73,5,False,,False,Yahoo Finance ^GSPC,推出前回溯
1931-08-07,1931-08-03,1931-08-09,1931-08-03,1931-08-07,,,,13.61,5,False,,False,Yahoo Finance ^GSPC,推出前回溯
1931-08-14,1931-08-10,1931-08-16,1931-08-10,1931-08-14,,,,14.29,5,False,,False,Yahoo Finance ^GSPC,推出前回溯
1931-08-21,1931-08-17,1931-08-23,1931-08-17,1931-08-21,,,,13.86,5,False,,False,Yahoo Finance ^GSPC,推出前回溯
1931-08-28,1931-08-24,1931-08-30,1931-08-24,1931-08-28,,,,13.99,5,False,,False,Yahoo Finance ^GSPC,推出前回溯
1931-09-04,1931-08-31,1931-09-06,1931-08-31,1931-09-04,,,,13.29,5,False,,False,Yahoo Finance ^GSPC,推出前回溯
1931-09-11,1931-09-07,1931-09-13,1931-09-08,1931-09-11,,,,12.69,4,False,,False,Yahoo Finance ^GSPC,推出前回溯
1931-09-18,1931-09-14,1931-09-20,1931-09-14,1931-09-18,,,,11.46,5,False,,False,Yahoo Finance ^GSPC,推出前回溯
1931-09-25,1931-09-21,1931-09-27,1931-09-21,1931-09-25,,,,10.92,5,False,,False,Yahoo Finance ^GSPC,推出前回溯
1931-10-02,1931-09-28,1931-10-04,1931-09-28,1931-10-02,,,,9.70,5,False,,False,Yahoo Finance ^GSPC,推出前回溯
1931-10-09,1931-10-05,1931-10-11,1931-10-05,1931-10-09,,,,10.55,5,False,,False,Yahoo Finance ^GSPC,推出前回溯
1931-10-16,1931-10-12,1931-10-18,1931-10-13,1931-10-16,,,,10.36,4,False,,False,Yahoo Finance ^GSPC,推出前回溯
1931-10-23,1931-10-19,1931-10-25,1931-10-19,1931-10-23,,,,10.84,5,False,,False,Yahoo Finance ^GSPC,推出前回溯
1931-10-30,1931-10-26,1931-11-01,1931-10-26,1931-10-30,,,,10.43,5,False,,False,Yahoo Finance ^GSPC,推出前回溯
1931-11-06,1931-11-02,1931-11-08,1931-11-02,1931-11-06,,,,11.11,4,False,,False,Yahoo Finance ^GSPC,推出前回溯
1931-11-13,1931-11-09,1931-11-15,1931-11-09,1931-11-13,,,,10.72,5,False,,False,Yahoo Finance ^GSPC,推出前回溯
1931-11-20,1931-11-16,1931-11-22,1931-11-16,1931-11-20,,,,9.85,5,False,,False,Yahoo Finance ^GSPC,推出前回溯
1931-11-27,1931-11-23,1931-11-29,1931-11-23,1931-11-27,,,,9.31,4,False,,False,Yahoo Finance ^GSPC,推出前回溯
1931-12-04,1931-11-30,1931-12-06,1931-11-30,1931-12-04,,,,9.02,5,False,,False,Yahoo Finance ^GSPC,推出前回溯
1931-12-11,1931-12-07,1931-12-13,1931-12-07,1931-12-11,,,,8.31,5,False,,False,Yahoo Finance ^GSPC,推出前回溯
1931-12-18,1931-12-14,1931-12-20,1931-12-14,1931-12-18,,,,8.36,5,False,,False,Yahoo Finance ^GSPC,推出前回溯
1931-12-24,1931-12-21,1931-12-27,1931-12-21,1931-12-24,,,,7.96,4,False,,False,Yahoo Finance ^GSPC,推出前回溯
1931-12-31,1931-12-28,1932-01-03,1931-12-28,1931-12-31,,,,8.12,4,False,,False,Yahoo Finance ^GSPC,推出前回溯
1932-01-08,1932-01-04,1932-01-10,1932-01-04,1932-01-08,,,,8.57,5,False,,False,Yahoo Finance ^GSPC,推出前回溯
1932-01-15,1932-01-11,1932-01-17,1932-01-11,1932-01-15,,,,8.92,5,False,,False,Yahoo Finance ^GSPC,推出前回溯
1932-01-22,1932-01-18,1932-01-24,1932-01-18,1932-01-22,,,,8.21,5,False,,False,Yahoo Finance ^GSPC,推出前回溯
1932-01-29,1932-01-25,1932-01-31,1932-01-25,1932-01-29,,,,7.94,5,False,,False,Yahoo Finance ^GSPC,推出前回溯
1932-02-05,1932-02-01,1932-02-07,1932-02-01,1932-02-05,,,,7.78,5,False,,False,Yahoo Finance ^GSPC,推出前回溯
1932-02-11,1932-02-08,1932-02-14,1932-02-08,1932-02-11,,,,8.12,4,False,,False,Yahoo Finance ^GSPC,推出前回溯
1932-02-19,1932-02-15,1932-02-21,1932-02-15,1932-02-19,,,,8.72,5,False,,False,Yahoo Finance ^GSPC,推出前回溯
1932-02-26,1932-02-22,1932-02-28,1932-02-23,1932-02-26,,,,8.34,4,False,,False,Yahoo Finance ^GSPC,推出前回溯
1932-03-04,1932-02-29,1932-03-06,1932-02-29,1932-03-04,,,,8.72,5,False,,False,Yahoo Finance ^GSPC,推出前回溯
1932-03-11,1932-03-07,1932-03-13,1932-03-07,1932-03-11,,,,8.52,5,False,,False,Yahoo Finance ^GSPC,推出前回溯
1932-03-18,1932-03-14,1932-03-20,1932-03-14,1932-03-18,,,,8.02,5,False,,False,Yahoo Finance ^GSPC,推出前回溯
1932-03-24,1932-03-21,1932-03-27,1932-03-21,1932-03-24,,,,7.86,4,False,,False,Yahoo Finance ^GSPC,推出前回溯
1932-04-01,1932-03-28,1932-04-03,1932-03-28,1932-04-01,,,,7.18,5,False,,False,Yahoo Finance ^GSPC,推出前回溯
1932-04-08,1932-04-04,1932-04-10,1932-04-04,1932-04-08,,,,6.26,5,False,,False,Yahoo Finance ^GSPC,推出前回溯
1932-04-15,1932-04-11,1932-04-17,1932-04-11,1932-04-15,,,,6.42,5,False,,False,Yahoo Finance ^GSPC,推出前回溯
1932-04-22,1932-04-18,1932-04-24,1932-04-18,1932-04-22,,,,5.96,5,False,,False,Yahoo Finance ^GSPC,推出前回溯
1932-04-29,1932-04-25,1932-05-01,1932-04-25,1932-04-29,,,,5.83,5,False,,False,Yahoo Finance ^GSPC,推出前回溯
1932-05-06,1932-05-02,1932-05-08,1932-05-02,1932-05-06,,,,6.09,5,False,,False,Yahoo Finance ^GSPC,推出前回溯
1932-05-13,1932-05-09,1932-05-15,1932-05-09,1932-05-13,,,,5.60,5,False,,False,Yahoo Finance ^GSPC,推出前回溯
1932-05-20,1932-05-16,1932-05-22,1932-05-16,1932-05-20,,,,5.48,5,False,,False,Yahoo Finance ^GSPC,推出前回溯
1932-05-27,1932-05-23,1932-05-29,1932-05-23,1932-05-27,,,,4.83,5,False,,False,Yahoo Finance ^GSPC,推出前回溯
1932-06-03,1932-05-30,1932-06-05,1932-05-31,1932-06-03,,,,4.89,4,False,,False,Yahoo Finance ^GSPC,推出前回溯
1932-06-10,1932-06-06,1932-06-12,1932-06-06,1932-06-10,,,,4.92,5,False,,False,Yahoo Finance ^GSPC,推出前回溯
1932-06-17,1932-06-13,1932-06-19,1932-06-13,1932-06-17,,,,4.83,5,False,,False,Yahoo Finance ^GSPC,推出前回溯
1932-06-24,1932-06-20,1932-06-26,1932-06-20,1932-06-24,,,,4.60,5,False,,False,Yahoo Finance ^GSPC,推出前回溯
1932-07-01,1932-06-27,1932-07-03,1932-06-27,1932-07-01,,,,4.60,5,False,,False,Yahoo Finance ^GSPC,推出前回溯
1932-07-08,1932-07-04,1932-07-10,1932-07-05,1932-07-08,,,,4.41,4,False,,False,Yahoo Finance ^GSPC,推出前回溯
1932-07-15,1932-07-11,1932-07-17,1932-07-11,1932-07-15,,,,4.93,5,False,,False,Yahoo Finance ^GSPC,推出前回溯
1932-07-22,1932-07-18,1932-07-24,1932-07-18,1932-07-22,,,,5.20,5,False,,False,Yahoo Finance ^GSPC,推出前回溯
1932-07-29,1932-07-25,1932-07-31,1932-07-25,1932-07-29,,,,6.03,5,False,,False,Yahoo Finance ^GSPC,推出前回溯
1932-08-05,1932-08-01,1932-08-07,1932-08-01,1932-08-05,,,,6.80,5,False,,False,Yahoo Finance ^GSPC,推出前回溯
1932-08-12,1932-08-08,1932-08-14,1932-08-08,1932-08-12,,,,7.00,5,False,,False,Yahoo Finance ^GSPC,推出前回溯
1932-08-19,1932-08-15,1932-08-21,1932-08-15,1932-08-19,,,,7.53,5,False,,False,Yahoo Finance ^GSPC,推出前回溯
1932-08-26,1932-08-22,1932-08-28,1932-08-22,1932-08-26,,,,8.39,5,False,,False,Yahoo Finance ^GSPC,推出前回溯
1932-09-02,1932-08-29,1932-09-04,1932-08-29,1932-09-02,,,,8.84,5,False,,False,Yahoo Finance ^GSPC,推出前回溯
1932-09-09,1932-09-05,1932-09-11,1932-09-06,1932-09-09,,,,8.75,4,False,,False,Yahoo Finance ^GSPC,推出前回溯
1932-09-16,1932-09-12,1932-09-18,1932-09-12,1932-09-16,,,,7.57,5,False,,False,Yahoo Finance ^GSPC,推出前回溯
1932-09-23,1932-09-19,1932-09-25,1932-09-19,1932-09-23,,,,8.40,5,False,,False,Yahoo Finance ^GSPC,推出前回溯
1932-09-30,1932-09-26,1932-10-02,1932-09-26,1932-09-30,,,,8.08,5,False,,False,Yahoo Finance ^GSPC,推出前回溯
1932-10-07,1932-10-03,1932-10-09,1932-10-03,1932-10-07,,,,7.02,5,False,,False,Yahoo Finance ^GSPC,推出前回溯
1932-10-14,1932-10-10,1932-10-16,1932-10-10,1932-10-14,,,,7.13,4,False,,False,Yahoo Finance ^GSPC,推出前回溯
1932-10-21,1932-10-17,1932-10-23,1932-10-17,1932-10-21,,,,6.82,5,False,,False,Yahoo Finance ^GSPC,推出前回溯
1932-10-28,1932-10-24,1932-10-30,1932-10-24,1932-10-28,,,,7.09,5,False,,False,Yahoo Finance ^GSPC,推出前回溯
1932-11-04,1932-10-31,1932-11-06,1932-10-31,1932-11-04,,,,6.88,5,False,,False,Yahoo Finance ^GSPC,推出前回溯
1932-11-11,1932-11-07,1932-11-13,1932-11-07,1932-11-11,,,,7.68,4,False,,False,Yahoo Finance ^GSPC,推出前回溯
1932-11-18,1932-11-14,1932-11-20,1932-11-14,1932-11-18,,,,7.13,5,False,,False,Yahoo Finance ^GSPC,推出前回溯
1932-11-25,1932-11-21,1932-11-27,1932-11-21,1932-11-25,,,,6.78,4,False,,False,Yahoo Finance ^GSPC,推出前回溯
1932-12-02,1932-11-28,1932-12-04,1932-11-28,1932-12-02,,,,6.47,5,False,,False,Yahoo Finance ^GSPC,推出前回溯
1932-12-09,1932-12-05,1932-12-11,1932-12-05,1932-12-09,,,,7.08,5,False,,False,Yahoo Finance ^GSPC,推出前回溯
1932-12-16,1932-12-12,1932-12-18,1932-12-12,1932-12-16,,,,7.00,5,False,,False,Yahoo Finance ^GSPC,推出前回溯
1932-12-23,1932-12-19,1932-12-25,1932-12-19,1932-12-23,,,,6.57,5,False,,False,Yahoo Finance ^GSPC,推出前回溯
1932-12-30,1932-12-26,1933-01-01,1932-12-27,1932-12-30,,,,6.92,4,False,,False,Yahoo Finance ^GSPC,推出前回溯
1933-01-06,1933-01-02,1933-01-08,1933-01-03,1933-01-06,,,,7.23,4,False,,False,Yahoo Finance ^GSPC,推出前回溯
1933-01-13,1933-01-09,1933-01-15,1933-01-09,1933-01-13,,,,7.25,5,False,,False,Yahoo Finance ^GSPC,推出前回溯
1933-01-20,1933-01-16,1933-01-22,1933-01-16,1933-01-20,,,,7.06,5,False,,False,Yahoo Finance ^GSPC,推出前回溯
1933-01-27,1933-01-23,1933-01-29,1933-01-23,1933-01-27,,,,7.04,5,False,,False,Yahoo Finance ^GSPC,推出前回溯
1933-02-03,1933-01-30,1933-02-05,1933-01-30,1933-02-03,,,,6.53,5,False,,False,Yahoo Finance ^GSPC,推出前回溯
1933-02-10,1933-02-06,1933-02-12,1933-02-06,1933-02-10,,,,6.66,5,False,,False,Yahoo Finance ^GSPC,推出前回溯
1933-02-17,1933-02-13,1933-02-19,1933-02-14,1933-02-17,,,,6.23,4,False,,False,Yahoo Finance ^GSPC,推出前回溯
1933-02-24,1933-02-20,1933-02-26,1933-02-20,1933-02-24,,,,5.90,4,False,,False,Yahoo Finance ^GSPC,推出前回溯
1933-03-03,1933-02-27,1933-03-05,1933-02-27,1933-03-03,,,,5.84,5,False,,False,Yahoo Finance ^GSPC,推出前回溯
1933-03-17,1933-03-13,1933-03-19,1933-03-15,1933-03-17,,,,6.63,3,False,,False,Yahoo Finance ^GSPC,推出前回溯
1933-03-24,1933-03-20,1933-03-26,1933-03-20,1933-03-24,,,,6.25,5,False,,False,Yahoo Finance ^GSPC,推出前回溯
1933-03-31,1933-03-27,1933-04-02,1933-03-27,1933-03-31,,,,5.85,5,False,,False,Yahoo Finance ^GSPC,推出前回溯
1933-04-07,1933-04-03,1933-04-09,1933-04-03,1933-04-07,,,,6.12,5,False,,False,Yahoo Finance ^GSPC,推出前回溯
1933-04-13,1933-04-10,1933-04-16,1933-04-10,1933-04-13,,,,6.67,4,False,,False,Yahoo Finance ^GSPC,推出前回溯
1933-04-21,1933-04-17,1933-04-23,1933-04-17,1933-04-21,,,,7.44,5,False,,False,Yahoo Finance ^GSPC,推出前回溯
1933-04-28,1933-04-24,1933-04-30,1933-04-24,1933-04-28,,,,7.83,5,False,,False,Yahoo Finance ^GSPC,推出前回溯
1933-05-05,1933-05-01,1933-05-07,1933-05-01,1933-05-05,,,,8.74,5,False,,False,Yahoo Finance ^GSPC,推出前回溯
1933-05-12,1933-05-08,1933-05-14,1933-05-08,1933-05-12,,,,9.03,5,False,,False,Yahoo Finance ^GSPC,推出前回溯
1933-05-19,1933-05-15,1933-05-21,1933-05-15,1933-05-19,,,,8.82,5,False,,False,Yahoo Finance ^GSPC,推出前回溯
1933-05-26,1933-05-22,1933-05-28,1933-05-22,1933-05-26,,,,9.34,5,False,,False,Yahoo Finance ^GSPC,推出前回溯
1933-06-02,1933-05-29,1933-06-04,1933-05-29,1933-06-02,,,,10.13,4,False,,False,Yahoo Finance ^GSPC,推出前回溯
1933-06-09,1933-06-05,1933-06-11,1933-06-05,1933-06-09,,,,10.41,5,False,,False,Yahoo Finance ^GSPC,推出前回溯
1933-06-16,1933-06-12,1933-06-18,1933-06-12,1933-06-16,,,,9.81,5,False,,False,Yahoo Finance ^GSPC,推出前回溯
1933-06-23,1933-06-19,1933-06-25,1933-06-19,1933-06-23,,,,10.56,5,False,,False,Yahoo Finance ^GSPC,推出前回溯
1933-06-30,1933-06-26,1933-07-02,1933-06-26,1933-06-30,,,,10.91,5,False,,False,Yahoo Finance ^GSPC,推出前回溯
1933-07-07,1933-07-03,1933-07-09,1933-07-03,1933-07-07,,,,11.96,4,False,,False,Yahoo Finance ^GSPC,推出前回溯
1933-07-14,1933-07-10,1933-07-16,1933-07-10,1933-07-14,,,,11.85,5,False,,False,Yahoo Finance ^GSPC,推出前回溯
1933-07-21,1933-07-17,1933-07-23,1933-07-17,1933-07-21,,,,9.65,5,False,,False,Yahoo Finance ^GSPC,推出前回溯
1933-07-28,1933-07-24,1933-07-30,1933-07-24,1933-07-28,,,,10.43,5,False,,False,Yahoo Finance ^GSPC,推出前回溯
1933-08-04,1933-07-31,1933-08-06,1933-07-31,1933-08-04,,,,10.13,5,False,,False,Yahoo Finance ^GSPC,推出前回溯
1933-08-11,1933-08-07,1933-08-13,1933-08-07,1933-08-11,,,,10.59,5,False,,False,Yahoo Finance ^GSPC,推出前回溯
1933-08-18,1933-08-14,1933-08-20,1933-08-14,1933-08-18,,,,10.58,5,False,,False,Yahoo Finance ^GSPC,推出前回溯
1933-08-25,1933-08-21,1933-08-27,1933-08-21,1933-08-25,,,,11.28,5,False,,False,Yahoo Finance ^GSPC,推出前回溯
1933-09-01,1933-08-28,1933-09-03,1933-08-28,1933-09-01,,,,11.23,5,False,,False,Yahoo Finance ^GSPC,推出前回溯
1933-09-08,1933-09-04,1933-09-10,1933-09-05,1933-09-08,,,,10.66,4,False,,False,Yahoo Finance ^GSPC,推出前回溯
1933-09-15,1933-09-11,1933-09-17,1933-09-11,1933-09-15,,,,10.82,5,False,,False,Yahoo Finance ^GSPC,推出前回溯
1933-09-22,1933-09-18,1933-09-24,1933-09-18,1933-09-22,,,,10.26,5,False,,False,Yahoo Finance ^GSPC,推出前回溯
1933-09-29,1933-09-25,1933-10-01,1933-09-25,1933-09-29,,,,9.72,5,False,,False,Yahoo Finance ^GSPC,推出前回溯
1933-10-06,1933-10-02,1933-10-08,1933-10-02,1933-10-06,,,,10.05,5,False,,False,Yahoo Finance ^GSPC,推出前回溯
1933-10-13,1933-10-09,1933-10-15,1933-10-09,1933-10-13,,,,9.85,4,False,,False,Yahoo Finance ^GSPC,推出前回溯
1933-10-20,1933-10-16,1933-10-22,1933-10-16,1933-10-20,,,,8.86,5,False,,False,Yahoo Finance ^GSPC,推出前回溯
1933-10-27,1933-10-23,1933-10-29,1933-10-23,1933-10-27,,,,9.54,5,False,,False,Yahoo Finance ^GSPC,推出前回溯
1933-11-03,1933-10-30,1933-11-05,1933-10-30,1933-11-03,,,,9.54,5,False,,False,Yahoo Finance ^GSPC,推出前回溯
1933-11-10,1933-11-06,1933-11-12,1933-11-06,1933-11-10,,,,9.72,4,False,,False,Yahoo Finance ^GSPC,推出前回溯
1933-11-17,1933-11-13,1933-11-19,1933-11-13,1933-11-17,,,,9.92,5,False,,False,Yahoo Finance ^GSPC,推出前回溯
1933-11-24,1933-11-20,1933-11-26,1933-11-20,1933-11-24,,,,10.01,5,False,,False,Yahoo Finance ^GSPC,推出前回溯
1933-12-01,1933-11-27,1933-12-03,1933-11-27,1933-12-01,,,,9.91,4,False,,False,Yahoo Finance ^GSPC,推出前回溯
1933-12-08,1933-12-04,1933-12-10,1933-12-04,1933-12-08,,,,10.10,5,False,,False,Yahoo Finance ^GSPC,推出前回溯
1933-12-15,1933-12-11,1933-12-17,1933-12-11,1933-12-15,,,,10.07,5,False,,False,Yahoo Finance ^GSPC,推出前回溯
1933-12-22,1933-12-18,1933-12-24,1933-12-18,1933-12-22,,,,9.86,5,False,,False,Yahoo Finance ^GSPC,推出前回溯
1933-12-29,1933-12-25,1933-12-31,1933-12-26,1933-12-29,,,,9.97,4,False,,False,Yahoo Finance ^GSPC,推出前回溯
1934-01-05,1934-01-01,1934-01-07,1934-01-02,1934-01-05,,,,9.81,4,False,,False,Yahoo Finance ^GSPC,推出前回溯
1934-01-12,1934-01-08,1934-01-14,1934-01-08,1934-01-12,,,,10.07,5,False,,False,Yahoo Finance ^GSPC,推出前回溯
1934-01-19,1934-01-15,1934-01-21,1934-01-15,1934-01-19,,,,10.93,5,False,,False,Yahoo Finance ^GSPC,推出前回溯
1934-01-26,1934-01-22,1934-01-28,1934-01-22,1934-01-26,,,,11.02,5,False,,False,Yahoo Finance ^GSPC,推出前回溯
1934-02-02,1934-01-29,1934-02-04,1934-01-29,1934-02-02,,,,11.45,5,False,,False,Yahoo Finance ^GSPC,推出前回溯
1934-02-09,1934-02-05,1934-02-11,1934-02-05,1934-02-09,,,,11.18,5,False,,False,Yahoo Finance ^GSPC,推出前回溯
1934-02-16,1934-02-12,1934-02-18,1934-02-13,1934-02-16,,,,11.54,4,False,,False,Yahoo Finance ^GSPC,推出前回溯
1934-02-23,1934-02-19,1934-02-25,1934-02-19,1934-02-23,,,,11.13,4,False,,False,Yahoo Finance ^GSPC,推出前回溯
1934-03-02,1934-02-26,1934-03-04,1934-02-26,1934-03-02,,,,11.07,5,False,,False,Yahoo Finance ^GSPC,推出前回溯
1934-03-09,1934-03-05,1934-03-11,1934-03-05,1934-03-09,,,,10.73,5,False,,False,Yahoo Finance ^GSPC,推出前回溯
1934-03-16,1934-03-12,1934-03-18,1934-03-12,1934-03-16,,,,10.82,5,False,,False,Yahoo Finance ^GSPC,推出前回溯
1934-03-23,1934-03-19,1934-03-25,1934-03-19,1934-03-23,,,,10.53,5,False,,False,Yahoo Finance ^GSPC,推出前回溯
1934-03-29,1934-03-26,1934-04-01,1934-03-26,1934-03-29,,,,10.62,4,False,,False,Yahoo Finance ^GSPC,推出前回溯
1934-04-06,1934-04-02,1934-04-08,1934-04-02,1934-04-06,,,,10.95,5,False,,False,Yahoo Finance ^GSPC,推出前回溯
1934-04-13,1934-04-09,1934-04-15,1934-04-09,1934-04-13,,,,10.95,5,False,,False,Yahoo Finance ^GSPC,推出前回溯
1934-04-20,1934-04-16,1934-04-22,1934-04-16,1934-04-20,,,,11.16,5,False,,False,Yahoo Finance ^GSPC,推出前回溯
1934-04-27,1934-04-23,1934-04-29,1934-04-23,1934-04-27,,,,10.80,5,False,,False,Yahoo Finance ^GSPC,推出前回溯
1934-05-04,1934-04-30,1934-05-06,1934-04-30,1934-05-04,,,,10.32,5,False,,False,Yahoo Finance ^GSPC,推出前回溯
1934-05-11,1934-05-07,1934-05-13,1934-05-07,1934-05-11,,,,9.55,5,False,,False,Yahoo Finance ^GSPC,推出前回溯
1934-05-18,1934-05-14,1934-05-20,1934-05-14,1934-05-18,,,,9.85,5,False,,False,Yahoo Finance ^GSPC,推出前回溯
1934-05-25,1934-05-21,1934-05-27,1934-05-21,1934-05-25,,,,9.70,5,False,,False,Yahoo Finance ^GSPC,推出前回溯
1934-06-01,1934-05-28,1934-06-03,1934-05-28,1934-06-01,,,,9.38,4,False,,False,Yahoo Finance ^GSPC,推出前回溯
1934-06-08,1934-06-04,1934-06-10,1934-06-04,1934-06-08,,,,10.17,5,False,,False,Yahoo Finance ^GSPC,推出前回溯
1934-06-15,1934-06-11,1934-06-17,1934-06-11,1934-06-15,,,,10.23,5,False,,False,Yahoo Finance ^GSPC,推出前回溯
1934-06-22,1934-06-18,1934-06-24,1934-06-18,1934-06-22,,,,9.76,5,False,,False,Yahoo Finance ^GSPC,推出前回溯
1934-06-29,1934-06-25,1934-07-01,1934-06-25,1934-06-29,,,,9.81,5,False,,False,Yahoo Finance ^GSPC,推出前回溯
1934-07-06,1934-07-02,1934-07-08,1934-07-02,1934-07-06,,,,9.91,4,False,,False,Yahoo Finance ^GSPC,推出前回溯
1934-07-13,1934-07-09,1934-07-15,1934-07-09,1934-07-13,,,,9.93,5,False,,False,Yahoo Finance ^GSPC,推出前回溯
1934-07-20,1934-07-16,1934-07-22,1934-07-16,1934-07-20,,,,9.47,5,False,,False,Yahoo Finance ^GSPC,推出前回溯
1934-07-27,1934-07-23,1934-07-29,1934-07-23,1934-07-27,,,,8.60,5,False,,False,Yahoo Finance ^GSPC,推出前回溯
1934-08-03,1934-07-30,1934-08-05,1934-07-30,1934-08-03,,,,8.90,5,False,,False,Yahoo Finance ^GSPC,推出前回溯
1934-08-10,1934-08-06,1934-08-12,1934-08-06,1934-08-10,,,,8.93,5,False,,False,Yahoo Finance ^GSPC,推出前回溯
1934-08-17,1934-08-13,1934-08-19,1934-08-13,1934-08-17,,,,9.06,5,False,,False,Yahoo Finance ^GSPC,推出前回溯
1934-08-24,1934-08-20,1934-08-26,1934-08-20,1934-08-24,,,,9.52,5,False,,False,Yahoo Finance ^GSPC,推出前回溯
1934-08-31,1934-08-27,1934-09-02,1934-08-27,1934-08-31,,,,9.15,5,False,,False,Yahoo Finance ^GSPC,推出前回溯
1934-09-07,1934-09-03,1934-09-09,1934-09-04,1934-09-07,,,,8.92,4,False,,False,Yahoo Finance ^GSPC,推出前回溯
1934-09-14,1934-09-10,1934-09-16,1934-09-10,1934-09-14,,,,8.47,5,False,,False,Yahoo Finance ^GSPC,推出前回溯
1934-09-21,1934-09-17,1934-09-23,1934-09-17,1934-09-21,,,,8.95,5,False,,False,Yahoo Finance ^GSPC,推出前回溯
1934-09-28,1934-09-24,1934-09-30,1934-09-24,1934-09-28,,,,9.08,5,False,,False,Yahoo Finance ^GSPC,推出前回溯
1934-10-05,1934-10-01,1934-10-07,1934-10-01,1934-10-05,,,,9.00,5,False,,False,Yahoo Finance ^GSPC,推出前回溯
1934-10-11,1934-10-08,1934-10-14,1934-10-08,1934-10-11,,,,9.19,4,False,,False,Yahoo Finance ^GSPC,推出前回溯
1934-10-19,1934-10-15,1934-10-21,1934-10-15,1934-10-19,,,,9.03,5,False,,False,Yahoo Finance ^GSPC,推出前回溯
1934-10-26,1934-10-22,1934-10-28,1934-10-22,1934-10-26,,,,8.80,5,False,,False,Yahoo Finance ^GSPC,推出前回溯
1934-11-02,1934-10-29,1934-11-04,1934-10-29,1934-11-02,,,,8.87,5,False,,False,Yahoo Finance ^GSPC,推出前回溯
1934-11-09,1934-11-05,1934-11-11,1934-11-05,1934-11-09,,,,9.30,4,False,,False,Yahoo Finance ^GSPC,推出前回溯
1934-11-16,1934-11-12,1934-11-18,1934-11-13,1934-11-16,,,,9.18,4,False,,False,Yahoo Finance ^GSPC,推出前回溯
1934-11-23,1934-11-19,1934-11-25,1934-11-19,1934-11-23,,,,9.27,5,False,,False,Yahoo Finance ^GSPC,推出前回溯
1934-11-30,1934-11-26,1934-12-02,1934-11-26,1934-11-30,,,,9.54,4,False,,False,Yahoo Finance ^GSPC,推出前回溯
1934-12-07,1934-12-03,1934-12-09,1934-12-03,1934-12-07,,,,9.46,5,False,,False,Yahoo Finance ^GSPC,推出前回溯
1934-12-14,1934-12-10,1934-12-16,1934-12-10,1934-12-14,,,,9.11,5,False,,False,Yahoo Finance ^GSPC,推出前回溯
1934-12-21,1934-12-17,1934-12-23,1934-12-17,1934-12-21,,,,9.04,5,False,,False,Yahoo Finance ^GSPC,推出前回溯
1934-12-28,1934-12-24,1934-12-30,1934-12-24,1934-12-28,,,,9.41,4,False,,False,Yahoo Finance ^GSPC,推出前回溯
1935-01-04,1934-12-31,1935-01-06,1934-12-31,1935-01-04,,,,9.51,4,False,,False,Yahoo Finance ^GSPC,推出前回溯
1935-01-11,1935-01-07,1935-01-13,1935-01-07,1935-01-11,,,,9.25,5,False,,False,Yahoo Finance ^GSPC,推出前回溯
1935-01-18,1935-01-14,1935-01-20,1935-01-14,1935-01-18,,,,9.18,5,False,,False,Yahoo Finance ^GSPC,推出前回溯
1935-01-25,1935-01-21,1935-01-27,1935-01-21,1935-01-25,,,,9.23,5,False,,False,Yahoo Finance ^GSPC,推出前回溯
1935-02-01,1935-01-28,1935-02-03,1935-01-28,1935-02-01,,,,9.05,5,False,,False,Yahoo Finance ^GSPC,推出前回溯
1935-02-08,1935-02-04,1935-02-10,1935-02-04,1935-02-08,,,,9.03,5,False,,False,Yahoo Finance ^GSPC,推出前回溯
1935-02-15,1935-02-11,1935-02-17,1935-02-11,1935-02-15,,,,9.06,4,False,,False,Yahoo Finance ^GSPC,推出前回溯
1935-02-21,1935-02-18,1935-02-24,1935-02-18,1935-02-21,,,,9.03,4,False,,False,Yahoo Finance ^GSPC,推出前回溯
1935-03-01,1935-02-25,1935-03-03,1935-02-25,1935-03-01,,,,8.79,5,False,,False,Yahoo Finance ^GSPC,推出前回溯
1935-03-08,1935-03-04,1935-03-10,1935-03-04,1935-03-08,,,,8.54,5,False,,False,Yahoo Finance ^GSPC,推出前回溯
1935-03-15,1935-03-11,1935-03-17,1935-03-11,1935-03-15,,,,8.23,5,False,,False,Yahoo Finance ^GSPC,推出前回溯
1935-03-22,1935-03-18,1935-03-24,1935-03-18,1935-03-22,,,,8.55,5,False,,False,Yahoo Finance ^GSPC,推出前回溯
1935-03-29,1935-03-25,1935-03-31,1935-03-25,1935-03-29,,,,8.45,5,False,,False,Yahoo Finance ^GSPC,推出前回溯
1935-04-05,1935-04-01,1935-04-07,1935-04-01,1935-04-05,,,,8.78,5,False,,False,Yahoo Finance ^GSPC,推出前回溯
1935-04-12,1935-04-08,1935-04-14,1935-04-08,1935-04-12,,,,8.95,5,False,,False,Yahoo Finance ^GSPC,推出前回溯
1935-04-18,1935-04-15,1935-04-21,1935-04-15,1935-04-18,,,,9.14,4,False,,False,Yahoo Finance ^GSPC,推出前回溯
1935-04-26,1935-04-22,1935-04-28,1935-04-22,1935-04-26,,,,9.40,5,False,,False,Yahoo Finance ^GSPC,推出前回溯
1935-05-03,1935-04-29,1935-05-05,1935-04-29,1935-05-03,,,,9.42,5,False,,False,Yahoo Finance ^GSPC,推出前回溯
1935-05-10,1935-05-06,1935-05-12,1935-05-06,1935-05-10,,,,9.75,5,False,,False,Yahoo Finance ^GSPC,推出前回溯
1935-05-17,1935-05-13,1935-05-19,1935-05-13,1935-05-17,,,,10.01,5,False,,False,Yahoo Finance ^GSPC,推出前回溯
1935-05-24,1935-05-20,1935-05-26,1935-05-20,1935-05-24,,,,10.02,5,False,,False,Yahoo Finance ^GSPC,推出前回溯
1935-05-31,1935-05-27,1935-06-02,1935-05-27,1935-05-31,,,,9.58,4,False,,False,Yahoo Finance ^GSPC,推出前回溯
1935-06-07,1935-06-03,1935-06-09,1935-06-03,1935-06-07,,,,9.90,5,False,,False,Yahoo Finance ^GSPC,推出前回溯
1935-06-14,1935-06-10,1935-06-16,1935-06-10,1935-06-14,,,,10.22,5,False,,False,Yahoo Finance ^GSPC,推出前回溯
1935-06-21,1935-06-17,1935-06-23,1935-06-17,1935-06-21,,,,10.38,5,False,,False,Yahoo Finance ^GSPC,推出前回溯
1935-06-28,1935-06-24,1935-06-30,1935-06-24,1935-06-28,,,,10.24,5,False,,False,Yahoo Finance ^GSPC,推出前回溯
1935-07-05,1935-07-01,1935-07-07,1935-07-01,1935-07-05,,,,10.47,4,False,,False,Yahoo Finance ^GSPC,推出前回溯
1935-07-12,1935-07-08,1935-07-14,1935-07-08,1935-07-12,,,,10.62,5,False,,False,Yahoo Finance ^GSPC,推出前回溯
1935-07-19,1935-07-15,1935-07-21,1935-07-15,1935-07-19,,,,10.58,5,False,,False,Yahoo Finance ^GSPC,推出前回溯
1935-07-26,1935-07-22,1935-07-28,1935-07-22,1935-07-26,,,,10.79,5,False,,False,Yahoo Finance ^GSPC,推出前回溯
1935-08-02,1935-07-29,1935-08-04,1935-07-29,1935-08-02,,,,10.95,5,False,,False,Yahoo Finance ^GSPC,推出前回溯
1935-08-09,1935-08-05,1935-08-11,1935-08-05,1935-08-09,,,,11.49,5,False,,False,Yahoo Finance ^GSPC,推出前回溯
1935-08-16,1935-08-12,1935-08-18,1935-08-12,1935-08-16,,,,10.62,5,False,,False,Yahoo Finance ^GSPC,推出前回溯
1935-08-23,1935-08-19,1935-08-25,1935-08-19,1935-08-23,,,,11.56,5,False,,False,Yahoo Finance ^GSPC,推出前回溯
1935-08-30,1935-08-26,1935-09-01,1935-08-26,1935-08-30,,,,11.24,5,False,,False,Yahoo Finance ^GSPC,推出前回溯
1935-09-06,1935-09-02,1935-09-08,1935-09-03,1935-09-06,,,,11.65,4,False,,False,Yahoo Finance ^GSPC,推出前回溯
1935-09-13,1935-09-09,1935-09-15,1935-09-09,1935-09-13,,,,11.80,5,False,,False,Yahoo Finance ^GSPC,推出前回溯
1935-09-20,1935-09-16,1935-09-22,1935-09-16,1935-09-20,,,,11.26,5,False,,False,Yahoo Finance ^GSPC,推出前回溯
1935-09-27,1935-09-23,1935-09-29,1935-09-23,1935-09-27,,,,11.56,5,False,,False,Yahoo Finance ^GSPC,推出前回溯
1935-10-04,1935-09-30,1935-10-06,1935-09-30,1935-10-04,,,,11.36,5,False,,False,Yahoo Finance ^GSPC,推出前回溯
1935-10-11,1935-10-07,1935-10-13,1935-10-07,1935-10-11,,,,11.75,5,False,,False,Yahoo Finance ^GSPC,推出前回溯
1935-10-18,1935-10-14,1935-10-20,1935-10-14,1935-10-18,,,,11.81,5,False,,False,Yahoo Finance ^GSPC,推出前回溯
1935-10-25,1935-10-21,1935-10-27,1935-10-21,1935-10-25,,,,12.43,5,False,,False,Yahoo Finance ^GSPC,推出前回溯
1935-11-01,1935-10-28,1935-11-03,1935-10-28,1935-11-01,,,,12.61,5,False,,False,Yahoo Finance ^GSPC,推出前回溯
1935-11-08,1935-11-04,1935-11-10,1935-11-04,1935-11-08,,,,12.92,4,False,,False,Yahoo Finance ^GSPC,推出前回溯
1935-11-15,1935-11-11,1935-11-17,1935-11-12,1935-11-15,,,,13.25,4,False,,False,Yahoo Finance ^GSPC,推出前回溯
1935-11-22,1935-11-18,1935-11-24,1935-11-18,1935-11-22,,,,13.14,5,False,,False,Yahoo Finance ^GSPC,推出前回溯
1935-11-29,1935-11-25,1935-12-01,1935-11-25,1935-11-29,,,,12.94,4,False,,False,Yahoo Finance ^GSPC,推出前回溯
1935-12-06,1935-12-02,1935-12-08,1935-12-02,1935-12-06,,,,13.15,5,False,,False,Yahoo Finance ^GSPC,推出前回溯
1935-12-13,1935-12-09,1935-12-15,1935-12-09,1935-12-13,,,,12.84,5,False,,False,Yahoo Finance ^GSPC,推出前回溯
1935-12-20,1935-12-16,1935-12-22,1935-12-16,1935-12-20,,,,12.88,5,False,,False,Yahoo Finance ^GSPC,推出前回溯
1935-12-27,1935-12-23,1935-12-29,1935-12-23,1935-12-27,,,,13.11,4,False,,False,Yahoo Finance ^GSPC,推出前回溯
1936-01-03,1935-12-30,1936-01-05,1935-12-30,1936-01-03,,,,13.55,4,False,,False,Yahoo Finance ^GSPC,推出前回溯
1936-01-10,1936-01-06,1936-01-12,1936-01-06,1936-01-10,,,,13.78,5,False,,False,Yahoo Finance ^GSPC,推出前回溯
1936-01-17,1936-01-13,1936-01-19,1936-01-13,1936-01-17,,,,13.75,5,False,,False,Yahoo Finance ^GSPC,推出前回溯
1936-01-24,1936-01-20,1936-01-26,1936-01-20,1936-01-24,,,,13.85,5,False,,False,Yahoo Finance ^GSPC,推出前回溯
1936-01-31,1936-01-27,1936-02-02,1936-01-27,1936-01-31,,,,14.31,5,False,,False,Yahoo Finance ^GSPC,推出前回溯
1936-02-07,1936-02-03,1936-02-09,1936-02-03,1936-02-07,,,,14.32,5,False,,False,Yahoo Finance ^GSPC,推出前回溯
1936-02-14,1936-02-10,1936-02-16,1936-02-10,1936-02-14,,,,14.66,4,False,,False,Yahoo Finance ^GSPC,推出前回溯
1936-02-21,1936-02-17,1936-02-23,1936-02-17,1936-02-21,,,,14.83,5,False,,False,Yahoo Finance ^GSPC,推出前回溯
1936-02-28,1936-02-24,1936-03-01,1936-02-24,1936-02-28,,,,14.60,5,False,,False,Yahoo Finance ^GSPC,推出前回溯
1936-03-06,1936-03-02,1936-03-08,1936-03-02,1936-03-06,,,,15.10,5,False,,False,Yahoo Finance ^GSPC,推出前回溯
1936-03-13,1936-03-09,1936-03-15,1936-03-09,1936-03-13,,,,14.24,5,False,,False,Yahoo Finance ^GSPC,推出前回溯
1936-03-20,1936-03-16,1936-03-22,1936-03-16,1936-03-20,,,,15.04,5,False,,False,Yahoo Finance ^GSPC,推出前回溯
1936-03-27,1936-03-23,1936-03-29,1936-03-23,1936-03-27,,,,14.82,5,False,,False,Yahoo Finance ^GSPC,推出前回溯
1936-04-03,1936-03-30,1936-04-05,1936-03-30,1936-04-03,,,,15.27,5,False,,False,Yahoo Finance ^GSPC,推出前回溯
1936-04-09,1936-04-06,1936-04-12,1936-04-06,1936-04-09,,,,15.39,4,False,,False,Yahoo Finance ^GSPC,推出前回溯
1936-04-17,1936-04-13,1936-04-19,1936-04-13,1936-04-17,,,,15.10,5,False,,False,Yahoo Finance ^GSPC,推出前回溯
1936-04-24,1936-04-20,1936-04-26,1936-04-20,1936-04-24,,,,14.44,5,False,,False,Yahoo Finance ^GSPC,推出前回溯
1936-05-01,1936-04-27,1936-05-03,1936-04-27,1936-05-01,,,,13.87,5,False,,False,Yahoo Finance ^GSPC,推出前回溯
1936-05-08,1936-05-04,1936-05-10,1936-05-04,1936-05-08,,,,13.90,5,False,,False,Yahoo Finance ^GSPC,推出前回溯
1936-05-15,1936-05-11,1936-05-17,1936-05-11,1936-05-15,,,,14.29,5,False,,False,Yahoo Finance ^GSPC,推出前回溯
1936-05-22,1936-05-18,1936-05-24,1936-05-18,1936-05-22,,,,14.09,5,False,,False,Yahoo Finance ^GSPC,推出前回溯
1936-05-29,1936-05-25,1936-05-31,1936-05-25,1936-05-29,,,,14.40,5,False,,False,Yahoo Finance ^GSPC,推出前回溯
1936-06-05,1936-06-01,1936-06-07,1936-06-01,1936-06-05,,,,14.12,5,False,,False,Yahoo Finance ^GSPC,推出前回溯
1936-06-12,1936-06-08,1936-06-14,1936-06-08,1936-06-12,,,,14.59,5,False,,False,Yahoo Finance ^GSPC,推出前回溯
1936-06-19,1936-06-15,1936-06-21,1936-06-15,1936-06-19,,,,14.83,5,False,,False,Yahoo Finance ^GSPC,推出前回溯
1936-06-26,1936-06-22,1936-06-28,1936-06-22,1936-06-26,,,,14.95,5,False,,False,Yahoo Finance ^GSPC,推出前回溯
1936-07-03,1936-06-29,1936-07-05,1936-06-29,1936-07-03,,,,15.02,5,False,,False,Yahoo Finance ^GSPC,推出前回溯
1936-07-10,1936-07-06,1936-07-12,1936-07-06,1936-07-10,,,,15.35,5,False,,False,Yahoo Finance ^GSPC,推出前回溯
1936-07-17,1936-07-13,1936-07-19,1936-07-13,1936-07-17,,,,15.66,5,False,,False,Yahoo Finance ^GSPC,推出前回溯
1936-07-24,1936-07-20,1936-07-26,1936-07-20,1936-07-24,,,,15.83,5,False,,False,Yahoo Finance ^GSPC,推出前回溯
1936-07-31,1936-07-27,1936-08-02,1936-07-27,1936-07-31,,,,15.85,5,False,,False,Yahoo Finance ^GSPC,推出前回溯
1936-08-07,1936-08-03,1936-08-09,1936-08-03,1936-08-07,,,,16.08,5,False,,False,Yahoo Finance ^GSPC,推出前回溯
1936-08-14,1936-08-10,1936-08-16,1936-08-10,1936-08-14,,,,15.87,5,False,,False,Yahoo Finance ^GSPC,推出前回溯
1936-08-21,1936-08-17,1936-08-23,1936-08-17,1936-08-21,,,,15.32,5,False,,False,Yahoo Finance ^GSPC,推出前回溯
1936-08-28,1936-08-24,1936-08-30,1936-08-24,1936-08-28,,,,15.92,5,False,,False,Yahoo Finance ^GSPC,推出前回溯
1936-09-04,1936-08-31,1936-09-06,1936-08-31,1936-09-04,,,,16.02,5,False,,False,Yahoo Finance ^GSPC,推出前回溯
1936-09-11,1936-09-07,1936-09-13,1936-09-08,1936-09-11,,,,16.11,4,False,,False,Yahoo Finance ^GSPC,推出前回溯
1936-09-18,1936-09-14,1936-09-20,1936-09-14,1936-09-18,,,,16.03,5,False,,False,Yahoo Finance ^GSPC,推出前回溯
1936-09-25,1936-09-21,1936-09-27,1936-09-21,1936-09-25,,,,15.88,5,False,,False,Yahoo Finance ^GSPC,推出前回溯
1936-10-02,1936-09-28,1936-10-04,1936-09-28,1936-10-02,,,,16.35,5,False,,False,Yahoo Finance ^GSPC,推出前回溯
1936-10-09,1936-10-05,1936-10-11,1936-10-05,1936-10-09,,,,16.87,5,False,,False,Yahoo Finance ^GSPC,推出前回溯
1936-10-16,1936-10-12,1936-10-18,1936-10-13,1936-10-16,,,,17.04,4,False,,False,Yahoo Finance ^GSPC,推出前回溯
1936-10-23,1936-10-19,1936-10-25,1936-10-19,1936-10-23,,,,17.09,5,False,,False,Yahoo Finance ^GSPC,推出前回溯
1936-10-30,1936-10-26,1936-11-01,1936-10-26,1936-10-30,,,,17.23,5,False,,False,Yahoo Finance ^GSPC,推出前回溯
1936-11-06,1936-11-02,1936-11-08,1936-11-02,1936-11-06,,,,17.43,4,False,,False,Yahoo Finance ^GSPC,推出前回溯
1936-11-13,1936-11-09,1936-11-15,1936-11-09,1936-11-13,,,,17.24,4,False,,False,Yahoo Finance ^GSPC,推出前回溯
1936-11-20,1936-11-16,1936-11-22,1936-11-16,1936-11-20,,,,17.13,5,False,,False,Yahoo Finance ^GSPC,推出前回溯
1936-11-27,1936-11-23,1936-11-29,1936-11-23,1936-11-27,,,,17.34,4,False,,False,Yahoo Finance ^GSPC,推出前回溯
1936-12-04,1936-11-30,1936-12-06,1936-11-30,1936-12-04,,,,17.01,5,False,,False,Yahoo Finance ^GSPC,推出前回溯
1936-12-11,1936-12-07,1936-12-13,1936-12-07,1936-12-11,,,,17.14,5,False,,False,Yahoo Finance ^GSPC,推出前回溯
1936-12-18,1936-12-14,1936-12-20,1936-12-14,1936-12-18,,,,17.00,5,False,,False,Yahoo Finance ^GSPC,推出前回溯
1936-12-24,1936-12-21,1936-12-27,1936-12-21,1936-12-24,,,,17.06,4,False,,False,Yahoo Finance ^GSPC,推出前回溯
1936-12-31,1936-12-28,1937-01-03,1936-12-28,1936-12-31,,,,17.18,4,False,,False,Yahoo Finance ^GSPC,推出前回溯
1937-01-08,1937-01-04,1937-01-10,1937-01-04,1937-01-08,,,,17.48,5,False,,False,Yahoo Finance ^GSPC,推出前回溯
1937-01-15,1937-01-11,1937-01-17,1937-01-11,1937-01-15,,,,17.74,5,False,,False,Yahoo Finance ^GSPC,推出前回溯
1937-01-22,1937-01-18,1937-01-24,1937-01-18,1937-01-22,,,,17.87,5,False,,False,Yahoo Finance ^GSPC,推出前回溯
1937-01-29,1937-01-25,1937-01-31,1937-01-25,1937-01-29,,,,17.77,5,False,,False,Yahoo Finance ^GSPC,推出前回溯
1937-02-05,1937-02-01,1937-02-07,1937-02-01,1937-02-05,,,,17.86,5,False,,False,Yahoo Finance ^GSPC,推出前回溯
1937-02-11,1937-02-08,1937-02-14,1937-02-08,1937-02-11,,,,18.32,4,False,,False,Yahoo Finance ^GSPC,推出前回溯
1937-02-19,1937-02-15,1937-02-21,1937-02-15,1937-02-19,,,,18.37,5,False,,False,Yahoo Finance ^GSPC,推出前回溯
1937-02-26,1937-02-22,1937-02-28,1937-02-23,1937-02-26,,,,18.06,4,False,,False,Yahoo Finance ^GSPC,推出前回溯
1937-03-05,1937-03-01,1937-03-07,1937-03-01,1937-03-05,,,,18.62,5,False,,False,Yahoo Finance ^GSPC,推出前回溯
1937-03-12,1937-03-08,1937-03-14,1937-03-08,1937-03-12,,,,18.36,5,False,,False,Yahoo Finance ^GSPC,推出前回溯
1937-03-19,1937-03-15,1937-03-21,1937-03-15,1937-03-19,,,,17.72,5,False,,False,Yahoo Finance ^GSPC,推出前回溯
1937-03-25,1937-03-22,1937-03-28,1937-03-22,1937-03-25,,,,17.68,4,False,,False,Yahoo Finance ^GSPC,推出前回溯
1937-04-02,1937-03-29,1937-04-04,1937-03-29,1937-04-02,,,,17.49,5,False,,False,Yahoo Finance ^GSPC,推出前回溯
1937-04-09,1937-04-05,1937-04-11,1937-04-05,1937-04-09,,,,17.03,5,False,,False,Yahoo Finance ^GSPC,推出前回溯
1937-04-16,1937-04-12,1937-04-18,1937-04-12,1937-04-16,,,,17.16,5,False,,False,Yahoo Finance ^GSPC,推出前回溯
1937-04-23,1937-04-19,1937-04-25,1937-04-19,1937-04-23,,,,16.85,5,False,,False,Yahoo Finance ^GSPC,推出前回溯
1937-04-30,1937-04-26,1937-05-02,1937-04-26,1937-04-30,,,,16.43,5,False,,False,Yahoo Finance ^GSPC,推出前回溯
1937-05-07,1937-05-03,1937-05-09,1937-05-03,1937-05-07,,,,16.65,5,False,,False,Yahoo Finance ^GSPC,推出前回溯
1937-05-14,1937-05-10,1937-05-16,1937-05-10,1937-05-14,,,,15.81,5,False,,False,Yahoo Finance ^GSPC,推出前回溯
1937-05-21,1937-05-17,1937-05-23,1937-05-17,1937-05-21,,,,16.27,5,False,,False,Yahoo Finance ^GSPC,推出前回溯
1937-05-28,1937-05-24,1937-05-30,1937-05-24,1937-05-28,,,,16.26,5,False,,False,Yahoo Finance ^GSPC,推出前回溯
1937-06-04,1937-05-31,1937-06-06,1937-06-01,1937-06-04,,,,16.28,4,False,,False,Yahoo Finance ^GSPC,推出前回溯
1937-06-11,1937-06-07,1937-06-13,1937-06-07,1937-06-11,,,,15.73,5,False,,False,Yahoo Finance ^GSPC,推出前回溯
1937-06-18,1937-06-14,1937-06-20,1937-06-14,1937-06-18,,,,15.51,5,False,,False,Yahoo Finance ^GSPC,推出前回溯
1937-06-25,1937-06-21,1937-06-27,1937-06-21,1937-06-25,,,,15.52,5,False,,False,Yahoo Finance ^GSPC,推出前回溯
1937-07-02,1937-06-28,1937-07-04,1937-06-28,1937-07-02,,,,15.70,5,False,,False,Yahoo Finance ^GSPC,推出前回溯
1937-07-09,1937-07-05,1937-07-11,1937-07-06,1937-07-09,,,,16.32,4,False,,False,Yahoo Finance ^GSPC,推出前回溯
1937-07-16,1937-07-12,1937-07-18,1937-07-12,1937-07-16,,,,16.42,5,False,,False,Yahoo Finance ^GSPC,推出前回溯
1937-07-23,1937-07-19,1937-07-25,1937-07-19,1937-07-23,,,,16.94,5,False,,False,Yahoo Finance ^GSPC,推出前回溯
1937-07-30,1937-07-26,1937-08-01,1937-07-26,1937-07-30,,,,16.77,5,False,,False,Yahoo Finance ^GSPC,推出前回溯
1937-08-06,1937-08-02,1937-08-08,1937-08-02,1937-08-06,,,,16.85,5,False,,False,Yahoo Finance ^GSPC,推出前回溯
1937-08-13,1937-08-09,1937-08-15,1937-08-09,1937-08-13,,,,17.27,5,False,,False,Yahoo Finance ^GSPC,推出前回溯
1937-08-20,1937-08-16,1937-08-22,1937-08-16,1937-08-20,,,,16.49,5,False,,False,Yahoo Finance ^GSPC,推出前回溯
1937-08-27,1937-08-23,1937-08-29,1937-08-23,1937-08-27,,,,15.88,5,False,,False,Yahoo Finance ^GSPC,推出前回溯
1937-09-03,1937-08-30,1937-09-05,1937-08-30,1937-09-03,,,,15.46,5,False,,False,Yahoo Finance ^GSPC,推出前回溯
1937-09-10,1937-09-06,1937-09-12,1937-09-07,1937-09-10,,,,14.19,4,False,,False,Yahoo Finance ^GSPC,推出前回溯
1937-09-17,1937-09-13,1937-09-19,1937-09-13,1937-09-17,,,,14.57,5,False,,False,Yahoo Finance ^GSPC,推出前回溯
1937-09-24,1937-09-20,1937-09-26,1937-09-20,1937-09-24,,,,13.20,5,False,,False,Yahoo Finance ^GSPC,推出前回溯
1937-10-01,1937-09-27,1937-10-03,1937-09-27,1937-10-01,,,,13.72,5,False,,False,Yahoo Finance ^GSPC,推出前回溯
1937-10-08,1937-10-04,1937-10-10,1937-10-04,1937-10-08,,,,12.75,5,False,,False,Yahoo Finance ^GSPC,推出前回溯
1937-10-15,1937-10-11,1937-10-17,1937-10-11,1937-10-15,,,,11.84,4,False,,False,Yahoo Finance ^GSPC,推出前回溯
1937-10-22,1937-10-18,1937-10-24,1937-10-18,1937-10-22,,,,11.84,5,False,,False,Yahoo Finance ^GSPC,推出前回溯
1937-10-29,1937-10-25,1937-10-31,1937-10-25,1937-10-29,,,,12.35,5,False,,False,Yahoo Finance ^GSPC,推出前回溯
1937-11-05,1937-11-01,1937-11-07,1937-11-01,1937-11-05,,,,11.46,4,False,,False,Yahoo Finance ^GSPC,推出前回溯
1937-11-12,1937-11-08,1937-11-14,1937-11-08,1937-11-12,,,,11.91,4,False,,False,Yahoo Finance ^GSPC,推出前回溯
1937-11-19,1937-11-15,1937-11-21,1937-11-15,1937-11-19,,,,10.51,5,False,,False,Yahoo Finance ^GSPC,推出前回溯
1937-11-26,1937-11-22,1937-11-28,1937-11-22,1937-11-26,,,,10.67,4,False,,False,Yahoo Finance ^GSPC,推出前回溯
1937-12-03,1937-11-29,1937-12-05,1937-11-29,1937-12-03,,,,11.34,5,False,,False,Yahoo Finance ^GSPC,推出前回溯
1937-12-10,1937-12-06,1937-12-12,1937-12-06,1937-12-10,,,,11.10,5,False,,False,Yahoo Finance ^GSPC,推出前回溯
1937-12-17,1937-12-13,1937-12-19,1937-12-13,1937-12-17,,,,11.00,5,False,,False,Yahoo Finance ^GSPC,推出前回溯
1937-12-24,1937-12-20,1937-12-26,1937-12-20,1937-12-24,,,,11.06,5,False,,False,Yahoo Finance ^GSPC,推出前回溯
1937-12-31,1937-12-27,1938-01-02,1937-12-27,1937-12-31,,,,10.55,5,False,,False,Yahoo Finance ^GSPC,推出前回溯
1938-01-07,1938-01-03,1938-01-09,1938-01-03,1938-01-07,,,,11.32,5,False,,False,Yahoo Finance ^GSPC,推出前回溯
1938-01-14,1938-01-10,1938-01-16,1938-01-10,1938-01-14,,,,11.70,5,False,,False,Yahoo Finance ^GSPC,推出前回溯
1938-01-21,1938-01-17,1938-01-23,1938-01-17,1938-01-21,,,,11.44,5,False,,False,Yahoo Finance ^GSPC,推出前回溯
1938-01-28,1938-01-24,1938-01-30,1938-01-24,1938-01-28,,,,10.55,5,False,,False,Yahoo Finance ^GSPC,推出前回溯
1938-02-04,1938-01-31,1938-02-06,1938-01-31,1938-02-04,,,,10.54,5,False,,False,Yahoo Finance ^GSPC,推出前回溯
1938-02-11,1938-02-07,1938-02-13,1938-02-07,1938-02-11,,,,10.93,5,False,,False,Yahoo Finance ^GSPC,推出前回溯
1938-02-18,1938-02-14,1938-02-20,1938-02-14,1938-02-18,,,,11.02,5,False,,False,Yahoo Finance ^GSPC,推出前回溯
1938-02-25,1938-02-21,1938-02-27,1938-02-21,1938-02-25,,,,11.57,4,False,,False,Yahoo Finance ^GSPC,推出前回溯
1938-03-04,1938-02-28,1938-03-06,1938-02-28,1938-03-04,,,,11.13,5,False,,False,Yahoo Finance ^GSPC,推出前回溯
1938-03-11,1938-03-07,1938-03-13,1938-03-07,1938-03-11,,,,10.58,5,False,,False,Yahoo Finance ^GSPC,推出前回溯
1938-03-18,1938-03-14,1938-03-20,1938-03-14,1938-03-18,,,,10.19,5,False,,False,Yahoo Finance ^GSPC,推出前回溯
1938-03-25,1938-03-21,1938-03-27,1938-03-21,1938-03-25,,,,9.35,5,False,,False,Yahoo Finance ^GSPC,推出前回溯
1938-04-01,1938-03-28,1938-04-03,1938-03-28,1938-04-01,,,,8.91,5,False,,False,Yahoo Finance ^GSPC,推出前回溯
1938-04-08,1938-04-04,1938-04-10,1938-04-04,1938-04-08,,,,9.62,5,False,,False,Yahoo Finance ^GSPC,推出前回溯
1938-04-14,1938-04-11,1938-04-17,1938-04-11,1938-04-14,,,,10.20,4,False,,False,Yahoo Finance ^GSPC,推出前回溯
1938-04-22,1938-04-18,1938-04-24,1938-04-18,1938-04-22,,,,10.45,5,False,,False,Yahoo Finance ^GSPC,推出前回溯
1938-04-29,1938-04-25,1938-05-01,1938-04-25,1938-04-29,,,,9.78,5,False,,False,Yahoo Finance ^GSPC,推出前回溯
1938-05-06,1938-05-02,1938-05-08,1938-05-02,1938-05-06,,,,10.43,5,False,,False,Yahoo Finance ^GSPC,推出前回溯
1938-05-13,1938-05-09,1938-05-15,1938-05-09,1938-05-13,,,,10.26,5,False,,False,Yahoo Finance ^GSPC,推出前回溯
1938-05-20,1938-05-16,1938-05-22,1938-05-16,1938-05-20,,,,9.96,5,False,,False,Yahoo Finance ^GSPC,推出前回溯
1938-05-27,1938-05-23,1938-05-29,1938-05-23,1938-05-27,,,,9.28,5,False,,False,Yahoo Finance ^GSPC,推出前回溯
1938-06-03,1938-05-30,1938-06-05,1938-05-31,1938-06-03,,,,9.42,4,False,,False,Yahoo Finance ^GSPC,推出前回溯
1938-06-10,1938-06-06,1938-06-12,1938-06-06,1938-06-10,,,,9.80,5,False,,False,Yahoo Finance ^GSPC,推出前回溯
1938-06-17,1938-06-13,1938-06-19,1938-06-13,1938-06-17,,,,9.67,5,False,,False,Yahoo Finance ^GSPC,推出前回溯
1938-06-24,1938-06-20,1938-06-26,1938-06-20,1938-06-24,,,,11.15,5,False,,False,Yahoo Finance ^GSPC,推出前回溯
1938-07-01,1938-06-27,1938-07-03,1938-06-27,1938-07-01,,,,11.91,5,False,,False,Yahoo Finance ^GSPC,推出前回溯
1938-07-08,1938-07-04,1938-07-10,1938-07-05,1938-07-08,,,,11.89,4,False,,False,Yahoo Finance ^GSPC,推出前回溯
1938-07-15,1938-07-11,1938-07-17,1938-07-11,1938-07-15,,,,12.00,5,False,,False,Yahoo Finance ^GSPC,推出前回溯
1938-07-22,1938-07-18,1938-07-24,1938-07-18,1938-07-22,,,,12.55,5,False,,False,Yahoo Finance ^GSPC,推出前回溯
1938-07-29,1938-07-25,1938-07-31,1938-07-25,1938-07-29,,,,12.33,5,False,,False,Yahoo Finance ^GSPC,推出前回溯
1938-08-05,1938-08-01,1938-08-07,1938-08-01,1938-08-05,,,,12.66,5,False,,False,Yahoo Finance ^GSPC,推出前回溯
1938-08-12,1938-08-08,1938-08-14,1938-08-08,1938-08-12,,,,11.92,5,False,,False,Yahoo Finance ^GSPC,推出前回溯
1938-08-19,1938-08-15,1938-08-21,1938-08-15,1938-08-19,,,,12.31,5,False,,False,Yahoo Finance ^GSPC,推出前回溯
1938-08-26,1938-08-22,1938-08-28,1938-08-22,1938-08-26,,,,12.50,5,False,,False,Yahoo Finance ^GSPC,推出前回溯
1938-09-02,1938-08-29,1938-09-04,1938-08-29,1938-09-02,,,,12.26,5,False,,False,Yahoo Finance ^GSPC,推出前回溯
1938-09-09,1938-09-05,1938-09-11,1938-09-06,1938-09-09,,,,12.02,4,False,,False,Yahoo Finance ^GSPC,推出前回溯
1938-09-16,1938-09-12,1938-09-18,1938-09-12,1938-09-16,,,,11.43,5,False,,False,Yahoo Finance ^GSPC,推出前回溯
1938-09-23,1938-09-19,1938-09-25,1938-09-19,1938-09-23,,,,11.36,5,False,,False,Yahoo Finance ^GSPC,推出前回溯
1938-09-30,1938-09-26,1938-10-02,1938-09-26,1938-09-30,,,,12.24,5,False,,False,Yahoo Finance ^GSPC,推出前回溯
1938-10-07,1938-10-03,1938-10-09,1938-10-03,1938-10-07,,,,12.85,5,False,,False,Yahoo Finance ^GSPC,推出前回溯
1938-10-14,1938-10-10,1938-10-16,1938-10-10,1938-10-14,,,,13.15,4,False,,False,Yahoo Finance ^GSPC,推出前回溯
1938-10-21,1938-10-17,1938-10-23,1938-10-17,1938-10-21,,,,13.25,5,False,,False,Yahoo Finance ^GSPC,推出前回溯
1938-10-28,1938-10-24,1938-10-30,1938-10-24,1938-10-28,,,,13.14,5,False,,False,Yahoo Finance ^GSPC,推出前回溯
1938-11-04,1938-10-31,1938-11-06,1938-10-31,1938-11-04,,,,13.17,5,False,,False,Yahoo Finance ^GSPC,推出前回溯
1938-11-10,1938-11-07,1938-11-13,1938-11-07,1938-11-10,,,,13.70,3,False,,False,Yahoo Finance ^GSPC,推出前回溯
1938-11-18,1938-11-14,1938-11-20,1938-11-14,1938-11-18,,,,12.84,5,False,,False,Yahoo Finance ^GSPC,推出前回溯
1938-11-25,1938-11-21,1938-11-27,1938-11-21,1938-11-25,,,,12.82,4,False,,False,Yahoo Finance ^GSPC,推出前回溯
1938-12-02,1938-11-28,1938-12-04,1938-11-28,1938-12-02,,,,12.48,5,False,,False,Yahoo Finance ^GSPC,推出前回溯
1938-12-09,1938-12-05,1938-12-11,1938-12-05,1938-12-09,,,,12.32,5,False,,False,Yahoo Finance ^GSPC,推出前回溯
1938-12-16,1938-12-12,1938-12-18,1938-12-12,1938-12-16,,,,12.90,5,False,,False,Yahoo Finance ^GSPC,推出前回溯
1938-12-23,1938-12-19,1938-12-25,1938-12-19,1938-12-23,,,,12.81,5,False,,False,Yahoo Finance ^GSPC,推出前回溯
1938-12-30,1938-12-26,1939-01-01,1938-12-27,1938-12-30,,,,13.14,4,False,,False,Yahoo Finance ^GSPC,推出前回溯
1939-01-06,1939-01-02,1939-01-08,1939-01-03,1939-01-06,,,,13.07,4,False,,False,Yahoo Finance ^GSPC,推出前回溯
1939-01-13,1939-01-09,1939-01-15,1939-01-09,1939-01-13,,,,12.33,5,False,,False,Yahoo Finance ^GSPC,推出前回溯
1939-01-20,1939-01-16,1939-01-22,1939-01-16,1939-01-20,,,,12.75,5,False,,False,Yahoo Finance ^GSPC,推出前回溯
1939-01-27,1939-01-23,1939-01-29,1939-01-23,1939-01-27,,,,11.86,5,False,,False,Yahoo Finance ^GSPC,推出前回溯
1939-02-03,1939-01-30,1939-02-05,1939-01-30,1939-02-03,,,,12.30,5,False,,False,Yahoo Finance ^GSPC,推出前回溯
1939-02-10,1939-02-06,1939-02-12,1939-02-06,1939-02-10,,,,12.33,5,False,,False,Yahoo Finance ^GSPC,推出前回溯
1939-02-17,1939-02-13,1939-02-19,1939-02-14,1939-02-17,,,,12.40,4,False,,False,Yahoo Finance ^GSPC,推出前回溯
1939-02-24,1939-02-20,1939-02-26,1939-02-20,1939-02-24,,,,12.54,4,False,,False,Yahoo Finance ^GSPC,推出前回溯
1939-03-03,1939-02-27,1939-03-05,1939-02-27,1939-03-03,,,,12.86,5,False,,False,Yahoo Finance ^GSPC,推出前回溯
1939-03-10,1939-03-06,1939-03-12,1939-03-06,1939-03-10,,,,13.10,5,False,,False,Yahoo Finance ^GSPC,推出前回溯
1939-03-17,1939-03-13,1939-03-19,1939-03-13,1939-03-17,,,,12.21,5,False,,False,Yahoo Finance ^GSPC,推出前回溯
1939-03-24,1939-03-20,1939-03-26,1939-03-20,1939-03-24,,,,12.07,5,False,,False,Yahoo Finance ^GSPC,推出前回溯
1939-03-31,1939-03-27,1939-04-02,1939-03-27,1939-03-31,,,,10.98,5,False,,False,Yahoo Finance ^GSPC,推出前回溯
1939-04-06,1939-04-03,1939-04-09,1939-04-03,1939-04-06,,,,10.66,4,False,,False,Yahoo Finance ^GSPC,推出前回溯
1939-04-14,1939-04-10,1939-04-16,1939-04-10,1939-04-14,,,,10.63,5,False,,False,Yahoo Finance ^GSPC,推出前回溯
1939-04-21,1939-04-17,1939-04-23,1939-04-17,1939-04-21,,,,10.96,5,False,,False,Yahoo Finance ^GSPC,推出前回溯
1939-04-28,1939-04-24,1939-04-30,1939-04-24,1939-04-28,,,,10.93,5,False,,False,Yahoo Finance ^GSPC,推出前回溯
1939-05-05,1939-05-01,1939-05-07,1939-05-01,1939-05-05,,,,11.21,5,False,,False,Yahoo Finance ^GSPC,推出前回溯
1939-05-12,1939-05-08,1939-05-14,1939-05-08,1939-05-12,,,,11.21,5,False,,False,Yahoo Finance ^GSPC,推出前回溯
1939-05-19,1939-05-15,1939-05-21,1939-05-15,1939-05-19,,,,10.99,5,False,,False,Yahoo Finance ^GSPC,推出前回溯
1939-05-26,1939-05-22,1939-05-28,1939-05-22,1939-05-26,,,,11.49,5,False,,False,Yahoo Finance ^GSPC,推出前回溯
1939-06-02,1939-05-29,1939-06-04,1939-05-29,1939-06-02,,,,11.48,4,False,,False,Yahoo Finance ^GSPC,推出前回溯
1939-06-09,1939-06-05,1939-06-11,1939-06-05,1939-06-09,,,,11.80,5,False,,False,Yahoo Finance ^GSPC,推出前回溯
1939-06-16,1939-06-12,1939-06-18,1939-06-12,1939-06-16,,,,11.28,5,False,,False,Yahoo Finance ^GSPC,推出前回溯
1939-06-23,1939-06-19,1939-06-25,1939-06-19,1939-06-23,,,,11.50,5,False,,False,Yahoo Finance ^GSPC,推出前回溯
1939-06-30,1939-06-26,1939-07-02,1939-06-26,1939-06-30,,,,10.86,5,False,,False,Yahoo Finance ^GSPC,推出前回溯
1939-07-07,1939-07-03,1939-07-09,1939-07-03,1939-07-07,,,,11.13,4,False,,False,Yahoo Finance ^GSPC,推出前回溯
1939-07-14,1939-07-10,1939-07-16,1939-07-10,1939-07-14,,,,11.55,5,False,,False,Yahoo Finance ^GSPC,推出前回溯
1939-07-21,1939-07-17,1939-07-23,1939-07-17,1939-07-21,,,,12.09,5,False,,False,Yahoo Finance ^GSPC,推出前回溯
1939-07-28,1939-07-24,1939-07-30,1939-07-24,1939-07-28,,,,12.14,5,False,,False,Yahoo Finance ^GSPC,推出前回溯
1939-08-04,1939-07-31,1939-08-06,1939-07-31,1939-08-04,,,,11.90,5,False,,False,Yahoo Finance ^GSPC,推出前回溯
1939-08-11,1939-08-07,1939-08-13,1939-08-07,1939-08-11,,,,11.56,5,False,,False,Yahoo Finance ^GSPC,推出前回溯
1939-08-18,1939-08-14,1939-08-20,1939-08-14,1939-08-18,,,,11.33,5,False,,False,Yahoo Finance ^GSPC,推出前回溯
1939-08-25,1939-08-21,1939-08-27,1939-08-21,1939-08-25,,,,11.09,5,False,,False,Yahoo Finance ^GSPC,推出前回溯
1939-09-01,1939-08-28,1939-09-03,1939-08-28,1939-09-01,,,,11.30,5,False,,False,Yahoo Finance ^GSPC,推出前回溯
1939-09-08,1939-09-04,1939-09-10,1939-09-05,1939-09-08,,,,12.69,4,False,,False,Yahoo Finance ^GSPC,推出前回溯
1939-09-15,1939-09-11,1939-09-17,1939-09-11,1939-09-15,,,,13.07,5,False,,False,Yahoo Finance ^GSPC,推出前回溯
1939-09-22,1939-09-18,1939-09-24,1939-09-18,1939-09-22,,,,12.92,5,False,,False,Yahoo Finance ^GSPC,推出前回溯
1939-09-29,1939-09-25,1939-10-01,1939-09-25,1939-09-29,,,,12.79,5,False,,False,Yahoo Finance ^GSPC,推出前回溯
1939-10-06,1939-10-02,1939-10-08,1939-10-02,1939-10-06,,,,12.80,5,False,,False,Yahoo Finance ^GSPC,推出前回溯
1939-10-13,1939-10-09,1939-10-15,1939-10-09,1939-10-13,,,,12.74,4,False,,False,Yahoo Finance ^GSPC,推出前回溯
1939-10-20,1939-10-16,1939-10-22,1939-10-16,1939-10-20,,,,12.94,5,False,,False,Yahoo Finance ^GSPC,推出前回溯
1939-10-27,1939-10-23,1939-10-29,1939-10-23,1939-10-27,,,,13.02,5,False,,False,Yahoo Finance ^GSPC,推出前回溯
1939-11-03,1939-10-30,1939-11-05,1939-10-30,1939-11-03,,,,12.95,5,False,,False,Yahoo Finance ^GSPC,推出前回溯
1939-11-10,1939-11-06,1939-11-12,1939-11-06,1939-11-10,,,,12.64,4,False,,False,Yahoo Finance ^GSPC,推出前回溯
1939-11-17,1939-11-13,1939-11-19,1939-11-13,1939-11-17,,,,12.75,5,False,,False,Yahoo Finance ^GSPC,推出前回溯
1939-11-24,1939-11-20,1939-11-26,1939-11-20,1939-11-24,,,,12.49,4,False,,False,Yahoo Finance ^GSPC,推出前回溯
1939-12-01,1939-11-27,1939-12-03,1939-11-27,1939-12-01,,,,12.29,5,False,,False,Yahoo Finance ^GSPC,推出前回溯
1939-12-08,1939-12-04,1939-12-10,1939-12-04,1939-12-08,,,,12.36,5,False,,False,Yahoo Finance ^GSPC,推出前回溯
1939-12-15,1939-12-11,1939-12-17,1939-12-11,1939-12-15,,,,12.40,5,False,,False,Yahoo Finance ^GSPC,推出前回溯
1939-12-22,1939-12-18,1939-12-24,1939-12-18,1939-12-22,,,,12.44,5,False,,False,Yahoo Finance ^GSPC,推出前回溯
1939-12-29,1939-12-25,1939-12-31,1939-12-26,1939-12-29,,,,12.46,4,False,,False,Yahoo Finance ^GSPC,推出前回溯
1940-01-05,1940-01-01,1940-01-07,1940-01-02,1940-01-05,,,,12.66,4,False,,False,Yahoo Finance ^GSPC,推出前回溯
1940-01-12,1940-01-08,1940-01-14,1940-01-08,1940-01-12,,,,12.13,5,False,,False,Yahoo Finance ^GSPC,推出前回溯
1940-01-19,1940-01-15,1940-01-21,1940-01-15,1940-01-19,,,,12.15,5,False,,False,Yahoo Finance ^GSPC,推出前回溯
1940-01-26,1940-01-22,1940-01-28,1940-01-22,1940-01-26,,,,12.15,5,False,,False,Yahoo Finance ^GSPC,推出前回溯
1940-02-02,1940-01-29,1940-02-04,1940-01-29,1940-02-02,,,,12.06,5,False,,False,Yahoo Finance ^GSPC,推出前回溯
1940-02-09,1940-02-05,1940-02-11,1940-02-05,1940-02-09,,,,12.37,5,False,,False,Yahoo Finance ^GSPC,推出前回溯
1940-02-16,1940-02-12,1940-02-18,1940-02-13,1940-02-16,,,,12.29,4,False,,False,Yahoo Finance ^GSPC,推出前回溯
1940-02-23,1940-02-19,1940-02-25,1940-02-19,1940-02-23,,,,12.23,4,False,,False,Yahoo Finance ^GSPC,推出前回溯
1940-03-01,1940-02-26,1940-03-03,1940-02-26,1940-03-01,,,,12.06,5,False,,False,Yahoo Finance ^GSPC,推出前回溯
1940-03-08,1940-03-04,1940-03-10,1940-03-04,1940-03-08,,,,12.20,5,False,,False,Yahoo Finance ^GSPC,推出前回溯
1940-03-15,1940-03-11,1940-03-17,1940-03-11,1940-03-15,,,,12.07,5,False,,False,Yahoo Finance ^GSPC,推出前回溯
1940-03-21,1940-03-18,1940-03-24,1940-03-18,1940-03-21,,,,12.14,4,False,,False,Yahoo Finance ^GSPC,推出前回溯
1940-03-29,1940-03-25,1940-03-31,1940-03-25,1940-03-29,,,,12.18,5,False,,False,Yahoo Finance ^GSPC,推出前回溯
1940-04-05,1940-04-01,1940-04-07,1940-04-01,1940-04-05,,,,12.48,5,False,,False,Yahoo Finance ^GSPC,推出前回溯
1940-04-12,1940-04-08,1940-04-14,1940-04-08,1940-04-12,,,,12.32,5,False,,False,Yahoo Finance ^GSPC,推出前回溯
1940-04-19,1940-04-15,1940-04-21,1940-04-15,1940-04-19,,,,12.04,5,False,,False,Yahoo Finance ^GSPC,推出前回溯
1940-04-26,1940-04-22,1940-04-28,1940-04-22,1940-04-26,,,,12.08,5,False,,False,Yahoo Finance ^GSPC,推出前回溯
1940-05-03,1940-04-29,1940-05-05,1940-04-29,1940-05-03,,,,12.12,5,False,,False,Yahoo Finance ^GSPC,推出前回溯
1940-05-10,1940-05-06,1940-05-12,1940-05-06,1940-05-10,,,,11.76,5,False,,False,Yahoo Finance ^GSPC,推出前回溯
1940-05-17,1940-05-13,1940-05-19,1940-05-13,1940-05-17,,,,9.95,5,False,,False,Yahoo Finance ^GSPC,推出前回溯
1940-05-24,1940-05-20,1940-05-26,1940-05-20,1940-05-24,,,,9.16,5,False,,False,Yahoo Finance ^GSPC,推出前回溯
1940-05-31,1940-05-27,1940-06-02,1940-05-27,1940-05-31,,,,9.27,4,False,,False,Yahoo Finance ^GSPC,推出前回溯
1940-06-07,1940-06-03,1940-06-09,1940-06-03,1940-06-07,,,,9.34,5,False,,False,Yahoo Finance ^GSPC,推出前回溯
1940-06-14,1940-06-10,1940-06-16,1940-06-10,1940-06-14,,,,9.94,5,False,,False,Yahoo Finance ^GSPC,推出前回溯
1940-06-21,1940-06-17,1940-06-23,1940-06-17,1940-06-21,,,,9.91,5,False,,False,Yahoo Finance ^GSPC,推出前回溯
1940-06-28,1940-06-24,1940-06-30,1940-06-24,1940-06-28,,,,9.98,5,False,,False,Yahoo Finance ^GSPC,推出前回溯
1940-07-05,1940-07-01,1940-07-07,1940-07-01,1940-07-05,,,,9.94,4,False,,False,Yahoo Finance ^GSPC,推出前回溯
1940-07-12,1940-07-08,1940-07-14,1940-07-08,1940-07-12,,,,9.95,5,False,,False,Yahoo Finance ^GSPC,推出前回溯
1940-07-19,1940-07-15,1940-07-21,1940-07-15,1940-07-19,,,,9.97,5,False,,False,Yahoo Finance ^GSPC,推出前回溯
1940-07-26,1940-07-22,1940-07-28,1940-07-22,1940-07-26,,,,9.97,5,False,,False,Yahoo Finance ^GSPC,推出前回溯
1940-08-02,1940-07-29,1940-08-04,1940-07-29,1940-08-02,,,,10.25,5,False,,False,Yahoo Finance ^GSPC,推出前回溯
1940-08-09,1940-08-05,1940-08-11,1940-08-05,1940-08-09,,,,10.27,5,False,,False,Yahoo Finance ^GSPC,推出前回溯
1940-08-16,1940-08-12,1940-08-18,1940-08-12,1940-08-16,,,,9.84,5,False,,False,Yahoo Finance ^GSPC,推出前回溯
1940-08-23,1940-08-19,1940-08-25,1940-08-19,1940-08-23,,,,10.19,5,False,,False,Yahoo Finance ^GSPC,推出前回溯
1940-08-30,1940-08-26,1940-09-01,1940-08-26,1940-08-30,,,,10.50,5,False,,False,Yahoo Finance ^GSPC,推出前回溯
1940-09-06,1940-09-02,1940-09-08,1940-09-03,1940-09-06,,,,10.85,4,False,,False,Yahoo Finance ^GSPC,推出前回溯
1940-09-13,1940-09-09,1940-09-15,1940-09-09,1940-09-13,,,,10.31,5,False,,False,Yahoo Finance ^GSPC,推出前回溯
1940-09-20,1940-09-16,1940-09-22,1940-09-16,1940-09-20,,,,10.59,5,False,,False,Yahoo Finance ^GSPC,推出前回溯
1940-09-27,1940-09-23,1940-09-29,1940-09-23,1940-09-27,,,,10.58,5,False,,False,Yahoo Finance ^GSPC,推出前回溯
1940-10-04,1940-09-30,1940-10-06,1940-09-30,1940-10-04,,,,10.78,5,False,,False,Yahoo Finance ^GSPC,推出前回溯
1940-10-11,1940-10-07,1940-10-13,1940-10-07,1940-10-11,,,,10.58,5,False,,False,Yahoo Finance ^GSPC,推出前回溯
1940-10-18,1940-10-14,1940-10-20,1940-10-14,1940-10-18,,,,10.72,5,False,,False,Yahoo Finance ^GSPC,推出前回溯
1940-10-25,1940-10-21,1940-10-27,1940-10-21,1940-10-25,,,,10.73,5,False,,False,Yahoo Finance ^GSPC,推出前回溯
1940-11-01,1940-10-28,1940-11-03,1940-10-28,1940-11-01,,,,11.08,5,False,,False,Yahoo Finance ^GSPC,推出前回溯
1940-11-08,1940-11-04,1940-11-10,1940-11-04,1940-11-08,,,,11.23,4,False,,False,Yahoo Finance ^GSPC,推出前回溯
1940-11-15,1940-11-11,1940-11-17,1940-11-12,1940-11-15,,,,11.17,4,False,,False,Yahoo Finance ^GSPC,推出前回溯
1940-11-22,1940-11-18,1940-11-24,1940-11-18,1940-11-22,,,,10.79,4,False,,False,Yahoo Finance ^GSPC,推出前回溯
1940-11-29,1940-11-25,1940-12-01,1940-11-25,1940-11-29,,,,10.57,5,False,,False,Yahoo Finance ^GSPC,推出前回溯
1940-12-06,1940-12-02,1940-12-08,1940-12-02,1940-12-06,,,,10.53,5,False,,False,Yahoo Finance ^GSPC,推出前回溯
1940-12-13,1940-12-09,1940-12-15,1940-12-09,1940-12-13,,,,10.69,5,False,,False,Yahoo Finance ^GSPC,推出前回溯
1940-12-20,1940-12-16,1940-12-22,1940-12-16,1940-12-20,,,,10.41,5,False,,False,Yahoo Finance ^GSPC,推出前回溯
1940-12-27,1940-12-23,1940-12-29,1940-12-23,1940-12-27,,,,10.44,4,False,,False,Yahoo Finance ^GSPC,推出前回溯
1941-01-03,1940-12-30,1941-01-05,1940-12-30,1941-01-03,,,,10.72,4,False,,False,Yahoo Finance ^GSPC,推出前回溯
1941-01-10,1941-01-06,1941-01-12,1941-01-06,1941-01-10,,,,10.86,5,False,,False,Yahoo Finance ^GSPC,推出前回溯
1941-01-17,1941-01-13,1941-01-19,1941-01-13,1941-01-17,,,,10.52,5,False,,False,Yahoo Finance ^GSPC,推出前回溯
1941-01-24,1941-01-20,1941-01-26,1941-01-20,1941-01-24,,,,10.45,5,False,,False,Yahoo Finance ^GSPC,推出前回溯
1941-01-31,1941-01-27,1941-02-02,1941-01-27,1941-01-31,,,,10.07,5,False,,False,Yahoo Finance ^GSPC,推出前回溯
1941-02-07,1941-02-03,1941-02-09,1941-02-03,1941-02-07,,,,10.16,5,False,,False,Yahoo Finance ^GSPC,推出前回溯
1941-02-14,1941-02-10,1941-02-16,1941-02-10,1941-02-14,,,,9.53,4,False,,False,Yahoo Finance ^GSPC,推出前回溯
1941-02-21,1941-02-17,1941-02-23,1941-02-17,1941-02-21,,,,9.76,5,False,,False,Yahoo Finance ^GSPC,推出前回溯
1941-02-28,1941-02-24,1941-03-02,1941-02-24,1941-02-28,,,,9.92,5,False,,False,Yahoo Finance ^GSPC,推出前回溯
1941-03-07,1941-03-03,1941-03-09,1941-03-03,1941-03-07,,,,9.90,5,False,,False,Yahoo Finance ^GSPC,推出前回溯
1941-03-14,1941-03-10,1941-03-16,1941-03-10,1941-03-14,,,,9.98,5,False,,False,Yahoo Finance ^GSPC,推出前回溯
1941-03-21,1941-03-17,1941-03-23,1941-03-17,1941-03-21,,,,9.93,5,False,,False,Yahoo Finance ^GSPC,推出前回溯
1941-03-28,1941-03-24,1941-03-30,1941-03-24,1941-03-28,,,,9.94,5,False,,False,Yahoo Finance ^GSPC,推出前回溯
1941-04-04,1941-03-31,1941-04-06,1941-03-31,1941-04-04,,,,10.14,5,False,,False,Yahoo Finance ^GSPC,推出前回溯
1941-04-10,1941-04-07,1941-04-13,1941-04-07,1941-04-10,,,,9.69,4,False,,False,Yahoo Finance ^GSPC,推出前回溯
1941-04-18,1941-04-14,1941-04-20,1941-04-14,1941-04-18,,,,9.40,5,False,,False,Yahoo Finance ^GSPC,推出前回溯
1941-04-25,1941-04-21,1941-04-27,1941-04-21,1941-04-25,,,,9.40,5,False,,False,Yahoo Finance ^GSPC,推出前回溯
1941-05-02,1941-04-28,1941-05-04,1941-04-28,1941-05-02,,,,9.33,5,False,,False,Yahoo Finance ^GSPC,推出前回溯
1941-05-09,1941-05-05,1941-05-11,1941-05-05,1941-05-09,,,,9.45,5,False,,False,Yahoo Finance ^GSPC,推出前回溯
1941-05-16,1941-05-12,1941-05-18,1941-05-12,1941-05-16,,,,9.35,5,False,,False,Yahoo Finance ^GSPC,推出前回溯
1941-05-23,1941-05-19,1941-05-25,1941-05-19,1941-05-23,,,,9.44,5,False,,False,Yahoo Finance ^GSPC,推出前回溯
1941-05-29,1941-05-26,1941-06-01,1941-05-26,1941-05-29,,,,9.38,4,False,,False,Yahoo Finance ^GSPC,推出前回溯
1941-06-06,1941-06-02,1941-06-08,1941-06-02,1941-06-06,,,,9.49,5,False,,False,Yahoo Finance ^GSPC,推出前回溯
1941-06-13,1941-06-09,1941-06-15,1941-06-09,1941-06-13,,,,9.85,5,False,,False,Yahoo Finance ^GSPC,推出前回溯
1941-06-20,1941-06-16,1941-06-22,1941-06-16,1941-06-20,,,,9.76,5,False,,False,Yahoo Finance ^GSPC,推出前回溯
1941-06-27,1941-06-23,1941-06-29,1941-06-23,1941-06-27,,,,9.89,5,False,,False,Yahoo Finance ^GSPC,推出前回溯
1941-07-03,1941-06-30,1941-07-06,1941-06-30,1941-07-03,,,,9.91,4,False,,False,Yahoo Finance ^GSPC,推出前回溯
1941-07-11,1941-07-07,1941-07-13,1941-07-07,1941-07-11,,,,10.28,5,False,,False,Yahoo Finance ^GSPC,推出前回溯
1941-07-18,1941-07-14,1941-07-20,1941-07-14,1941-07-18,,,,10.25,5,False,,False,Yahoo Finance ^GSPC,推出前回溯
1941-07-25,1941-07-21,1941-07-27,1941-07-21,1941-07-25,,,,10.34,5,False,,False,Yahoo Finance ^GSPC,推出前回溯
1941-08-01,1941-07-28,1941-08-03,1941-07-28,1941-08-01,,,,10.34,5,False,,False,Yahoo Finance ^GSPC,推出前回溯
1941-08-08,1941-08-04,1941-08-10,1941-08-04,1941-08-08,,,,10.23,5,False,,False,Yahoo Finance ^GSPC,推出前回溯
1941-08-15,1941-08-11,1941-08-17,1941-08-11,1941-08-15,,,,10.03,5,False,,False,Yahoo Finance ^GSPC,推出前回溯
1941-08-22,1941-08-18,1941-08-24,1941-08-18,1941-08-22,,,,10.15,5,False,,False,Yahoo Finance ^GSPC,推出前回溯
1941-08-29,1941-08-25,1941-08-31,1941-08-25,1941-08-29,,,,10.28,5,False,,False,Yahoo Finance ^GSPC,推出前回溯
1941-09-05,1941-09-01,1941-09-07,1941-09-02,1941-09-05,,,,10.21,4,False,,False,Yahoo Finance ^GSPC,推出前回溯
1941-09-12,1941-09-08,1941-09-14,1941-09-08,1941-09-12,,,,10.23,5,False,,False,Yahoo Finance ^GSPC,推出前回溯
1941-09-19,1941-09-15,1941-09-21,1941-09-15,1941-09-19,,,,10.29,5,False,,False,Yahoo Finance ^GSPC,推出前回溯
1941-09-26,1941-09-22,1941-09-28,1941-09-22,1941-09-26,,,,10.09,5,False,,False,Yahoo Finance ^GSPC,推出前回溯
1941-10-03,1941-09-29,1941-10-05,1941-09-29,1941-10-03,,,,10.13,5,False,,False,Yahoo Finance ^GSPC,推出前回溯
1941-10-10,1941-10-06,1941-10-12,1941-10-06,1941-10-10,,,,9.84,5,False,,False,Yahoo Finance ^GSPC,推出前回溯
1941-10-17,1941-10-13,1941-10-19,1941-10-14,1941-10-17,,,,9.62,4,False,,False,Yahoo Finance ^GSPC,推出前回溯
1941-10-24,1941-10-20,1941-10-26,1941-10-20,1941-10-24,,,,9.82,5,False,,False,Yahoo Finance ^GSPC,推出前回溯
1941-10-31,1941-10-27,1941-11-02,1941-10-27,1941-10-31,,,,9.50,5,False,,False,Yahoo Finance ^GSPC,推出前回溯
1941-11-07,1941-11-03,1941-11-09,1941-11-03,1941-11-07,,,,9.55,4,False,,False,Yahoo Finance ^GSPC,推出前回溯
1941-11-14,1941-11-10,1941-11-16,1941-11-10,1941-11-14,,,,9.30,4,False,,False,Yahoo Finance ^GSPC,推出前回溯
1941-11-21,1941-11-17,1941-11-23,1941-11-17,1941-11-21,,,,9.38,4,False,,False,Yahoo Finance ^GSPC,推出前回溯
1941-11-28,1941-11-24,1941-11-30,1941-11-24,1941-11-28,,,,9.12,5,False,,False,Yahoo Finance ^GSPC,推出前回溯
1941-12-05,1941-12-01,1941-12-07,1941-12-01,1941-12-05,,,,9.32,5,False,,False,Yahoo Finance ^GSPC,推出前回溯
1941-12-12,1941-12-08,1941-12-14,1941-12-08,1941-12-12,,,,8.73,5,False,,False,Yahoo Finance ^GSPC,推出前回溯
1941-12-19,1941-12-15,1941-12-21,1941-12-15,1941-12-19,,,,8.49,5,False,,False,Yahoo Finance ^GSPC,推出前回溯
1941-12-26,1941-12-22,1941-12-28,1941-12-22,1941-12-26,,,,8.42,4,False,,False,Yahoo Finance ^GSPC,推出前回溯
1942-01-02,1941-12-29,1942-01-04,1941-12-29,1942-01-02,,,,8.89,4,False,,False,Yahoo Finance ^GSPC,推出前回溯
1942-01-09,1942-01-05,1942-01-11,1942-01-05,1942-01-09,,,,8.85,5,False,,False,Yahoo Finance ^GSPC,推出前回溯
1942-01-16,1942-01-12,1942-01-18,1942-01-12,1942-01-16,,,,8.96,5,False,,False,Yahoo Finance ^GSPC,推出前回溯
1942-01-23,1942-01-19,1942-01-25,1942-01-19,1942-01-23,,,,8.84,5,False,,False,Yahoo Finance ^GSPC,推出前回溯
1942-01-30,1942-01-26,1942-02-01,1942-01-26,1942-01-30,,,,8.85,5,False,,False,Yahoo Finance ^GSPC,推出前回溯
1942-02-06,1942-02-02,1942-02-08,1942-02-02,1942-02-06,,,,8.85,5,False,,False,Yahoo Finance ^GSPC,推出前回溯
1942-02-13,1942-02-09,1942-02-15,1942-02-09,1942-02-13,,,,8.62,4,False,,False,Yahoo Finance ^GSPC,推出前回溯
1942-02-20,1942-02-16,1942-02-22,1942-02-16,1942-02-20,,,,8.47,5,False,,False,Yahoo Finance ^GSPC,推出前回溯
1942-02-27,1942-02-23,1942-03-01,1942-02-24,1942-02-27,,,,8.59,4,False,,False,Yahoo Finance ^GSPC,推出前回溯
1942-03-06,1942-03-02,1942-03-08,1942-03-02,1942-03-06,,,,8.16,5,False,,False,Yahoo Finance ^GSPC,推出前回溯
1942-03-13,1942-03-09,1942-03-15,1942-03-09,1942-03-13,,,,8.03,5,False,,False,Yahoo Finance ^GSPC,推出前回溯
1942-03-20,1942-03-16,1942-03-22,1942-03-16,1942-03-20,,,,8.11,5,False,,False,Yahoo Finance ^GSPC,推出前回溯
1942-03-27,1942-03-23,1942-03-29,1942-03-23,1942-03-27,,,,8.05,5,False,,False,Yahoo Finance ^GSPC,推出前回溯
1942-04-02,1942-03-30,1942-04-05,1942-03-30,1942-04-02,,,,8.11,4,False,,False,Yahoo Finance ^GSPC,推出前回溯
1942-04-10,1942-04-06,1942-04-12,1942-04-06,1942-04-10,,,,7.98,5,False,,False,Yahoo Finance ^GSPC,推出前回溯
1942-04-17,1942-04-13,1942-04-19,1942-04-13,1942-04-17,,,,7.70,5,False,,False,Yahoo Finance ^GSPC,推出前回溯
1942-04-24,1942-04-20,1942-04-26,1942-04-20,1942-04-24,,,,7.55,5,False,,False,Yahoo Finance ^GSPC,推出前回溯
1942-05-01,1942-04-27,1942-05-03,1942-04-27,1942-05-01,,,,7.71,5,False,,False,Yahoo Finance ^GSPC,推出前回溯
1942-05-08,1942-05-04,1942-05-10,1942-05-04,1942-05-08,,,,7.89,5,False,,False,Yahoo Finance ^GSPC,推出前回溯
1942-05-15,1942-05-11,1942-05-17,1942-05-11,1942-05-15,,,,7.88,5,False,,False,Yahoo Finance ^GSPC,推出前回溯
1942-05-22,1942-05-18,1942-05-24,1942-05-18,1942-05-22,,,,8.01,5,False,,False,Yahoo Finance ^GSPC,推出前回溯
1942-05-29,1942-05-25,1942-05-31,1942-05-25,1942-05-29,,,,8.15,5,False,,False,Yahoo Finance ^GSPC,推出前回溯
1942-06-05,1942-06-01,1942-06-07,1942-06-01,1942-06-05,,,,8.37,5,False,,False,Yahoo Finance ^GSPC,推出前回溯
1942-06-12,1942-06-08,1942-06-14,1942-06-08,1942-06-12,,,,8.32,5,False,,False,Yahoo Finance ^GSPC,推出前回溯
1942-06-19,1942-06-15,1942-06-21,1942-06-15,1942-06-19,,,,8.40,5,False,,False,Yahoo Finance ^GSPC,推出前回溯
1942-06-26,1942-06-22,1942-06-28,1942-06-22,1942-06-26,,,,8.23,5,False,,False,Yahoo Finance ^GSPC,推出前回溯
1942-07-03,1942-06-29,1942-07-05,1942-06-29,1942-07-03,,,,8.44,5,False,,False,Yahoo Finance ^GSPC,推出前回溯
1942-07-10,1942-07-06,1942-07-12,1942-07-06,1942-07-10,,,,8.80,5,False,,False,Yahoo Finance ^GSPC,推出前回溯
1942-07-17,1942-07-13,1942-07-19,1942-07-13,1942-07-17,,,,8.72,5,False,,False,Yahoo Finance ^GSPC,推出前回溯
1942-07-24,1942-07-20,1942-07-26,1942-07-20,1942-07-24,,,,8.63,5,False,,False,Yahoo Finance ^GSPC,推出前回溯
1942-07-31,1942-07-27,1942-08-02,1942-07-27,1942-07-31,,,,8.56,5,False,,False,Yahoo Finance ^GSPC,推出前回溯
1942-08-07,1942-08-03,1942-08-09,1942-08-03,1942-08-07,,,,8.49,5,False,,False,Yahoo Finance ^GSPC,推出前回溯
1942-08-14,1942-08-10,1942-08-16,1942-08-10,1942-08-14,,,,8.58,5,False,,False,Yahoo Finance ^GSPC,推出前回溯
1942-08-21,1942-08-17,1942-08-23,1942-08-17,1942-08-21,,,,8.71,5,False,,False,Yahoo Finance ^GSPC,推出前回溯
1942-08-28,1942-08-24,1942-08-30,1942-08-24,1942-08-28,,,,8.61,5,False,,False,Yahoo Finance ^GSPC,推出前回溯
1942-09-04,1942-08-31,1942-09-06,1942-08-31,1942-09-04,,,,8.61,5,False,,False,Yahoo Finance ^GSPC,推出前回溯
1942-09-11,1942-09-07,1942-09-13,1942-09-08,1942-09-11,,,,8.54,4,False,,False,Yahoo Finance ^GSPC,推出前回溯
1942-09-18,1942-09-14,1942-09-20,1942-09-14,1942-09-18,,,,8.66,5,False,,False,Yahoo Finance ^GSPC,推出前回溯
1942-09-25,1942-09-21,1942-09-27,1942-09-21,1942-09-25,,,,8.90,5,False,,False,Yahoo Finance ^GSPC,推出前回溯
1942-10-02,1942-09-28,1942-10-04,1942-09-28,1942-10-02,,,,9.05,5,False,,False,Yahoo Finance ^GSPC,推出前回溯
1942-10-09,1942-10-05,1942-10-11,1942-10-05,1942-10-09,,,,9.34,5,False,,False,Yahoo Finance ^GSPC,推出前回溯
1942-10-16,1942-10-12,1942-10-18,1942-10-13,1942-10-16,,,,9.35,4,False,,False,Yahoo Finance ^GSPC,推出前回溯
1942-10-23,1942-10-19,1942-10-25,1942-10-19,1942-10-23,,,,9.43,5,False,,False,Yahoo Finance ^GSPC,推出前回溯
1942-10-30,1942-10-26,1942-11-01,1942-10-26,1942-10-30,,,,9.36,5,False,,False,Yahoo Finance ^GSPC,推出前回溯
1942-11-06,1942-11-02,1942-11-08,1942-11-02,1942-11-06,,,,9.58,4,False,,False,Yahoo Finance ^GSPC,推出前回溯
1942-11-13,1942-11-09,1942-11-15,1942-11-09,1942-11-13,,,,9.57,4,False,,False,Yahoo Finance ^GSPC,推出前回溯
1942-11-20,1942-11-16,1942-11-22,1942-11-16,1942-11-20,,,,9.48,5,False,,False,Yahoo Finance ^GSPC,推出前回溯
1942-11-27,1942-11-23,1942-11-29,1942-11-23,1942-11-27,,,,9.34,4,False,,False,Yahoo Finance ^GSPC,推出前回溯
1942-12-04,1942-11-30,1942-12-06,1942-11-30,1942-12-04,,,,9.34,5,False,,False,Yahoo Finance ^GSPC,推出前回溯
1942-12-11,1942-12-07,1942-12-13,1942-12-07,1942-12-11,,,,9.37,5,False,,False,Yahoo Finance ^GSPC,推出前回溯
1942-12-18,1942-12-14,1942-12-20,1942-12-14,1942-12-18,,,,9.68,5,False,,False,Yahoo Finance ^GSPC,推出前回溯
1942-12-24,1942-12-21,1942-12-27,1942-12-21,1942-12-24,,,,9.74,4,False,,False,Yahoo Finance ^GSPC,推出前回溯
1942-12-31,1942-12-28,1943-01-03,1942-12-28,1942-12-31,,,,9.77,4,False,,False,Yahoo Finance ^GSPC,推出前回溯
1943-01-08,1943-01-04,1943-01-10,1943-01-04,1943-01-08,,,,9.92,5,False,,False,Yahoo Finance ^GSPC,推出前回溯
1943-01-15,1943-01-11,1943-01-17,1943-01-11,1943-01-15,,,,10.09,5,False,,False,Yahoo Finance ^GSPC,推出前回溯
1943-01-22,1943-01-18,1943-01-24,1943-01-18,1943-01-22,,,,10.17,5,False,,False,Yahoo Finance ^GSPC,推出前回溯
1943-01-29,1943-01-25,1943-01-31,1943-01-25,1943-01-29,,,,10.44,5,False,,False,Yahoo Finance ^GSPC,推出前回溯
1943-02-05,1943-02-01,1943-02-07,1943-02-01,1943-02-05,,,,10.51,5,False,,False,Yahoo Finance ^GSPC,推出前回溯
1943-02-11,1943-02-08,1943-02-14,1943-02-08,1943-02-11,,,,10.67,4,False,,False,Yahoo Finance ^GSPC,推出前回溯
1943-02-19,1943-02-15,1943-02-21,1943-02-15,1943-02-19,,,,10.64,5,False,,False,Yahoo Finance ^GSPC,推出前回溯
1943-02-26,1943-02-22,1943-02-28,1943-02-23,1943-02-26,,,,10.97,4,False,,False,Yahoo Finance ^GSPC,推出前回溯
1943-03-05,1943-03-01,1943-03-07,1943-03-01,1943-03-05,,,,11.05,5,False,,False,Yahoo Finance ^GSPC,推出前回溯
1943-03-12,1943-03-08,1943-03-14,1943-03-08,1943-03-12,,,,11.05,5,False,,False,Yahoo Finance ^GSPC,推出前回溯
1943-03-19,1943-03-15,1943-03-21,1943-03-15,1943-03-19,,,,10.88,5,False,,False,Yahoo Finance ^GSPC,推出前回溯
1943-03-26,1943-03-22,1943-03-28,1943-03-22,1943-03-26,,,,11.30,5,False,,False,Yahoo Finance ^GSPC,推出前回溯
1943-04-02,1943-03-29,1943-04-04,1943-03-29,1943-04-02,,,,11.56,5,False,,False,Yahoo Finance ^GSPC,推出前回溯
1943-04-09,1943-04-05,1943-04-11,1943-04-05,1943-04-09,,,,11.14,5,False,,False,Yahoo Finance ^GSPC,推出前回溯
1943-04-16,1943-04-12,1943-04-18,1943-04-12,1943-04-16,,,,11.33,5,False,,False,Yahoo Finance ^GSPC,推出前回溯
1943-04-22,1943-04-19,1943-04-25,1943-04-19,1943-04-22,,,,11.48,4,False,,False,Yahoo Finance ^GSPC,推出前回溯
1943-04-30,1943-04-26,1943-05-02,1943-04-26,1943-04-30,,,,11.59,5,False,,False,Yahoo Finance ^GSPC,推出前回溯
1943-05-07,1943-05-03,1943-05-09,1943-05-03,1943-05-07,,,,11.81,5,False,,False,Yahoo Finance ^GSPC,推出前回溯
1943-05-14,1943-05-10,1943-05-16,1943-05-10,1943-05-14,,,,11.70,5,False,,False,Yahoo Finance ^GSPC,推出前回溯
1943-05-21,1943-05-17,1943-05-23,1943-05-17,1943-05-21,,,,11.90,5,False,,False,Yahoo Finance ^GSPC,推出前回溯
1943-05-28,1943-05-24,1943-05-30,1943-05-24,1943-05-28,,,,12.05,5,False,,False,Yahoo Finance ^GSPC,推出前回溯
1943-06-04,1943-05-31,1943-06-06,1943-06-01,1943-06-04,,,,12.18,4,False,,False,Yahoo Finance ^GSPC,推出前回溯
1943-06-11,1943-06-07,1943-06-13,1943-06-07,1943-06-11,,,,12.08,5,False,,False,Yahoo Finance ^GSPC,推出前回溯
1943-06-18,1943-06-14,1943-06-20,1943-06-14,1943-06-18,,,,11.96,5,False,,False,Yahoo Finance ^GSPC,推出前回溯
1943-06-25,1943-06-21,1943-06-27,1943-06-21,1943-06-25,,,,12.21,5,False,,False,Yahoo Finance ^GSPC,推出前回溯
1943-07-02,1943-06-28,1943-07-04,1943-06-28,1943-07-02,,,,12.35,5,False,,False,Yahoo Finance ^GSPC,推出前回溯
1943-07-09,1943-07-05,1943-07-11,1943-07-06,1943-07-09,,,,12.41,4,False,,False,Yahoo Finance ^GSPC,推出前回溯
1943-07-16,1943-07-12,1943-07-18,1943-07-12,1943-07-16,,,,12.54,5,False,,False,Yahoo Finance ^GSPC,推出前回溯
1943-07-23,1943-07-19,1943-07-25,1943-07-19,1943-07-23,,,,12.51,5,False,,False,Yahoo Finance ^GSPC,推出前回溯
1943-07-30,1943-07-26,1943-08-01,1943-07-26,1943-07-30,,,,11.85,5,False,,False,Yahoo Finance ^GSPC,推出前回溯
1943-08-06,1943-08-02,1943-08-08,1943-08-02,1943-08-06,,,,11.63,5,False,,False,Yahoo Finance ^GSPC,推出前回溯
1943-08-13,1943-08-09,1943-08-15,1943-08-09,1943-08-13,,,,11.84,5,False,,False,Yahoo Finance ^GSPC,推出前回溯
1943-08-20,1943-08-16,1943-08-22,1943-08-16,1943-08-20,,,,11.81,5,False,,False,Yahoo Finance ^GSPC,推出前回溯
1943-08-27,1943-08-23,1943-08-29,1943-08-23,1943-08-27,,,,11.67,5,False,,False,Yahoo Finance ^GSPC,推出前回溯
1943-09-03,1943-08-30,1943-09-05,1943-08-30,1943-09-03,,,,11.82,5,False,,False,Yahoo Finance ^GSPC,推出前回溯
1943-09-10,1943-09-06,1943-09-12,1943-09-07,1943-09-10,,,,11.93,4,False,,False,Yahoo Finance ^GSPC,推出前回溯
1943-09-17,1943-09-13,1943-09-19,1943-09-13,1943-09-17,,,,12.10,5,False,,False,Yahoo Finance ^GSPC,推出前回溯
1943-09-24,1943-09-20,1943-09-26,1943-09-20,1943-09-24,,,,12.10,5,False,,False,Yahoo Finance ^GSPC,推出前回溯
1943-10-01,1943-09-27,1943-10-03,1943-09-27,1943-10-01,,,,12.09,5,False,,False,Yahoo Finance ^GSPC,推出前回溯
1943-10-08,1943-10-04,1943-10-10,1943-10-04,1943-10-08,,,,11.72,5,False,,False,Yahoo Finance ^GSPC,推出前回溯
1943-10-15,1943-10-11,1943-10-17,1943-10-11,1943-10-15,,,,11.83,4,False,,False,Yahoo Finance ^GSPC,推出前回溯
1943-10-22,1943-10-18,1943-10-24,1943-10-18,1943-10-22,,,,11.89,5,False,,False,Yahoo Finance ^GSPC,推出前回溯
1943-10-29,1943-10-25,1943-10-31,1943-10-25,1943-10-29,,,,11.91,5,False,,False,Yahoo Finance ^GSPC,推出前回溯
1943-11-05,1943-11-01,1943-11-07,1943-11-01,1943-11-05,,,,11.59,4,False,,False,Yahoo Finance ^GSPC,推出前回溯
1943-11-12,1943-11-08,1943-11-14,1943-11-08,1943-11-12,,,,11.29,4,False,,False,Yahoo Finance ^GSPC,推出前回溯
1943-11-19,1943-11-15,1943-11-21,1943-11-15,1943-11-19,,,,11.30,5,False,,False,Yahoo Finance ^GSPC,推出前回溯
1943-11-26,1943-11-22,1943-11-28,1943-11-22,1943-11-26,,,,11.15,4,False,,False,Yahoo Finance ^GSPC,推出前回溯
1943-12-03,1943-11-29,1943-12-05,1943-11-29,1943-12-03,,,,11.23,5,False,,False,Yahoo Finance ^GSPC,推出前回溯
1943-12-10,1943-12-06,1943-12-12,1943-12-06,1943-12-10,,,,11.49,5,False,,False,Yahoo Finance ^GSPC,推出前回溯
1943-12-17,1943-12-13,1943-12-19,1943-12-13,1943-12-17,,,,11.56,5,False,,False,Yahoo Finance ^GSPC,推出前回溯
1943-12-24,1943-12-20,1943-12-26,1943-12-20,1943-12-24,,,,11.61,5,False,,False,Yahoo Finance ^GSPC,推出前回溯
1943-12-31,1943-12-27,1944-01-02,1943-12-27,1943-12-31,,,,11.67,5,False,,False,Yahoo Finance ^GSPC,推出前回溯
1944-01-07,1944-01-03,1944-01-09,1944-01-03,1944-01-07,,,,11.87,5,False,,False,Yahoo Finance ^GSPC,推出前回溯
1944-01-14,1944-01-10,1944-01-16,1944-01-10,1944-01-14,,,,11.86,5,False,,False,Yahoo Finance ^GSPC,推出前回溯
1944-01-21,1944-01-17,1944-01-23,1944-01-17,1944-01-21,,,,11.90,5,False,,False,Yahoo Finance ^GSPC,推出前回溯
1944-01-28,1944-01-24,1944-01-30,1944-01-24,1944-01-28,,,,11.81,5,False,,False,Yahoo Finance ^GSPC,推出前回溯
1944-02-04,1944-01-31,1944-02-06,1944-01-31,1944-02-04,,,,11.60,5,False,,False,Yahoo Finance ^GSPC,推出前回溯
1944-02-11,1944-02-07,1944-02-13,1944-02-07,1944-02-11,,,,11.74,5,False,,False,Yahoo Finance ^GSPC,推出前回溯
1944-02-18,1944-02-14,1944-02-20,1944-02-14,1944-02-18,,,,11.78,5,False,,False,Yahoo Finance ^GSPC,推出前回溯
1944-02-25,1944-02-21,1944-02-27,1944-02-21,1944-02-25,,,,11.80,4,False,,False,Yahoo Finance ^GSPC,推出前回溯
1944-03-03,1944-02-28,1944-03-05,1944-02-28,1944-03-03,,,,11.90,5,False,,False,Yahoo Finance ^GSPC,推出前回溯
1944-03-10,1944-03-06,1944-03-12,1944-03-06,1944-03-10,,,,12.10,5,False,,False,Yahoo Finance ^GSPC,推出前回溯
1944-03-17,1944-03-13,1944-03-19,1944-03-13,1944-03-17,,,,12.31,5,False,,False,Yahoo Finance ^GSPC,推出前回溯
1944-03-24,1944-03-20,1944-03-26,1944-03-20,1944-03-24,,,,12.13,5,False,,False,Yahoo Finance ^GSPC,推出前回溯
1944-03-31,1944-03-27,1944-04-02,1944-03-27,1944-03-31,,,,12.02,5,False,,False,Yahoo Finance ^GSPC,推出前回溯
1944-04-06,1944-04-03,1944-04-09,1944-04-03,1944-04-06,,,,12.04,4,False,,False,Yahoo Finance ^GSPC,推出前回溯
1944-04-14,1944-04-10,1944-04-16,1944-04-10,1944-04-14,,,,11.95,5,False,,False,Yahoo Finance ^GSPC,推出前回溯
1944-04-21,1944-04-17,1944-04-23,1944-04-17,1944-04-21,,,,11.80,5,False,,False,Yahoo Finance ^GSPC,推出前回溯
1944-04-28,1944-04-24,1944-04-30,1944-04-24,1944-04-28,,,,11.87,5,False,,False,Yahoo Finance ^GSPC,推出前回溯
1944-05-05,1944-05-01,1944-05-07,1944-05-01,1944-05-05,,,,12.08,5,False,,False,Yahoo Finance ^GSPC,推出前回溯
1944-05-12,1944-05-08,1944-05-14,1944-05-08,1944-05-12,,,,12.00,5,False,,False,Yahoo Finance ^GSPC,推出前回溯
1944-05-19,1944-05-15,1944-05-21,1944-05-15,1944-05-19,,,,12.12,5,False,,False,Yahoo Finance ^GSPC,推出前回溯
1944-05-26,1944-05-22,1944-05-28,1944-05-22,1944-05-26,,,,12.22,5,False,,False,Yahoo Finance ^GSPC,推出前回溯
1944-06-02,1944-05-29,1944-06-04,1944-05-29,1944-06-02,,,,12.30,4,False,,False,Yahoo Finance ^GSPC,推出前回溯
1944-06-09,1944-06-05,1944-06-11,1944-06-05,1944-06-09,,,,12.27,5,False,,False,Yahoo Finance ^GSPC,推出前回溯
1944-06-16,1944-06-12,1944-06-18,1944-06-12,1944-06-16,,,,12.82,5,False,,False,Yahoo Finance ^GSPC,推出前回溯
1944-06-23,1944-06-19,1944-06-25,1944-06-19,1944-06-23,,,,12.90,5,False,,False,Yahoo Finance ^GSPC,推出前回溯
1944-06-30,1944-06-26,1944-07-02,1944-06-26,1944-06-30,,,,12.98,5,False,,False,Yahoo Finance ^GSPC,推出前回溯
1944-07-07,1944-07-03,1944-07-09,1944-07-03,1944-07-07,,,,13.16,4,False,,False,Yahoo Finance ^GSPC,推出前回溯
1944-07-14,1944-07-10,1944-07-16,1944-07-10,1944-07-14,,,,13.23,5,False,,False,Yahoo Finance ^GSPC,推出前回溯
1944-07-21,1944-07-17,1944-07-23,1944-07-17,1944-07-21,,,,12.78,5,False,,False,Yahoo Finance ^GSPC,推出前回溯
1944-07-28,1944-07-24,1944-07-30,1944-07-24,1944-07-28,,,,12.70,5,False,,False,Yahoo Finance ^GSPC,推出前回溯
1944-08-04,1944-07-31,1944-08-06,1944-07-31,1944-08-04,,,,12.61,5,False,,False,Yahoo Finance ^GSPC,推出前回溯
1944-08-11,1944-08-07,1944-08-13,1944-08-07,1944-08-11,,,,12.83,5,False,,False,Yahoo Finance ^GSPC,推出前回溯
1944-08-18,1944-08-14,1944-08-20,1944-08-14,1944-08-18,,,,13.04,5,False,,False,Yahoo Finance ^GSPC,推出前回溯
1944-08-25,1944-08-21,1944-08-27,1944-08-21,1944-08-25,,,,12.80,5,False,,False,Yahoo Finance ^GSPC,推出前回溯
1944-09-01,1944-08-28,1944-09-03,1944-08-28,1944-09-01,,,,12.86,5,False,,False,Yahoo Finance ^GSPC,推出前回溯
1944-09-08,1944-09-04,1944-09-10,1944-09-05,1944-09-08,,,,12.41,4,False,,False,Yahoo Finance ^GSPC,推出前回溯
1944-09-15,1944-09-11,1944-09-17,1944-09-11,1944-09-15,,,,12.45,5,False,,False,Yahoo Finance ^GSPC,推出前回溯
1944-09-22,1944-09-18,1944-09-24,1944-09-18,1944-09-22,,,,12.65,5,False,,False,Yahoo Finance ^GSPC,推出前回溯
1944-09-29,1944-09-25,1944-10-01,1944-09-25,1944-09-29,,,,12.74,5,False,,False,Yahoo Finance ^GSPC,推出前回溯
1944-10-06,1944-10-02,1944-10-08,1944-10-02,1944-10-06,,,,12.97,5,False,,False,Yahoo Finance ^GSPC,推出前回溯
1944-10-13,1944-10-09,1944-10-15,1944-10-09,1944-10-13,,,,13.02,4,False,,False,Yahoo Finance ^GSPC,推出前回溯
1944-10-20,1944-10-16,1944-10-22,1944-10-16,1944-10-20,,,,13.02,5,False,,False,Yahoo Finance ^GSPC,推出前回溯
1944-10-27,1944-10-23,1944-10-29,1944-10-23,1944-10-27,,,,12.75,5,False,,False,Yahoo Finance ^GSPC,推出前回溯
1944-11-03,1944-10-30,1944-11-05,1944-10-30,1944-11-03,,,,12.89,5,False,,False,Yahoo Finance ^GSPC,推出前回溯
1944-11-10,1944-11-06,1944-11-12,1944-11-06,1944-11-10,,,,12.98,4,False,,False,Yahoo Finance ^GSPC,推出前回溯
1944-11-17,1944-11-13,1944-11-19,1944-11-13,1944-11-17,,,,12.67,5,False,,False,Yahoo Finance ^GSPC,推出前回溯
1944-11-24,1944-11-20,1944-11-26,1944-11-20,1944-11-24,,,,12.75,4,False,,False,Yahoo Finance ^GSPC,推出前回溯
1944-12-01,1944-11-27,1944-12-03,1944-11-27,1944-12-01,,,,12.80,5,False,,False,Yahoo Finance ^GSPC,推出前回溯
1944-12-08,1944-12-04,1944-12-10,1944-12-04,1944-12-08,,,,13.09,5,False,,False,Yahoo Finance ^GSPC,推出前回溯
1944-12-15,1944-12-11,1944-12-17,1944-12-11,1944-12-15,,,,13.27,5,False,,False,Yahoo Finance ^GSPC,推出前回溯
1944-12-22,1944-12-18,1944-12-24,1944-12-18,1944-12-22,,,,13.12,5,False,,False,Yahoo Finance ^GSPC,推出前回溯
1944-12-29,1944-12-25,1944-12-31,1944-12-26,1944-12-29,,,,13.28,4,False,,False,Yahoo Finance ^GSPC,推出前回溯
1945-01-05,1945-01-01,1945-01-07,1945-01-02,1945-01-05,,,,13.46,4,False,,False,Yahoo Finance ^GSPC,推出前回溯
1945-01-12,1945-01-08,1945-01-14,1945-01-08,1945-01-12,,,,13.64,5,False,,False,Yahoo Finance ^GSPC,推出前回溯
1945-01-19,1945-01-15,1945-01-21,1945-01-15,1945-01-19,,,,13.44,5,False,,False,Yahoo Finance ^GSPC,推出前回溯
1945-01-26,1945-01-22,1945-01-28,1945-01-22,1945-01-26,,,,13.46,5,False,,False,Yahoo Finance ^GSPC,推出前回溯
1945-02-02,1945-01-29,1945-02-04,1945-01-29,1945-02-02,,,,13.60,5,False,,False,Yahoo Finance ^GSPC,推出前回溯
1945-02-09,1945-02-05,1945-02-11,1945-02-05,1945-02-09,,,,13.68,5,False,,False,Yahoo Finance ^GSPC,推出前回溯
1945-02-16,1945-02-12,1945-02-18,1945-02-13,1945-02-16,,,,14.05,4,False,,False,Yahoo Finance ^GSPC,推出前回溯
1945-02-23,1945-02-19,1945-02-25,1945-02-19,1945-02-23,,,,14.16,4,False,,False,Yahoo Finance ^GSPC,推出前回溯
1945-03-02,1945-02-26,1945-03-04,1945-02-26,1945-03-02,,,,14.23,5,False,,False,Yahoo Finance ^GSPC,推出前回溯
1945-03-09,1945-03-05,1945-03-11,1945-03-05,1945-03-09,,,,13.82,5,False,,False,Yahoo Finance ^GSPC,推出前回溯
1945-03-16,1945-03-12,1945-03-18,1945-03-12,1945-03-16,,,,14.09,5,False,,False,Yahoo Finance ^GSPC,推出前回溯
1945-03-23,1945-03-19,1945-03-25,1945-03-19,1945-03-23,,,,13.74,5,False,,False,Yahoo Finance ^GSPC,推出前回溯
1945-03-29,1945-03-26,1945-04-01,1945-03-26,1945-03-29,,,,13.61,4,False,,False,Yahoo Finance ^GSPC,推出前回溯
1945-04-06,1945-04-02,1945-04-08,1945-04-02,1945-04-06,,,,13.77,5,False,,False,Yahoo Finance ^GSPC,推出前回溯
1945-04-13,1945-04-09,1945-04-15,1945-04-09,1945-04-13,,,,14.20,5,False,,False,Yahoo Finance ^GSPC,推出前回溯
1945-04-20,1945-04-16,1945-04-22,1945-04-16,1945-04-20,,,,14.49,5,False,,False,Yahoo Finance ^GSPC,推出前回溯
1945-04-27,1945-04-23,1945-04-29,1945-04-23,1945-04-27,,,,14.70,5,False,,False,Yahoo Finance ^GSPC,推出前回溯
1945-05-04,1945-04-30,1945-05-06,1945-04-30,1945-05-04,,,,14.92,5,False,,False,Yahoo Finance ^GSPC,推出前回溯
1945-05-11,1945-05-07,1945-05-13,1945-05-07,1945-05-11,,,,14.62,5,False,,False,Yahoo Finance ^GSPC,推出前回溯
1945-05-18,1945-05-14,1945-05-20,1945-05-14,1945-05-18,,,,14.87,5,False,,False,Yahoo Finance ^GSPC,推出前回溯
1945-05-25,1945-05-21,1945-05-27,1945-05-21,1945-05-25,,,,14.79,5,False,,False,Yahoo Finance ^GSPC,推出前回溯
1945-06-01,1945-05-28,1945-06-03,1945-05-28,1945-06-01,,,,15.03,4,False,,False,Yahoo Finance ^GSPC,推出前回溯
1945-06-08,1945-06-04,1945-06-10,1945-06-04,1945-06-08,,,,14.93,5,False,,False,Yahoo Finance ^GSPC,推出前回溯
1945-06-15,1945-06-11,1945-06-17,1945-06-11,1945-06-15,,,,15.10,5,False,,False,Yahoo Finance ^GSPC,推出前回溯
1945-06-22,1945-06-18,1945-06-24,1945-06-18,1945-06-22,,,,15.28,5,False,,False,Yahoo Finance ^GSPC,推出前回溯
1945-06-29,1945-06-25,1945-07-01,1945-06-25,1945-06-29,,,,14.87,5,False,,False,Yahoo Finance ^GSPC,推出前回溯
1945-07-06,1945-07-02,1945-07-08,1945-07-02,1945-07-06,,,,14.91,4,False,,False,Yahoo Finance ^GSPC,推出前回溯
1945-07-13,1945-07-09,1945-07-15,1945-07-09,1945-07-13,,,,15.05,5,False,,False,Yahoo Finance ^GSPC,推出前回溯
1945-07-20,1945-07-16,1945-07-22,1945-07-16,1945-07-20,,,,14.66,5,False,,False,Yahoo Finance ^GSPC,推出前回溯
1945-07-27,1945-07-23,1945-07-29,1945-07-23,1945-07-27,,,,14.45,5,False,,False,Yahoo Finance ^GSPC,推出前回溯
1945-08-03,1945-07-30,1945-08-05,1945-07-30,1945-08-03,,,,14.68,5,False,,False,Yahoo Finance ^GSPC,推出前回溯
1945-08-10,1945-08-06,1945-08-12,1945-08-06,1945-08-10,,,,14.78,5,False,,False,Yahoo Finance ^GSPC,推出前回溯
1945-08-17,1945-08-13,1945-08-19,1945-08-13,1945-08-17,,,,14.62,3,False,,False,Yahoo Finance ^GSPC,推出前回溯
1945-08-24,1945-08-20,1945-08-26,1945-08-20,1945-08-24,,,,15.05,5,False,,False,Yahoo Finance ^GSPC,推出前回溯
1945-08-31,1945-08-27,1945-09-02,1945-08-27,1945-08-31,,,,15.51,5,False,,False,Yahoo Finance ^GSPC,推出前回溯
1945-09-07,1945-09-03,1945-09-09,1945-09-04,1945-09-07,,,,15.73,4,False,,False,Yahoo Finance ^GSPC,推出前回溯
1945-09-14,1945-09-10,1945-09-16,1945-09-10,1945-09-14,,,,15.86,5,False,,False,Yahoo Finance ^GSPC,推出前回溯
1945-09-21,1945-09-17,1945-09-23,1945-09-17,1945-09-21,,,,15.95,5,False,,False,Yahoo Finance ^GSPC,推出前回溯
1945-09-28,1945-09-24,1945-09-30,1945-09-24,1945-09-28,,,,16.05,5,False,,False,Yahoo Finance ^GSPC,推出前回溯
1945-10-05,1945-10-01,1945-10-07,1945-10-01,1945-10-05,,,,16.38,5,False,,False,Yahoo Finance ^GSPC,推出前回溯
1945-10-11,1945-10-08,1945-10-14,1945-10-08,1945-10-11,,,,16.58,4,False,,False,Yahoo Finance ^GSPC,推出前回溯
1945-10-19,1945-10-15,1945-10-21,1945-10-15,1945-10-19,,,,16.59,5,False,,False,Yahoo Finance ^GSPC,推出前回溯
1945-10-26,1945-10-22,1945-10-28,1945-10-22,1945-10-26,,,,16.49,5,False,,False,Yahoo Finance ^GSPC,推出前回溯
1945-11-02,1945-10-29,1945-11-04,1945-10-29,1945-11-02,,,,16.86,5,False,,False,Yahoo Finance ^GSPC,推出前回溯
1945-11-09,1945-11-05,1945-11-11,1945-11-05,1945-11-09,,,,17.10,4,False,,False,Yahoo Finance ^GSPC,推出前回溯
1945-11-16,1945-11-12,1945-11-18,1945-11-13,1945-11-16,,,,17.00,4,False,,False,Yahoo Finance ^GSPC,推出前回溯
1945-11-23,1945-11-19,1945-11-25,1945-11-19,1945-11-23,,,,16.85,4,False,,False,Yahoo Finance ^GSPC,推出前回溯
1945-11-30,1945-11-26,1945-12-02,1945-11-26,1945-11-30,,,,17.19,5,False,,False,Yahoo Finance ^GSPC,推出前回溯
1945-12-07,1945-12-03,1945-12-09,1945-12-03,1945-12-07,,,,17.54,5,False,,False,Yahoo Finance ^GSPC,推出前回溯
1945-12-14,1945-12-10,1945-12-16,1945-12-10,1945-12-14,,,,17.31,5,False,,False,Yahoo Finance ^GSPC,推出前回溯
1945-12-21,1945-12-17,1945-12-23,1945-12-17,1945-12-21,,,,16.98,5,False,,False,Yahoo Finance ^GSPC,推出前回溯
1945-12-28,1945-12-24,1945-12-30,1945-12-26,1945-12-28,,,,17.31,3,False,,False,Yahoo Finance ^GSPC,推出前回溯
1946-01-04,1945-12-31,1946-01-06,1945-12-31,1946-01-04,,,,17.23,4,False,,False,Yahoo Finance ^GSPC,推出前回溯
1946-01-11,1946-01-07,1946-01-13,1946-01-07,1946-01-11,,,,18.13,5,False,,False,Yahoo Finance ^GSPC,推出前回溯
1946-01-18,1946-01-14,1946-01-20,1946-01-14,1946-01-18,,,,18.30,5,False,,False,Yahoo Finance ^GSPC,推出前回溯
1946-01-25,1946-01-21,1946-01-27,1946-01-21,1946-01-25,,,,18.09,5,False,,False,Yahoo Finance ^GSPC,推出前回溯
1946-02-01,1946-01-28,1946-02-03,1946-01-28,1946-02-01,,,,18.64,5,False,,False,Yahoo Finance ^GSPC,推出前回溯
1946-02-08,1946-02-04,1946-02-10,1946-02-04,1946-02-08,,,,18.55,5,False,,False,Yahoo Finance ^GSPC,推出前回溯
1946-02-15,1946-02-11,1946-02-17,1946-02-11,1946-02-15,,,,18.44,4,False,,False,Yahoo Finance ^GSPC,推出前回溯
1946-02-21,1946-02-18,1946-02-24,1946-02-18,1946-02-21,,,,17.72,4,False,,False,Yahoo Finance ^GSPC,推出前回溯
1946-03-01,1946-02-25,1946-03-03,1946-02-25,1946-03-01,,,,17.21,5,False,,False,Yahoo Finance ^GSPC,推出前回溯
1946-03-08,1946-03-04,1946-03-10,1946-03-04,1946-03-08,,,,17.49,5,False,,False,Yahoo Finance ^GSPC,推出前回溯
1946-03-15,1946-03-11,1946-03-17,1946-03-11,1946-03-15,,,,17.28,5,False,,False,Yahoo Finance ^GSPC,推出前回溯
1946-03-22,1946-03-18,1946-03-24,1946-03-18,1946-03-22,,,,17.70,5,False,,False,Yahoo Finance ^GSPC,推出前回溯
1946-03-29,1946-03-25,1946-03-31,1946-03-25,1946-03-29,,,,18.04,5,False,,False,Yahoo Finance ^GSPC,推出前回溯
1946-04-05,1946-04-01,1946-04-07,1946-04-01,1946-04-05,,,,18.54,5,False,,False,Yahoo Finance ^GSPC,推出前回溯
1946-04-12,1946-04-08,1946-04-14,1946-04-08,1946-04-12,,,,18.77,5,False,,False,Yahoo Finance ^GSPC,推出前回溯
1946-04-18,1946-04-15,1946-04-21,1946-04-15,1946-04-18,,,,18.90,4,False,,False,Yahoo Finance ^GSPC,推出前回溯
1946-04-26,1946-04-22,1946-04-28,1946-04-22,1946-04-26,,,,18.58,5,False,,False,Yahoo Finance ^GSPC,推出前回溯
1946-05-03,1946-04-29,1946-05-05,1946-04-29,1946-05-03,,,,18.46,5,False,,False,Yahoo Finance ^GSPC,推出前回溯
1946-05-10,1946-05-06,1946-05-12,1946-05-06,1946-05-10,,,,18.74,5,False,,False,Yahoo Finance ^GSPC,推出前回溯
1946-05-17,1946-05-13,1946-05-19,1946-05-13,1946-05-17,,,,18.60,5,False,,False,Yahoo Finance ^GSPC,推出前回溯
1946-05-24,1946-05-20,1946-05-26,1946-05-20,1946-05-24,,,,18.78,5,False,,False,Yahoo Finance ^GSPC,推出前回溯
1946-05-31,1946-05-27,1946-06-02,1946-05-27,1946-05-31,,,,19.18,4,False,,False,Yahoo Finance ^GSPC,推出前回溯
1946-06-07,1946-06-03,1946-06-09,1946-06-03,1946-06-07,,,,18.82,5,False,,False,Yahoo Finance ^GSPC,推出前回溯
1946-06-14,1946-06-10,1946-06-16,1946-06-10,1946-06-14,,,,18.79,5,False,,False,Yahoo Finance ^GSPC,推出前回溯
1946-06-21,1946-06-17,1946-06-23,1946-06-17,1946-06-21,,,,18.23,5,False,,False,Yahoo Finance ^GSPC,推出前回溯
1946-06-28,1946-06-24,1946-06-30,1946-06-24,1946-06-28,,,,18.43,5,False,,False,Yahoo Finance ^GSPC,推出前回溯
1946-07-05,1946-07-01,1946-07-07,1946-07-01,1946-07-05,,,,18.43,4,False,,False,Yahoo Finance ^GSPC,推出前回溯
1946-07-12,1946-07-08,1946-07-14,1946-07-08,1946-07-12,,,,18.27,5,False,,False,Yahoo Finance ^GSPC,推出前回溯
1946-07-19,1946-07-15,1946-07-21,1946-07-15,1946-07-19,,,,17.98,5,False,,False,Yahoo Finance ^GSPC,推出前回溯
1946-07-26,1946-07-22,1946-07-28,1946-07-22,1946-07-26,,,,17.60,5,False,,False,Yahoo Finance ^GSPC,推出前回溯
1946-08-02,1946-07-29,1946-08-04,1946-07-29,1946-08-02,,,,18.02,5,False,,False,Yahoo Finance ^GSPC,推出前回溯
1946-08-09,1946-08-05,1946-08-11,1946-08-05,1946-08-09,,,,18.05,5,False,,False,Yahoo Finance ^GSPC,推出前回溯
1946-08-16,1946-08-12,1946-08-18,1946-08-12,1946-08-16,,,,17.84,5,False,,False,Yahoo Finance ^GSPC,推出前回溯
1946-08-23,1946-08-19,1946-08-25,1946-08-19,1946-08-23,,,,17.58,5,False,,False,Yahoo Finance ^GSPC,推出前回溯
1946-08-30,1946-08-26,1946-09-01,1946-08-26,1946-08-30,,,,16.65,5,False,,False,Yahoo Finance ^GSPC,推出前回溯
1946-09-06,1946-09-02,1946-09-08,1946-09-03,1946-09-06,,,,15.84,4,False,,False,Yahoo Finance ^GSPC,推出前回溯
1946-09-13,1946-09-09,1946-09-15,1946-09-09,1946-09-13,,,,15.31,5,False,,False,Yahoo Finance ^GSPC,推出前回溯
1946-09-20,1946-09-16,1946-09-22,1946-09-16,1946-09-20,,,,14.69,5,False,,False,Yahoo Finance ^GSPC,推出前回溯
1946-09-27,1946-09-23,1946-09-29,1946-09-23,1946-09-27,,,,15.11,5,False,,False,Yahoo Finance ^GSPC,推出前回溯
1946-10-04,1946-09-30,1946-10-06,1946-09-30,1946-10-04,,,,14.81,5,False,,False,Yahoo Finance ^GSPC,推出前回溯
1946-10-11,1946-10-07,1946-10-13,1946-10-07,1946-10-11,,,,14.63,5,False,,False,Yahoo Finance ^GSPC,推出前回溯
1946-10-18,1946-10-14,1946-10-20,1946-10-14,1946-10-18,,,,14.97,5,False,,False,Yahoo Finance ^GSPC,推出前回溯
1946-10-25,1946-10-21,1946-10-27,1946-10-21,1946-10-25,,,,14.70,5,False,,False,Yahoo Finance ^GSPC,推出前回溯
1946-11-01,1946-10-28,1946-11-03,1946-10-28,1946-11-01,,,,15.07,5,False,,False,Yahoo Finance ^GSPC,推出前回溯
1946-11-08,1946-11-04,1946-11-10,1946-11-04,1946-11-08,,,,14.85,4,False,,False,Yahoo Finance ^GSPC,推出前回溯
1946-11-15,1946-11-11,1946-11-17,1946-11-12,1946-11-15,,,,14.73,4,False,,False,Yahoo Finance ^GSPC,推出前回溯
1946-11-22,1946-11-18,1946-11-24,1946-11-18,1946-11-22,,,,14.13,5,False,,False,Yahoo Finance ^GSPC,推出前回溯
1946-11-29,1946-11-25,1946-12-01,1946-11-25,1946-11-29,,,,14.68,4,False,,False,Yahoo Finance ^GSPC,推出前回溯
1946-12-06,1946-12-02,1946-12-08,1946-12-02,1946-12-06,,,,14.70,5,False,,False,Yahoo Finance ^GSPC,推出前回溯
1946-12-13,1946-12-09,1946-12-15,1946-12-09,1946-12-13,,,,15.17,5,False,,False,Yahoo Finance ^GSPC,推出前回溯
1946-12-20,1946-12-16,1946-12-22,1946-12-16,1946-12-20,,,,15.50,5,False,,False,Yahoo Finance ^GSPC,推出前回溯
1946-12-27,1946-12-23,1946-12-29,1946-12-23,1946-12-27,,,,15.19,4,False,,False,Yahoo Finance ^GSPC,推出前回溯
1947-01-03,1946-12-30,1947-01-05,1946-12-30,1947-01-03,,,,15.26,4,False,,False,Yahoo Finance ^GSPC,推出前回溯
1947-01-10,1947-01-06,1947-01-12,1947-01-06,1947-01-10,,,,15.24,5,False,,False,Yahoo Finance ^GSPC,推出前回溯
1947-01-17,1947-01-13,1947-01-19,1947-01-13,1947-01-17,,,,15.07,5,False,,False,Yahoo Finance ^GSPC,推出前回溯
1947-01-24,1947-01-20,1947-01-26,1947-01-20,1947-01-24,,,,15.21,5,False,,False,Yahoo Finance ^GSPC,推出前回溯
1947-01-31,1947-01-27,1947-02-02,1947-01-27,1947-01-31,,,,15.66,5,False,,False,Yahoo Finance ^GSPC,推出前回溯
1947-02-07,1947-02-03,1947-02-09,1947-02-03,1947-02-07,,,,16.12,5,False,,False,Yahoo Finance ^GSPC,推出前回溯
1947-02-14,1947-02-10,1947-02-16,1947-02-10,1947-02-14,,,,15.86,4,False,,False,Yahoo Finance ^GSPC,推出前回溯
1947-02-21,1947-02-17,1947-02-23,1947-02-17,1947-02-21,,,,15.80,5,False,,False,Yahoo Finance ^GSPC,推出前回溯
1947-02-28,1947-02-24,1947-03-02,1947-02-24,1947-02-28,,,,15.43,5,False,,False,Yahoo Finance ^GSPC,推出前回溯
1947-03-07,1947-03-03,1947-03-09,1947-03-03,1947-03-07,,,,15.16,5,False,,False,Yahoo Finance ^GSPC,推出前回溯
1947-03-14,1947-03-10,1947-03-16,1947-03-10,1947-03-14,,,,14.78,5,False,,False,Yahoo Finance ^GSPC,推出前回溯
1947-03-21,1947-03-17,1947-03-23,1947-03-17,1947-03-21,,,,15.25,5,False,,False,Yahoo Finance ^GSPC,推出前回溯
1947-03-28,1947-03-24,1947-03-30,1947-03-24,1947-03-28,,,,15.33,5,False,,False,Yahoo Finance ^GSPC,推出前回溯
1947-04-03,1947-03-31,1947-04-06,1947-03-31,1947-04-03,,,,15.18,4,False,,False,Yahoo Finance ^GSPC,推出前回溯
1947-04-11,1947-04-07,1947-04-13,1947-04-07,1947-04-11,,,,14.72,5,False,,False,Yahoo Finance ^GSPC,推出前回溯
1947-04-18,1947-04-14,1947-04-20,1947-04-14,1947-04-18,,,,14.09,5,False,,False,Yahoo Finance ^GSPC,推出前回溯
1947-04-25,1947-04-21,1947-04-27,1947-04-21,1947-04-25,,,,14.39,5,False,,False,Yahoo Finance ^GSPC,推出前回溯
1947-05-02,1947-04-28,1947-05-04,1947-04-28,1947-05-02,,,,14.79,5,False,,False,Yahoo Finance ^GSPC,推出前回溯
1947-05-09,1947-05-05,1947-05-11,1947-05-05,1947-05-09,,,,14.63,5,False,,False,Yahoo Finance ^GSPC,推出前回溯
1947-05-16,1947-05-12,1947-05-18,1947-05-12,1947-05-16,,,,13.96,5,False,,False,Yahoo Finance ^GSPC,推出前回溯
1947-05-23,1947-05-19,1947-05-25,1947-05-19,1947-05-23,,,,14.00,5,False,,False,Yahoo Finance ^GSPC,推出前回溯
1947-05-29,1947-05-26,1947-06-01,1947-05-26,1947-05-29,,,,14.45,4,False,,False,Yahoo Finance ^GSPC,推出前回溯
1947-06-06,1947-06-02,1947-06-08,1947-06-02,1947-06-06,,,,14.50,5,False,,False,Yahoo Finance ^GSPC,推出前回溯
1947-06-13,1947-06-09,1947-06-15,1947-06-09,1947-06-13,,,,14.98,5,False,,False,Yahoo Finance ^GSPC,推出前回溯
1947-06-20,1947-06-16,1947-06-22,1947-06-16,1947-06-20,,,,15.16,5,False,,False,Yahoo Finance ^GSPC,推出前回溯
1947-06-27,1947-06-23,1947-06-29,1947-06-23,1947-06-27,,,,15.12,5,False,,False,Yahoo Finance ^GSPC,推出前回溯
1947-07-03,1947-06-30,1947-07-06,1947-06-30,1947-07-03,,,,15.60,4,False,,False,Yahoo Finance ^GSPC,推出前回溯
1947-07-11,1947-07-07,1947-07-13,1947-07-07,1947-07-11,,,,15.87,5,False,,False,Yahoo Finance ^GSPC,推出前回溯
1947-07-18,1947-07-14,1947-07-20,1947-07-14,1947-07-18,,,,15.85,5,False,,False,Yahoo Finance ^GSPC,推出前回溯
1947-07-25,1947-07-21,1947-07-27,1947-07-21,1947-07-25,,,,16.08,5,False,,False,Yahoo Finance ^GSPC,推出前回溯
1947-08-01,1947-07-28,1947-08-03,1947-07-28,1947-08-01,,,,15.80,5,False,,False,Yahoo Finance ^GSPC,推出前回溯
1947-08-08,1947-08-04,1947-08-10,1947-08-04,1947-08-08,,,,15.43,5,False,,False,Yahoo Finance ^GSPC,推出前回溯
1947-08-15,1947-08-11,1947-08-17,1947-08-11,1947-08-15,,,,15.58,5,False,,False,Yahoo Finance ^GSPC,推出前回溯
1947-08-22,1947-08-18,1947-08-24,1947-08-18,1947-08-22,,,,15.45,5,False,,False,Yahoo Finance ^GSPC,推出前回溯
1947-08-29,1947-08-25,1947-08-31,1947-08-25,1947-08-29,,,,15.32,5,False,,False,Yahoo Finance ^GSPC,推出前回溯
1947-09-05,1947-09-01,1947-09-07,1947-09-02,1947-09-05,,,,15.10,4,False,,False,Yahoo Finance ^GSPC,推出前回溯
1947-09-12,1947-09-08,1947-09-14,1947-09-08,1947-09-12,,,,14.99,5,False,,False,Yahoo Finance ^GSPC,推出前回溯
1947-09-19,1947-09-15,1947-09-21,1947-09-15,1947-09-19,,,,15.20,5,False,,False,Yahoo Finance ^GSPC,推出前回溯
1947-09-26,1947-09-22,1947-09-28,1947-09-22,1947-09-26,,,,14.85,5,False,,False,Yahoo Finance ^GSPC,推出前回溯
1947-10-03,1947-09-29,1947-10-05,1947-09-29,1947-10-03,,,,15.24,5,False,,False,Yahoo Finance ^GSPC,推出前回溯
1947-10-10,1947-10-06,1947-10-12,1947-10-06,1947-10-10,,,,15.29,5,False,,False,Yahoo Finance ^GSPC,推出前回溯
1947-10-17,1947-10-13,1947-10-19,1947-10-14,1947-10-17,,,,15.58,4,False,,False,Yahoo Finance ^GSPC,推出前回溯
1947-10-24,1947-10-20,1947-10-26,1947-10-20,1947-10-24,,,,15.50,5,False,,False,Yahoo Finance ^GSPC,推出前回溯
1947-10-31,1947-10-27,1947-11-02,1947-10-27,1947-10-31,,,,15.43,5,False,,False,Yahoo Finance ^GSPC,推出前回溯
1947-11-07,1947-11-03,1947-11-09,1947-11-03,1947-11-07,,,,15.31,4,False,,False,Yahoo Finance ^GSPC,推出前回溯
1947-11-14,1947-11-10,1947-11-16,1947-11-10,1947-11-14,,,,15.19,4,False,,False,Yahoo Finance ^GSPC,推出前回溯
1947-11-21,1947-11-17,1947-11-23,1947-11-17,1947-11-21,,,,15.33,5,False,,False,Yahoo Finance ^GSPC,推出前回溯
1947-11-28,1947-11-24,1947-11-30,1947-11-24,1947-11-28,,,,14.98,4,False,,False,Yahoo Finance ^GSPC,推出前回溯
1947-12-05,1947-12-01,1947-12-07,1947-12-01,1947-12-05,,,,14.63,5,False,,False,Yahoo Finance ^GSPC,推出前回溯
1947-12-12,1947-12-08,1947-12-14,1947-12-08,1947-12-12,,,,14.94,5,False,,False,Yahoo Finance ^GSPC,推出前回溯
1947-12-19,1947-12-15,1947-12-21,1947-12-15,1947-12-19,,,,15.12,5,False,,False,Yahoo Finance ^GSPC,推出前回溯
1947-12-26,1947-12-22,1947-12-28,1947-12-22,1947-12-26,,,,15.12,4,False,,False,Yahoo Finance ^GSPC,推出前回溯
1948-01-02,1947-12-29,1948-01-04,1947-12-29,1948-01-02,,,,15.34,4,False,,False,Yahoo Finance ^GSPC,推出前回溯
1948-01-09,1948-01-05,1948-01-11,1948-01-05,1948-01-09,,,,15.23,5,False,,False,Yahoo Finance ^GSPC,推出前回溯
1948-01-16,1948-01-12,1948-01-18,1948-01-12,1948-01-16,,,,14.87,5,False,,False,Yahoo Finance ^GSPC,推出前回溯
1948-01-23,1948-01-19,1948-01-25,1948-01-19,1948-01-23,,,,14.35,5,False,,False,Yahoo Finance ^GSPC,推出前回溯
1948-01-30,1948-01-26,1948-02-01,1948-01-26,1948-01-30,,,,14.68,5,False,,False,Yahoo Finance ^GSPC,推出前回溯
1948-02-06,1948-02-02,1948-02-08,1948-02-02,1948-02-06,,,,14.19,5,False,,False,Yahoo Finance ^GSPC,推出前回溯
1948-02-13,1948-02-09,1948-02-15,1948-02-09,1948-02-13,,,,13.85,4,False,,False,Yahoo Finance ^GSPC,推出前回溯
1948-02-20,1948-02-16,1948-02-22,1948-02-16,1948-02-20,,,,13.96,5,False,,False,Yahoo Finance ^GSPC,推出前回溯
1948-02-27,1948-02-23,1948-02-29,1948-02-24,1948-02-27,,,,13.93,4,False,,False,Yahoo Finance ^GSPC,推出前回溯
1948-03-05,1948-03-01,1948-03-07,1948-03-01,1948-03-05,,,,14.11,5,False,,False,Yahoo Finance ^GSPC,推出前回溯
1948-03-12,1948-03-08,1948-03-14,1948-03-08,1948-03-12,,,,13.99,5,False,,False,Yahoo Finance ^GSPC,推出前回溯
1948-03-19,1948-03-15,1948-03-21,1948-03-15,1948-03-19,,,,14.32,5,False,,False,Yahoo Finance ^GSPC,推出前回溯
1948-03-25,1948-03-22,1948-03-28,1948-03-22,1948-03-25,,,,14.75,4,False,,False,Yahoo Finance ^GSPC,推出前回溯
1948-04-02,1948-03-29,1948-04-04,1948-03-29,1948-04-02,,,,15.15,5,False,,False,Yahoo Finance ^GSPC,推出前回溯
1948-04-09,1948-04-05,1948-04-11,1948-04-05,1948-04-09,,,,15.29,5,False,,False,Yahoo Finance ^GSPC,推出前回溯
1948-04-16,1948-04-12,1948-04-18,1948-04-12,1948-04-16,,,,15.43,5,False,,False,Yahoo Finance ^GSPC,推出前回溯
1948-04-23,1948-04-19,1948-04-25,1948-04-19,1948-04-23,,,,15.78,5,False,,False,Yahoo Finance ^GSPC,推出前回溯
1948-04-30,1948-04-26,1948-05-02,1948-04-26,1948-04-30,,,,15.48,5,False,,False,Yahoo Finance ^GSPC,推出前回溯
1948-05-07,1948-05-03,1948-05-09,1948-05-03,1948-05-07,,,,15.72,5,False,,False,Yahoo Finance ^GSPC,推出前回溯
1948-05-14,1948-05-10,1948-05-16,1948-05-10,1948-05-14,,,,16.39,5,False,,False,Yahoo Finance ^GSPC,推出前回溯
1948-05-21,1948-05-17,1948-05-23,1948-05-17,1948-05-21,,,,16.50,5,False,,False,Yahoo Finance ^GSPC,推出前回溯
1948-05-28,1948-05-24,1948-05-30,1948-05-24,1948-05-28,,,,16.69,5,False,,False,Yahoo Finance ^GSPC,推出前回溯
1948-06-04,1948-05-31,1948-06-06,1948-06-01,1948-06-04,,,,16.59,4,False,,False,Yahoo Finance ^GSPC,推出前回溯
1948-06-11,1948-06-07,1948-06-13,1948-06-07,1948-06-11,,,,16.95,5,False,,False,Yahoo Finance ^GSPC,推出前回溯
1948-06-18,1948-06-14,1948-06-20,1948-06-14,1948-06-18,,,,16.96,5,False,,False,Yahoo Finance ^GSPC,推出前回溯
1948-06-25,1948-06-21,1948-06-27,1948-06-21,1948-06-25,,,,16.83,5,False,,False,Yahoo Finance ^GSPC,推出前回溯
1948-07-02,1948-06-28,1948-07-04,1948-06-28,1948-07-02,,,,16.85,5,False,,False,Yahoo Finance ^GSPC,推出前回溯
1948-07-09,1948-07-05,1948-07-11,1948-07-06,1948-07-09,,,,16.92,4,False,,False,Yahoo Finance ^GSPC,推出前回溯
1948-07-16,1948-07-12,1948-07-18,1948-07-12,1948-07-16,,,,16.25,5,False,,False,Yahoo Finance ^GSPC,推出前回溯
1948-07-23,1948-07-19,1948-07-25,1948-07-19,1948-07-23,,,,16.27,5,False,,False,Yahoo Finance ^GSPC,推出前回溯
1948-07-30,1948-07-26,1948-08-01,1948-07-26,1948-07-30,,,,15.85,5,False,,False,Yahoo Finance ^GSPC,推出前回溯
1948-08-06,1948-08-02,1948-08-08,1948-08-02,1948-08-06,,,,16.12,5,False,,False,Yahoo Finance ^GSPC,推出前回溯
1948-08-13,1948-08-09,1948-08-15,1948-08-09,1948-08-13,,,,15.70,5,False,,False,Yahoo Finance ^GSPC,推出前回溯
1948-08-20,1948-08-16,1948-08-22,1948-08-16,1948-08-20,,,,16.15,5,False,,False,Yahoo Finance ^GSPC,推出前回溯
1948-08-27,1948-08-23,1948-08-29,1948-08-23,1948-08-27,,,,16.11,5,False,,False,Yahoo Finance ^GSPC,推出前回溯
1948-09-03,1948-08-30,1948-09-05,1948-08-30,1948-09-03,,,,16.27,5,False,,False,Yahoo Finance ^GSPC,推出前回溯
1948-09-10,1948-09-06,1948-09-12,1948-09-07,1948-09-10,,,,15.83,4,False,,False,Yahoo Finance ^GSPC,推出前回溯
1948-09-17,1948-09-13,1948-09-19,1948-09-13,1948-09-17,,,,15.73,5,False,,False,Yahoo Finance ^GSPC,推出前回溯
1948-09-24,1948-09-20,1948-09-26,1948-09-20,1948-09-24,,,,15.60,5,False,,False,Yahoo Finance ^GSPC,推出前回溯
1948-10-01,1948-09-27,1948-10-03,1948-09-27,1948-10-01,,,,15.67,5,False,,False,Yahoo Finance ^GSPC,推出前回溯
1948-10-08,1948-10-04,1948-10-10,1948-10-04,1948-10-08,,,,15.90,5,False,,False,Yahoo Finance ^GSPC,推出前回溯
1948-10-15,1948-10-11,1948-10-17,1948-10-11,1948-10-15,,,,16.12,4,False,,False,Yahoo Finance ^GSPC,推出前回溯
1948-10-22,1948-10-18,1948-10-24,1948-10-18,1948-10-22,,,,16.61,5,False,,False,Yahoo Finance ^GSPC,推出前回溯
1948-10-29,1948-10-25,1948-10-31,1948-10-25,1948-10-29,,,,16.50,5,False,,False,Yahoo Finance ^GSPC,推出前回溯
1948-11-05,1948-11-01,1948-11-07,1948-11-01,1948-11-05,,,,15.43,4,False,,False,Yahoo Finance ^GSPC,推出前回溯
1948-11-12,1948-11-08,1948-11-14,1948-11-08,1948-11-12,,,,15.04,4,False,,False,Yahoo Finance ^GSPC,推出前回溯
1948-11-19,1948-11-15,1948-11-21,1948-11-15,1948-11-19,,,,15.31,5,False,,False,Yahoo Finance ^GSPC,推出前回溯
1948-11-26,1948-11-22,1948-11-28,1948-11-22,1948-11-26,,,,14.91,4,False,,False,Yahoo Finance ^GSPC,推出前回溯
1948-12-03,1948-11-29,1948-12-05,1948-11-29,1948-12-03,,,,15.13,5,False,,False,Yahoo Finance ^GSPC,推出前回溯
1948-12-10,1948-12-06,1948-12-12,1948-12-06,1948-12-10,,,,15.22,5,False,,False,Yahoo Finance ^GSPC,推出前回溯
1948-12-17,1948-12-13,1948-12-19,1948-12-13,1948-12-17,,,,15.20,5,False,,False,Yahoo Finance ^GSPC,推出前回溯
1948-12-24,1948-12-20,1948-12-26,1948-12-20,1948-12-24,,,,15.25,5,False,,False,Yahoo Finance ^GSPC,推出前回溯
1948-12-31,1948-12-27,1949-01-02,1948-12-27,1948-12-31,,,,15.20,5,False,,False,Yahoo Finance ^GSPC,推出前回溯
1949-01-07,1949-01-03,1949-01-09,1949-01-03,1949-01-07,,,,15.61,5,False,,False,Yahoo Finance ^GSPC,推出前回溯
1949-01-14,1949-01-10,1949-01-16,1949-01-10,1949-01-14,,,,15.24,5,False,,False,Yahoo Finance ^GSPC,推出前回溯
1949-01-21,1949-01-17,1949-01-23,1949-01-17,1949-01-21,,,,15.47,5,False,,False,Yahoo Finance ^GSPC,推出前回溯
1949-01-28,1949-01-24,1949-01-30,1949-01-24,1949-01-28,,,,15.20,5,False,,False,Yahoo Finance ^GSPC,推出前回溯
1949-02-04,1949-01-31,1949-02-06,1949-01-31,1949-02-04,,,,15.09,5,False,,False,Yahoo Finance ^GSPC,推出前回溯
1949-02-11,1949-02-07,1949-02-13,1949-02-07,1949-02-11,,,,14.56,5,False,,False,Yahoo Finance ^GSPC,推出前回溯
1949-02-18,1949-02-14,1949-02-20,1949-02-14,1949-02-18,,,,14.79,5,False,,False,Yahoo Finance ^GSPC,推出前回溯
1949-02-25,1949-02-21,1949-02-27,1949-02-21,1949-02-25,,,,14.38,4,False,,False,Yahoo Finance ^GSPC,推出前回溯
1949-03-04,1949-02-28,1949-03-06,1949-02-28,1949-03-04,,,,14.67,5,False,,False,Yahoo Finance ^GSPC,推出前回溯
1949-03-11,1949-03-07,1949-03-13,1949-03-07,1949-03-11,,,,15.02,5,False,,False,Yahoo Finance ^GSPC,推出前回溯
1949-03-18,1949-03-14,1949-03-20,1949-03-14,1949-03-18,,,,14.94,5,False,,False,Yahoo Finance ^GSPC,推出前回溯
1949-03-25,1949-03-21,1949-03-27,1949-03-21,1949-03-25,,,,14.89,5,False,,False,Yahoo Finance ^GSPC,推出前回溯
1949-04-01,1949-03-28,1949-04-03,1949-03-28,1949-04-01,,,,14.94,5,False,,False,Yahoo Finance ^GSPC,推出前回溯
1949-04-08,1949-04-04,1949-04-10,1949-04-04,1949-04-08,,,,14.97,5,False,,False,Yahoo Finance ^GSPC,推出前回溯
1949-04-14,1949-04-11,1949-04-17,1949-04-11,1949-04-14,,,,14.99,4,False,,False,Yahoo Finance ^GSPC,推出前回溯
1949-04-22,1949-04-18,1949-04-24,1949-04-18,1949-04-22,,,,14.70,5,False,,False,Yahoo Finance ^GSPC,推出前回溯
1949-04-29,1949-04-25,1949-05-01,1949-04-25,1949-04-29,,,,14.71,5,False,,False,Yahoo Finance ^GSPC,推出前回溯
1949-05-06,1949-05-02,1949-05-08,1949-05-02,1949-05-06,,,,14.92,5,False,,False,Yahoo Finance ^GSPC,推出前回溯
1949-05-13,1949-05-09,1949-05-15,1949-05-09,1949-05-13,,,,14.88,5,False,,False,Yahoo Finance ^GSPC,推出前回溯
1949-05-20,1949-05-16,1949-05-22,1949-05-16,1949-05-20,,,,14.73,5,False,,False,Yahoo Finance ^GSPC,推出前回溯
1949-05-27,1949-05-23,1949-05-29,1949-05-23,1949-05-27,,,,14.51,5,False,,False,Yahoo Finance ^GSPC,推出前回溯
1949-06-03,1949-05-30,1949-06-05,1949-05-31,1949-06-03,,,,14.05,4,False,,False,Yahoo Finance ^GSPC,推出前回溯
1949-06-10,1949-06-06,1949-06-12,1949-06-06,1949-06-10,,,,13.81,5,False,,False,Yahoo Finance ^GSPC,推出前回溯
1949-06-17,1949-06-13,1949-06-19,1949-06-13,1949-06-17,,,,13.87,5,False,,False,Yahoo Finance ^GSPC,推出前回溯
1949-06-24,1949-06-20,1949-06-26,1949-06-20,1949-06-24,,,,14.13,5,False,,False,Yahoo Finance ^GSPC,推出前回溯
1949-07-01,1949-06-27,1949-07-03,1949-06-27,1949-07-01,,,,14.26,5,False,,False,Yahoo Finance ^GSPC,推出前回溯
1949-07-08,1949-07-04,1949-07-10,1949-07-05,1949-07-08,,,,14.51,4,False,,False,Yahoo Finance ^GSPC,推出前回溯
1949-07-15,1949-07-11,1949-07-17,1949-07-11,1949-07-15,,,,14.76,5,False,,False,Yahoo Finance ^GSPC,推出前回溯
1949-07-22,1949-07-18,1949-07-24,1949-07-18,1949-07-22,,,,14.89,5,False,,False,Yahoo Finance ^GSPC,推出前回溯
1949-07-29,1949-07-25,1949-07-31,1949-07-25,1949-07-29,,,,15.04,5,False,,False,Yahoo Finance ^GSPC,推出前回溯
1949-08-05,1949-08-01,1949-08-07,1949-08-01,1949-08-05,,,,15.35,5,False,,False,Yahoo Finance ^GSPC,推出前回溯
1949-08-12,1949-08-08,1949-08-14,1949-08-08,1949-08-12,,,,15.32,5,False,,False,Yahoo Finance ^GSPC,推出前回溯
1949-08-19,1949-08-15,1949-08-21,1949-08-15,1949-08-19,,,,15.41,5,False,,False,Yahoo Finance ^GSPC,推出前回溯
1949-08-26,1949-08-22,1949-08-28,1949-08-22,1949-08-26,,,,15.28,5,False,,False,Yahoo Finance ^GSPC,推出前回溯
1949-09-02,1949-08-29,1949-09-04,1949-08-29,1949-09-02,,,,15.29,5,False,,False,Yahoo Finance ^GSPC,推出前回溯
1949-09-09,1949-09-05,1949-09-11,1949-09-06,1949-09-09,,,,15.40,4,False,,False,Yahoo Finance ^GSPC,推出前回溯
1949-09-16,1949-09-12,1949-09-18,1949-09-12,1949-09-16,,,,15.66,5,False,,False,Yahoo Finance ^GSPC,推出前回溯
1949-09-23,1949-09-19,1949-09-25,1949-09-19,1949-09-23,,,,15.57,5,False,,False,Yahoo Finance ^GSPC,推出前回溯
1949-09-30,1949-09-26,1949-10-02,1949-09-26,1949-09-30,,,,15.58,5,False,,False,Yahoo Finance ^GSPC,推出前回溯
1949-10-07,1949-10-03,1949-10-09,1949-10-03,1949-10-07,,,,15.85,5,False,,False,Yahoo Finance ^GSPC,推出前回溯
1949-10-14,1949-10-10,1949-10-16,1949-10-10,1949-10-14,,,,15.91,4,False,,False,Yahoo Finance ^GSPC,推出前回溯
1949-10-21,1949-10-17,1949-10-23,1949-10-17,1949-10-21,,,,15.85,5,False,,False,Yahoo Finance ^GSPC,推出前回溯
1949-10-28,1949-10-24,1949-10-30,1949-10-24,1949-10-28,,,,16.08,5,False,,False,Yahoo Finance ^GSPC,推出前回溯
1949-11-04,1949-10-31,1949-11-06,1949-10-31,1949-11-04,,,,16.21,5,False,,False,Yahoo Finance ^GSPC,推出前回溯
1949-11-10,1949-11-07,1949-11-13,1949-11-07,1949-11-10,,,,16.14,3,False,,False,Yahoo Finance ^GSPC,推出前回溯
1949-11-18,1949-11-14,1949-11-20,1949-11-14,1949-11-18,,,,16.14,5,False,,False,Yahoo Finance ^GSPC,推出前回溯
1949-11-25,1949-11-21,1949-11-27,1949-11-21,1949-11-25,,,,16.10,4,False,,False,Yahoo Finance ^GSPC,推出前回溯
1949-12-02,1949-11-28,1949-12-04,1949-11-28,1949-12-02,,,,16.28,5,False,,False,Yahoo Finance ^GSPC,推出前回溯
1949-12-09,1949-12-05,1949-12-11,1949-12-05,1949-12-09,,,,16.42,5,False,,False,Yahoo Finance ^GSPC,推出前回溯
1949-12-16,1949-12-12,1949-12-18,1949-12-12,1949-12-16,,,,16.66,5,False,,False,Yahoo Finance ^GSPC,推出前回溯
1949-12-23,1949-12-19,1949-12-25,1949-12-19,1949-12-23,,,,16.64,5,False,,False,Yahoo Finance ^GSPC,推出前回溯
1949-12-30,1949-12-26,1950-01-01,1949-12-27,1949-12-30,,,,16.79,4,False,,False,Yahoo Finance ^GSPC,推出前回溯
1950-01-06,1950-01-02,1950-01-08,1950-01-03,1950-01-06,,,,16.98,4,False,,False,Yahoo Finance ^GSPC,推出前回溯
1950-01-13,1950-01-09,1950-01-15,1950-01-09,1950-01-13,,,,16.67,5,False,,False,Yahoo Finance ^GSPC,推出前回溯
1950-01-20,1950-01-16,1950-01-22,1950-01-16,1950-01-20,,,,16.90,5,False,,False,Yahoo Finance ^GSPC,推出前回溯
1950-01-27,1950-01-23,1950-01-29,1950-01-23,1950-01-27,,,,16.82,5,False,,False,Yahoo Finance ^GSPC,推出前回溯
1950-02-03,1950-01-30,1950-02-05,1950-01-30,1950-02-03,,,,17.29,5,False,,False,Yahoo Finance ^GSPC,推出前回溯
1950-02-10,1950-02-06,1950-02-12,1950-02-06,1950-02-10,,,,17.24,5,False,,False,Yahoo Finance ^GSPC,推出前回溯
1950-02-17,1950-02-13,1950-02-19,1950-02-14,1950-02-17,,,,17.15,4,False,,False,Yahoo Finance ^GSPC,推出前回溯
1950-02-24,1950-02-20,1950-02-26,1950-02-20,1950-02-24,,,,17.28,4,False,,False,Yahoo Finance ^GSPC,推出前回溯
1950-03-03,1950-02-27,1950-03-05,1950-02-27,1950-03-03,,,,17.29,5,False,,False,Yahoo Finance ^GSPC,推出前回溯
1950-03-10,1950-03-06,1950-03-12,1950-03-06,1950-03-10,,,,17.09,5,False,,False,Yahoo Finance ^GSPC,推出前回溯
1950-03-17,1950-03-13,1950-03-19,1950-03-13,1950-03-17,,,,17.45,5,False,,False,Yahoo Finance ^GSPC,推出前回溯
1950-03-24,1950-03-20,1950-03-26,1950-03-20,1950-03-24,,,,17.56,5,False,,False,Yahoo Finance ^GSPC,推出前回溯
1950-03-31,1950-03-27,1950-04-02,1950-03-27,1950-03-31,,,,17.29,5,False,,False,Yahoo Finance ^GSPC,推出前回溯
1950-04-06,1950-04-03,1950-04-09,1950-04-03,1950-04-06,,,,17.78,4,False,,False,Yahoo Finance ^GSPC,推出前回溯
1950-04-14,1950-04-10,1950-04-16,1950-04-10,1950-04-14,,,,17.96,5,False,,False,Yahoo Finance ^GSPC,推出前回溯
1950-04-21,1950-04-17,1950-04-23,1950-04-17,1950-04-21,,,,17.96,5,False,,False,Yahoo Finance ^GSPC,推出前回溯
1950-04-28,1950-04-24,1950-04-30,1950-04-24,1950-04-28,,,,17.96,5,False,,False,Yahoo Finance ^GSPC,推出前回溯
1950-05-05,1950-05-01,1950-05-07,1950-05-01,1950-05-05,,,,18.22,5,False,,False,Yahoo Finance ^GSPC,推出前回溯
1950-05-12,1950-05-08,1950-05-14,1950-05-08,1950-05-12,,,,18.18,5,False,,False,Yahoo Finance ^GSPC,推出前回溯
1950-05-19,1950-05-15,1950-05-21,1950-05-15,1950-05-19,,,,18.68,5,False,,False,Yahoo Finance ^GSPC,推出前回溯
1950-05-26,1950-05-22,1950-05-28,1950-05-22,1950-05-26,,,,18.67,5,False,,False,Yahoo Finance ^GSPC,推出前回溯
1950-06-02,1950-05-29,1950-06-04,1950-05-29,1950-06-02,,,,18.79,4,False,,False,Yahoo Finance ^GSPC,推出前回溯
1950-06-09,1950-06-05,1950-06-11,1950-06-05,1950-06-09,,,,19.26,5,False,,False,Yahoo Finance ^GSPC,推出前回溯
1950-06-16,1950-06-12,1950-06-18,1950-06-12,1950-06-16,,,,18.97,5,False,,False,Yahoo Finance ^GSPC,推出前回溯
1950-06-23,1950-06-19,1950-06-25,1950-06-19,1950-06-23,,,,19.14,5,False,,False,Yahoo Finance ^GSPC,推出前回溯
1950-06-30,1950-06-26,1950-07-02,1950-06-26,1950-06-30,,,,17.69,5,False,,False,Yahoo Finance ^GSPC,推出前回溯
1950-07-07,1950-07-03,1950-07-09,1950-07-03,1950-07-07,,,,17.67,4,False,,False,Yahoo Finance ^GSPC,推出前回溯
1950-07-14,1950-07-10,1950-07-16,1950-07-10,1950-07-14,,,,16.87,5,False,,False,Yahoo Finance ^GSPC,推出前回溯
1950-07-21,1950-07-17,1950-07-23,1950-07-17,1950-07-21,,,,17.59,5,False,,False,Yahoo Finance ^GSPC,推出前回溯
1950-07-28,1950-07-24,1950-07-30,1950-07-24,1950-07-28,,,,17.69,5,False,,False,Yahoo Finance ^GSPC,推出前回溯
1950-08-04,1950-07-31,1950-08-06,1950-07-31,1950-08-04,,,,18.14,5,False,,False,Yahoo Finance ^GSPC,推出前回溯
1950-08-11,1950-08-07,1950-08-13,1950-08-07,1950-08-11,,,,18.28,5,False,,False,Yahoo Finance ^GSPC,推出前回溯
1950-08-18,1950-08-14,1950-08-20,1950-08-14,1950-08-18,,,,18.68,5,False,,False,Yahoo Finance ^GSPC,推出前回溯
1950-08-25,1950-08-21,1950-08-27,1950-08-21,1950-08-25,,,,18.54,5,False,,False,Yahoo Finance ^GSPC,推出前回溯
1950-09-01,1950-08-28,1950-09-03,1950-08-28,1950-09-01,,,,18.55,5,False,,False,Yahoo Finance ^GSPC,推出前回溯
1950-09-08,1950-09-04,1950-09-10,1950-09-05,1950-09-08,,,,18.75,4,False,,False,Yahoo Finance ^GSPC,推出前回溯
1950-09-15,1950-09-11,1950-09-17,1950-09-11,1950-09-15,,,,19.29,5,False,,False,Yahoo Finance ^GSPC,推出前回溯
1950-09-22,1950-09-18,1950-09-24,1950-09-18,1950-09-22,,,,19.44,5,False,,False,Yahoo Finance ^GSPC,推出前回溯
1950-09-29,1950-09-25,1950-10-01,1950-09-25,1950-09-29,,,,19.45,5,False,,False,Yahoo Finance ^GSPC,推出前回溯
1950-10-06,1950-10-02,1950-10-08,1950-10-02,1950-10-06,,,,20.12,5,False,,False,Yahoo Finance ^GSPC,推出前回溯
1950-10-13,1950-10-09,1950-10-15,1950-10-09,1950-10-13,,,,19.85,4,False,,False,Yahoo Finance ^GSPC,推出前回溯
1950-10-20,1950-10-16,1950-10-22,1950-10-16,1950-10-20,,,,19.96,5,False,,False,Yahoo Finance ^GSPC,推出前回溯
1950-10-27,1950-10-23,1950-10-29,1950-10-23,1950-10-27,,,,19.77,5,False,,False,Yahoo Finance ^GSPC,推出前回溯
1950-11-03,1950-10-30,1950-11-05,1950-10-30,1950-11-03,,,,19.85,5,False,,False,Yahoo Finance ^GSPC,推出前回溯
1950-11-10,1950-11-06,1950-11-12,1950-11-06,1950-11-10,,,,19.94,4,False,,False,Yahoo Finance ^GSPC,推出前回溯
1950-11-17,1950-11-13,1950-11-19,1950-11-13,1950-11-17,,,,19.86,5,False,,False,Yahoo Finance ^GSPC,推出前回溯
1950-11-24,1950-11-20,1950-11-26,1950-11-20,1950-11-24,,,,20.32,4,False,,False,Yahoo Finance ^GSPC,推出前回溯
1950-12-01,1950-11-27,1950-12-03,1950-11-27,1950-12-01,,,,19.66,5,False,,False,Yahoo Finance ^GSPC,推出前回溯
1950-12-08,1950-12-04,1950-12-10,1950-12-04,1950-12-08,,,,19.40,5,False,,False,Yahoo Finance ^GSPC,推出前回溯
1950-12-15,1950-12-11,1950-12-17,1950-12-11,1950-12-15,,,,19.33,5,False,,False,Yahoo Finance ^GSPC,推出前回溯
1950-12-22,1950-12-18,1950-12-24,1950-12-18,1950-12-22,,,,20.07,5,False,,False,Yahoo Finance ^GSPC,推出前回溯
1950-12-29,1950-12-25,1950-12-31,1950-12-26,1950-12-29,,,,20.43,4,False,,False,Yahoo Finance ^GSPC,推出前回溯
1951-01-05,1951-01-01,1951-01-07,1951-01-02,1951-01-05,,,,20.87,4,False,,False,Yahoo Finance ^GSPC,推出前回溯
1951-01-12,1951-01-08,1951-01-14,1951-01-08,1951-01-12,,,,21.11,5,False,,False,Yahoo Finance ^GSPC,推出前回溯
1951-01-19,1951-01-15,1951-01-21,1951-01-15,1951-01-19,,,,21.36,5,False,,False,Yahoo Finance ^GSPC,推出前回溯
1951-01-26,1951-01-22,1951-01-28,1951-01-22,1951-01-26,,,,21.26,5,False,,False,Yahoo Finance ^GSPC,推出前回溯
1951-02-02,1951-01-29,1951-02-04,1951-01-29,1951-02-02,,,,21.96,5,False,,False,Yahoo Finance ^GSPC,推出前回溯
1951-02-09,1951-02-05,1951-02-11,1951-02-05,1951-02-09,,,,22.17,5,False,,False,Yahoo Finance ^GSPC,推出前回溯
1951-02-16,1951-02-12,1951-02-18,1951-02-13,1951-02-16,,,,22.13,4,False,,False,Yahoo Finance ^GSPC,推出前回溯
1951-02-23,1951-02-19,1951-02-25,1951-02-19,1951-02-23,,,,21.92,4,False,,False,Yahoo Finance ^GSPC,推出前回溯
1951-03-02,1951-02-26,1951-03-04,1951-02-26,1951-03-02,,,,21.93,5,False,,False,Yahoo Finance ^GSPC,推出前回溯
1951-03-09,1951-03-05,1951-03-11,1951-03-05,1951-03-09,,,,21.95,5,False,,False,Yahoo Finance ^GSPC,推出前回溯
1951-03-16,1951-03-12,1951-03-18,1951-03-12,1951-03-16,,,,21.64,5,False,,False,Yahoo Finance ^GSPC,推出前回溯
1951-03-22,1951-03-19,1951-03-25,1951-03-19,1951-03-22,,,,21.73,4,False,,False,Yahoo Finance ^GSPC,推出前回溯
1951-03-30,1951-03-26,1951-04-01,1951-03-26,1951-03-30,,,,21.48,5,False,,False,Yahoo Finance ^GSPC,推出前回溯
1951-04-06,1951-04-02,1951-04-08,1951-04-02,1951-04-06,,,,21.72,5,False,,False,Yahoo Finance ^GSPC,推出前回溯
1951-04-13,1951-04-09,1951-04-15,1951-04-09,1951-04-13,,,,22.09,5,False,,False,Yahoo Finance ^GSPC,推出前回溯
1951-04-20,1951-04-16,1951-04-22,1951-04-16,1951-04-20,,,,22.04,5,False,,False,Yahoo Finance ^GSPC,推出前回溯
1951-04-27,1951-04-23,1951-04-29,1951-04-23,1951-04-27,,,,22.39,5,False,,False,Yahoo Finance ^GSPC,推出前回溯
1951-05-04,1951-04-30,1951-05-06,1951-04-30,1951-05-04,,,,22.77,5,False,,False,Yahoo Finance ^GSPC,推出前回溯
1951-05-11,1951-05-07,1951-05-13,1951-05-07,1951-05-11,,,,22.33,5,False,,False,Yahoo Finance ^GSPC,推出前回溯
1951-05-18,1951-05-14,1951-05-20,1951-05-14,1951-05-18,,,,21.51,5,False,,False,Yahoo Finance ^GSPC,推出前回溯
1951-05-25,1951-05-21,1951-05-27,1951-05-21,1951-05-25,,,,21.03,5,False,,False,Yahoo Finance ^GSPC,推出前回溯
1951-06-01,1951-05-28,1951-06-03,1951-05-28,1951-06-01,,,,21.48,4,False,,False,Yahoo Finance ^GSPC,推出前回溯
1951-06-08,1951-06-04,1951-06-10,1951-06-04,1951-06-08,,,,21.49,5,False,,False,Yahoo Finance ^GSPC,推出前回溯
1951-06-15,1951-06-11,1951-06-17,1951-06-11,1951-06-15,,,,22.04,5,False,,False,Yahoo Finance ^GSPC,推出前回溯
1951-06-22,1951-06-18,1951-06-24,1951-06-18,1951-06-22,,,,21.55,5,False,,False,Yahoo Finance ^GSPC,推出前回溯
1951-06-29,1951-06-25,1951-07-01,1951-06-25,1951-06-29,,,,20.96,5,False,,False,Yahoo Finance ^GSPC,推出前回溯
1951-07-06,1951-07-02,1951-07-08,1951-07-02,1951-07-06,,,,21.64,4,False,,False,Yahoo Finance ^GSPC,推出前回溯
1951-07-13,1951-07-09,1951-07-15,1951-07-09,1951-07-13,,,,21.98,5,False,,False,Yahoo Finance ^GSPC,推出前回溯
1951-07-20,1951-07-16,1951-07-22,1951-07-16,1951-07-20,,,,21.88,5,False,,False,Yahoo Finance ^GSPC,推出前回溯
1951-07-27,1951-07-23,1951-07-29,1951-07-23,1951-07-27,,,,22.53,5,False,,False,Yahoo Finance ^GSPC,推出前回溯
1951-08-03,1951-07-30,1951-08-05,1951-07-30,1951-08-03,,,,22.85,5,False,,False,Yahoo Finance ^GSPC,推出前回溯
1951-08-10,1951-08-06,1951-08-12,1951-08-06,1951-08-10,,,,22.79,5,False,,False,Yahoo Finance ^GSPC,推出前回溯
1951-08-17,1951-08-13,1951-08-19,1951-08-13,1951-08-17,,,,22.94,5,False,,False,Yahoo Finance ^GSPC,推出前回溯
1951-08-24,1951-08-20,1951-08-26,1951-08-20,1951-08-24,,,,22.88,5,False,,False,Yahoo Finance ^GSPC,推出前回溯
1951-08-31,1951-08-27,1951-09-02,1951-08-27,1951-08-31,,,,23.28,5,False,,False,Yahoo Finance ^GSPC,推出前回溯
1951-09-07,1951-09-03,1951-09-09,1951-09-04,1951-09-07,,,,23.53,4,False,,False,Yahoo Finance ^GSPC,推出前回溯
1951-09-14,1951-09-10,1951-09-16,1951-09-10,1951-09-14,,,,23.69,5,False,,False,Yahoo Finance ^GSPC,推出前回溯
1951-09-21,1951-09-17,1951-09-23,1951-09-17,1951-09-21,,,,23.40,5,False,,False,Yahoo Finance ^GSPC,推出前回溯
1951-09-28,1951-09-24,1951-09-30,1951-09-24,1951-09-28,,,,23.26,5,False,,False,Yahoo Finance ^GSPC,推出前回溯
1951-10-05,1951-10-01,1951-10-07,1951-10-01,1951-10-05,,,,23.78,5,False,,False,Yahoo Finance ^GSPC,推出前回溯
1951-10-11,1951-10-08,1951-10-14,1951-10-08,1951-10-11,,,,23.70,4,False,,False,Yahoo Finance ^GSPC,推出前回溯
1951-10-19,1951-10-15,1951-10-21,1951-10-15,1951-10-19,,,,23.32,5,False,,False,Yahoo Finance ^GSPC,推出前回溯
1951-10-26,1951-10-22,1951-10-28,1951-10-22,1951-10-26,,,,22.81,5,False,,False,Yahoo Finance ^GSPC,推出前回溯
1951-11-02,1951-10-29,1951-11-04,1951-10-29,1951-11-02,,,,22.93,5,False,,False,Yahoo Finance ^GSPC,推出前回溯
1951-11-09,1951-11-05,1951-11-11,1951-11-05,1951-11-09,,,,22.75,4,False,,False,Yahoo Finance ^GSPC,推出前回溯
1951-11-16,1951-11-12,1951-11-18,1951-11-13,1951-11-16,,,,22.82,4,False,,False,Yahoo Finance ^GSPC,推出前回溯
1951-11-23,1951-11-19,1951-11-25,1951-11-19,1951-11-23,,,,22.40,4,False,,False,Yahoo Finance ^GSPC,推出前回溯
1951-11-30,1951-11-26,1951-12-02,1951-11-26,1951-11-30,,,,22.88,5,False,,False,Yahoo Finance ^GSPC,推出前回溯
1951-12-07,1951-12-03,1951-12-09,1951-12-03,1951-12-07,,,,23.38,5,False,,False,Yahoo Finance ^GSPC,推出前回溯
1951-12-14,1951-12-10,1951-12-16,1951-12-10,1951-12-14,,,,23.37,5,False,,False,Yahoo Finance ^GSPC,推出前回溯
1951-12-21,1951-12-17,1951-12-23,1951-12-17,1951-12-21,,,,23.51,5,False,,False,Yahoo Finance ^GSPC,推出前回溯
1951-12-28,1951-12-24,1951-12-30,1951-12-24,1951-12-28,,,,23.69,4,False,,False,Yahoo Finance ^GSPC,推出前回溯
1952-01-04,1951-12-31,1952-01-06,1951-12-31,1952-01-04,,,,23.92,4,False,,False,Yahoo Finance ^GSPC,推出前回溯
1952-01-11,1952-01-07,1952-01-13,1952-01-07,1952-01-11,,,,23.98,5,False,,False,Yahoo Finance ^GSPC,推出前回溯
1952-01-18,1952-01-14,1952-01-20,1952-01-14,1952-01-18,,,,24.25,5,False,,False,Yahoo Finance ^GSPC,推出前回溯
1952-01-25,1952-01-21,1952-01-27,1952-01-21,1952-01-25,,,,24.55,5,False,,False,Yahoo Finance ^GSPC,推出前回溯
1952-02-01,1952-01-28,1952-02-03,1952-01-28,1952-02-01,,,,24.30,5,False,,False,Yahoo Finance ^GSPC,推出前回溯
1952-02-08,1952-02-04,1952-02-10,1952-02-04,1952-02-08,,,,24.24,5,False,,False,Yahoo Finance ^GSPC,推出前回溯
1952-02-15,1952-02-11,1952-02-17,1952-02-11,1952-02-15,,,,23.86,4,False,,False,Yahoo Finance ^GSPC,推出前回溯
1952-02-21,1952-02-18,1952-02-24,1952-02-18,1952-02-21,,,,23.16,4,False,,False,Yahoo Finance ^GSPC,推出前回溯
1952-02-29,1952-02-25,1952-03-02,1952-02-25,1952-02-29,,,,23.26,5,False,,False,Yahoo Finance ^GSPC,推出前回溯
1952-03-07,1952-03-03,1952-03-09,1952-03-03,1952-03-07,,,,23.72,5,False,,False,Yahoo Finance ^GSPC,推出前回溯
1952-03-14,1952-03-10,1952-03-16,1952-03-10,1952-03-14,,,,23.75,5,False,,False,Yahoo Finance ^GSPC,推出前回溯
1952-03-21,1952-03-17,1952-03-23,1952-03-17,1952-03-21,,,,23.93,5,False,,False,Yahoo Finance ^GSPC,推出前回溯
1952-03-28,1952-03-24,1952-03-30,1952-03-24,1952-03-28,,,,24.18,5,False,,False,Yahoo Finance ^GSPC,推出前回溯
1952-04-04,1952-03-31,1952-04-06,1952-03-31,1952-04-04,,,,24.02,5,False,,False,Yahoo Finance ^GSPC,推出前回溯
1952-04-10,1952-04-07,1952-04-13,1952-04-07,1952-04-10,,,,24.11,4,False,,False,Yahoo Finance ^GSPC,推出前回溯
1952-04-18,1952-04-14,1952-04-20,1952-04-14,1952-04-18,,,,23.50,5,False,,False,Yahoo Finance ^GSPC,推出前回溯
1952-04-25,1952-04-21,1952-04-27,1952-04-21,1952-04-25,,,,23.54,5,False,,False,Yahoo Finance ^GSPC,推出前回溯
1952-05-02,1952-04-28,1952-05-04,1952-04-28,1952-05-02,,,,23.56,5,False,,False,Yahoo Finance ^GSPC,推出前回溯
1952-05-09,1952-05-05,1952-05-11,1952-05-05,1952-05-09,,,,23.84,5,False,,False,Yahoo Finance ^GSPC,推出前回溯
1952-05-16,1952-05-12,1952-05-18,1952-05-12,1952-05-16,,,,23.56,5,False,,False,Yahoo Finance ^GSPC,推出前回溯
1952-05-23,1952-05-19,1952-05-25,1952-05-19,1952-05-23,,,,23.89,5,False,,False,Yahoo Finance ^GSPC,推出前回溯
1952-05-29,1952-05-26,1952-06-01,1952-05-26,1952-05-29,,,,23.86,4,False,,False,Yahoo Finance ^GSPC,推出前回溯
1952-06-06,1952-06-02,1952-06-08,1952-06-02,1952-06-06,,,,24.26,5,False,,False,Yahoo Finance ^GSPC,推出前回溯
1952-06-13,1952-06-09,1952-06-15,1952-06-09,1952-06-13,,,,24.37,5,False,,False,Yahoo Finance ^GSPC,推出前回溯
1952-06-20,1952-06-16,1952-06-22,1952-06-16,1952-06-20,,,,24.59,5,False,,False,Yahoo Finance ^GSPC,推出前回溯
1952-06-27,1952-06-23,1952-06-29,1952-06-23,1952-06-27,,,,24.83,5,False,,False,Yahoo Finance ^GSPC,推出前回溯
1952-07-03,1952-06-30,1952-07-06,1952-06-30,1952-07-03,,,,25.05,4,False,,False,Yahoo Finance ^GSPC,推出前回溯
1952-07-11,1952-07-07,1952-07-13,1952-07-07,1952-07-11,,,,24.98,5,False,,False,Yahoo Finance ^GSPC,推出前回溯
1952-07-18,1952-07-14,1952-07-20,1952-07-14,1952-07-18,,,,24.85,5,False,,False,Yahoo Finance ^GSPC,推出前回溯
1952-07-25,1952-07-21,1952-07-27,1952-07-21,1952-07-25,,,,25.16,5,False,,False,Yahoo Finance ^GSPC,推出前回溯
1952-08-01,1952-07-28,1952-08-03,1952-07-28,1952-08-01,,,,25.45,5,False,,False,Yahoo Finance ^GSPC,推出前回溯
1952-08-08,1952-08-04,1952-08-10,1952-08-04,1952-08-08,,,,25.55,5,False,,False,Yahoo Finance ^GSPC,推出前回溯
1952-08-15,1952-08-11,1952-08-17,1952-08-11,1952-08-15,,,,25.20,5,False,,False,Yahoo Finance ^GSPC,推出前回溯
1952-08-22,1952-08-18,1952-08-24,1952-08-18,1952-08-22,,,,24.99,5,False,,False,Yahoo Finance ^GSPC,推出前回溯
1952-08-29,1952-08-25,1952-08-31,1952-08-25,1952-08-29,,,,25.03,5,False,,False,Yahoo Finance ^GSPC,推出前回溯
1952-09-05,1952-09-01,1952-09-07,1952-09-02,1952-09-05,,,,25.21,4,False,,False,Yahoo Finance ^GSPC,推出前回溯
1952-09-12,1952-09-08,1952-09-14,1952-09-08,1952-09-12,,,,24.71,5,False,,False,Yahoo Finance ^GSPC,推出前回溯
1952-09-19,1952-09-15,1952-09-21,1952-09-15,1952-09-19,,,,24.57,5,False,,False,Yahoo Finance ^GSPC,推出前回溯
1952-09-26,1952-09-22,1952-09-28,1952-09-22,1952-09-26,,,,24.73,5,False,,False,Yahoo Finance ^GSPC,推出前回溯
1952-10-03,1952-09-29,1952-10-05,1952-09-29,1952-10-03,,,,24.50,5,False,,False,Yahoo Finance ^GSPC,推出前回溯
1952-10-10,1952-10-06,1952-10-12,1952-10-06,1952-10-10,,,,24.55,5,False,,False,Yahoo Finance ^GSPC,推出前回溯
1952-10-17,1952-10-13,1952-10-19,1952-10-14,1952-10-17,,,,24.20,4,False,,False,Yahoo Finance ^GSPC,推出前回溯
1952-10-24,1952-10-20,1952-10-26,1952-10-20,1952-10-24,,,,24.03,5,False,,False,Yahoo Finance ^GSPC,推出前回溯
1952-10-31,1952-10-27,1952-11-02,1952-10-27,1952-10-31,,,,24.52,5,False,,False,Yahoo Finance ^GSPC,推出前回溯
1952-11-07,1952-11-03,1952-11-09,1952-11-03,1952-11-07,,,,24.78,4,False,,False,Yahoo Finance ^GSPC,推出前回溯
1952-11-14,1952-11-10,1952-11-16,1952-11-10,1952-11-14,,,,24.75,4,False,,False,Yahoo Finance ^GSPC,推出前回溯
1952-11-21,1952-11-17,1952-11-23,1952-11-17,1952-11-21,,,,25.27,5,False,,False,Yahoo Finance ^GSPC,推出前回溯
1952-11-28,1952-11-24,1952-11-30,1952-11-24,1952-11-28,,,,25.66,4,False,,False,Yahoo Finance ^GSPC,推出前回溯
1952-12-05,1952-12-01,1952-12-07,1952-12-01,1952-12-05,,,,25.62,5,False,,False,Yahoo Finance ^GSPC,推出前回溯
1952-12-12,1952-12-08,1952-12-14,1952-12-08,1952-12-12,,,,26.04,5,False,,False,Yahoo Finance ^GSPC,推出前回溯
1952-12-19,1952-12-15,1952-12-21,1952-12-15,1952-12-19,,,,26.15,5,False,,False,Yahoo Finance ^GSPC,推出前回溯
1952-12-26,1952-12-22,1952-12-28,1952-12-22,1952-12-26,,,,26.25,4,False,,False,Yahoo Finance ^GSPC,推出前回溯
1953-01-02,1952-12-29,1953-01-04,1952-12-29,1953-01-02,,,,26.54,4,False,,False,Yahoo Finance ^GSPC,推出前回溯
1953-01-09,1953-01-05,1953-01-11,1953-01-05,1953-01-09,,,,26.08,5,False,,False,Yahoo Finance ^GSPC,推出前回溯
1953-01-16,1953-01-12,1953-01-18,1953-01-12,1953-01-16,,,,26.02,5,False,,False,Yahoo Finance ^GSPC,推出前回溯
1953-01-23,1953-01-19,1953-01-25,1953-01-19,1953-01-23,,,,26.07,5,False,,False,Yahoo Finance ^GSPC,推出前回溯
1953-01-30,1953-01-26,1953-02-01,1953-01-26,1953-01-30,,,,26.38,5,False,,False,Yahoo Finance ^GSPC,推出前回溯
1953-02-06,1953-02-02,1953-02-08,1953-02-02,1953-02-06,,,,26.51,5,False,,False,Yahoo Finance ^GSPC,推出前回溯
1953-02-13,1953-02-09,1953-02-15,1953-02-09,1953-02-13,,,,25.74,4,False,,False,Yahoo Finance ^GSPC,推出前回溯
1953-02-20,1953-02-16,1953-02-22,1953-02-16,1953-02-20,,,,25.63,5,False,,False,Yahoo Finance ^GSPC,推出前回溯
1953-02-27,1953-02-23,1953-03-01,1953-02-24,1953-02-27,,,,25.90,4,False,,False,Yahoo Finance ^GSPC,推出前回溯
1953-03-06,1953-03-02,1953-03-08,1953-03-02,1953-03-06,,,,25.84,5,False,,False,Yahoo Finance ^GSPC,推出前回溯
1953-03-13,1953-03-09,1953-03-15,1953-03-09,1953-03-13,,,,26.18,5,False,,False,Yahoo Finance ^GSPC,推出前回溯
1953-03-20,1953-03-16,1953-03-22,1953-03-16,1953-03-20,,,,26.18,5,False,,False,Yahoo Finance ^GSPC,推出前回溯
1953-03-27,1953-03-23,1953-03-29,1953-03-23,1953-03-27,,,,25.99,5,False,,False,Yahoo Finance ^GSPC,推出前回溯
1953-04-02,1953-03-30,1953-04-05,1953-03-30,1953-04-02,,,,25.23,4,False,,False,Yahoo Finance ^GSPC,推出前回溯
1953-04-10,1953-04-06,1953-04-12,1953-04-06,1953-04-10,,,,24.82,5,False,,False,Yahoo Finance ^GSPC,推出前回溯
1953-04-17,1953-04-13,1953-04-19,1953-04-13,1953-04-17,,,,24.62,5,False,,False,Yahoo Finance ^GSPC,推出前回溯
1953-04-24,1953-04-20,1953-04-26,1953-04-20,1953-04-24,,,,24.20,5,False,,False,Yahoo Finance ^GSPC,推出前回溯
1953-05-01,1953-04-27,1953-05-03,1953-04-27,1953-05-01,,,,24.73,5,False,,False,Yahoo Finance ^GSPC,推出前回溯
1953-05-08,1953-05-04,1953-05-10,1953-05-04,1953-05-08,,,,24.90,5,False,,False,Yahoo Finance ^GSPC,推出前回溯
1953-05-15,1953-05-11,1953-05-17,1953-05-11,1953-05-15,,,,24.84,5,False,,False,Yahoo Finance ^GSPC,推出前回溯
1953-05-22,1953-05-18,1953-05-24,1953-05-18,1953-05-22,,,,25.03,5,False,,False,Yahoo Finance ^GSPC,推出前回溯
1953-05-29,1953-05-25,1953-05-31,1953-05-25,1953-05-29,,,,24.54,5,False,,False,Yahoo Finance ^GSPC,推出前回溯
1953-06-05,1953-06-01,1953-06-07,1953-06-01,1953-06-05,,,,24.09,5,False,,False,Yahoo Finance ^GSPC,推出前回溯
1953-06-12,1953-06-08,1953-06-14,1953-06-08,1953-06-12,,,,23.82,5,False,,False,Yahoo Finance ^GSPC,推出前回溯
1953-06-19,1953-06-15,1953-06-21,1953-06-15,1953-06-19,,,,23.84,5,False,,False,Yahoo Finance ^GSPC,推出前回溯
1953-06-26,1953-06-22,1953-06-28,1953-06-22,1953-06-26,,,,24.21,5,False,,False,Yahoo Finance ^GSPC,推出前回溯
1953-07-03,1953-06-29,1953-07-05,1953-06-29,1953-07-03,,,,24.36,5,False,,False,Yahoo Finance ^GSPC,推出前回溯
1953-07-10,1953-07-06,1953-07-12,1953-07-06,1953-07-10,,,,24.41,5,False,,False,Yahoo Finance ^GSPC,推出前回溯
1953-07-17,1953-07-13,1953-07-19,1953-07-13,1953-07-17,,,,24.35,5,False,,False,Yahoo Finance ^GSPC,推出前回溯
1953-07-24,1953-07-20,1953-07-26,1953-07-20,1953-07-24,,,,24.23,5,False,,False,Yahoo Finance ^GSPC,推出前回溯
1953-07-31,1953-07-27,1953-08-02,1953-07-27,1953-07-31,,,,24.75,5,False,,False,Yahoo Finance ^GSPC,推出前回溯
1953-08-07,1953-08-03,1953-08-09,1953-08-03,1953-08-07,,,,24.78,5,False,,False,Yahoo Finance ^GSPC,推出前回溯
1953-08-14,1953-08-10,1953-08-16,1953-08-10,1953-08-14,,,,24.62,5,False,,False,Yahoo Finance ^GSPC,推出前回溯
1953-08-21,1953-08-17,1953-08-23,1953-08-17,1953-08-21,,,,24.35,5,False,,False,Yahoo Finance ^GSPC,推出前回溯
1953-08-28,1953-08-24,1953-08-30,1953-08-24,1953-08-28,,,,23.74,5,False,,False,Yahoo Finance ^GSPC,推出前回溯
1953-09-04,1953-08-31,1953-09-06,1953-08-31,1953-09-04,,,,23.57,5,False,,False,Yahoo Finance ^GSPC,推出前回溯
1953-09-11,1953-09-07,1953-09-13,1953-09-08,1953-09-11,,,,23.14,4,False,,False,Yahoo Finance ^GSPC,推出前回溯
1953-09-18,1953-09-14,1953-09-20,1953-09-14,1953-09-18,,,,22.95,5,False,,False,Yahoo Finance ^GSPC,推出前回溯
1953-09-25,1953-09-21,1953-09-27,1953-09-21,1953-09-25,,,,23.30,5,False,,False,Yahoo Finance ^GSPC,推出前回溯
1953-10-02,1953-09-28,1953-10-04,1953-09-28,1953-10-02,,,,23.59,5,False,,False,Yahoo Finance ^GSPC,推出前回溯
1953-10-09,1953-10-05,1953-10-11,1953-10-05,1953-10-09,,,,23.66,5,False,,False,Yahoo Finance ^GSPC,推出前回溯
1953-10-16,1953-10-12,1953-10-18,1953-10-13,1953-10-16,,,,24.14,4,False,,False,Yahoo Finance ^GSPC,推出前回溯
1953-10-23,1953-10-19,1953-10-25,1953-10-19,1953-10-23,,,,24.35,5,False,,False,Yahoo Finance ^GSPC,推出前回溯
1953-10-30,1953-10-26,1953-11-01,1953-10-26,1953-10-30,,,,24.54,5,False,,False,Yahoo Finance ^GSPC,推出前回溯
1953-11-06,1953-11-02,1953-11-08,1953-11-02,1953-11-06,,,,24.61,4,False,,False,Yahoo Finance ^GSPC,推出前回溯
1953-11-13,1953-11-09,1953-11-15,1953-11-09,1953-11-13,,,,24.54,4,False,,False,Yahoo Finance ^GSPC,推出前回溯
1953-11-20,1953-11-16,1953-11-22,1953-11-16,1953-11-20,,,,24.44,5,False,,False,Yahoo Finance ^GSPC,推出前回溯
1953-11-27,1953-11-23,1953-11-29,1953-11-23,1953-11-27,,,,24.66,4,False,,False,Yahoo Finance ^GSPC,推出前回溯
1953-12-04,1953-11-30,1953-12-06,1953-11-30,1953-12-04,,,,24.98,5,False,,False,Yahoo Finance ^GSPC,推出前回溯
1953-12-11,1953-12-07,1953-12-13,1953-12-07,1953-12-11,,,,24.76,5,False,,False,Yahoo Finance ^GSPC,推出前回溯
1953-12-18,1953-12-14,1953-12-20,1953-12-14,1953-12-18,,,,24.99,5,False,,False,Yahoo Finance ^GSPC,推出前回溯
1953-12-24,1953-12-21,1953-12-27,1953-12-21,1953-12-24,,,,24.80,4,False,,False,Yahoo Finance ^GSPC,推出前回溯
1953-12-31,1953-12-28,1954-01-03,1953-12-28,1953-12-31,,,,24.81,4,False,,False,Yahoo Finance ^GSPC,推出前回溯
1954-01-08,1954-01-04,1954-01-10,1954-01-04,1954-01-08,,,,24.93,5,False,,False,Yahoo Finance ^GSPC,推出前回溯
1954-01-15,1954-01-11,1954-01-17,1954-01-11,1954-01-15,,,,25.43,5,False,,False,Yahoo Finance ^GSPC,推出前回溯
1954-01-22,1954-01-18,1954-01-24,1954-01-18,1954-01-22,,,,25.85,5,False,,False,Yahoo Finance ^GSPC,推出前回溯
1954-01-29,1954-01-25,1954-01-31,1954-01-25,1954-01-29,,,,26.08,5,False,,False,Yahoo Finance ^GSPC,推出前回溯
1954-02-05,1954-02-01,1954-02-07,1954-02-01,1954-02-05,,,,26.30,5,False,,False,Yahoo Finance ^GSPC,推出前回溯
1954-02-12,1954-02-08,1954-02-14,1954-02-08,1954-02-12,,,,26.12,5,False,,False,Yahoo Finance ^GSPC,推出前回溯
1954-02-19,1954-02-15,1954-02-21,1954-02-15,1954-02-19,,,,25.92,5,False,,False,Yahoo Finance ^GSPC,推出前回溯
1954-02-26,1954-02-22,1954-02-28,1954-02-23,1954-02-26,,,,26.15,4,False,,False,Yahoo Finance ^GSPC,推出前回溯
1954-03-05,1954-03-01,1954-03-07,1954-03-01,1954-03-05,,,,26.52,5,False,,False,Yahoo Finance ^GSPC,推出前回溯
1954-03-12,1954-03-08,1954-03-14,1954-03-08,1954-03-12,,,,26.69,5,False,,False,Yahoo Finance ^GSPC,推出前回溯
1954-03-19,1954-03-15,1954-03-21,1954-03-15,1954-03-19,,,,26.81,5,False,,False,Yahoo Finance ^GSPC,推出前回溯
1954-03-26,1954-03-22,1954-03-28,1954-03-22,1954-03-26,,,,26.56,5,False,,False,Yahoo Finance ^GSPC,推出前回溯
1954-04-02,1954-03-29,1954-04-04,1954-03-29,1954-04-02,,,,27.21,5,False,,False,Yahoo Finance ^GSPC,推出前回溯
1954-04-09,1954-04-05,1954-04-11,1954-04-05,1954-04-09,,,,27.38,5,False,,False,Yahoo Finance ^GSPC,推出前回溯
1954-04-15,1954-04-12,1954-04-18,1954-04-12,1954-04-15,,,,27.94,4,False,,False,Yahoo Finance ^GSPC,推出前回溯
1954-04-23,1954-04-19,1954-04-25,1954-04-19,1954-04-23,,,,27.78,5,False,,False,Yahoo Finance ^GSPC,推出前回溯
1954-04-30,1954-04-26,1954-05-02,1954-04-26,1954-04-30,,,,28.26,5,False,,False,Yahoo Finance ^GSPC,推出前回溯
1954-05-07,1954-05-03,1954-05-09,1954-05-03,1954-05-07,,,,28.65,5,False,,False,Yahoo Finance ^GSPC,推出前回溯
1954-05-14,1954-05-10,1954-05-16,1954-05-10,1954-05-14,,,,28.80,5,False,,False,Yahoo Finance ^GSPC,推出前回溯
1954-05-21,1954-05-17,1954-05-23,1954-05-17,1954-05-21,,,,28.99,5,False,,False,Yahoo Finance ^GSPC,推出前回溯
1954-05-28,1954-05-24,1954-05-30,1954-05-24,1954-05-28,,,,29.19,5,False,,False,Yahoo Finance ^GSPC,推出前回溯
1954-06-04,1954-05-31,1954-06-06,1954-06-01,1954-06-04,,,,29.10,4,False,,False,Yahoo Finance ^GSPC,推出前回溯
1954-06-11,1954-06-07,1954-06-13,1954-06-07,1954-06-11,,,,28.58,5,False,,False,Yahoo Finance ^GSPC,推出前回溯
1954-06-18,1954-06-14,1954-06-20,1954-06-14,1954-06-18,,,,29.04,5,False,,False,Yahoo Finance ^GSPC,推出前回溯
1954-06-25,1954-06-21,1954-06-27,1954-06-21,1954-06-25,,,,29.20,5,False,,False,Yahoo Finance ^GSPC,推出前回溯
1954-07-02,1954-06-28,1954-07-04,1954-06-28,1954-07-02,,,,29.59,5,False,,False,Yahoo Finance ^GSPC,推出前回溯
1954-07-09,1954-07-05,1954-07-11,1954-07-06,1954-07-09,,,,30.14,4,False,,False,Yahoo Finance ^GSPC,推出前回溯
1954-07-16,1954-07-12,1954-07-18,1954-07-12,1954-07-16,,,,30.06,5,False,,False,Yahoo Finance ^GSPC,推出前回溯
1954-07-23,1954-07-19,1954-07-25,1954-07-19,1954-07-23,,,,30.31,5,False,,False,Yahoo Finance ^GSPC,推出前回溯
1954-07-30,1954-07-26,1954-08-01,1954-07-26,1954-07-30,,,,30.88,5,False,,False,Yahoo Finance ^GSPC,推出前回溯
1954-08-06,1954-08-02,1954-08-08,1954-08-02,1954-08-06,,,,30.38,5,False,,False,Yahoo Finance ^GSPC,推出前回溯
1954-08-13,1954-08-09,1954-08-15,1954-08-09,1954-08-13,,,,30.72,5,False,,False,Yahoo Finance ^GSPC,推出前回溯
1954-08-20,1954-08-16,1954-08-22,1954-08-16,1954-08-20,,,,31.21,5,False,,False,Yahoo Finance ^GSPC,推出前回溯
1954-08-27,1954-08-23,1954-08-29,1954-08-23,1954-08-27,,,,30.66,5,False,,False,Yahoo Finance ^GSPC,推出前回溯
1954-09-03,1954-08-30,1954-09-05,1954-08-30,1954-09-03,,,,30.50,5,False,,False,Yahoo Finance ^GSPC,推出前回溯
1954-09-10,1954-09-06,1954-09-12,1954-09-07,1954-09-10,,,,30.84,4,False,,False,Yahoo Finance ^GSPC,推出前回溯
1954-09-17,1954-09-13,1954-09-19,1954-09-13,1954-09-17,,,,31.71,5,False,,False,Yahoo Finance ^GSPC,推出前回溯
1954-09-24,1954-09-20,1954-09-26,1954-09-20,1954-09-24,,,,32.40,5,False,,False,Yahoo Finance ^GSPC,推出前回溯
1954-10-01,1954-09-27,1954-10-03,1954-09-27,1954-10-01,,,,32.29,5,False,,False,Yahoo Finance ^GSPC,推出前回溯
1954-10-08,1954-10-04,1954-10-10,1954-10-04,1954-10-08,,,,32.67,5,False,,False,Yahoo Finance ^GSPC,推出前回溯
1954-10-15,1954-10-11,1954-10-17,1954-10-11,1954-10-15,,,,31.71,5,False,,False,Yahoo Finance ^GSPC,推出前回溯
1954-10-22,1954-10-18,1954-10-24,1954-10-18,1954-10-22,,,,32.13,5,False,,False,Yahoo Finance ^GSPC,推出前回溯
1954-10-29,1954-10-25,1954-10-31,1954-10-25,1954-10-29,,,,31.68,5,False,,False,Yahoo Finance ^GSPC,推出前回溯
1954-11-05,1954-11-01,1954-11-07,1954-11-01,1954-11-05,,,,32.71,4,False,,False,Yahoo Finance ^GSPC,推出前回溯
1954-11-12,1954-11-08,1954-11-14,1954-11-08,1954-11-12,,,,33.54,5,False,,False,Yahoo Finance ^GSPC,推出前回溯
1954-11-19,1954-11-15,1954-11-21,1954-11-15,1954-11-19,,,,33.45,5,False,,False,Yahoo Finance ^GSPC,推出前回溯
1954-11-26,1954-11-22,1954-11-28,1954-11-22,1954-11-26,,,,34.55,4,False,,False,Yahoo Finance ^GSPC,推出前回溯
1954-12-03,1954-11-29,1954-12-05,1954-11-29,1954-12-03,,,,34.49,5,False,,False,Yahoo Finance ^GSPC,推出前回溯
1954-12-10,1954-12-06,1954-12-12,1954-12-06,1954-12-10,,,,34.56,5,False,,False,Yahoo Finance ^GSPC,推出前回溯
1954-12-17,1954-12-13,1954-12-19,1954-12-13,1954-12-17,,,,35.92,5,False,,False,Yahoo Finance ^GSPC,推出前回溯
1954-12-23,1954-12-20,1954-12-26,1954-12-20,1954-12-23,,,,35.37,4,False,,False,Yahoo Finance ^GSPC,推出前回溯
1954-12-31,1954-12-27,1955-01-02,1954-12-27,1954-12-31,,,,35.98,5,False,,False,Yahoo Finance ^GSPC,推出前回溯
1955-01-07,1955-01-03,1955-01-09,1955-01-03,1955-01-07,,,,35.33,5,False,,False,Yahoo Finance ^GSPC,推出前回溯
1955-01-14,1955-01-10,1955-01-16,1955-01-10,1955-01-14,,,,35.28,5,False,,False,Yahoo Finance ^GSPC,推出前回溯
1955-01-21,1955-01-17,1955-01-23,1955-01-17,1955-01-21,,,,35.44,5,False,,False,Yahoo Finance ^GSPC,推出前回溯
1955-01-28,1955-01-24,1955-01-30,1955-01-24,1955-01-28,,,,36.19,5,False,,False,Yahoo Finance ^GSPC,推出前回溯
1955-02-04,1955-01-31,1955-02-06,1955-01-31,1955-02-04,,,,36.96,5,False,,False,Yahoo Finance ^GSPC,推出前回溯
1955-02-11,1955-02-07,1955-02-13,1955-02-07,1955-02-11,,,,37.15,5,False,,False,Yahoo Finance ^GSPC,推出前回溯
1955-02-18,1955-02-14,1955-02-20,1955-02-14,1955-02-18,,,,36.89,5,False,,False,Yahoo Finance ^GSPC,推出前回溯
1955-02-25,1955-02-21,1955-02-27,1955-02-21,1955-02-25,,,,36.57,4,False,,False,Yahoo Finance ^GSPC,推出前回溯
1955-03-04,1955-02-28,1955-03-06,1955-02-28,1955-03-04,,,,37.52,5,False,,False,Yahoo Finance ^GSPC,推出前回溯
1955-03-11,1955-03-07,1955-03-13,1955-03-07,1955-03-11,,,,35.82,5,False,,False,Yahoo Finance ^GSPC,推出前回溯
1955-03-18,1955-03-14,1955-03-20,1955-03-14,1955-03-18,,,,36.18,5,False,,False,Yahoo Finance ^GSPC,推出前回溯
1955-03-25,1955-03-21,1955-03-27,1955-03-21,1955-03-25,,,,36.96,5,False,,False,Yahoo Finance ^GSPC,推出前回溯
1955-04-01,1955-03-28,1955-04-03,1955-03-28,1955-04-01,,,,36.95,5,False,,False,Yahoo Finance ^GSPC,推出前回溯
1955-04-07,1955-04-04,1955-04-10,1955-04-04,1955-04-07,,,,37.34,4,False,,False,Yahoo Finance ^GSPC,推出前回溯
1955-04-15,1955-04-11,1955-04-17,1955-04-11,1955-04-15,,,,37.96,5,False,,False,Yahoo Finance ^GSPC,推出前回溯
1955-04-22,1955-04-18,1955-04-24,1955-04-18,1955-04-22,,,,38.01,5,False,,False,Yahoo Finance ^GSPC,推出前回溯
1955-04-29,1955-04-25,1955-05-01,1955-04-25,1955-04-29,,,,37.96,5,False,,False,Yahoo Finance ^GSPC,推出前回溯
1955-05-06,1955-05-02,1955-05-08,1955-05-02,1955-05-06,,,,37.89,5,False,,False,Yahoo Finance ^GSPC,推出前回溯
1955-05-13,1955-05-09,1955-05-15,1955-05-09,1955-05-13,,,,37.44,5,False,,False,Yahoo Finance ^GSPC,推出前回溯
1955-05-20,1955-05-16,1955-05-22,1955-05-16,1955-05-20,,,,37.74,5,False,,False,Yahoo Finance ^GSPC,推出前回溯
1955-05-27,1955-05-23,1955-05-29,1955-05-23,1955-05-27,,,,37.93,5,False,,False,Yahoo Finance ^GSPC,推出前回溯
1955-06-03,1955-05-30,1955-06-05,1955-05-31,1955-06-03,,,,38.37,4,False,,False,Yahoo Finance ^GSPC,推出前回溯
1955-06-10,1955-06-06,1955-06-12,1955-06-06,1955-06-10,,,,39.25,5,False,,False,Yahoo Finance ^GSPC,推出前回溯
1955-06-17,1955-06-13,1955-06-19,1955-06-13,1955-06-17,,,,40.10,5,False,,False,Yahoo Finance ^GSPC,推出前回溯
1955-06-24,1955-06-20,1955-06-26,1955-06-20,1955-06-24,,,,40.96,5,False,,False,Yahoo Finance ^GSPC,推出前回溯
1955-07-01,1955-06-27,1955-07-03,1955-06-27,1955-07-01,,,,41.19,5,False,,False,Yahoo Finance ^GSPC,推出前回溯
1955-07-08,1955-07-04,1955-07-10,1955-07-05,1955-07-08,,,,42.64,4,False,,False,Yahoo Finance ^GSPC,推出前回溯
1955-07-15,1955-07-11,1955-07-17,1955-07-11,1955-07-15,,,,42.40,5,False,,False,Yahoo Finance ^GSPC,推出前回溯
1955-07-22,1955-07-18,1955-07-24,1955-07-18,1955-07-22,,,,43.00,5,False,,False,Yahoo Finance ^GSPC,推出前回溯
1955-07-29,1955-07-25,1955-07-31,1955-07-25,1955-07-29,,,,43.52,5,False,,False,Yahoo Finance ^GSPC,推出前回溯
1955-08-05,1955-08-01,1955-08-07,1955-08-01,1955-08-05,,,,42.56,5,False,,False,Yahoo Finance ^GSPC,推出前回溯
1955-08-12,1955-08-08,1955-08-14,1955-08-08,1955-08-12,,,,42.21,5,False,,False,Yahoo Finance ^GSPC,推出前回溯
1955-08-19,1955-08-15,1955-08-21,1955-08-15,1955-08-19,,,,42.02,5,False,,False,Yahoo Finance ^GSPC,推出前回溯
1955-08-26,1955-08-22,1955-08-28,1955-08-22,1955-08-26,,,,42.99,5,False,,False,Yahoo Finance ^GSPC,推出前回溯
1955-09-02,1955-08-29,1955-09-04,1955-08-29,1955-09-02,,,,43.60,5,False,,False,Yahoo Finance ^GSPC,推出前回溯
1955-09-09,1955-09-05,1955-09-11,1955-09-06,1955-09-09,,,,43.89,4,False,,False,Yahoo Finance ^GSPC,推出前回溯
1955-09-16,1955-09-12,1955-09-18,1955-09-12,1955-09-16,,,,45.09,5,False,,False,Yahoo Finance ^GSPC,推出前回溯
1955-09-23,1955-09-19,1955-09-25,1955-09-19,1955-09-23,,,,45.63,5,False,,False,Yahoo Finance ^GSPC,推出前回溯
1955-09-30,1955-09-26,1955-10-02,1955-09-26,1955-09-30,,,,43.67,5,False,,False,Yahoo Finance ^GSPC,推出前回溯
1955-10-07,1955-10-03,1955-10-09,1955-10-03,1955-10-07,,,,42.38,5,False,,False,Yahoo Finance ^GSPC,推出前回溯
1955-10-14,1955-10-10,1955-10-16,1955-10-10,1955-10-14,,,,41.22,5,False,,False,Yahoo Finance ^GSPC,推出前回溯
1955-10-21,1955-10-17,1955-10-23,1955-10-17,1955-10-21,,,,42.59,5,False,,False,Yahoo Finance ^GSPC,推出前回溯
1955-10-28,1955-10-24,1955-10-30,1955-10-24,1955-10-28,,,,42.37,5,False,,False,Yahoo Finance ^GSPC,推出前回溯
1955-11-04,1955-10-31,1955-11-06,1955-10-31,1955-11-04,,,,43.96,5,False,,False,Yahoo Finance ^GSPC,推出前回溯
1955-11-11,1955-11-07,1955-11-13,1955-11-07,1955-11-11,,,,45.24,4,False,,False,Yahoo Finance ^GSPC,推出前回溯
1955-11-18,1955-11-14,1955-11-20,1955-11-14,1955-11-18,,,,45.54,5,False,,False,Yahoo Finance ^GSPC,推出前回溯
1955-11-25,1955-11-21,1955-11-27,1955-11-21,1955-11-25,,,,45.68,4,False,,False,Yahoo Finance ^GSPC,推出前回溯
1955-12-02,1955-11-28,1955-12-04,1955-11-28,1955-12-02,,,,45.44,5,False,,False,Yahoo Finance ^GSPC,推出前回溯
1955-12-09,1955-12-05,1955-12-11,1955-12-05,1955-12-09,,,,45.89,5,False,,False,Yahoo Finance ^GSPC,推出前回溯
1955-12-16,1955-12-12,1955-12-18,1955-12-12,1955-12-16,,,,45.13,5,False,,False,Yahoo Finance ^GSPC,推出前回溯
1955-12-23,1955-12-19,1955-12-25,1955-12-19,1955-12-23,,,,45.50,5,False,,False,Yahoo Finance ^GSPC,推出前回溯
1955-12-30,1955-12-26,1956-01-01,1955-12-27,1955-12-30,,,,45.48,4,False,,False,Yahoo Finance ^GSPC,推出前回溯
1956-01-06,1956-01-02,1956-01-08,1956-01-03,1956-01-06,,,,45.14,4,False,,False,Yahoo Finance ^GSPC,推出前回溯
1956-01-13,1956-01-09,1956-01-15,1956-01-09,1956-01-13,,,,44.67,5,False,,False,Yahoo Finance ^GSPC,推出前回溯
1956-01-20,1956-01-16,1956-01-22,1956-01-16,1956-01-20,,,,43.22,5,False,,False,Yahoo Finance ^GSPC,推出前回溯
1956-01-27,1956-01-23,1956-01-29,1956-01-23,1956-01-27,,,,43.35,5,False,,False,Yahoo Finance ^GSPC,推出前回溯
1956-02-03,1956-01-30,1956-02-05,1956-01-30,1956-02-03,,,,44.78,5,False,,False,Yahoo Finance ^GSPC,推出前回溯
1956-02-10,1956-02-06,1956-02-12,1956-02-06,1956-02-10,,,,43.64,5,False,,False,Yahoo Finance ^GSPC,推出前回溯
1956-02-17,1956-02-13,1956-02-19,1956-02-13,1956-02-17,,,,44.52,5,False,,False,Yahoo Finance ^GSPC,推出前回溯
1956-02-24,1956-02-20,1956-02-26,1956-02-20,1956-02-24,,,,45.32,4,False,,False,Yahoo Finance ^GSPC,推出前回溯
1956-03-02,1956-02-27,1956-03-04,1956-02-27,1956-03-02,,,,45.81,5,False,,False,Yahoo Finance ^GSPC,推出前回溯
1956-03-09,1956-03-05,1956-03-11,1956-03-05,1956-03-09,,,,46.70,5,False,,False,Yahoo Finance ^GSPC,推出前回溯
1956-03-16,1956-03-12,1956-03-18,1956-03-12,1956-03-16,,,,48.14,5,False,,False,Yahoo Finance ^GSPC,推出前回溯
1956-03-23,1956-03-19,1956-03-25,1956-03-19,1956-03-23,,,,48.83,5,False,,False,Yahoo Finance ^GSPC,推出前回溯
1956-03-29,1956-03-26,1956-04-01,1956-03-26,1956-03-29,,,,48.48,4,False,,False,Yahoo Finance ^GSPC,推出前回溯
1956-04-06,1956-04-02,1956-04-08,1956-04-02,1956-04-06,,,,48.85,5,False,,False,Yahoo Finance ^GSPC,推出前回溯
1956-04-13,1956-04-09,1956-04-15,1956-04-09,1956-04-13,,,,47.95,5,False,,False,Yahoo Finance ^GSPC,推出前回溯
1956-04-20,1956-04-16,1956-04-22,1956-04-16,1956-04-20,,,,47.76,5,False,,False,Yahoo Finance ^GSPC,推出前回溯
1956-04-27,1956-04-23,1956-04-29,1956-04-23,1956-04-27,,,,47.99,5,False,,False,Yahoo Finance ^GSPC,推出前回溯
1956-05-04,1956-04-30,1956-05-06,1956-04-30,1956-05-04,,,,48.51,5,False,,False,Yahoo Finance ^GSPC,推出前回溯
1956-05-11,1956-05-07,1956-05-13,1956-05-07,1956-05-11,,,,47.12,5,False,,False,Yahoo Finance ^GSPC,推出前回溯
1956-05-18,1956-05-14,1956-05-20,1956-05-14,1956-05-18,,,,46.39,5,False,,False,Yahoo Finance ^GSPC,推出前回溯
1956-05-25,1956-05-21,1956-05-27,1956-05-21,1956-05-25,,,,44.62,5,False,,False,Yahoo Finance ^GSPC,推出前回溯
1956-06-01,1956-05-28,1956-06-03,1956-05-28,1956-06-01,,,,45.58,4,False,,False,Yahoo Finance ^GSPC,推出前回溯
1956-06-08,1956-06-04,1956-06-10,1956-06-04,1956-06-08,,,,45.14,5,False,,False,Yahoo Finance ^GSPC,推出前回溯
1956-06-15,1956-06-11,1956-06-17,1956-06-11,1956-06-15,,,,46.37,5,False,,False,Yahoo Finance ^GSPC,推出前回溯
1956-06-22,1956-06-18,1956-06-24,1956-06-18,1956-06-22,,,,46.59,5,False,,False,Yahoo Finance ^GSPC,推出前回溯
1956-06-29,1956-06-25,1956-07-01,1956-06-25,1956-06-29,,,,46.97,5,False,,False,Yahoo Finance ^GSPC,推出前回溯
1956-07-06,1956-07-02,1956-07-08,1956-07-02,1956-07-06,,,,48.04,4,False,,False,Yahoo Finance ^GSPC,推出前回溯
1956-07-13,1956-07-09,1956-07-15,1956-07-09,1956-07-13,,,,48.72,5,False,,False,Yahoo Finance ^GSPC,推出前回溯
1956-07-20,1956-07-16,1956-07-22,1956-07-16,1956-07-20,,,,49.35,5,False,,False,Yahoo Finance ^GSPC,推出前回溯
1956-07-27,1956-07-23,1956-07-29,1956-07-23,1956-07-27,,,,49.08,5,False,,False,Yahoo Finance ^GSPC,推出前回溯
1956-08-03,1956-07-30,1956-08-05,1956-07-30,1956-08-03,,,,49.64,5,False,,False,Yahoo Finance ^GSPC,推出前回溯
1956-08-10,1956-08-06,1956-08-12,1956-08-06,1956-08-10,,,,49.09,5,False,,False,Yahoo Finance ^GSPC,推出前回溯
1956-08-17,1956-08-13,1956-08-19,1956-08-13,1956-08-17,,,,48.82,5,False,,False,Yahoo Finance ^GSPC,推出前回溯
1956-08-24,1956-08-20,1956-08-26,1956-08-20,1956-08-24,,,,47.95,5,False,,False,Yahoo Finance ^GSPC,推出前回溯
1956-08-31,1956-08-27,1956-09-02,1956-08-27,1956-08-31,,,,47.51,5,False,,False,Yahoo Finance ^GSPC,推出前回溯
1956-09-07,1956-09-03,1956-09-09,1956-09-04,1956-09-07,,,,47.81,4,False,,False,Yahoo Finance ^GSPC,推出前回溯
1956-09-14,1956-09-10,1956-09-16,1956-09-10,1956-09-14,,,,47.21,5,False,,False,Yahoo Finance ^GSPC,推出前回溯
1956-09-21,1956-09-17,1956-09-23,1956-09-17,1956-09-21,,,,46.58,5,False,,False,Yahoo Finance ^GSPC,推出前回溯
1956-09-28,1956-09-24,1956-09-30,1956-09-24,1956-09-28,,,,45.35,5,False,,False,Yahoo Finance ^GSPC,推出前回溯
1956-10-05,1956-10-01,1956-10-07,1956-10-01,1956-10-05,,,,46.45,5,False,,False,Yahoo Finance ^GSPC,推出前回溯
1956-10-12,1956-10-08,1956-10-14,1956-10-08,1956-10-12,,,,47.00,5,False,,False,Yahoo Finance ^GSPC,推出前回溯
1956-10-19,1956-10-15,1956-10-21,1956-10-15,1956-10-19,,,,46.24,5,False,,False,Yahoo Finance ^GSPC,推出前回溯
1956-10-26,1956-10-22,1956-10-28,1956-10-22,1956-10-26,,,,46.27,5,False,,False,Yahoo Finance ^GSPC,推出前回溯
1956-11-02,1956-10-29,1956-11-04,1956-10-29,1956-11-02,,,,46.98,5,False,,False,Yahoo Finance ^GSPC,推出前回溯
1956-11-09,1956-11-05,1956-11-11,1956-11-05,1956-11-09,,,,46.34,4,False,,False,Yahoo Finance ^GSPC,推出前回溯
1956-11-16,1956-11-12,1956-11-18,1956-11-12,1956-11-16,,,,45.74,5,False,,False,Yahoo Finance ^GSPC,推出前回溯
1956-11-23,1956-11-19,1956-11-25,1956-11-19,1956-11-23,,,,45.14,4,False,,False,Yahoo Finance ^GSPC,推出前回溯
1956-11-30,1956-11-26,1956-12-02,1956-11-26,1956-11-30,,,,45.08,5,False,,False,Yahoo Finance ^GSPC,推出前回溯
1956-12-07,1956-12-03,1956-12-09,1956-12-03,1956-12-07,,,,47.04,5,False,,False,Yahoo Finance ^GSPC,推出前回溯
1956-12-14,1956-12-10,1956-12-16,1956-12-10,1956-12-14,,,,46.54,5,False,,False,Yahoo Finance ^GSPC,推出前回溯
1956-12-21,1956-12-17,1956-12-23,1956-12-17,1956-12-21,,,,46.37,5,False,,False,Yahoo Finance ^GSPC,推出前回溯
1956-12-28,1956-12-24,1956-12-30,1956-12-26,1956-12-28,,,,46.56,3,False,,False,Yahoo Finance ^GSPC,推出前回溯
1957-01-04,1956-12-31,1957-01-06,1956-12-31,1957-01-04,,,,46.66,4,False,,False,Yahoo Finance ^GSPC,推出前回溯
1957-01-11,1957-01-07,1957-01-13,1957-01-07,1957-01-11,,,,46.18,5,False,,False,Yahoo Finance ^GSPC,推出前回溯
1957-01-18,1957-01-14,1957-01-20,1957-01-14,1957-01-18,,,,44.64,5,False,,False,Yahoo Finance ^GSPC,推出前回溯
1957-01-25,1957-01-21,1957-01-27,1957-01-21,1957-01-25,,,,44.82,5,False,,False,Yahoo Finance ^GSPC,推出前回溯
1957-02-01,1957-01-28,1957-02-03,1957-01-28,1957-02-01,,,,44.62,5,False,,False,Yahoo Finance ^GSPC,推出前回溯
1957-02-08,1957-02-04,1957-02-10,1957-02-04,1957-02-08,,,,43.32,5,False,,False,Yahoo Finance ^GSPC,推出前回溯
1957-02-15,1957-02-11,1957-02-17,1957-02-11,1957-02-15,,,,43.51,5,False,,False,Yahoo Finance ^GSPC,推出前回溯
1957-02-21,1957-02-18,1957-02-24,1957-02-18,1957-02-21,,,,43.48,4,False,,False,Yahoo Finance ^GSPC,推出前回溯
1957-03-01,1957-02-25,1957-03-03,1957-02-25,1957-03-01,,,,43.74,5,False,,False,Yahoo Finance ^GSPC,推出前回溯
1957-03-08,1957-03-04,1957-03-10,1957-03-04,1957-03-08,,,,44.07,5,False,,False,Yahoo Finance ^GSPC,正式推出後
1957-03-15,1957-03-11,1957-03-17,1957-03-11,1957-03-15,,,,44.05,5,False,,False,Yahoo Finance ^GSPC,正式推出後
1957-03-22,1957-03-18,1957-03-24,1957-03-18,1957-03-22,,,,44.06,5,False,,False,Yahoo Finance ^GSPC,正式推出後
1957-03-29,1957-03-25,1957-03-31,1957-03-25,1957-03-29,,,,44.11,5,False,,False,Yahoo Finance ^GSPC,正式推出後
1957-04-05,1957-04-01,1957-04-07,1957-04-01,1957-04-05,,,,44.49,5,False,,False,Yahoo Finance ^GSPC,正式推出後
1957-04-12,1957-04-08,1957-04-14,1957-04-08,1957-04-12,,,,44.98,5,False,,False,Yahoo Finance ^GSPC,正式推出後
1957-04-18,1957-04-15,1957-04-21,1957-04-15,1957-04-18,,,,45.41,4,False,,False,Yahoo Finance ^GSPC,正式推出後
1957-04-26,1957-04-22,1957-04-28,1957-04-22,1957-04-26,,,,45.50,5,False,,False,Yahoo Finance ^GSPC,正式推出後
1957-05-03,1957-04-29,1957-05-05,1957-04-29,1957-05-03,,,,46.34,5,False,,False,Yahoo Finance ^GSPC,正式推出後
1957-05-10,1957-05-06,1957-05-12,1957-05-06,1957-05-10,,,,46.59,5,False,,False,Yahoo Finance ^GSPC,正式推出後
1957-05-17,1957-05-13,1957-05-19,1957-05-13,1957-05-17,,,,47.15,5,False,,False,Yahoo Finance ^GSPC,正式推出後
1957-05-24,1957-05-20,1957-05-26,1957-05-20,1957-05-24,,,,47.21,5,False,,False,Yahoo Finance ^GSPC,正式推出後
1957-05-31,1957-05-27,1957-06-02,1957-05-27,1957-05-31,,,,47.43,4,False,,False,Yahoo Finance ^GSPC,正式推出後
1957-06-07,1957-06-03,1957-06-09,1957-06-03,1957-06-07,,,,47.85,5,False,,False,Yahoo Finance ^GSPC,正式推出後
1957-06-14,1957-06-10,1957-06-16,1957-06-10,1957-06-14,,,,48.15,5,False,,False,Yahoo Finance ^GSPC,正式推出後
1957-06-21,1957-06-17,1957-06-23,1957-06-17,1957-06-21,,,,47.15,5,False,,False,Yahoo Finance ^GSPC,正式推出後
1957-06-28,1957-06-24,1957-06-30,1957-06-24,1957-06-28,,,,47.37,5,False,,False,Yahoo Finance ^GSPC,正式推出後
1957-07-05,1957-07-01,1957-07-07,1957-07-01,1957-07-05,,,,48.69,4,False,,False,Yahoo Finance ^GSPC,正式推出後
1957-07-12,1957-07-08,1957-07-14,1957-07-08,1957-07-12,,,,49.08,5,False,,False,Yahoo Finance ^GSPC,正式推出後
1957-07-19,1957-07-15,1957-07-21,1957-07-15,1957-07-19,,,,48.58,5,False,,False,Yahoo Finance ^GSPC,正式推出後
1957-07-26,1957-07-22,1957-07-28,1957-07-22,1957-07-26,,,,48.45,5,False,,False,Yahoo Finance ^GSPC,正式推出後
1957-08-02,1957-07-29,1957-08-04,1957-07-29,1957-08-02,,,,47.68,5,False,,False,Yahoo Finance ^GSPC,正式推出後
1957-08-09,1957-08-05,1957-08-11,1957-08-05,1957-08-09,,,,46.92,5,False,,False,Yahoo Finance ^GSPC,正式推出後
1957-08-16,1957-08-12,1957-08-18,1957-08-12,1957-08-16,,,,45.83,5,False,,False,Yahoo Finance ^GSPC,正式推出後
1957-08-23,1957-08-19,1957-08-25,1957-08-19,1957-08-23,,,,44.51,5,False,,False,Yahoo Finance ^GSPC,正式推出後
1957-08-30,1957-08-26,1957-09-01,1957-08-26,1957-08-30,,,,45.22,5,False,,False,Yahoo Finance ^GSPC,正式推出後
1957-09-06,1957-09-02,1957-09-08,1957-09-03,1957-09-06,,,,44.68,4,False,,False,Yahoo Finance ^GSPC,正式推出後
1957-09-13,1957-09-09,1957-09-15,1957-09-09,1957-09-13,,,,44.80,5,False,,False,Yahoo Finance ^GSPC,正式推出後
1957-09-20,1957-09-16,1957-09-22,1957-09-16,1957-09-20,,,,43.69,5,False,,False,Yahoo Finance ^GSPC,正式推出後
1957-09-27,1957-09-23,1957-09-29,1957-09-23,1957-09-27,,,,42.55,5,False,,False,Yahoo Finance ^GSPC,正式推出後
1957-10-04,1957-09-30,1957-10-06,1957-09-30,1957-10-04,,,,42.79,5,False,,False,Yahoo Finance ^GSPC,正式推出後
1957-10-11,1957-10-07,1957-10-13,1957-10-07,1957-10-11,,,,40.94,5,False,,False,Yahoo Finance ^GSPC,正式推出後
1957-10-18,1957-10-14,1957-10-20,1957-10-14,1957-10-18,,,,40.33,5,False,,False,Yahoo Finance ^GSPC,正式推出後
1957-10-25,1957-10-21,1957-10-27,1957-10-21,1957-10-25,,,,40.59,5,False,,False,Yahoo Finance ^GSPC,正式推出後
1957-11-01,1957-10-28,1957-11-03,1957-10-28,1957-11-01,,,,40.44,5,False,,False,Yahoo Finance ^GSPC,正式推出後
1957-11-08,1957-11-04,1957-11-10,1957-11-04,1957-11-08,,,,40.19,4,False,,False,Yahoo Finance ^GSPC,正式推出後
1957-11-15,1957-11-11,1957-11-17,1957-11-11,1957-11-15,,,,40.37,5,False,,False,Yahoo Finance ^GSPC,正式推出後
1957-11-22,1957-11-18,1957-11-24,1957-11-18,1957-11-22,,,,40.87,5,False,,False,Yahoo Finance ^GSPC,正式推出後
1957-11-29,1957-11-25,1957-12-01,1957-11-25,1957-11-29,,,,41.72,4,False,,False,Yahoo Finance ^GSPC,正式推出後
1957-12-06,1957-12-02,1957-12-08,1957-12-02,1957-12-06,,,,41.31,5,False,,False,Yahoo Finance ^GSPC,正式推出後
1957-12-13,1957-12-09,1957-12-15,1957-12-09,1957-12-13,,,,40.73,5,False,,False,Yahoo Finance ^GSPC,正式推出後
1957-12-20,1957-12-16,1957-12-22,1957-12-16,1957-12-20,,,,39.48,5,False,,False,Yahoo Finance ^GSPC,正式推出後
1957-12-27,1957-12-23,1957-12-29,1957-12-23,1957-12-27,,,,39.78,4,False,,False,Yahoo Finance ^GSPC,正式推出後
1958-01-03,1957-12-30,1958-01-05,1957-12-30,1958-01-03,,,,40.87,4,False,,False,Yahoo Finance ^GSPC,正式推出後
1958-01-10,1958-01-06,1958-01-12,1958-01-06,1958-01-10,,,,40.37,5,False,,False,Yahoo Finance ^GSPC,正式推出後
1958-01-17,1958-01-13,1958-01-19,1958-01-13,1958-01-17,,,,41.10,5,False,,False,Yahoo Finance ^GSPC,正式推出後
1958-01-24,1958-01-20,1958-01-26,1958-01-20,1958-01-24,,,,41.71,5,False,,False,Yahoo Finance ^GSPC,正式推出後
1958-01-31,1958-01-27,1958-02-02,1958-01-27,1958-01-31,,,,41.70,5,False,,False,Yahoo Finance ^GSPC,正式推出後
1958-02-07,1958-02-03,1958-02-09,1958-02-03,1958-02-07,,,,41.73,5,False,,False,Yahoo Finance ^GSPC,正式推出後
1958-02-14,1958-02-10,1958-02-16,1958-02-10,1958-02-14,,,,41.33,5,False,,False,Yahoo Finance ^GSPC,正式推出後
1958-02-21,1958-02-17,1958-02-23,1958-02-17,1958-02-21,,,,40.88,5,False,,False,Yahoo Finance ^GSPC,正式推出後
1958-02-28,1958-02-24,1958-03-02,1958-02-24,1958-02-28,,,,40.84,5,False,,False,Yahoo Finance ^GSPC,正式推出後
1958-03-07,1958-03-03,1958-03-09,1958-03-03,1958-03-07,,,,42.07,5,False,,False,Yahoo Finance ^GSPC,正式推出後
1958-03-14,1958-03-10,1958-03-16,1958-03-10,1958-03-14,,,,42.33,5,False,,False,Yahoo Finance ^GSPC,正式推出後
1958-03-21,1958-03-17,1958-03-23,1958-03-17,1958-03-21,,,,42.42,5,False,,False,Yahoo Finance ^GSPC,正式推出後
1958-03-28,1958-03-24,1958-03-30,1958-03-24,1958-03-28,,,,42.20,5,False,,False,Yahoo Finance ^GSPC,正式推出後
1958-04-03,1958-03-31,1958-04-06,1958-03-31,1958-04-03,,,,41.48,4,False,,False,Yahoo Finance ^GSPC,正式推出後
1958-04-11,1958-04-07,1958-04-13,1958-04-07,1958-04-11,,,,41.74,5,False,,False,Yahoo Finance ^GSPC,正式推出後
1958-04-18,1958-04-14,1958-04-20,1958-04-14,1958-04-18,,,,42.71,5,False,,False,Yahoo Finance ^GSPC,正式推出後
1958-04-25,1958-04-21,1958-04-27,1958-04-21,1958-04-25,,,,43.36,5,False,,False,Yahoo Finance ^GSPC,正式推出後
1958-05-02,1958-04-28,1958-05-04,1958-04-28,1958-05-02,,,,43.69,5,False,,False,Yahoo Finance ^GSPC,正式推出後
1958-05-09,1958-05-05,1958-05-11,1958-05-05,1958-05-09,,,,44.09,5,False,,False,Yahoo Finance ^GSPC,正式推出後
1958-05-16,1958-05-12,1958-05-18,1958-05-12,1958-05-16,,,,43.36,5,False,,False,Yahoo Finance ^GSPC,正式推出後
1958-05-23,1958-05-19,1958-05-25,1958-05-19,1958-05-23,,,,43.87,5,False,,False,Yahoo Finance ^GSPC,正式推出後
1958-05-29,1958-05-26,1958-06-01,1958-05-26,1958-05-29,,,,44.09,4,False,,False,Yahoo Finance ^GSPC,正式推出後
1958-06-06,1958-06-02,1958-06-08,1958-06-02,1958-06-06,,,,44.64,5,False,,False,Yahoo Finance ^GSPC,正式推出後
1958-06-13,1958-06-09,1958-06-15,1958-06-09,1958-06-13,,,,45.02,5,False,,False,Yahoo Finance ^GSPC,正式推出後
1958-06-20,1958-06-16,1958-06-22,1958-06-16,1958-06-20,,,,44.85,5,False,,False,Yahoo Finance ^GSPC,正式推出後
1958-06-27,1958-06-23,1958-06-29,1958-06-23,1958-06-27,,,,44.90,5,False,,False,Yahoo Finance ^GSPC,正式推出後
1958-07-03,1958-06-30,1958-07-06,1958-06-30,1958-07-03,,,,45.47,4,False,,False,Yahoo Finance ^GSPC,正式推出後
1958-07-11,1958-07-07,1958-07-13,1958-07-07,1958-07-11,,,,45.72,5,False,,False,Yahoo Finance ^GSPC,正式推出後
1958-07-18,1958-07-14,1958-07-20,1958-07-14,1958-07-18,,,,45.77,5,False,,False,Yahoo Finance ^GSPC,正式推出後
1958-07-25,1958-07-21,1958-07-27,1958-07-21,1958-07-25,,,,46.97,5,False,,False,Yahoo Finance ^GSPC,正式推出後
1958-08-01,1958-07-28,1958-08-03,1958-07-28,1958-08-01,,,,47.49,5,False,,False,Yahoo Finance ^GSPC,正式推出後
1958-08-08,1958-08-04,1958-08-10,1958-08-04,1958-08-08,,,,48.05,5,False,,False,Yahoo Finance ^GSPC,正式推出後
1958-08-15,1958-08-11,1958-08-17,1958-08-11,1958-08-15,,,,47.50,5,False,,False,Yahoo Finance ^GSPC,正式推出後
1958-08-22,1958-08-18,1958-08-24,1958-08-18,1958-08-22,,,,47.73,5,False,,False,Yahoo Finance ^GSPC,正式推出後
1958-08-29,1958-08-25,1958-08-31,1958-08-25,1958-08-29,,,,47.75,5,False,,False,Yahoo Finance ^GSPC,正式推出後
1958-09-05,1958-09-01,1958-09-07,1958-09-02,1958-09-05,,,,47.97,4,False,,False,Yahoo Finance ^GSPC,正式推出後
1958-09-12,1958-09-08,1958-09-14,1958-09-08,1958-09-12,,,,48.53,5,False,,False,Yahoo Finance ^GSPC,正式推出後
1958-09-19,1958-09-15,1958-09-21,1958-09-15,1958-09-19,,,,49.40,5,False,,False,Yahoo Finance ^GSPC,正式推出後
1958-09-26,1958-09-22,1958-09-28,1958-09-22,1958-09-26,,,,49.66,5,False,,False,Yahoo Finance ^GSPC,正式推出後
1958-10-03,1958-09-29,1958-10-05,1958-09-29,1958-10-03,,,,50.37,5,False,,False,Yahoo Finance ^GSPC,正式推出後
1958-10-10,1958-10-06,1958-10-12,1958-10-06,1958-10-10,,,,51.39,5,False,,False,Yahoo Finance ^GSPC,正式推出後
1958-10-17,1958-10-13,1958-10-19,1958-10-13,1958-10-17,,,,51.46,5,False,,False,Yahoo Finance ^GSPC,正式推出後
1958-10-24,1958-10-20,1958-10-26,1958-10-20,1958-10-24,,,,50.81,5,False,,False,Yahoo Finance ^GSPC,正式推出後
1958-10-31,1958-10-27,1958-11-02,1958-10-27,1958-10-31,,,,51.33,5,False,,False,Yahoo Finance ^GSPC,正式推出後
1958-11-07,1958-11-03,1958-11-09,1958-11-03,1958-11-07,,,,52.26,4,False,,False,Yahoo Finance ^GSPC,正式推出後
1958-11-14,1958-11-10,1958-11-16,1958-11-10,1958-11-14,,,,53.09,5,False,,False,Yahoo Finance ^GSPC,正式推出後
1958-11-21,1958-11-17,1958-11-23,1958-11-17,1958-11-21,,,,52.70,5,False,,False,Yahoo Finance ^GSPC,正式推出後
1958-11-28,1958-11-24,1958-11-30,1958-11-24,1958-11-28,,,,52.48,4,False,,False,Yahoo Finance ^GSPC,正式推出後
1958-12-05,1958-12-01,1958-12-07,1958-12-01,1958-12-05,,,,52.46,5,False,,False,Yahoo Finance ^GSPC,正式推出後
1958-12-12,1958-12-08,1958-12-14,1958-12-08,1958-12-12,,,,53.22,5,False,,False,Yahoo Finance ^GSPC,正式推出後
1958-12-19,1958-12-15,1958-12-21,1958-12-15,1958-12-19,,,,54.07,5,False,,False,Yahoo Finance ^GSPC,正式推出後
1958-12-24,1958-12-22,1958-12-28,1958-12-22,1958-12-24,,,,54.11,3,False,,False,Yahoo Finance ^GSPC,正式推出後
1959-01-02,1958-12-29,1959-01-04,1958-12-29,1959-01-02,,,,55.44,4,False,,False,Yahoo Finance ^GSPC,正式推出後
1959-01-09,1959-01-05,1959-01-11,1959-01-05,1959-01-09,,,,55.77,5,False,,False,Yahoo Finance ^GSPC,正式推出後
1959-01-16,1959-01-12,1959-01-18,1959-01-12,1959-01-16,,,,55.81,5,False,,False,Yahoo Finance ^GSPC,正式推出後
1959-01-23,1959-01-19,1959-01-25,1959-01-19,1959-01-23,,,,56.00,5,False,,False,Yahoo Finance ^GSPC,正式推出後
1959-01-30,1959-01-26,1959-02-01,1959-01-26,1959-01-30,,,,55.45,5,False,,False,Yahoo Finance ^GSPC,正式推出後
1959-02-06,1959-02-02,1959-02-08,1959-02-02,1959-02-06,,,,54.37,5,False,,False,Yahoo Finance ^GSPC,正式推出後
1959-02-13,1959-02-09,1959-02-15,1959-02-09,1959-02-13,,,,54.42,5,False,,False,Yahoo Finance ^GSPC,正式推出後
1959-02-20,1959-02-16,1959-02-22,1959-02-16,1959-02-20,,,,55.52,5,False,,False,Yahoo Finance ^GSPC,正式推出後
1959-02-27,1959-02-23,1959-03-01,1959-02-24,1959-02-27,,,,55.41,4,False,,False,Yahoo Finance ^GSPC,正式推出後
1959-03-06,1959-03-02,1959-03-08,1959-03-02,1959-03-06,,,,56.21,5,False,,False,Yahoo Finance ^GSPC,正式推出後
1959-03-13,1959-03-09,1959-03-15,1959-03-09,1959-03-13,,,,56.67,5,False,,False,Yahoo Finance ^GSPC,正式推出後
1959-03-20,1959-03-16,1959-03-22,1959-03-16,1959-03-20,,,,56.39,5,False,,False,Yahoo Finance ^GSPC,正式推出後
1959-03-26,1959-03-23,1959-03-29,1959-03-23,1959-03-26,,,,55.76,4,False,,False,Yahoo Finance ^GSPC,正式推出後
1959-04-03,1959-03-30,1959-04-05,1959-03-30,1959-04-03,,,,56.44,5,False,,False,Yahoo Finance ^GSPC,正式推出後
1959-04-10,1959-04-06,1959-04-12,1959-04-06,1959-04-10,,,,56.22,5,False,,False,Yahoo Finance ^GSPC,正式推出後
1959-04-17,1959-04-13,1959-04-19,1959-04-13,1959-04-17,,,,57.92,5,False,,False,Yahoo Finance ^GSPC,正式推出後
1959-04-24,1959-04-20,1959-04-26,1959-04-20,1959-04-24,,,,57.96,5,False,,False,Yahoo Finance ^GSPC,正式推出後
1959-05-01,1959-04-27,1959-05-03,1959-04-27,1959-05-01,,,,57.65,5,False,,False,Yahoo Finance ^GSPC,正式推出後
1959-05-08,1959-05-04,1959-05-10,1959-05-04,1959-05-08,,,,57.32,5,False,,False,Yahoo Finance ^GSPC,正式推出後
1959-05-15,1959-05-11,1959-05-17,1959-05-11,1959-05-15,,,,58.16,5,False,,False,Yahoo Finance ^GSPC,正式推出後
1959-05-22,1959-05-18,1959-05-24,1959-05-18,1959-05-22,,,,58.33,5,False,,False,Yahoo Finance ^GSPC,正式推出後
1959-05-29,1959-05-25,1959-05-31,1959-05-25,1959-05-29,,,,58.68,5,False,,False,Yahoo Finance ^GSPC,正式推出後
1959-06-05,1959-06-01,1959-06-07,1959-06-01,1959-06-05,,,,57.51,5,False,,False,Yahoo Finance ^GSPC,正式推出後
1959-06-12,1959-06-08,1959-06-14,1959-06-08,1959-06-12,,,,57.29,5,False,,False,Yahoo Finance ^GSPC,正式推出後
1959-06-19,1959-06-15,1959-06-21,1959-06-15,1959-06-19,,,,57.13,5,False,,False,Yahoo Finance ^GSPC,正式推出後
1959-06-26,1959-06-22,1959-06-28,1959-06-22,1959-06-26,,,,57.98,5,False,,False,Yahoo Finance ^GSPC,正式推出後
1959-07-02,1959-06-29,1959-07-05,1959-06-29,1959-07-02,,,,59.28,4,False,,False,Yahoo Finance ^GSPC,正式推出後
1959-07-10,1959-07-06,1959-07-12,1959-07-06,1959-07-10,,,,59.91,5,False,,False,Yahoo Finance ^GSPC,正式推出後
1959-07-17,1959-07-13,1959-07-19,1959-07-13,1959-07-17,,,,59.19,5,False,,False,Yahoo Finance ^GSPC,正式推出後
1959-07-24,1959-07-20,1959-07-26,1959-07-20,1959-07-24,,,,59.65,5,False,,False,Yahoo Finance ^GSPC,正式推出後
1959-07-31,1959-07-27,1959-08-02,1959-07-27,1959-07-31,,,,60.51,5,False,,False,Yahoo Finance ^GSPC,正式推出後
1959-08-07,1959-08-03,1959-08-09,1959-08-03,1959-08-07,,,,59.87,5,False,,False,Yahoo Finance ^GSPC,正式推出後
1959-08-14,1959-08-10,1959-08-16,1959-08-10,1959-08-14,,,,59.29,5,False,,False,Yahoo Finance ^GSPC,正式推出後
1959-08-21,1959-08-17,1959-08-23,1959-08-17,1959-08-21,,,,59.08,5,False,,False,Yahoo Finance ^GSPC,正式推出後
1959-08-28,1959-08-24,1959-08-30,1959-08-24,1959-08-28,,,,59.60,5,False,,False,Yahoo Finance ^GSPC,正式推出後
1959-09-04,1959-08-31,1959-09-06,1959-08-31,1959-09-04,,,,58.54,5,False,,False,Yahoo Finance ^GSPC,正式推出後
1959-09-11,1959-09-07,1959-09-13,1959-09-08,1959-09-11,,,,57.41,4,False,,False,Yahoo Finance ^GSPC,正式推出後
1959-09-18,1959-09-14,1959-09-20,1959-09-14,1959-09-18,,,,56.19,5,False,,False,Yahoo Finance ^GSPC,正式推出後
1959-09-25,1959-09-21,1959-09-27,1959-09-21,1959-09-25,,,,56.73,5,False,,False,Yahoo Finance ^GSPC,正式推出後
1959-10-02,1959-09-28,1959-10-04,1959-09-28,1959-10-02,,,,57.20,5,False,,False,Yahoo Finance ^GSPC,正式推出後
1959-10-09,1959-10-05,1959-10-11,1959-10-05,1959-10-09,,,,57.00,5,False,,False,Yahoo Finance ^GSPC,正式推出後
1959-10-16,1959-10-12,1959-10-18,1959-10-12,1959-10-16,,,,57.33,5,False,,False,Yahoo Finance ^GSPC,正式推出後
1959-10-23,1959-10-19,1959-10-25,1959-10-19,1959-10-23,,,,56.56,5,False,,False,Yahoo Finance ^GSPC,正式推出後
1959-10-30,1959-10-26,1959-11-01,1959-10-26,1959-10-30,,,,57.52,5,False,,False,Yahoo Finance ^GSPC,正式推出後
1959-11-06,1959-11-02,1959-11-08,1959-11-02,1959-11-06,,,,57.60,4,False,,False,Yahoo Finance ^GSPC,正式推出後
1959-11-13,1959-11-09,1959-11-15,1959-11-09,1959-11-13,,,,56.85,5,False,,False,Yahoo Finance ^GSPC,正式推出後
1959-11-20,1959-11-16,1959-11-22,1959-11-16,1959-11-20,,,,56.97,5,False,,False,Yahoo Finance ^GSPC,正式推出後
1959-11-27,1959-11-23,1959-11-29,1959-11-23,1959-11-27,,,,57.70,4,False,,False,Yahoo Finance ^GSPC,正式推出後
1959-12-04,1959-11-30,1959-12-06,1959-11-30,1959-12-04,,,,58.85,5,False,,False,Yahoo Finance ^GSPC,正式推出後
1959-12-11,1959-12-07,1959-12-13,1959-12-07,1959-12-11,,,,58.88,5,False,,False,Yahoo Finance ^GSPC,正式推出後
1959-12-18,1959-12-14,1959-12-20,1959-12-14,1959-12-18,,,,59.14,5,False,,False,Yahoo Finance ^GSPC,正式推出後
1959-12-24,1959-12-21,1959-12-27,1959-12-21,1959-12-24,,,,59.00,4,False,,False,Yahoo Finance ^GSPC,正式推出後
1959-12-31,1959-12-28,1960-01-03,1959-12-28,1959-12-31,,,,59.89,4,False,,False,Yahoo Finance ^GSPC,正式推出後
1960-01-08,1960-01-04,1960-01-10,1960-01-04,1960-01-08,,,,59.50,5,False,,False,Yahoo Finance ^GSPC,正式推出後
1960-01-15,1960-01-11,1960-01-17,1960-01-11,1960-01-15,,,,58.38,5,False,,False,Yahoo Finance ^GSPC,正式推出後
1960-01-22,1960-01-18,1960-01-24,1960-01-18,1960-01-22,,,,57.38,5,False,,False,Yahoo Finance ^GSPC,正式推出後
1960-01-29,1960-01-25,1960-01-31,1960-01-25,1960-01-29,,,,55.61,5,False,,False,Yahoo Finance ^GSPC,正式推出後
1960-02-05,1960-02-01,1960-02-07,1960-02-01,1960-02-05,,,,55.98,5,False,,False,Yahoo Finance ^GSPC,正式推出後
1960-02-12,1960-02-08,1960-02-14,1960-02-08,1960-02-12,,,,55.46,5,False,,False,Yahoo Finance ^GSPC,正式推出後
1960-02-19,1960-02-15,1960-02-21,1960-02-15,1960-02-19,,,,56.24,5,False,,False,Yahoo Finance ^GSPC,正式推出後
1960-02-26,1960-02-22,1960-02-28,1960-02-23,1960-02-26,,,,56.16,4,False,,False,Yahoo Finance ^GSPC,正式推出後
1960-03-04,1960-02-29,1960-03-06,1960-02-29,1960-03-04,,,,54.57,5,False,,False,Yahoo Finance ^GSPC,正式推出後
1960-03-11,1960-03-07,1960-03-13,1960-03-07,1960-03-11,,,,54.24,5,False,,False,Yahoo Finance ^GSPC,正式推出後
1960-03-18,1960-03-14,1960-03-20,1960-03-14,1960-03-18,,,,55.01,5,False,,False,Yahoo Finance ^GSPC,正式推出後
1960-03-25,1960-03-21,1960-03-27,1960-03-21,1960-03-25,,,,55.98,5,False,,False,Yahoo Finance ^GSPC,正式推出後
1960-04-01,1960-03-28,1960-04-03,1960-03-28,1960-04-01,,,,55.43,5,False,,False,Yahoo Finance ^GSPC,正式推出後
1960-04-08,1960-04-04,1960-04-10,1960-04-04,1960-04-08,,,,56.39,5,False,,False,Yahoo Finance ^GSPC,正式推出後
1960-04-14,1960-04-11,1960-04-17,1960-04-11,1960-04-14,,,,56.43,4,False,,False,Yahoo Finance ^GSPC,正式推出後
1960-04-22,1960-04-18,1960-04-24,1960-04-18,1960-04-22,,,,55.42,5,False,,False,Yahoo Finance ^GSPC,正式推出後
1960-04-29,1960-04-25,1960-05-01,1960-04-25,1960-04-29,,,,54.37,5,False,,False,Yahoo Finance ^GSPC,正式推出後
1960-05-06,1960-05-02,1960-05-08,1960-05-02,1960-05-06,,,,54.75,5,False,,False,Yahoo Finance ^GSPC,正式推出後
1960-05-13,1960-05-09,1960-05-15,1960-05-09,1960-05-13,,,,55.30,5,False,,False,Yahoo Finance ^GSPC,正式推出後
1960-05-20,1960-05-16,1960-05-22,1960-05-16,1960-05-20,,,,55.73,5,False,,False,Yahoo Finance ^GSPC,正式推出後
1960-05-27,1960-05-23,1960-05-29,1960-05-23,1960-05-27,,,,55.74,5,False,,False,Yahoo Finance ^GSPC,正式推出後
1960-06-03,1960-05-30,1960-06-05,1960-05-31,1960-06-03,,,,56.23,4,False,,False,Yahoo Finance ^GSPC,正式推出後
1960-06-10,1960-06-06,1960-06-12,1960-06-06,1960-06-10,,,,57.97,5,False,,False,Yahoo Finance ^GSPC,正式推出後
1960-06-17,1960-06-13,1960-06-19,1960-06-13,1960-06-17,,,,57.44,5,False,,False,Yahoo Finance ^GSPC,正式推出後
1960-06-24,1960-06-20,1960-06-26,1960-06-20,1960-06-24,,,,57.68,5,False,,False,Yahoo Finance ^GSPC,正式推出後
1960-07-01,1960-06-27,1960-07-03,1960-06-27,1960-07-01,,,,57.06,5,False,,False,Yahoo Finance ^GSPC,正式推出後
1960-07-08,1960-07-04,1960-07-10,1960-07-05,1960-07-08,,,,57.38,4,False,,False,Yahoo Finance ^GSPC,正式推出後
1960-07-15,1960-07-11,1960-07-17,1960-07-11,1960-07-15,,,,56.05,5,False,,False,Yahoo Finance ^GSPC,正式推出後
1960-07-22,1960-07-18,1960-07-24,1960-07-18,1960-07-22,,,,54.72,5,False,,False,Yahoo Finance ^GSPC,正式推出後
1960-07-29,1960-07-25,1960-07-31,1960-07-25,1960-07-29,,,,55.51,5,False,,False,Yahoo Finance ^GSPC,正式推出後
1960-08-05,1960-08-01,1960-08-07,1960-08-01,1960-08-05,,,,55.44,5,False,,False,Yahoo Finance ^GSPC,正式推出後
1960-08-12,1960-08-08,1960-08-14,1960-08-08,1960-08-12,,,,56.66,5,False,,False,Yahoo Finance ^GSPC,正式推出後
1960-08-19,1960-08-15,1960-08-21,1960-08-15,1960-08-19,,,,57.01,5,False,,False,Yahoo Finance ^GSPC,正式推出後
1960-08-26,1960-08-22,1960-08-28,1960-08-22,1960-08-26,,,,57.60,5,False,,False,Yahoo Finance ^GSPC,正式推出後
1960-09-02,1960-08-29,1960-09-04,1960-08-29,1960-09-02,,,,57.00,5,False,,False,Yahoo Finance ^GSPC,正式推出後
1960-09-09,1960-09-05,1960-09-11,1960-09-06,1960-09-09,,,,56.11,4,False,,False,Yahoo Finance ^GSPC,正式推出後
1960-09-16,1960-09-12,1960-09-18,1960-09-12,1960-09-16,,,,55.11,5,False,,False,Yahoo Finance ^GSPC,正式推出後
1960-09-23,1960-09-19,1960-09-25,1960-09-19,1960-09-23,,,,53.90,5,False,,False,Yahoo Finance ^GSPC,正式推出後
1960-09-30,1960-09-26,1960-10-02,1960-09-26,1960-09-30,,,,53.52,5,False,,False,Yahoo Finance ^GSPC,正式推出後
1960-10-07,1960-10-03,1960-10-09,1960-10-03,1960-10-07,,,,54.03,5,False,,False,Yahoo Finance ^GSPC,正式推出後
1960-10-14,1960-10-10,1960-10-16,1960-10-10,1960-10-14,,,,54.86,5,False,,False,Yahoo Finance ^GSPC,正式推出後
1960-10-21,1960-10-17,1960-10-23,1960-10-17,1960-10-21,,,,53.72,5,False,,False,Yahoo Finance ^GSPC,正式推出後
1960-10-28,1960-10-24,1960-10-30,1960-10-24,1960-10-28,,,,53.41,5,False,,False,Yahoo Finance ^GSPC,正式推出後
1960-11-04,1960-10-31,1960-11-06,1960-10-31,1960-11-04,,,,54.90,5,False,,False,Yahoo Finance ^GSPC,正式推出後
1960-11-11,1960-11-07,1960-11-13,1960-11-07,1960-11-11,,,,55.87,4,False,,False,Yahoo Finance ^GSPC,正式推出後
1960-11-18,1960-11-14,1960-11-20,1960-11-14,1960-11-18,,,,55.82,5,False,,False,Yahoo Finance ^GSPC,正式推出後
1960-11-25,1960-11-21,1960-11-27,1960-11-21,1960-11-25,,,,56.13,4,False,,False,Yahoo Finance ^GSPC,正式推出後
1960-12-02,1960-11-28,1960-12-04,1960-11-28,1960-12-02,,,,55.39,5,False,,False,Yahoo Finance ^GSPC,正式推出後
1960-12-09,1960-12-05,1960-12-11,1960-12-05,1960-12-09,,,,56.65,5,False,,False,Yahoo Finance ^GSPC,正式推出後
1960-12-16,1960-12-12,1960-12-18,1960-12-12,1960-12-16,,,,57.20,5,False,,False,Yahoo Finance ^GSPC,正式推出後
1960-12-23,1960-12-19,1960-12-25,1960-12-19,1960-12-23,,,,57.44,5,False,,False,Yahoo Finance ^GSPC,正式推出後
1960-12-30,1960-12-26,1961-01-01,1960-12-27,1960-12-30,,,,58.11,4,False,,False,Yahoo Finance ^GSPC,正式推出後
1961-01-06,1961-01-02,1961-01-08,1961-01-03,1961-01-06,,,,58.40,4,False,,False,Yahoo Finance ^GSPC,正式推出後
1961-01-13,1961-01-09,1961-01-15,1961-01-09,1961-01-13,,,,59.60,5,False,,False,Yahoo Finance ^GSPC,正式推出後
1961-01-20,1961-01-16,1961-01-22,1961-01-16,1961-01-20,,,,59.96,5,False,,False,Yahoo Finance ^GSPC,正式推出後
1961-01-27,1961-01-23,1961-01-29,1961-01-23,1961-01-27,,,,61.24,5,False,,False,Yahoo Finance ^GSPC,正式推出後
1961-02-03,1961-01-30,1961-02-05,1961-01-30,1961-02-03,,,,62.22,5,False,,False,Yahoo Finance ^GSPC,正式推出後
1961-02-10,1961-02-06,1961-02-12,1961-02-06,1961-02-10,,,,61.50,5,False,,False,Yahoo Finance ^GSPC,正式推出後
1961-02-17,1961-02-13,1961-02-19,1961-02-13,1961-02-17,,,,62.10,5,False,,False,Yahoo Finance ^GSPC,正式推出後
1961-02-24,1961-02-20,1961-02-26,1961-02-20,1961-02-24,,,,62.84,4,False,,False,Yahoo Finance ^GSPC,正式推出後
1961-03-03,1961-02-27,1961-03-05,1961-02-27,1961-03-03,,,,63.95,5,False,,False,Yahoo Finance ^GSPC,正式推出後
1961-03-10,1961-03-06,1961-03-12,1961-03-06,1961-03-10,,,,63.48,5,False,,False,Yahoo Finance ^GSPC,正式推出後
1961-03-17,1961-03-13,1961-03-19,1961-03-13,1961-03-17,,,,64.00,5,False,,False,Yahoo Finance ^GSPC,正式推出後
1961-03-24,1961-03-20,1961-03-26,1961-03-20,1961-03-24,,,,64.42,5,False,,False,Yahoo Finance ^GSPC,正式推出後
1961-03-30,1961-03-27,1961-04-02,1961-03-27,1961-03-30,,,,65.06,4,False,,False,Yahoo Finance ^GSPC,正式推出後
1961-04-07,1961-04-03,1961-04-09,1961-04-03,1961-04-07,,,,65.96,5,False,,False,Yahoo Finance ^GSPC,正式推出後
1961-04-14,1961-04-10,1961-04-16,1961-04-10,1961-04-14,,,,66.37,5,False,,False,Yahoo Finance ^GSPC,正式推出後
1961-04-21,1961-04-17,1961-04-23,1961-04-17,1961-04-21,,,,65.77,5,False,,False,Yahoo Finance ^GSPC,正式推出後
1961-04-28,1961-04-24,1961-04-30,1961-04-24,1961-04-28,,,,65.31,5,False,,False,Yahoo Finance ^GSPC,正式推出後
1961-05-05,1961-05-01,1961-05-07,1961-05-01,1961-05-05,,,,66.52,5,False,,False,Yahoo Finance ^GSPC,正式推出後
1961-05-12,1961-05-08,1961-05-14,1961-05-08,1961-05-12,,,,66.50,5,False,,False,Yahoo Finance ^GSPC,正式推出後
1961-05-19,1961-05-15,1961-05-21,1961-05-15,1961-05-19,,,,67.27,5,False,,False,Yahoo Finance ^GSPC,正式推出後
1961-05-26,1961-05-22,1961-05-28,1961-05-22,1961-05-26,,,,66.43,5,False,,False,Yahoo Finance ^GSPC,正式推出後
1961-06-02,1961-05-29,1961-06-04,1961-05-31,1961-06-02,,,,66.73,3,False,,False,Yahoo Finance ^GSPC,正式推出後
1961-06-09,1961-06-05,1961-06-11,1961-06-05,1961-06-09,,,,66.66,5,False,,False,Yahoo Finance ^GSPC,正式推出後
1961-06-16,1961-06-12,1961-06-18,1961-06-12,1961-06-16,,,,65.18,5,False,,False,Yahoo Finance ^GSPC,正式推出後
1961-06-23,1961-06-19,1961-06-25,1961-06-19,1961-06-23,,,,65.16,5,False,,False,Yahoo Finance ^GSPC,正式推出後
1961-06-30,1961-06-26,1961-07-02,1961-06-26,1961-06-30,,,,64.64,5,False,,False,Yahoo Finance ^GSPC,正式推出後
1961-07-07,1961-07-03,1961-07-09,1961-07-03,1961-07-07,,,,65.77,4,False,,False,Yahoo Finance ^GSPC,正式推出後
1961-07-14,1961-07-10,1961-07-16,1961-07-10,1961-07-14,,,,65.28,5,False,,False,Yahoo Finance ^GSPC,正式推出後
1961-07-21,1961-07-17,1961-07-23,1961-07-17,1961-07-21,,,,64.86,5,False,,False,Yahoo Finance ^GSPC,正式推出後
1961-07-28,1961-07-24,1961-07-30,1961-07-24,1961-07-28,,,,66.71,5,False,,False,Yahoo Finance ^GSPC,正式推出後
1961-08-04,1961-07-31,1961-08-06,1961-07-31,1961-08-04,,,,67.68,5,False,,False,Yahoo Finance ^GSPC,正式推出後
1961-08-11,1961-08-07,1961-08-13,1961-08-07,1961-08-11,,,,68.06,5,False,,False,Yahoo Finance ^GSPC,正式推出後
1961-08-18,1961-08-14,1961-08-20,1961-08-14,1961-08-18,,,,68.29,5,False,,False,Yahoo Finance ^GSPC,正式推出後
1961-08-25,1961-08-21,1961-08-27,1961-08-21,1961-08-25,,,,67.67,5,False,,False,Yahoo Finance ^GSPC,正式推出後
1961-09-01,1961-08-28,1961-09-03,1961-08-28,1961-09-01,,,,68.19,5,False,,False,Yahoo Finance ^GSPC,正式推出後
1961-09-08,1961-09-04,1961-09-10,1961-09-05,1961-09-08,,,,67.88,4,False,,False,Yahoo Finance ^GSPC,正式推出後
1961-09-15,1961-09-11,1961-09-17,1961-09-11,1961-09-15,,,,67.65,5,False,,False,Yahoo Finance ^GSPC,正式推出後
1961-09-22,1961-09-18,1961-09-24,1961-09-18,1961-09-22,,,,66.72,5,False,,False,Yahoo Finance ^GSPC,正式推出後
1961-09-29,1961-09-25,1961-10-01,1961-09-25,1961-09-29,,,,66.73,5,False,,False,Yahoo Finance ^GSPC,正式推出後
1961-10-06,1961-10-02,1961-10-08,1961-10-02,1961-10-06,,,,66.97,5,False,,False,Yahoo Finance ^GSPC,正式推出後
1961-10-13,1961-10-09,1961-10-15,1961-10-09,1961-10-13,,,,68.04,5,False,,False,Yahoo Finance ^GSPC,正式推出後
1961-10-20,1961-10-16,1961-10-22,1961-10-16,1961-10-20,,,,68.00,5,False,,False,Yahoo Finance ^GSPC,正式推出後
1961-10-27,1961-10-23,1961-10-29,1961-10-23,1961-10-27,,,,68.34,5,False,,False,Yahoo Finance ^GSPC,正式推出後
1961-11-03,1961-10-30,1961-11-05,1961-10-30,1961-11-03,,,,69.47,5,False,,False,Yahoo Finance ^GSPC,正式推出後
1961-11-10,1961-11-06,1961-11-12,1961-11-06,1961-11-10,,,,71.07,4,False,,False,Yahoo Finance ^GSPC,正式推出後
1961-11-17,1961-11-13,1961-11-19,1961-11-13,1961-11-17,,,,71.62,5,False,,False,Yahoo Finance ^GSPC,正式推出後
1961-11-24,1961-11-20,1961-11-26,1961-11-20,1961-11-24,,,,71.84,4,False,,False,Yahoo Finance ^GSPC,正式推出後
1961-12-01,1961-11-27,1961-12-03,1961-11-27,1961-12-01,,,,71.78,5,False,,False,Yahoo Finance ^GSPC,正式推出後
1961-12-08,1961-12-04,1961-12-10,1961-12-04,1961-12-08,,,,72.04,5,False,,False,Yahoo Finance ^GSPC,正式推出後
1961-12-15,1961-12-11,1961-12-17,1961-12-11,1961-12-15,,,,72.01,5,False,,False,Yahoo Finance ^GSPC,正式推出後
1961-12-22,1961-12-18,1961-12-24,1961-12-18,1961-12-22,,,,70.91,5,False,,False,Yahoo Finance ^GSPC,正式推出後
1961-12-29,1961-12-25,1961-12-31,1961-12-26,1961-12-29,,,,71.55,4,False,,False,Yahoo Finance ^GSPC,正式推出後
1962-01-05,1962-01-01,1962-01-07,1962-01-02,1962-01-05,71.55,71.96,69.35,69.66,4,False,,True,Yahoo Finance ^GSPC,正式推出後
1962-01-12,1962-01-08,1962-01-14,1962-01-08,1962-01-12,69.66,70.17,68.17,69.61,5,False,,True,Yahoo Finance ^GSPC,正式推出後
1962-01-19,1962-01-15,1962-01-21,1962-01-15,1962-01-19,69.61,70.08,67.75,68.75,5,False,,True,Yahoo Finance ^GSPC,正式推出後
1962-01-26,1962-01-22,1962-01-28,1962-01-22,1962-01-26,68.75,69.37,67.55,68.13,5,False,,True,Yahoo Finance ^GSPC,正式推出後
1962-02-02,1962-01-29,1962-02-04,1962-01-29,1962-02-02,68.13,70.02,67.55,69.81,5,False,,True,Yahoo Finance ^GSPC,正式推出後
1962-02-09,1962-02-05,1962-02-11,1962-02-05,1962-02-09,69.81,70.95,69.41,70.48,5,False,,True,Yahoo Finance ^GSPC,正式推出後
1962-02-16,1962-02-12,1962-02-18,1962-02-12,1962-02-16,70.48,71.13,70.03,70.59,5,False,,True,Yahoo Finance ^GSPC,正式推出後
1962-02-23,1962-02-19,1962-02-25,1962-02-19,1962-02-23,70.59,70.97,69.73,70.16,4,False,,True,Yahoo Finance ^GSPC,正式推出後
1962-03-02,1962-02-26,1962-03-04,1962-02-26,1962-03-02,70.16,70.60,69.44,70.16,5,False,,True,Yahoo Finance ^GSPC,正式推出後
1962-03-09,1962-03-05,1962-03-11,1962-03-05,1962-03-09,70.16,70.71,69.37,70.42,5,False,,True,Yahoo Finance ^GSPC,正式推出後
1962-03-16,1962-03-12,1962-03-18,1962-03-12,1962-03-16,70.42,71.44,70.02,70.94,5,False,,True,Yahoo Finance ^GSPC,正式推出後
1962-03-23,1962-03-19,1962-03-25,1962-03-19,1962-03-23,70.94,71.31,70.12,70.45,5,False,,True,Yahoo Finance ^GSPC,正式推出後
1962-03-30,1962-03-26,1962-04-01,1962-03-26,1962-03-30,70.45,70.63,69.16,69.55,5,False,,True,Yahoo Finance ^GSPC,正式推出後
1962-04-06,1962-04-02,1962-04-08,1962-04-02,1962-04-06,69.55,69.82,68.12,68.84,5,False,,True,Yahoo Finance ^GSPC,正式推出後
1962-04-13,1962-04-09,1962-04-15,1962-04-09,1962-04-13,68.84,69.26,67.03,67.90,5,False,,True,Yahoo Finance ^GSPC,正式推出後
1962-04-19,1962-04-16,1962-04-22,1962-04-16,1962-04-19,67.90,68.90,67.21,68.59,4,False,,True,Yahoo Finance ^GSPC,正式推出後
1962-04-27,1962-04-23,1962-04-29,1962-04-23,1962-04-27,68.59,69.01,65.99,66.30,5,False,,True,Yahoo Finance ^GSPC,正式推出後
1962-05-04,1962-04-30,1962-05-06,1962-04-30,1962-05-04,66.30,66.93,63.76,66.24,5,False,,True,Yahoo Finance ^GSPC,正式推出後
1962-05-11,1962-05-07,1962-05-13,1962-05-07,1962-05-11,66.24,66.56,62.44,62.65,5,False,,True,Yahoo Finance ^GSPC,正式推出後
1962-05-18,1962-05-14,1962-05-20,1962-05-14,1962-05-18,62.65,64.88,61.11,63.82,5,False,,True,Yahoo Finance ^GSPC,正式推出後
1962-05-25,1962-05-21,1962-05-27,1962-05-21,1962-05-25,63.82,64.00,59.00,59.47,5,False,,True,Yahoo Finance ^GSPC,正式推出後
1962-06-01,1962-05-28,1962-06-03,1962-05-28,1962-06-01,59.15,60.82,53.13,59.38,4,False,,True,Yahoo Finance ^GSPC,正式推出後
1962-06-08,1962-06-04,1962-06-10,1962-06-04,1962-06-08,59.12,59.17,56.33,58.45,5,False,,True,Yahoo Finance ^GSPC,正式推出後
1962-06-15,1962-06-11,1962-06-17,1962-06-11,1962-06-15,58.45,58.58,53.66,55.89,5,False,,True,Yahoo Finance ^GSPC,正式推出後
1962-06-22,1962-06-18,1962-06-24,1962-06-18,1962-06-22,55.89,56.53,52.48,52.68,5,False,,True,Yahoo Finance ^GSPC,正式推出後
1962-06-29,1962-06-25,1962-07-01,1962-06-25,1962-06-29,52.68,55.47,51.35,54.75,5,False,,True,Yahoo Finance ^GSPC,正式推出後
1962-07-06,1962-07-02,1962-07-08,1962-07-02,1962-07-06,54.75,57.10,54.47,56.17,4,False,,True,Yahoo Finance ^GSPC,正式推出後
1962-07-13,1962-07-09,1962-07-15,1962-07-09,1962-07-13,56.17,58.67,55.54,57.83,5,False,,True,Yahoo Finance ^GSPC,正式推出後
1962-07-20,1962-07-16,1962-07-22,1962-07-16,1962-07-20,57.83,58.10,55.86,56.81,5,False,,True,Yahoo Finance ^GSPC,正式推出後
1962-07-27,1962-07-23,1962-07-29,1962-07-23,1962-07-27,56.81,57.36,55.78,57.20,5,False,,True,Yahoo Finance ^GSPC,正式推出後
1962-08-03,1962-07-30,1962-08-05,1962-07-30,1962-08-03,57.20,58.58,57.08,58.12,5,False,,True,Yahoo Finance ^GSPC,正式推出後
1962-08-10,1962-08-06,1962-08-12,1962-08-06,1962-08-10,58.12,58.35,56.76,57.55,5,False,,True,Yahoo Finance ^GSPC,正式推出後
1962-08-17,1962-08-13,1962-08-19,1962-08-13,1962-08-17,57.55,59.24,57.22,59.01,5,False,,True,Yahoo Finance ^GSPC,正式推出後
1962-08-24,1962-08-20,1962-08-26,1962-08-20,1962-08-24,59.01,60.33,58.90,59.58,5,False,,True,Yahoo Finance ^GSPC,正式推出後
1962-08-31,1962-08-27,1962-09-02,1962-08-27,1962-08-31,59.58,59.94,58.17,59.12,5,False,,True,Yahoo Finance ^GSPC,正式推出後
1962-09-07,1962-09-03,1962-09-09,1962-09-04,1962-09-07,59.12,59.49,57.72,58.38,4,False,,True,Yahoo Finance ^GSPC,正式推出後
1962-09-14,1962-09-10,1962-09-16,1962-09-10,1962-09-14,58.38,59.18,57.88,58.89,5,False,,True,Yahoo Finance ^GSPC,正式推出後
1962-09-21,1962-09-17,1962-09-23,1962-09-17,1962-09-21,58.89,59.54,57.43,57.69,5,False,,True,Yahoo Finance ^GSPC,正式推出後
1962-09-28,1962-09-24,1962-09-30,1962-09-24,1962-09-28,57.45,57.45,55.53,56.27,5,False,,True,Yahoo Finance ^GSPC,正式推出後
1962-10-05,1962-10-01,1962-10-07,1962-10-01,1962-10-05,56.27,57.30,55.26,57.07,5,False,,True,Yahoo Finance ^GSPC,正式推出後
1962-10-12,1962-10-08,1962-10-14,1962-10-08,1962-10-12,57.07,57.83,56.66,56.95,5,False,,True,Yahoo Finance ^GSPC,正式推出後
1962-10-19,1962-10-15,1962-10-21,1962-10-15,1962-10-19,56.95,57.63,55.34,55.59,5,False,,True,Yahoo Finance ^GSPC,正式推出後
1962-10-26,1962-10-22,1962-10-28,1962-10-22,1962-10-26,55.48,55.48,52.55,54.54,5,False,,True,Yahoo Finance ^GSPC,正式推出後
1962-11-02,1962-10-29,1962-11-04,1962-10-29,1962-11-02,55.34,58.19,55.34,57.75,5,False,,True,Yahoo Finance ^GSPC,正式推出後
1962-11-09,1962-11-05,1962-11-11,1962-11-05,1962-11-09,57.75,59.12,57.69,58.78,4,False,,True,Yahoo Finance ^GSPC,正式推出後
1962-11-16,1962-11-12,1962-11-18,1962-11-12,1962-11-16,58.78,60.67,58.59,60.16,5,False,,True,Yahoo Finance ^GSPC,正式推出後
1962-11-23,1962-11-19,1962-11-25,1962-11-19,1962-11-23,60.16,62.03,59.46,61.54,4,False,,True,Yahoo Finance ^GSPC,正式推出後
1962-11-30,1962-11-26,1962-12-02,1962-11-26,1962-11-30,61.54,62.78,60.95,62.26,5,False,,True,Yahoo Finance ^GSPC,正式推出後
1962-12-07,1962-12-03,1962-12-09,1962-12-03,1962-12-07,62.26,63.50,61.28,63.06,5,False,,True,Yahoo Finance ^GSPC,正式推出後
1962-12-14,1962-12-10,1962-12-16,1962-12-10,1962-12-14,63.06,63.35,61.72,62.57,5,False,,True,Yahoo Finance ^GSPC,正式推出後
1962-12-21,1962-12-17,1962-12-23,1962-12-17,1962-12-21,62.57,63.28,61.72,62.64,5,False,,True,Yahoo Finance ^GSPC,正式推出後
1962-12-28,1962-12-24,1962-12-30,1962-12-24,1962-12-28,62.64,63.41,62.19,62.96,4,False,,True,Yahoo Finance ^GSPC,正式推出後
1963-01-04,1962-12-31,1963-01-06,1962-12-31,1963-01-04,62.96,64.45,62.32,64.13,4,False,,True,Yahoo Finance ^GSPC,正式推出後
1963-01-11,1963-01-07,1963-01-13,1963-01-07,1963-01-11,64.13,65.22,63.67,64.85,5,False,,True,Yahoo Finance ^GSPC,正式推出後
1963-01-18,1963-01-14,1963-01-20,1963-01-14,1963-01-18,64.85,65.70,64.35,65.18,5,False,,True,Yahoo Finance ^GSPC,正式推出後
1963-01-25,1963-01-21,1963-01-27,1963-01-21,1963-01-25,65.18,66.23,64.64,65.92,5,False,,True,Yahoo Finance ^GSPC,正式推出後
1963-02-01,1963-01-28,1963-02-03,1963-01-28,1963-02-01,,,,66.31,5,False,,False,Yahoo Finance ^GSPC,正式推出後
1963-02-08,1963-02-04,1963-02-10,1963-02-04,1963-02-08,66.31,66.81,65.38,66.17,5,False,,True,Yahoo Finance ^GSPC,正式推出後
1963-02-15,1963-02-11,1963-02-17,1963-02-11,1963-02-15,66.17,66.75,65.16,66.41,5,False,,True,Yahoo Finance ^GSPC,正式推出後
1963-02-21,1963-02-18,1963-02-24,1963-02-18,1963-02-21,66.41,66.96,65.36,65.92,4,False,,True,Yahoo Finance ^GSPC,正式推出後
1963-03-01,1963-02-25,1963-03-03,1963-02-25,1963-03-01,65.92,66.09,63.80,64.10,5,False,,True,Yahoo Finance ^GSPC,正式推出後
1963-03-08,1963-03-04,1963-03-10,1963-03-04,1963-03-08,64.10,65.74,63.88,65.33,5,False,,True,Yahoo Finance ^GSPC,正式推出後
1963-03-15,1963-03-11,1963-03-17,1963-03-11,1963-03-15,65.33,66.27,65.11,65.93,5,False,,True,Yahoo Finance ^GSPC,正式推出後
1963-03-22,1963-03-18,1963-03-24,1963-03-18,1963-03-22,65.93,66.44,65.19,66.19,5,False,,True,Yahoo Finance ^GSPC,正式推出後
1963-03-29,1963-03-25,1963-03-31,1963-03-25,1963-03-29,66.19,67.01,65.92,66.57,5,False,,True,Yahoo Finance ^GSPC,正式推出後
1963-04-05,1963-04-01,1963-04-07,1963-04-01,1963-04-05,66.57,68.46,66.23,68.28,5,False,,True,Yahoo Finance ^GSPC,正式推出後
1963-04-11,1963-04-08,1963-04-14,1963-04-08,1963-04-11,68.28,69.07,67.66,68.77,4,False,,True,Yahoo Finance ^GSPC,正式推出後
1963-04-19,1963-04-15,1963-04-21,1963-04-15,1963-04-19,68.77,69.61,68.47,69.23,5,False,,True,Yahoo Finance ^GSPC,正式推出後
1963-04-26,1963-04-22,1963-04-28,1963-04-22,1963-04-26,69.23,70.12,68.95,69.70,5,False,,True,Yahoo Finance ^GSPC,正式推出後
1963-05-03,1963-04-29,1963-05-05,1963-04-29,1963-05-03,69.70,70.51,69.26,70.03,5,False,,True,Yahoo Finance ^GSPC,正式推出後
1963-05-10,1963-05-06,1963-05-12,1963-05-06,1963-05-10,70.03,70.81,69.03,70.52,5,False,,True,Yahoo Finance ^GSPC,正式推出後
1963-05-17,1963-05-13,1963-05-19,1963-05-13,1963-05-17,70.52,70.89,69.83,70.29,5,False,,True,Yahoo Finance ^GSPC,正式推出後
1963-05-24,1963-05-20,1963-05-26,1963-05-20,1963-05-24,70.29,70.68,69.59,70.02,5,False,,True,Yahoo Finance ^GSPC,正式推出後
1963-05-31,1963-05-27,1963-06-02,1963-05-27,1963-05-31,70.02,71.14,69.48,70.80,4,False,,True,Yahoo Finance ^GSPC,正式推出後
1963-06-07,1963-06-03,1963-06-09,1963-06-03,1963-06-07,70.80,71.24,70.10,70.41,5,False,,True,Yahoo Finance ^GSPC,正式推出後
1963-06-14,1963-06-10,1963-06-16,1963-06-10,1963-06-14,70.41,70.85,69.57,70.25,5,False,,True,Yahoo Finance ^GSPC,正式推出後
1963-06-21,1963-06-17,1963-06-23,1963-06-17,1963-06-21,,,,70.25,5,False,,False,Yahoo Finance ^GSPC,正式推出後
1963-06-28,1963-06-24,1963-06-30,1963-06-24,1963-06-28,70.25,70.67,68.78,69.37,5,False,,True,Yahoo Finance ^GSPC,正式推出後
1963-07-05,1963-07-01,1963-07-07,1963-07-01,1963-07-05,69.37,70.48,68.58,70.22,4,False,,True,Yahoo Finance ^GSPC,正式推出後
1963-07-12,1963-07-08,1963-07-14,1963-07-08,1963-07-12,70.22,70.39,69.36,69.64,5,False,,True,Yahoo Finance ^GSPC,正式推出後
1963-07-19,1963-07-15,1963-07-21,1963-07-15,1963-07-19,69.64,69.73,67.90,68.35,5,False,,True,Yahoo Finance ^GSPC,正式推出後
1963-07-26,1963-07-22,1963-07-28,1963-07-22,1963-07-26,68.35,68.92,67.54,68.54,5,False,,True,Yahoo Finance ^GSPC,正式推出後
1963-08-02,1963-07-29,1963-08-04,1963-07-29,1963-08-02,68.54,69.83,68.32,69.30,5,False,,True,Yahoo Finance ^GSPC,正式推出後
1963-08-09,1963-08-05,1963-08-11,1963-08-05,1963-08-09,69.30,70.65,69.20,70.48,5,False,,True,Yahoo Finance ^GSPC,正式推出後
1963-08-16,1963-08-12,1963-08-18,1963-08-12,1963-08-16,70.48,71.95,70.19,71.49,5,False,,True,Yahoo Finance ^GSPC,正式推出後
1963-08-23,1963-08-19,1963-08-25,1963-08-19,1963-08-23,71.49,72.14,70.95,71.76,5,False,,True,Yahoo Finance ^GSPC,正式推出後
1963-08-30,1963-08-26,1963-09-01,1963-08-26,1963-08-30,71.76,72.71,71.27,72.50,5,False,,True,Yahoo Finance ^GSPC,正式推出後
1963-09-06,1963-09-02,1963-09-08,1963-09-03,1963-09-06,72.50,73.51,72.15,72.84,4,False,,True,Yahoo Finance ^GSPC,正式推出後
1963-09-13,1963-09-09,1963-09-15,1963-09-09,1963-09-13,72.84,73.79,72.25,73.17,5,False,,True,Yahoo Finance ^GSPC,正式推出後
1963-09-20,1963-09-16,1963-09-22,1963-09-16,1963-09-20,73.17,73.71,72.51,73.30,5,False,,True,Yahoo Finance ^GSPC,正式推出後
1963-09-27,1963-09-23,1963-09-29,1963-09-23,1963-09-27,73.30,73.87,71.60,72.13,5,False,,True,Yahoo Finance ^GSPC,正式推出後
1963-10-04,1963-09-30,1963-10-06,1963-09-30,1963-10-04,72.13,73.19,71.28,72.85,5,False,,True,Yahoo Finance ^GSPC,正式推出後
1963-10-11,1963-10-07,1963-10-13,1963-10-07,1963-10-11,72.85,73.27,71.60,72.27,5,False,,True,Yahoo Finance ^GSPC,正式推出後
1963-10-18,1963-10-14,1963-10-20,1963-10-14,1963-10-18,72.27,73.77,71.85,73.32,5,False,,True,Yahoo Finance ^GSPC,正式推出後
1963-10-25,1963-10-21,1963-10-27,1963-10-21,1963-10-25,73.32,74.41,72.48,74.01,5,False,,True,Yahoo Finance ^GSPC,正式推出後
1963-11-01,1963-10-28,1963-11-03,1963-10-28,1963-11-01,74.01,75.18,73.25,73.83,5,False,,True,Yahoo Finance ^GSPC,正式推出後
1963-11-08,1963-11-04,1963-11-10,1963-11-04,1963-11-08,73.83,74.27,72.33,73.36,4,False,,True,Yahoo Finance ^GSPC,正式推出後
1963-11-15,1963-11-11,1963-11-17,1963-11-11,1963-11-15,,,,72.35,5,False,,False,Yahoo Finance ^GSPC,正式推出後
1963-11-22,1963-11-18,1963-11-24,1963-11-18,1963-11-22,72.35,73.14,69.48,69.61,5,False,,True,Yahoo Finance ^GSPC,正式推出後
1963-11-29,1963-11-25,1963-12-01,1963-11-26,1963-11-29,71.40,73.47,71.40,73.23,3,False,,True,Yahoo Finance ^GSPC,正式推出後
1963-12-06,1963-12-02,1963-12-08,1963-12-02,1963-12-06,73.23,74.63,73.02,74.00,5,False,,True,Yahoo Finance ^GSPC,正式推出後
1963-12-13,1963-12-09,1963-12-15,1963-12-09,1963-12-13,74.00,74.48,73.40,74.06,5,False,,True,Yahoo Finance ^GSPC,正式推出後
1963-12-20,1963-12-16,1963-12-22,1963-12-16,1963-12-20,74.06,75.21,73.78,74.28,5,False,,True,Yahoo Finance ^GSPC,正式推出後
1963-12-27,1963-12-23,1963-12-29,1963-12-23,1963-12-27,74.28,74.91,73.44,74.44,4,False,,True,Yahoo Finance ^GSPC,正式推出後
1964-01-03,1963-12-30,1964-01-05,1963-12-30,1964-01-03,74.44,76.04,74.13,75.50,4,False,,True,Yahoo Finance ^GSPC,正式推出後
1964-01-10,1964-01-06,1964-01-12,1964-01-06,1964-01-10,75.50,76.67,75.18,76.24,5,False,,True,Yahoo Finance ^GSPC,正式推出後
1964-01-17,1964-01-13,1964-01-19,1964-01-13,1964-01-17,76.24,77.21,75.78,76.56,5,False,,True,Yahoo Finance ^GSPC,正式推出後
1964-01-24,1964-01-20,1964-01-26,1964-01-20,1964-01-24,76.56,77.62,75.87,77.11,5,False,,True,Yahoo Finance ^GSPC,正式推出後
1964-01-31,1964-01-27,1964-02-02,1964-01-27,1964-01-31,77.11,77.78,76.26,77.04,5,False,,True,Yahoo Finance ^GSPC,正式推出後
1964-02-07,1964-02-03,1964-02-09,1964-02-03,1964-02-07,77.04,77.55,76.36,77.18,5,False,,True,Yahoo Finance ^GSPC,正式推出後
1964-02-14,1964-02-10,1964-02-16,1964-02-10,1964-02-14,77.18,77.93,76.81,77.48,5,False,,True,Yahoo Finance ^GSPC,正式推出後
1964-02-20,1964-02-17,1964-02-23,1964-02-17,1964-02-20,77.48,77.99,77.00,77.62,4,False,,True,Yahoo Finance ^GSPC,正式推出後
1964-02-28,1964-02-24,1964-03-01,1964-02-24,1964-02-28,77.62,78.31,77.19,77.80,5,False,,True,Yahoo Finance ^GSPC,正式推出後
1964-03-06,1964-03-02,1964-03-08,1964-03-02,1964-03-06,77.80,78.70,77.50,78.31,5,False,,True,Yahoo Finance ^GSPC,正式推出後
1964-03-13,1964-03-09,1964-03-15,1964-03-09,1964-03-13,78.31,79.59,77.95,79.14,5,False,,True,Yahoo Finance ^GSPC,正式推出後
1964-03-20,1964-03-16,1964-03-22,1964-03-16,1964-03-20,79.14,79.89,78.72,78.92,5,False,,True,Yahoo Finance ^GSPC,正式推出後
1964-03-26,1964-03-23,1964-03-29,1964-03-23,1964-03-26,78.92,79.58,78.17,79.19,4,False,,True,Yahoo Finance ^GSPC,正式推出後
1964-04-03,1964-03-30,1964-04-05,1964-03-30,1964-04-03,79.19,80.37,78.57,79.94,5,False,,True,Yahoo Finance ^GSPC,正式推出後
1964-04-10,1964-04-06,1964-04-12,1964-04-06,1964-04-10,79.94,80.45,79.26,79.85,5,False,,True,Yahoo Finance ^GSPC,正式推出後
1964-04-17,1964-04-13,1964-04-19,1964-04-13,1964-04-17,79.85,80.98,79.42,80.55,5,False,,True,Yahoo Finance ^GSPC,正式推出後
1964-04-24,1964-04-20,1964-04-26,1964-04-20,1964-04-24,80.55,81.20,79.45,79.75,5,False,,True,Yahoo Finance ^GSPC,正式推出後
1964-05-01,1964-04-27,1964-05-03,1964-04-27,1964-05-01,79.75,80.60,78.90,80.17,5,False,,True,Yahoo Finance ^GSPC,正式推出後
1964-05-08,1964-05-04,1964-05-10,1964-05-04,1964-05-08,,,,81.00,5,False,,False,Yahoo Finance ^GSPC,正式推出後
1964-05-15,1964-05-11,1964-05-17,1964-05-11,1964-05-15,81.00,81.81,80.37,81.10,5,False,,True,Yahoo Finance ^GSPC,正式推出後
1964-05-22,1964-05-18,1964-05-24,1964-05-18,1964-05-22,81.10,81.49,79.96,80.73,5,False,,True,Yahoo Finance ^GSPC,正式推出後
1964-05-28,1964-05-25,1964-05-31,1964-05-25,1964-05-28,80.73,81.16,79.78,80.37,4,False,,True,Yahoo Finance ^GSPC,正式推出後
1964-06-05,1964-06-01,1964-06-07,1964-06-01,1964-06-05,80.37,80.83,78.44,79.02,5,False,,True,Yahoo Finance ^GSPC,正式推出後
1964-06-12,1964-06-08,1964-06-14,1964-06-08,1964-06-12,79.02,80.13,78.15,79.60,5,False,,True,Yahoo Finance ^GSPC,正式推出後
1964-06-19,1964-06-15,1964-06-21,1964-06-15,1964-06-19,79.60,81.34,79.39,80.89,5,False,,True,Yahoo Finance ^GSPC,正式推出後
1964-06-26,1964-06-22,1964-06-28,1964-06-22,1964-06-26,80.89,81.78,80.41,81.46,5,False,,True,Yahoo Finance ^GSPC,正式推出後
1964-07-02,1964-06-29,1964-07-05,1964-06-29,1964-07-02,81.46,82.98,81.10,82.60,4,False,,True,Yahoo Finance ^GSPC,正式推出後
1964-07-10,1964-07-06,1964-07-12,1964-07-06,1964-07-10,82.60,83.99,82.37,83.36,5,False,,True,Yahoo Finance ^GSPC,正式推出後
1964-07-17,1964-07-13,1964-07-19,1964-07-13,1964-07-17,83.36,84.33,82.72,84.01,5,False,,True,Yahoo Finance ^GSPC,正式推出後
1964-07-24,1964-07-20,1964-07-26,1964-07-20,1964-07-24,84.01,84.33,82.96,83.46,5,False,,True,Yahoo Finance ^GSPC,正式推出後
1964-07-31,1964-07-27,1964-08-02,1964-07-27,1964-07-31,83.46,83.82,82.40,83.18,5,False,,True,Yahoo Finance ^GSPC,正式推出後
1964-08-07,1964-08-03,1964-08-09,1964-08-03,1964-08-07,83.18,83.49,80.80,81.86,5,False,,True,Yahoo Finance ^GSPC,正式推出後
1964-08-14,1964-08-10,1964-08-16,1964-08-10,1964-08-14,81.86,82.87,81.43,82.35,5,False,,True,Yahoo Finance ^GSPC,正式推出後
1964-08-21,1964-08-17,1964-08-23,1964-08-17,1964-08-21,82.35,82.85,81.60,82.07,5,False,,True,Yahoo Finance ^GSPC,正式推出後
1964-08-28,1964-08-24,1964-08-30,1964-08-24,1964-08-28,82.07,82.48,80.99,81.99,5,False,,True,Yahoo Finance ^GSPC,正式推出後
1964-09-04,1964-08-31,1964-09-06,1964-08-31,1964-09-04,81.99,83.03,81.46,82.76,5,False,,True,Yahoo Finance ^GSPC,正式推出後
1964-09-11,1964-09-07,1964-09-13,1964-09-08,1964-09-11,82.76,83.84,82.46,83.45,4,False,,True,Yahoo Finance ^GSPC,正式推出後
1964-09-18,1964-09-14,1964-09-20,1964-09-14,1964-09-18,83.45,84.29,82.57,83.48,5,False,,True,Yahoo Finance ^GSPC,正式推出後
1964-09-25,1964-09-21,1964-09-27,1964-09-21,1964-09-25,83.48,84.62,83.41,84.21,5,False,,True,Yahoo Finance ^GSPC,正式推出後
1964-10-02,1964-09-28,1964-10-04,1964-09-28,1964-10-02,84.21,84.80,83.71,84.36,5,False,,True,Yahoo Finance ^GSPC,正式推出後
1964-10-09,1964-10-05,1964-10-11,1964-10-05,1964-10-09,84.36,85.60,84.20,85.22,5,False,,True,Yahoo Finance ^GSPC,正式推出後
1964-10-16,1964-10-12,1964-10-18,1964-10-12,1964-10-16,85.22,85.58,83.65,84.83,5,False,,True,Yahoo Finance ^GSPC,正式推出後
1964-10-23,1964-10-19,1964-10-25,1964-10-19,1964-10-23,84.83,85.64,84.47,85.14,5,False,,True,Yahoo Finance ^GSPC,正式推出後
1964-10-30,1964-10-26,1964-11-01,1964-10-26,1964-10-30,85.14,85.70,84.36,84.86,5,False,,True,Yahoo Finance ^GSPC,正式推出後
1964-11-06,1964-11-02,1964-11-08,1964-11-02,1964-11-06,84.86,85.90,84.51,85.23,4,False,,True,Yahoo Finance ^GSPC,正式推出後
1964-11-13,1964-11-09,1964-11-15,1964-11-09,1964-11-13,85.23,85.72,84.49,85.21,5,False,,True,Yahoo Finance ^GSPC,正式推出後
1964-11-20,1964-11-16,1964-11-22,1964-11-16,1964-11-20,85.21,86.80,84.88,86.28,5,False,,True,Yahoo Finance ^GSPC,正式推出後
1964-11-27,1964-11-23,1964-11-29,1964-11-23,1964-11-27,86.28,86.59,84.55,85.16,4,False,,True,Yahoo Finance ^GSPC,正式推出後
1964-12-04,1964-11-30,1964-12-06,1964-11-30,1964-12-04,,,,84.35,5,False,,False,Yahoo Finance ^GSPC,正式推出後
1964-12-11,1964-12-07,1964-12-13,1964-12-07,1964-12-11,84.35,85.03,82.98,83.66,5,False,,True,Yahoo Finance ^GSPC,正式推出後
1964-12-18,1964-12-14,1964-12-20,1964-12-14,1964-12-18,83.66,84.65,82.65,84.29,5,False,,True,Yahoo Finance ^GSPC,正式推出後
1964-12-24,1964-12-21,1964-12-27,1964-12-21,1964-12-24,84.29,84.91,83.74,84.15,4,False,,True,Yahoo Finance ^GSPC,正式推出後
1964-12-31,1964-12-28,1965-01-03,1964-12-28,1964-12-31,84.15,85.18,83.38,84.75,4,False,,True,Yahoo Finance ^GSPC,正式推出後
1965-01-08,1965-01-04,1965-01-10,1965-01-04,1965-01-08,84.75,85.84,83.77,85.37,5,False,,True,Yahoo Finance ^GSPC,正式推出後
1965-01-15,1965-01-11,1965-01-17,1965-01-11,1965-01-15,85.37,86.52,84.90,86.21,5,False,,True,Yahoo Finance ^GSPC,正式推出後
1965-01-22,1965-01-18,1965-01-24,1965-01-18,1965-01-22,86.21,87.15,85.99,86.74,5,False,,True,Yahoo Finance ^GSPC,正式推出後
1965-01-29,1965-01-25,1965-01-31,1965-01-25,1965-01-29,86.74,88.19,86.39,87.56,5,False,,True,Yahoo Finance ^GSPC,正式推出後
1965-02-05,1965-02-01,1965-02-07,1965-02-01,1965-02-05,87.56,88.06,86.90,87.29,5,False,,True,Yahoo Finance ^GSPC,正式推出後
1965-02-12,1965-02-08,1965-02-14,1965-02-08,1965-02-12,87.00,87.70,85.40,86.17,5,False,,True,Yahoo Finance ^GSPC,正式推出後
1965-02-19,1965-02-15,1965-02-21,1965-02-15,1965-02-19,86.17,86.86,85.25,86.21,5,False,,True,Yahoo Finance ^GSPC,正式推出後
1965-02-26,1965-02-22,1965-02-28,1965-02-23,1965-02-26,86.21,87.84,86.03,87.43,4,False,,True,Yahoo Finance ^GSPC,正式推出後
1965-03-05,1965-03-01,1965-03-07,1965-03-01,1965-03-05,87.43,87.93,86.00,86.80,5,False,,True,Yahoo Finance ^GSPC,正式推出後
1965-03-12,1965-03-08,1965-03-14,1965-03-08,1965-03-12,86.80,87.65,86.17,87.21,5,False,,True,Yahoo Finance ^GSPC,正式推出後
1965-03-19,1965-03-15,1965-03-21,1965-03-15,1965-03-19,87.21,87.92,86.43,86.84,5,False,,True,Yahoo Finance ^GSPC,正式推出後
1965-03-26,1965-03-22,1965-03-28,1965-03-22,1965-03-26,86.84,87.55,85.96,86.20,5,False,,True,Yahoo Finance ^GSPC,正式推出後
1965-04-02,1965-03-29,1965-04-04,1965-03-29,1965-04-02,86.20,86.89,85.65,86.53,5,False,,True,Yahoo Finance ^GSPC,正式推出後
1965-04-09,1965-04-05,1965-04-11,1965-04-05,1965-04-09,86.53,87.87,86.08,87.56,5,False,,True,Yahoo Finance ^GSPC,正式推出後
1965-04-15,1965-04-12,1965-04-18,1965-04-12,1965-04-15,87.56,88.65,87.31,88.15,4,False,,True,Yahoo Finance ^GSPC,正式推出後
1965-04-23,1965-04-19,1965-04-25,1965-04-19,1965-04-23,88.15,89.41,87.70,88.88,5,False,,True,Yahoo Finance ^GSPC,正式推出後
1965-04-30,1965-04-26,1965-05-02,1965-04-26,1965-04-30,88.88,89.64,88.30,89.11,5,False,,True,Yahoo Finance ^GSPC,正式推出後
1965-05-07,1965-05-03,1965-05-09,1965-05-03,1965-05-07,89.11,90.57,88.62,89.85,5,False,,True,Yahoo Finance ^GSPC,正式推出後
1965-05-14,1965-05-10,1965-05-16,1965-05-10,1965-05-14,89.85,90.68,89.05,90.10,5,False,,True,Yahoo Finance ^GSPC,正式推出後
1965-05-21,1965-05-17,1965-05-23,1965-05-17,1965-05-21,90.10,90.44,88.40,88.75,5,False,,True,Yahoo Finance ^GSPC,正式推出後
1965-05-28,1965-05-24,1965-05-30,1965-05-24,1965-05-28,88.75,89.22,87.24,88.42,5,False,,True,Yahoo Finance ^GSPC,正式推出後
1965-06-04,1965-05-31,1965-06-06,1965-06-01,1965-06-04,88.42,88.80,86.25,87.11,4,False,,True,Yahoo Finance ^GSPC,正式推出後
1965-06-11,1965-06-07,1965-06-13,1965-06-07,1965-06-11,87.11,87.45,84.10,85.12,5,False,,True,Yahoo Finance ^GSPC,正式推出後
1965-06-18,1965-06-14,1965-06-20,1965-06-14,1965-06-18,85.12,86.22,83.01,85.34,5,False,,True,Yahoo Finance ^GSPC,正式推出後
1965-06-25,1965-06-21,1965-06-27,1965-06-21,1965-06-25,85.34,85.70,82.60,83.06,5,False,,True,Yahoo Finance ^GSPC,正式推出後
1965-07-02,1965-06-28,1965-07-04,1965-06-28,1965-07-02,83.06,85.40,80.73,85.16,5,False,,True,Yahoo Finance ^GSPC,正式推出後
1965-07-09,1965-07-05,1965-07-11,1965-07-06,1965-07-09,85.16,86.11,84.28,85.71,4,False,,True,Yahoo Finance ^GSPC,正式推出後
1965-07-16,1965-07-12,1965-07-18,1965-07-12,1965-07-16,85.71,86.47,85.12,85.69,5,False,,True,Yahoo Finance ^GSPC,正式推出後
1965-07-23,1965-07-19,1965-07-25,1965-07-19,1965-07-23,85.69,86.04,83.53,84.07,5,False,,True,Yahoo Finance ^GSPC,正式推出後
1965-07-30,1965-07-26,1965-08-01,1965-07-26,1965-07-30,84.07,85.64,83.30,85.25,5,False,,True,Yahoo Finance ^GSPC,正式推出後
1965-08-06,1965-08-02,1965-08-08,1965-08-02,1965-08-06,85.25,86.40,84.80,86.07,5,False,,True,Yahoo Finance ^GSPC,正式推出後
1965-08-13,1965-08-09,1965-08-15,1965-08-09,1965-08-13,86.07,87.14,85.45,86.77,5,False,,True,Yahoo Finance ^GSPC,正式推出後
1965-08-20,1965-08-16,1965-08-22,1965-08-16,1965-08-20,86.77,87.57,86.21,86.69,5,False,,True,Yahoo Finance ^GSPC,正式推出後
1965-08-27,1965-08-23,1965-08-29,1965-08-23,1965-08-27,86.69,87.74,86.22,87.20,5,False,,True,Yahoo Finance ^GSPC,正式推出後
1965-09-03,1965-08-30,1965-09-05,1965-08-30,1965-09-03,87.20,88.41,86.69,88.06,5,False,,True,Yahoo Finance ^GSPC,正式推出後
1965-09-10,1965-09-06,1965-09-12,1965-09-07,1965-09-10,88.06,89.85,87.76,89.12,4,False,,True,Yahoo Finance ^GSPC,正式推出後
1965-09-17,1965-09-13,1965-09-19,1965-09-13,1965-09-17,,,,90.05,5,False,,False,Yahoo Finance ^GSPC,正式推出後
1965-09-24,1965-09-20,1965-09-26,1965-09-20,1965-09-24,90.05,90.78,89.13,90.02,5,False,,True,Yahoo Finance ^GSPC,正式推出後
1965-10-01,1965-09-27,1965-10-03,1965-09-27,1965-10-01,,,,89.90,5,False,,False,Yahoo Finance ^GSPC,正式推出後
1965-10-08,1965-10-04,1965-10-10,1965-10-04,1965-10-08,89.90,91.31,89.47,90.85,5,False,,True,Yahoo Finance ^GSPC,正式推出後
1965-10-15,1965-10-11,1965-10-17,1965-10-11,1965-10-15,90.85,92.09,90.71,91.38,5,False,,True,Yahoo Finance ^GSPC,正式推出後
1965-10-22,1965-10-18,1965-10-24,1965-10-18,1965-10-22,91.38,92.74,91.06,91.98,5,False,,True,Yahoo Finance ^GSPC,正式推出後
1965-10-29,1965-10-25,1965-10-31,1965-10-25,1965-10-29,91.98,93.19,91.34,92.42,5,False,,True,Yahoo Finance ^GSPC,正式推出後
1965-11-05,1965-11-01,1965-11-07,1965-11-01,1965-11-05,92.42,93.07,91.62,92.37,4,False,,True,Yahoo Finance ^GSPC,正式推出後
1965-11-12,1965-11-08,1965-11-14,1965-11-08,1965-11-12,92.37,93.07,91.31,92.55,5,False,,True,Yahoo Finance ^GSPC,正式推出後
1965-11-19,1965-11-15,1965-11-21,1965-11-15,1965-11-19,92.55,93.30,91.72,92.24,5,False,,True,Yahoo Finance ^GSPC,正式推出後
1965-11-26,1965-11-22,1965-11-28,1965-11-22,1965-11-26,92.24,92.65,91.14,92.03,4,False,,True,Yahoo Finance ^GSPC,正式推出後
1965-12-03,1965-11-29,1965-12-05,1965-11-29,1965-12-03,92.03,92.60,90.53,91.27,5,False,,True,Yahoo Finance ^GSPC,正式推出後
1965-12-10,1965-12-06,1965-12-12,1965-12-06,1965-12-10,91.20,92.28,89.20,91.80,5,False,,True,Yahoo Finance ^GSPC,正式推出後
1965-12-17,1965-12-13,1965-12-19,1965-12-13,1965-12-17,91.80,92.95,91.27,92.08,5,False,,True,Yahoo Finance ^GSPC,正式推出後
1965-12-23,1965-12-20,1965-12-26,1965-12-20,1965-12-23,92.08,93.07,91.09,92.19,4,False,,True,Yahoo Finance ^GSPC,正式推出後
1965-12-31,1965-12-27,1966-01-02,1965-12-27,1965-12-31,92.19,93.05,90.63,92.43,5,False,,True,Yahoo Finance ^GSPC,正式推出後
1966-01-07,1966-01-03,1966-01-09,1966-01-03,1966-01-07,92.43,93.65,91.63,93.14,5,False,,True,Yahoo Finance ^GSPC,正式推出後
1966-01-14,1966-01-10,1966-01-16,1966-01-10,1966-01-14,93.14,94.14,92.68,93.50,5,False,,True,Yahoo Finance ^GSPC,正式推出後
1966-01-21,1966-01-17,1966-01-23,1966-01-17,1966-01-21,93.50,94.64,92.60,93.47,5,False,,True,Yahoo Finance ^GSPC,正式推出後
1966-01-28,1966-01-24,1966-01-30,1966-01-24,1966-01-28,93.47,94.56,92.84,93.31,5,False,,True,Yahoo Finance ^GSPC,正式推出後
1966-02-04,1966-01-31,1966-02-06,1966-01-31,1966-02-04,93.31,93.77,91.32,93.26,5,False,,True,Yahoo Finance ^GSPC,正式推出後
1966-02-11,1966-02-07,1966-02-13,1966-02-07,1966-02-11,93.26,94.72,92.58,93.81,5,False,,True,Yahoo Finance ^GSPC,正式推出後
1966-02-18,1966-02-14,1966-02-20,1966-02-14,1966-02-18,93.81,94.40,91.80,92.41,5,False,,True,Yahoo Finance ^GSPC,正式推出後
1966-02-25,1966-02-21,1966-02-27,1966-02-21,1966-02-25,92.41,92.83,90.43,91.14,4,False,,True,Yahoo Finance ^GSPC,正式推出後
1966-03-04,1966-02-28,1966-03-06,1966-02-28,1966-03-04,91.14,91.95,88.26,89.24,5,False,,True,Yahoo Finance ^GSPC,正式推出後
1966-03-11,1966-03-07,1966-03-13,1966-03-07,1966-03-11,89.24,90.14,87.17,88.85,5,False,,True,Yahoo Finance ^GSPC,正式推出後
1966-03-18,1966-03-14,1966-03-20,1966-03-14,1966-03-18,88.85,89.23,86.69,88.53,5,False,,True,Yahoo Finance ^GSPC,正式推出後
1966-03-25,1966-03-21,1966-03-27,1966-03-21,1966-03-25,88.53,90.28,88.40,89.54,5,False,,True,Yahoo Finance ^GSPC,正式推出後
1966-04-01,1966-03-28,1966-04-03,1966-03-28,1966-04-01,89.54,90.41,88.31,89.94,5,False,,True,Yahoo Finance ^GSPC,正式推出後
1966-04-07,1966-04-04,1966-04-10,1966-04-04,1966-04-07,89.94,92.42,89.92,91.76,4,False,,True,Yahoo Finance ^GSPC,正式推出後
1966-04-15,1966-04-11,1966-04-17,1966-04-11,1966-04-15,91.76,92.81,90.73,91.99,5,False,,True,Yahoo Finance ^GSPC,正式推出後
1966-04-22,1966-04-18,1966-04-24,1966-04-18,1966-04-22,91.99,93.02,90.89,92.27,5,False,,True,Yahoo Finance ^GSPC,正式推出後
1966-04-29,1966-04-25,1966-05-01,1966-04-25,1966-04-29,92.27,92.86,90.24,91.06,5,False,,True,Yahoo Finance ^GSPC,正式推出後
1966-05-06,1966-05-02,1966-05-08,1966-05-02,1966-05-06,91.06,91.75,86.24,87.84,5,False,,True,Yahoo Finance ^GSPC,正式推出後
1966-05-13,1966-05-09,1966-05-15,1966-05-09,1966-05-13,87.84,88.38,84.77,85.47,5,False,,True,Yahoo Finance ^GSPC,正式推出後
1966-05-20,1966-05-16,1966-05-22,1966-05-16,1966-05-20,85.47,86.33,83.18,85.43,5,False,,True,Yahoo Finance ^GSPC,正式推出後
1966-05-27,1966-05-23,1966-05-29,1966-05-23,1966-05-27,85.43,87.88,85.29,87.33,5,False,,True,Yahoo Finance ^GSPC,正式推出後
1966-06-03,1966-05-30,1966-06-05,1966-05-31,1966-06-03,87.33,87.65,85.28,86.06,4,False,,True,Yahoo Finance ^GSPC,正式推出後
1966-06-10,1966-06-06,1966-06-12,1966-06-06,1966-06-10,86.06,86.97,84.25,86.44,5,False,,True,Yahoo Finance ^GSPC,正式推出後
1966-06-17,1966-06-13,1966-06-19,1966-06-13,1966-06-17,86.44,87.74,85.88,86.51,5,False,,True,Yahoo Finance ^GSPC,正式推出後
1966-06-24,1966-06-20,1966-06-26,1966-06-20,1966-06-24,86.51,87.73,85.68,86.58,5,False,,True,Yahoo Finance ^GSPC,正式推出後
1966-07-01,1966-06-27,1966-07-03,1966-06-27,1966-07-01,86.58,87.31,83.75,85.61,5,False,,True,Yahoo Finance ^GSPC,正式推出後
1966-07-08,1966-07-04,1966-07-10,1966-07-05,1966-07-08,85.61,88.04,85.09,87.61,4,False,,True,Yahoo Finance ^GSPC,正式推出後
1966-07-15,1966-07-11,1966-07-17,1966-07-11,1966-07-15,87.61,88.19,85.83,87.08,5,False,,True,Yahoo Finance ^GSPC,正式推出後
1966-07-22,1966-07-18,1966-07-24,1966-07-18,1966-07-22,87.08,87.59,84.77,85.41,5,False,,True,Yahoo Finance ^GSPC,正式推出後
1966-07-29,1966-07-25,1966-07-31,1966-07-25,1966-07-29,85.41,85.57,83.05,83.60,5,False,,True,Yahoo Finance ^GSPC,正式推出後
1966-08-05,1966-08-01,1966-08-07,1966-08-01,1966-08-05,83.50,84.70,81.77,84.00,5,False,,True,Yahoo Finance ^GSPC,正式推出後
1966-08-12,1966-08-08,1966-08-14,1966-08-08,1966-08-12,84.00,84.36,82.34,83.17,5,False,,True,Yahoo Finance ^GSPC,正式推出後
1966-08-19,1966-08-15,1966-08-21,1966-08-15,1966-08-19,83.17,83.69,79.24,79.62,5,False,,True,Yahoo Finance ^GSPC,正式推出後
1966-08-26,1966-08-22,1966-08-28,1966-08-22,1966-08-26,79.62,79.88,76.10,76.41,5,False,,True,Yahoo Finance ^GSPC,正式推出後
1966-09-02,1966-08-29,1966-09-04,1966-08-29,1966-09-02,76.24,78.50,73.91,77.42,5,False,,True,Yahoo Finance ^GSPC,正式推出後
1966-09-09,1966-09-05,1966-09-11,1966-09-06,1966-09-09,77.42,78.16,75.03,76.29,4,False,,True,Yahoo Finance ^GSPC,正式推出後
1966-09-16,1966-09-12,1966-09-18,1966-09-12,1966-09-16,76.47,80.81,76.47,79.99,5,False,,True,Yahoo Finance ^GSPC,正式推出後
1966-09-23,1966-09-19,1966-09-25,1966-09-19,1966-09-23,79.99,80.50,76.81,77.67,5,False,,True,Yahoo Finance ^GSPC,正式推出後
1966-09-30,1966-09-26,1966-10-02,1966-09-26,1966-09-30,77.67,79.10,75.45,76.56,5,False,,True,Yahoo Finance ^GSPC,正式推出後
1966-10-07,1966-10-03,1966-10-09,1966-10-03,1966-10-07,76.56,76.98,72.77,73.20,5,False,,True,Yahoo Finance ^GSPC,正式推出後
1966-10-14,1966-10-10,1966-10-16,1966-10-10,1966-10-14,73.20,78.45,72.28,76.60,5,False,,True,Yahoo Finance ^GSPC,正式推出後
1966-10-21,1966-10-17,1966-10-23,1966-10-17,1966-10-21,76.60,79.34,76.48,78.19,5,False,,True,Yahoo Finance ^GSPC,正式推出後
1966-10-28,1966-10-24,1966-10-30,1966-10-24,1966-10-28,78.19,80.91,77.56,80.24,5,False,,True,Yahoo Finance ^GSPC,正式推出後
1966-11-04,1966-10-31,1966-11-06,1966-10-31,1966-11-04,80.24,81.68,79.34,80.81,5,False,,True,Yahoo Finance ^GSPC,正式推出後
1966-11-11,1966-11-07,1966-11-13,1966-11-07,1966-11-11,80.81,82.43,80.16,81.94,4,False,,True,Yahoo Finance ^GSPC,正式推出後
1966-11-18,1966-11-14,1966-11-20,1966-11-14,1966-11-18,81.94,83.01,80.79,81.26,5,False,,True,Yahoo Finance ^GSPC,正式推出後
1966-11-25,1966-11-21,1966-11-27,1966-11-21,1966-11-25,81.09,81.37,78.89,80.85,4,False,,True,Yahoo Finance ^GSPC,正式推出後
1966-12-02,1966-11-28,1966-12-04,1966-11-28,1966-12-02,80.85,81.38,79.49,80.13,5,False,,True,Yahoo Finance ^GSPC,正式推出後
1966-12-09,1966-12-05,1966-12-11,1966-12-05,1966-12-09,80.13,82.72,79.60,82.14,5,False,,True,Yahoo Finance ^GSPC,正式推出後
1966-12-16,1966-12-12,1966-12-18,1966-12-12,1966-12-16,82.14,83.88,80.94,81.58,5,False,,True,Yahoo Finance ^GSPC,正式推出後
1966-12-23,1966-12-19,1966-12-25,1966-12-19,1966-12-23,81.58,82.34,80.31,81.47,5,False,,True,Yahoo Finance ^GSPC,正式推出後
1966-12-30,1966-12-26,1967-01-01,1966-12-27,1966-12-30,81.47,81.84,79.66,80.33,4,False,,True,Yahoo Finance ^GSPC,正式推出後
1967-01-06,1967-01-02,1967-01-08,1967-01-03,1967-01-06,80.33,82.79,79.43,82.18,4,False,,True,Yahoo Finance ^GSPC,正式推出後
1967-01-13,1967-01-09,1967-01-15,1967-01-09,1967-01-13,82.18,84.90,81.37,84.53,5,False,,True,Yahoo Finance ^GSPC,正式推出後
1967-01-20,1967-01-16,1967-01-22,1967-01-16,1967-01-20,84.53,86.61,83.73,86.07,5,False,,True,Yahoo Finance ^GSPC,正式推出後
1967-01-27,1967-01-23,1967-01-29,1967-01-23,1967-01-27,86.07,88.17,84.87,86.16,5,False,,True,Yahoo Finance ^GSPC,正式推出後
1967-02-03,1967-01-30,1967-02-05,1967-01-30,1967-02-03,86.16,87.97,85.68,87.36,5,False,,True,Yahoo Finance ^GSPC,正式推出後
1967-02-10,1967-02-06,1967-02-12,1967-02-06,1967-02-10,87.36,88.57,86.48,87.63,5,False,,True,Yahoo Finance ^GSPC,正式推出後
1967-02-17,1967-02-13,1967-02-19,1967-02-13,1967-02-17,87.63,89.00,86.95,87.89,5,False,,True,Yahoo Finance ^GSPC,正式推出後
1967-02-24,1967-02-20,1967-02-26,1967-02-20,1967-02-24,87.89,88.16,86.64,87.41,4,False,,True,Yahoo Finance ^GSPC,正式推出後
1967-03-03,1967-02-27,1967-03-05,1967-02-27,1967-03-03,87.41,89.00,85.61,88.29,5,False,,True,Yahoo Finance ^GSPC,正式推出後
1967-03-10,1967-03-06,1967-03-12,1967-03-06,1967-03-10,88.29,90.37,87.34,88.89,5,False,,True,Yahoo Finance ^GSPC,正式推出後
1967-03-17,1967-03-13,1967-03-19,1967-03-13,1967-03-17,88.89,90.84,87.58,90.25,5,False,,True,Yahoo Finance ^GSPC,正式推出後
1967-03-23,1967-03-20,1967-03-26,1967-03-20,1967-03-23,90.25,91.51,89.17,90.94,4,False,,True,Yahoo Finance ^GSPC,正式推出後
1967-03-31,1967-03-27,1967-04-02,1967-03-27,1967-03-31,90.94,91.72,89.75,90.20,5,False,,True,Yahoo Finance ^GSPC,正式推出後
1967-04-07,1967-04-03,1967-04-09,1967-04-03,1967-04-07,90.20,90.74,88.45,89.36,5,False,,True,Yahoo Finance ^GSPC,正式推出後
1967-04-14,1967-04-10,1967-04-16,1967-04-10,1967-04-14,89.32,91.08,87.86,90.43,5,False,,True,Yahoo Finance ^GSPC,正式推出後
1967-04-21,1967-04-17,1967-04-23,1967-04-17,1967-04-21,90.43,92.90,90.18,92.30,5,False,,True,Yahoo Finance ^GSPC,正式推出後
1967-04-28,1967-04-24,1967-04-30,1967-04-24,1967-04-28,92.30,94.77,91.78,94.01,5,False,,True,Yahoo Finance ^GSPC,正式推出後
1967-05-05,1967-05-01,1967-05-07,1967-05-01,1967-05-05,94.01,95.14,92.94,94.44,5,False,,True,Yahoo Finance ^GSPC,正式推出後
1967-05-12,1967-05-08,1967-05-14,1967-05-08,1967-05-12,94.44,95.25,92.51,93.48,5,False,,True,Yahoo Finance ^GSPC,正式推出後
1967-05-19,1967-05-15,1967-05-21,1967-05-15,1967-05-19,93.48,93.85,91.40,92.07,5,False,,True,Yahoo Finance ^GSPC,正式推出後
1967-05-26,1967-05-22,1967-05-28,1967-05-22,1967-05-26,92.07,92.40,89.68,90.98,5,False,,True,Yahoo Finance ^GSPC,正式推出後
1967-06-02,1967-05-29,1967-06-04,1967-05-29,1967-06-02,90.98,91.22,88.71,89.79,4,False,,True,Yahoo Finance ^GSPC,正式推出後
1967-06-09,1967-06-05,1967-06-11,1967-06-05,1967-06-09,89.56,92.26,87.19,91.56,5,False,,True,Yahoo Finance ^GSPC,正式推出後
1967-06-16,1967-06-12,1967-06-18,1967-06-12,1967-06-16,91.56,93.28,91.12,92.54,5,False,,True,Yahoo Finance ^GSPC,正式推出後
1967-06-23,1967-06-19,1967-06-25,1967-06-19,1967-06-23,,,,92.00,5,False,,False,Yahoo Finance ^GSPC,正式推出後
1967-06-30,1967-06-26,1967-07-02,1967-06-26,1967-06-30,,,,90.64,5,False,,False,Yahoo Finance ^GSPC,正式推出後
1967-07-07,1967-07-03,1967-07-09,1967-07-03,1967-07-07,90.64,92.28,90.12,91.69,4,False,,True,Yahoo Finance ^GSPC,正式推出後
1967-07-14,1967-07-10,1967-07-16,1967-07-10,1967-07-14,91.69,93.35,91.11,92.74,5,False,,True,Yahoo Finance ^GSPC,正式推出後
1967-07-21,1967-07-17,1967-07-23,1967-07-17,1967-07-21,92.74,94.92,92.10,94.04,5,False,,True,Yahoo Finance ^GSPC,正式推出後
1967-07-28,1967-07-24,1967-07-30,1967-07-24,1967-07-28,94.04,95.23,92.91,94.49,5,False,,True,Yahoo Finance ^GSPC,正式推出後
1967-08-04,1967-07-31,1967-08-06,1967-07-31,1967-08-04,94.49,96.64,94.01,95.83,5,False,,True,Yahoo Finance ^GSPC,正式推出後
1967-08-11,1967-08-07,1967-08-13,1967-08-07,1967-08-11,95.83,96.67,94.62,95.15,5,False,,True,Yahoo Finance ^GSPC,正式推出後
1967-08-18,1967-08-14,1967-08-20,1967-08-14,1967-08-18,95.15,95.54,93.93,94.78,5,False,,True,Yahoo Finance ^GSPC,正式推出後
1967-08-25,1967-08-21,1967-08-27,1967-08-21,1967-08-25,94.78,95.22,92.04,92.70,5,False,,True,Yahoo Finance ^GSPC,正式推出後
1967-09-01,1967-08-28,1967-09-03,1967-08-28,1967-09-01,92.70,94.21,92.01,93.68,5,False,,True,Yahoo Finance ^GSPC,正式推出後
1967-09-08,1967-09-04,1967-09-10,1967-09-05,1967-09-08,93.68,95.06,93.36,94.36,4,False,,True,Yahoo Finance ^GSPC,正式推出後
1967-09-15,1967-09-11,1967-09-17,1967-09-11,1967-09-15,94.36,97.40,93.88,96.27,5,False,,True,Yahoo Finance ^GSPC,正式推出後
1967-09-22,1967-09-18,1967-09-24,1967-09-18,1967-09-22,96.27,97.61,95.39,97.00,5,False,,True,Yahoo Finance ^GSPC,正式推出後
1967-09-29,1967-09-25,1967-10-01,1967-09-25,1967-09-29,97.00,98.31,96.00,96.71,5,False,,True,Yahoo Finance ^GSPC,正式推出後
1967-10-06,1967-10-02,1967-10-08,1967-10-02,1967-10-06,96.71,97.83,95.75,97.26,5,False,,True,Yahoo Finance ^GSPC,正式推出後
1967-10-13,1967-10-09,1967-10-15,1967-10-09,1967-10-13,97.26,98.25,95.16,96.00,5,False,,True,Yahoo Finance ^GSPC,正式推出後
1967-10-20,1967-10-16,1967-10-22,1967-10-16,1967-10-20,96.00,96.55,94.19,95.38,5,False,,True,Yahoo Finance ^GSPC,正式推出後
1967-10-27,1967-10-23,1967-10-29,1967-10-23,1967-10-27,95.38,95.98,93.47,94.96,5,False,,True,Yahoo Finance ^GSPC,正式推出後
1967-11-03,1967-10-30,1967-11-05,1967-10-30,1967-11-03,94.96,95.67,91.33,91.78,5,False,,True,Yahoo Finance ^GSPC,正式推出後
1967-11-10,1967-11-06,1967-11-12,1967-11-06,1967-11-10,91.78,93.07,90.39,92.21,4,False,,True,Yahoo Finance ^GSPC,正式推出後
1967-11-17,1967-11-13,1967-11-19,1967-11-13,1967-11-17,92.21,93.62,90.44,92.82,5,False,,True,Yahoo Finance ^GSPC,正式推出後
1967-11-24,1967-11-20,1967-11-26,1967-11-20,1967-11-24,92.38,94.46,90.09,93.90,4,False,,True,Yahoo Finance ^GSPC,正式推出後
1967-12-01,1967-11-27,1967-12-03,1967-11-27,1967-12-01,93.90,95.51,93.32,94.50,5,False,,True,Yahoo Finance ^GSPC,正式推出後
1967-12-08,1967-12-04,1967-12-10,1967-12-04,1967-12-08,94.50,96.67,94.09,95.42,5,False,,True,Yahoo Finance ^GSPC,正式推出後
1967-12-15,1967-12-11,1967-12-17,1967-12-11,1967-12-15,95.42,96.35,94.34,95.03,5,False,,True,Yahoo Finance ^GSPC,正式推出後
1967-12-22,1967-12-18,1967-12-24,1967-12-18,1967-12-22,95.03,96.25,94.00,95.20,5,False,,True,Yahoo Finance ^GSPC,正式推出後
1967-12-29,1967-12-25,1967-12-31,1967-12-26,1967-12-29,95.20,96.90,94.61,96.47,4,False,,True,Yahoo Finance ^GSPC,正式推出後
1968-01-05,1968-01-01,1968-01-07,1968-01-02,1968-01-05,96.47,97.33,94.31,95.94,4,False,,True,Yahoo Finance ^GSPC,正式推出後
1968-01-12,1968-01-08,1968-01-14,1968-01-08,1968-01-12,95.94,97.84,95.54,96.72,5,False,,True,Yahoo Finance ^GSPC,正式推出後
1968-01-19,1968-01-15,1968-01-21,1968-01-15,1968-01-19,96.72,97.46,94.60,95.24,5,False,,True,Yahoo Finance ^GSPC,正式推出後
1968-01-26,1968-01-22,1968-01-28,1968-01-22,1968-01-26,95.24,95.40,91.96,93.45,5,False,,True,Yahoo Finance ^GSPC,正式推出後
1968-02-02,1968-01-29,1968-02-04,1968-01-29,1968-02-02,93.45,94.38,91.27,92.27,5,False,,True,Yahoo Finance ^GSPC,正式推出後
1968-02-09,1968-02-05,1968-02-11,1968-02-05,1968-02-09,92.27,92.74,89.23,89.86,5,False,,True,Yahoo Finance ^GSPC,正式推出後
1968-02-16,1968-02-12,1968-02-18,1968-02-13,1968-02-16,,,,89.96,4,False,,False,Yahoo Finance ^GSPC,正式推出後
1968-02-23,1968-02-19,1968-02-25,1968-02-19,1968-02-23,89.96,91.87,89.42,90.89,4,False,,True,Yahoo Finance ^GSPC,正式推出後
1968-03-01,1968-02-26,1968-03-03,1968-02-26,1968-03-01,90.89,91.19,88.58,89.11,5,False,,True,Yahoo Finance ^GSPC,正式推出後
1968-03-08,1968-03-04,1968-03-10,1968-03-04,1968-03-08,89.11,89.98,86.99,89.03,5,False,,True,Yahoo Finance ^GSPC,正式推出後
1968-03-15,1968-03-11,1968-03-17,1968-03-11,1968-03-15,89.03,90.78,87.61,89.10,5,False,,True,Yahoo Finance ^GSPC,正式推出後
1968-03-22,1968-03-18,1968-03-24,1968-03-18,1968-03-22,89.11,91.09,87.50,88.42,5,False,,True,Yahoo Finance ^GSPC,正式推出後
1968-03-29,1968-03-25,1968-03-31,1968-03-25,1968-03-29,88.42,90.92,87.65,90.20,5,False,,True,Yahoo Finance ^GSPC,正式推出後
1968-04-05,1968-04-01,1968-04-07,1968-04-01,1968-04-05,91.11,95.13,91.11,93.29,5,False,,True,Yahoo Finance ^GSPC,正式推出後
1968-04-11,1968-04-08,1968-04-14,1968-04-08,1968-04-11,93.29,97.11,93.11,96.53,3,False,,True,Yahoo Finance ^GSPC,正式推出後
1968-04-19,1968-04-15,1968-04-21,1968-04-15,1968-04-19,96.53,97.89,95.15,95.85,5,False,,True,Yahoo Finance ^GSPC,正式推出後
1968-04-26,1968-04-22,1968-04-28,1968-04-22,1968-04-26,95.85,97.83,94.22,97.21,5,False,,True,Yahoo Finance ^GSPC,正式推出後
1968-05-03,1968-04-29,1968-05-05,1968-04-29,1968-05-03,97.21,100.19,96.58,98.66,5,False,,True,Yahoo Finance ^GSPC,正式推出後
1968-05-10,1968-05-06,1968-05-12,1968-05-06,1968-05-10,98.66,99.74,97.27,98.50,5,False,,True,Yahoo Finance ^GSPC,正式推出後
1968-05-17,1968-05-13,1968-05-19,1968-05-13,1968-05-17,98.50,99.10,96.11,96.90,5,False,,True,Yahoo Finance ^GSPC,正式推出後
1968-05-24,1968-05-20,1968-05-26,1968-05-20,1968-05-24,96.90,98.17,95.80,97.15,5,False,,True,Yahoo Finance ^GSPC,正式推出後
1968-05-31,1968-05-27,1968-06-02,1968-05-27,1968-05-31,97.15,99.40,96.29,98.68,4,False,,True,Yahoo Finance ^GSPC,正式推出後
1968-06-07,1968-06-03,1968-06-09,1968-06-03,1968-06-07,98.72,101.89,98.72,101.27,5,False,,True,Yahoo Finance ^GSPC,正式推出後
1968-06-14,1968-06-10,1968-06-16,1968-06-10,1968-06-14,101.27,102.84,99.98,101.13,4,False,,True,Yahoo Finance ^GSPC,正式推出後
1968-06-21,1968-06-17,1968-06-23,1968-06-17,1968-06-21,101.13,101.71,99.43,100.66,4,False,,True,Yahoo Finance ^GSPC,正式推出後
1968-06-28,1968-06-24,1968-06-30,1968-06-24,1968-06-28,100.66,101.48,98.91,99.58,4,False,,True,Yahoo Finance ^GSPC,正式推出後
1968-07-03,1968-07-01,1968-07-07,1968-07-01,1968-07-03,99.58,101.36,98.60,100.91,3,False,,True,Yahoo Finance ^GSPC,正式推出後
1968-07-12,1968-07-08,1968-07-14,1968-07-08,1968-07-12,100.91,103.67,100.72,102.34,4,False,,True,Yahoo Finance ^GSPC,正式推出後
1968-07-19,1968-07-15,1968-07-21,1968-07-15,1968-07-19,102.34,103.15,99.80,100.46,4,False,,True,Yahoo Finance ^GSPC,正式推出後
1968-07-26,1968-07-22,1968-07-28,1968-07-22,1968-07-26,100.46,100.88,97.22,98.34,4,False,,True,Yahoo Finance ^GSPC,正式推出後
1968-08-02,1968-07-29,1968-08-04,1968-07-29,1968-08-02,98.34,98.82,95.79,96.63,4,False,,True,Yahoo Finance ^GSPC,正式推出後
1968-08-09,1968-08-05,1968-08-11,1968-08-05,1968-08-09,96.63,98.32,95.95,97.01,4,False,,True,Yahoo Finance ^GSPC,正式推出後
1968-08-16,1968-08-12,1968-08-18,1968-08-12,1968-08-16,97.01,99.36,96.72,98.68,4,False,,True,Yahoo Finance ^GSPC,正式推出後
1968-08-23,1968-08-19,1968-08-25,1968-08-19,1968-08-23,98.68,99.65,97.71,98.69,4,False,,True,Yahoo Finance ^GSPC,正式推出後
1968-08-30,1968-08-26,1968-09-01,1968-08-26,1968-08-30,98.69,99.67,97.90,98.86,4,False,,True,Yahoo Finance ^GSPC,正式推出後
1968-09-06,1968-09-02,1968-09-08,1968-09-03,1968-09-06,98.86,101.88,98.31,101.20,4,False,,True,Yahoo Finance ^GSPC,正式推出後
1968-09-13,1968-09-09,1968-09-15,1968-09-09,1968-09-13,101.20,102.09,99.70,100.86,4,False,,True,Yahoo Finance ^GSPC,正式推出後
1968-09-20,1968-09-16,1968-09-22,1968-09-16,1968-09-20,100.86,102.53,100.33,101.66,4,False,,True,Yahoo Finance ^GSPC,正式推出後
1968-09-27,1968-09-23,1968-09-29,1968-09-23,1968-09-27,101.66,103.63,101.20,102.31,4,False,,True,Yahoo Finance ^GSPC,正式推出後
1968-10-04,1968-09-30,1968-10-06,1968-09-30,1968-10-04,102.31,104.35,101.71,103.71,4,False,,True,Yahoo Finance ^GSPC,正式推出後
1968-10-11,1968-10-07,1968-10-13,1968-10-07,1968-10-11,103.71,104.45,102.39,103.18,4,False,,True,Yahoo Finance ^GSPC,正式推出後
1968-10-18,1968-10-14,1968-10-20,1968-10-14,1968-10-18,103.18,105.34,102.48,104.82,4,False,,True,Yahoo Finance ^GSPC,正式推出後
1968-10-25,1968-10-21,1968-10-27,1968-10-21,1968-10-25,104.82,105.78,103.14,104.20,4,False,,True,Yahoo Finance ^GSPC,正式推出後
1968-11-01,1968-10-28,1968-11-03,1968-10-28,1968-11-01,104.20,104.89,102.36,103.06,4,False,,True,Yahoo Finance ^GSPC,正式推出後
1968-11-08,1968-11-04,1968-11-10,1968-11-04,1968-11-08,103.06,104.59,101.85,103.95,4,False,,True,Yahoo Finance ^GSPC,正式推出後
1968-11-15,1968-11-11,1968-11-17,1968-11-12,1968-11-15,103.95,106.44,103.51,105.78,4,False,,True,Yahoo Finance ^GSPC,正式推出後
1968-11-22,1968-11-18,1968-11-24,1968-11-18,1968-11-22,105.78,106.89,104.85,106.30,4,False,,True,Yahoo Finance ^GSPC,正式推出後
1968-11-29,1968-11-25,1968-12-01,1968-11-25,1968-11-29,106.30,109.09,105.47,108.37,4,False,,True,Yahoo Finance ^GSPC,正式推出後
1968-12-06,1968-12-02,1968-12-08,1968-12-02,1968-12-06,108.37,109.37,106.71,107.93,4,False,,True,Yahoo Finance ^GSPC,正式推出後
1968-12-13,1968-12-09,1968-12-15,1968-12-09,1968-12-13,107.93,108.77,106.33,107.58,4,False,,True,Yahoo Finance ^GSPC,正式推出後
1968-12-20,1968-12-16,1968-12-22,1968-12-16,1968-12-20,107.58,108.40,105.10,106.34,4,False,,True,Yahoo Finance ^GSPC,正式推出後
1968-12-27,1968-12-23,1968-12-29,1968-12-23,1968-12-27,106.34,106.68,104.20,104.74,4,False,,True,Yahoo Finance ^GSPC,正式推出後
1969-01-03,1968-12-30,1969-01-05,1968-12-30,1969-01-03,104.74,104.99,102.98,103.99,4,False,,True,Yahoo Finance ^GSPC,正式推出後
1969-01-10,1969-01-06,1969-01-12,1969-01-06,1969-01-10,103.99,104.36,100.14,100.93,5,False,,True,Yahoo Finance ^GSPC,正式推出後
1969-01-17,1969-01-13,1969-01-19,1969-01-13,1969-01-17,100.93,103.25,96.63,102.03,5,False,,True,Yahoo Finance ^GSPC,正式推出後
1969-01-24,1969-01-20,1969-01-26,1969-01-20,1969-01-24,102.03,103.23,100.88,102.38,5,False,,True,Yahoo Finance ^GSPC,正式推出後
1969-01-31,1969-01-27,1969-02-02,1969-01-27,1969-01-31,102.38,103.64,101.56,103.01,5,False,,True,Yahoo Finance ^GSPC,正式推出後
1969-02-07,1969-02-03,1969-02-09,1969-02-03,1969-02-07,103.01,104.30,102.04,103.53,5,False,,True,Yahoo Finance ^GSPC,正式推出後
1969-02-14,1969-02-10,1969-02-16,1969-02-11,1969-02-14,103.53,104.61,102.86,103.61,4,False,,True,Yahoo Finance ^GSPC,正式推出後
1969-02-20,1969-02-17,1969-02-23,1969-02-17,1969-02-20,103.61,104.03,99.29,99.79,4,False,,True,Yahoo Finance ^GSPC,正式推出後
1969-02-28,1969-02-24,1969-03-02,1969-02-24,1969-02-28,99.79,100.07,97.36,98.13,5,False,,True,Yahoo Finance ^GSPC,正式推出後
1969-03-07,1969-03-03,1969-03-09,1969-03-03,1969-03-07,98.13,100.48,97.32,98.65,5,False,,True,Yahoo Finance ^GSPC,正式推出後
1969-03-14,1969-03-10,1969-03-16,1969-03-10,1969-03-14,98.65,100.14,97.40,98.00,5,False,,True,Yahoo Finance ^GSPC,正式推出後
1969-03-21,1969-03-17,1969-03-23,1969-03-17,1969-03-21,98.00,100.39,97.06,99.63,5,False,,True,Yahoo Finance ^GSPC,正式推出後
1969-03-28,1969-03-24,1969-03-30,1969-03-24,1969-03-28,99.63,102.35,98.85,101.51,5,False,,True,Yahoo Finance ^GSPC,正式推出後
1969-04-03,1969-03-31,1969-04-06,1969-04-01,1969-04-03,101.51,102.45,99.87,100.68,3,False,,True,Yahoo Finance ^GSPC,正式推出後
1969-04-11,1969-04-07,1969-04-13,1969-04-07,1969-04-11,100.63,102.28,99.08,101.65,5,False,,True,Yahoo Finance ^GSPC,正式推出後
1969-04-18,1969-04-14,1969-04-20,1969-04-14,1969-04-18,101.65,102.40,99.99,101.24,5,False,,True,Yahoo Finance ^GSPC,正式推出後
1969-04-25,1969-04-21,1969-04-27,1969-04-21,1969-04-25,101.24,102.29,99.52,101.72,5,False,,True,Yahoo Finance ^GSPC,正式推出後
1969-05-02,1969-04-28,1969-05-04,1969-04-28,1969-05-02,101.72,104.63,100.97,104.00,5,False,,True,Yahoo Finance ^GSPC,正式推出後
1969-05-09,1969-05-05,1969-05-11,1969-05-05,1969-05-09,104.00,106.01,103.48,105.05,5,False,,True,Yahoo Finance ^GSPC,正式推出後
1969-05-16,1969-05-12,1969-05-18,1969-05-12,1969-05-16,105.05,106.74,104.12,105.94,5,False,,True,Yahoo Finance ^GSPC,正式推出後
1969-05-23,1969-05-19,1969-05-25,1969-05-19,1969-05-23,105.94,106.15,103.37,104.59,5,False,,True,Yahoo Finance ^GSPC,正式推出後
1969-05-29,1969-05-26,1969-06-01,1969-05-26,1969-05-29,104.59,105.14,102.29,103.46,4,False,,True,Yahoo Finance ^GSPC,正式推出後
1969-06-06,1969-06-02,1969-06-08,1969-06-02,1969-06-06,103.46,103.75,101.68,102.12,5,False,,True,Yahoo Finance ^GSPC,正式推出後
1969-06-13,1969-06-09,1969-06-15,1969-06-09,1969-06-13,102.12,102.16,97.59,98.65,5,False,,True,Yahoo Finance ^GSPC,正式推出後
1969-06-20,1969-06-16,1969-06-22,1969-06-16,1969-06-20,98.65,99.64,96.29,96.67,5,False,,True,Yahoo Finance ^GSPC,正式推出後
1969-06-27,1969-06-23,1969-06-29,1969-06-23,1969-06-27,96.67,98.30,95.21,97.33,5,False,,True,Yahoo Finance ^GSPC,正式推出後
1969-07-03,1969-06-30,1969-07-06,1969-06-30,1969-07-03,97.33,100.25,96.82,99.61,4,False,,True,Yahoo Finance ^GSPC,正式推出後
1969-07-11,1969-07-07,1969-07-13,1969-07-07,1969-07-11,99.61,100.33,94.81,95.77,5,False,,True,Yahoo Finance ^GSPC,正式推出後
1969-07-18,1969-07-14,1969-07-20,1969-07-14,1969-07-18,95.77,96.71,93.11,94.95,5,False,,True,Yahoo Finance ^GSPC,正式推出後
1969-07-25,1969-07-21,1969-07-27,1969-07-22,1969-07-25,94.95,95.45,91.54,92.06,4,False,,True,Yahoo Finance ^GSPC,正式推出後
1969-08-01,1969-07-28,1969-08-03,1969-07-28,1969-08-01,91.91,94.19,88.04,93.47,5,False,,True,Yahoo Finance ^GSPC,正式推出後
1969-08-08,1969-08-04,1969-08-10,1969-08-04,1969-08-08,93.47,94.77,92.13,93.94,5,False,,True,Yahoo Finance ^GSPC,正式推出後
1969-08-15,1969-08-11,1969-08-17,1969-08-11,1969-08-15,93.94,94.50,91.48,94.00,5,False,,True,Yahoo Finance ^GSPC,正式推出後
1969-08-22,1969-08-18,1969-08-24,1969-08-18,1969-08-22,94.00,96.43,93.51,95.92,5,False,,True,Yahoo Finance ^GSPC,正式推出後
1969-08-29,1969-08-25,1969-08-31,1969-08-25,1969-08-29,95.92,96.13,93.65,95.51,5,False,,True,Yahoo Finance ^GSPC,正式推出後
1969-09-05,1969-09-01,1969-09-07,1969-09-02,1969-09-05,95.51,96.31,93.09,93.64,4,False,,True,Yahoo Finance ^GSPC,正式推出後
1969-09-12,1969-09-08,1969-09-14,1969-09-08,1969-09-12,93.64,95.77,91.77,94.13,5,False,,True,Yahoo Finance ^GSPC,正式推出後
1969-09-19,1969-09-15,1969-09-21,1969-09-15,1969-09-19,94.13,95.92,93.73,95.19,5,False,,True,Yahoo Finance ^GSPC,正式推出後
1969-09-26,1969-09-22,1969-09-28,1969-09-22,1969-09-26,95.19,96.62,93.53,94.16,5,False,,True,Yahoo Finance ^GSPC,正式推出後
1969-10-03,1969-09-29,1969-10-05,1969-09-29,1969-10-03,94.16,94.45,91.66,93.19,5,False,,True,Yahoo Finance ^GSPC,正式推出後
1969-10-10,1969-10-06,1969-10-12,1969-10-06,1969-10-10,93.19,94.19,91.75,93.56,5,False,,True,Yahoo Finance ^GSPC,正式推出後
1969-10-17,1969-10-13,1969-10-19,1969-10-13,1969-10-17,93.56,97.54,93.20,96.26,5,False,,True,Yahoo Finance ^GSPC,正式推出後
1969-10-24,1969-10-20,1969-10-26,1969-10-20,1969-10-24,96.26,98.83,95.29,98.12,5,False,,True,Yahoo Finance ^GSPC,正式推出後
1969-10-31,1969-10-27,1969-11-02,1969-10-27,1969-10-31,98.12,98.78,95.61,97.12,5,False,,True,Yahoo Finance ^GSPC,正式推出後
1969-11-07,1969-11-03,1969-11-09,1969-11-03,1969-11-07,97.12,99.01,95.84,98.26,5,False,,True,Yahoo Finance ^GSPC,正式推出後
1969-11-14,1969-11-10,1969-11-16,1969-11-10,1969-11-14,98.26,99.23,96.36,97.07,5,False,,True,Yahoo Finance ^GSPC,正式推出後
1969-11-21,1969-11-17,1969-11-23,1969-11-17,1969-11-21,97.07,97.36,93.87,94.32,5,False,,True,Yahoo Finance ^GSPC,正式推出後
1969-11-28,1969-11-24,1969-11-30,1969-11-24,1969-11-28,94.32,94.43,92.24,93.81,4,False,,True,Yahoo Finance ^GSPC,正式推出後
1969-12-05,1969-12-01,1969-12-07,1969-12-01,1969-12-05,93.81,94.47,90.36,91.73,5,False,,True,Yahoo Finance ^GSPC,正式推出後
1969-12-12,1969-12-08,1969-12-14,1969-12-08,1969-12-12,91.73,92.05,89.33,90.81,5,False,,True,Yahoo Finance ^GSPC,正式推出後
1969-12-19,1969-12-15,1969-12-21,1969-12-15,1969-12-19,90.81,92.34,88.62,91.38,5,False,,True,Yahoo Finance ^GSPC,正式推出後
1969-12-26,1969-12-22,1969-12-28,1969-12-22,1969-12-26,91.38,92.30,89.40,91.89,4,False,,True,Yahoo Finance ^GSPC,正式推出後
1970-01-02,1969-12-29,1970-01-04,1969-12-29,1970-01-02,91.89,93.54,90.47,93.00,4,False,,True,Yahoo Finance ^GSPC,正式推出後
1970-01-09,1970-01-05,1970-01-11,1970-01-05,1970-01-09,93.00,94.25,91.82,92.40,5,False,,True,Yahoo Finance ^GSPC,正式推出後
1970-01-16,1970-01-12,1970-01-18,1970-01-12,1970-01-16,92.40,92.67,90.36,90.92,5,False,,True,Yahoo Finance ^GSPC,正式推出後
1970-01-23,1970-01-19,1970-01-25,1970-01-19,1970-01-23,90.72,90.80,88.64,89.37,5,False,,True,Yahoo Finance ^GSPC,正式推出後
1970-01-30,1970-01-26,1970-02-01,1970-01-26,1970-01-30,89.23,89.23,84.42,85.02,5,False,,True,Yahoo Finance ^GSPC,正式推出後
1970-02-06,1970-02-02,1970-02-08,1970-02-02,1970-02-06,85.02,87.66,84.64,86.33,5,False,,True,Yahoo Finance ^GSPC,正式推出後
1970-02-13,1970-02-09,1970-02-15,1970-02-09,1970-02-13,86.33,87.85,85.30,86.54,5,False,,True,Yahoo Finance ^GSPC,正式推出後
1970-02-20,1970-02-16,1970-02-22,1970-02-16,1970-02-20,86.54,88.74,85.57,88.03,5,False,,True,Yahoo Finance ^GSPC,正式推出後
1970-02-27,1970-02-23,1970-03-01,1970-02-24,1970-02-27,88.03,90.33,87.11,89.50,4,False,,True,Yahoo Finance ^GSPC,正式推出後
1970-03-06,1970-03-02,1970-03-08,1970-03-02,1970-03-06,89.50,91.05,88.84,89.44,5,False,,True,Yahoo Finance ^GSPC,正式推出後
1970-03-13,1970-03-09,1970-03-15,1970-03-09,1970-03-13,89.43,89.58,87.29,87.86,5,False,,True,Yahoo Finance ^GSPC,正式推出後
1970-03-20,1970-03-16,1970-03-22,1970-03-16,1970-03-20,87.86,88.28,86.36,87.06,5,False,,True,Yahoo Finance ^GSPC,正式推出後
1970-03-26,1970-03-23,1970-03-29,1970-03-23,1970-03-26,87.06,91.07,86.19,89.92,4,False,,True,Yahoo Finance ^GSPC,正式推出後
1970-04-03,1970-03-30,1970-04-05,1970-03-30,1970-04-03,89.92,90.70,88.81,89.39,5,False,,True,Yahoo Finance ^GSPC,正式推出後
1970-04-10,1970-04-06,1970-04-12,1970-04-06,1970-04-10,89.39,89.61,87.82,88.24,5,False,,True,Yahoo Finance ^GSPC,正式推出後
1970-04-17,1970-04-13,1970-04-19,1970-04-13,1970-04-17,88.24,88.67,84.75,85.67,5,False,,True,Yahoo Finance ^GSPC,正式推出後
1970-04-24,1970-04-20,1970-04-26,1970-04-20,1970-04-24,85.67,86.54,81.96,82.77,5,False,,True,Yahoo Finance ^GSPC,正式推出後
1970-05-01,1970-04-27,1970-05-03,1970-04-27,1970-05-01,82.77,83.23,79.31,81.44,5,False,,True,Yahoo Finance ^GSPC,正式推出後
1970-05-08,1970-05-04,1970-05-10,1970-05-04,1970-05-08,81.28,81.28,78.02,79.44,5,False,,True,Yahoo Finance ^GSPC,正式推出後
1970-05-15,1970-05-11,1970-05-17,1970-05-11,1970-05-15,79.44,79.72,74.03,76.90,5,False,,True,Yahoo Finance ^GSPC,正式推出後
1970-05-22,1970-05-18,1970-05-24,1970-05-18,1970-05-22,76.90,77.68,70.94,72.25,5,False,,True,Yahoo Finance ^GSPC,正式推出後
1970-05-29,1970-05-25,1970-05-31,1970-05-25,1970-05-29,72.16,76.92,68.61,76.55,5,False,,True,Yahoo Finance ^GSPC,正式推出後
1970-06-05,1970-06-01,1970-06-07,1970-06-01,1970-06-05,76.55,79.42,75.25,76.17,5,False,,True,Yahoo Finance ^GSPC,正式推出後
1970-06-12,1970-06-08,1970-06-14,1970-06-08,1970-06-12,76.17,79.96,73.25,73.88,5,False,,True,Yahoo Finance ^GSPC,正式推出後
1970-06-19,1970-06-15,1970-06-21,1970-06-15,1970-06-19,73.88,78.05,73.67,77.05,5,False,,True,Yahoo Finance ^GSPC,正式推出後
1970-06-26,1970-06-22,1970-06-28,1970-06-22,1970-06-26,77.05,77.43,73.09,73.47,5,False,,True,Yahoo Finance ^GSPC,正式推出後
1970-07-02,1970-06-29,1970-07-05,1970-06-29,1970-07-02,73.47,73.92,72.11,72.92,4,False,,True,Yahoo Finance ^GSPC,正式推出後
1970-07-10,1970-07-06,1970-07-12,1970-07-06,1970-07-10,72.92,75.21,70.69,74.45,5,False,,True,Yahoo Finance ^GSPC,正式推出後
1970-07-17,1970-07-13,1970-07-19,1970-07-13,1970-07-17,74.45,78.23,73.78,77.69,5,False,,True,Yahoo Finance ^GSPC,正式推出後
1970-07-24,1970-07-20,1970-07-26,1970-07-20,1970-07-24,77.69,78.72,76.22,77.82,5,False,,True,Yahoo Finance ^GSPC,正式推出後
1970-07-31,1970-07-27,1970-08-02,1970-07-27,1970-07-31,77.82,79.03,76.96,78.05,5,False,,True,Yahoo Finance ^GSPC,正式推出後
1970-08-07,1970-08-03,1970-08-09,1970-08-03,1970-08-07,78.05,78.24,76.12,77.28,5,False,,True,Yahoo Finance ^GSPC,正式推出後
1970-08-14,1970-08-10,1970-08-16,1970-08-10,1970-08-14,77.28,77.40,74.13,75.18,5,False,,True,Yahoo Finance ^GSPC,正式推出後
1970-08-21,1970-08-17,1970-08-23,1970-08-17,1970-08-21,75.18,79.60,74.52,79.24,5,False,,True,Yahoo Finance ^GSPC,正式推出後
1970-08-28,1970-08-24,1970-08-30,1970-08-24,1970-08-28,79.41,82.47,79.41,81.86,5,False,,True,Yahoo Finance ^GSPC,正式推出後
1970-09-04,1970-08-31,1970-09-06,1970-08-31,1970-09-04,81.86,83.42,79.95,82.83,5,False,,True,Yahoo Finance ^GSPC,正式推出後
1970-09-11,1970-09-07,1970-09-13,1970-09-08,1970-09-11,82.83,83.78,81.48,82.52,4,False,,True,Yahoo Finance ^GSPC,正式推出後
1970-09-18,1970-09-14,1970-09-20,1970-09-14,1970-09-18,82.52,83.50,80.61,82.62,5,False,,True,Yahoo Finance ^GSPC,正式推出後
1970-09-25,1970-09-21,1970-09-27,1970-09-21,1970-09-25,82.62,83.60,80.82,82.83,5,False,,True,Yahoo Finance ^GSPC,正式推出後
1970-10-02,1970-09-28,1970-10-04,1970-09-28,1970-10-02,82.83,85.56,82.61,85.16,5,False,,True,Yahoo Finance ^GSPC,正式推出後
1970-10-09,1970-10-05,1970-10-11,1970-10-05,1970-10-09,85.16,87.75,84.54,85.08,5,False,,True,Yahoo Finance ^GSPC,正式推出後
1970-10-16,1970-10-12,1970-10-18,1970-10-12,1970-10-16,85.05,85.28,83.24,84.28,5,False,,True,Yahoo Finance ^GSPC,正式推出後
1970-10-23,1970-10-19,1970-10-25,1970-10-19,1970-10-23,84.28,84.72,82.62,83.77,5,False,,True,Yahoo Finance ^GSPC,正式推出後
1970-10-30,1970-10-26,1970-11-01,1970-10-26,1970-10-30,83.77,84.26,82.29,83.25,5,False,,True,Yahoo Finance ^GSPC,正式推出後
1970-11-06,1970-11-02,1970-11-08,1970-11-02,1970-11-06,83.25,85.26,82.66,84.22,5,False,,True,Yahoo Finance ^GSPC,正式推出後
1970-11-13,1970-11-09,1970-11-15,1970-11-09,1970-11-13,84.22,86.24,82.92,83.37,5,False,,True,Yahoo Finance ^GSPC,正式推出後
1970-11-20,1970-11-16,1970-11-22,1970-11-16,1970-11-20,83.37,84.17,82.23,83.72,5,False,,True,Yahoo Finance ^GSPC,正式推出後
1970-11-27,1970-11-23,1970-11-29,1970-11-23,1970-11-27,83.72,86.21,83.47,85.93,4,False,,True,Yahoo Finance ^GSPC,正式推出後
1970-12-04,1970-11-30,1970-12-06,1970-11-30,1970-12-04,85.93,89.89,85.79,89.46,5,False,,True,Yahoo Finance ^GSPC,正式推出後
1970-12-11,1970-12-07,1970-12-13,1970-12-07,1970-12-11,89.46,90.93,88.48,90.26,5,False,,True,Yahoo Finance ^GSPC,正式推出後
1970-12-18,1970-12-14,1970-12-20,1970-12-14,1970-12-18,90.26,90.81,88.77,90.22,5,False,,True,Yahoo Finance ^GSPC,正式推出後
1970-12-24,1970-12-21,1970-12-27,1970-12-21,1970-12-24,90.22,91.08,89.35,90.61,4,False,,True,Yahoo Finance ^GSPC,正式推出後
1970-12-31,1970-12-28,1971-01-03,1970-12-28,1970-12-31,90.61,92.99,90.28,92.15,4,False,,True,Yahoo Finance ^GSPC,正式推出後
1971-01-08,1971-01-04,1971-01-10,1971-01-04,1971-01-08,92.15,93.26,90.64,92.19,5,False,,True,Yahoo Finance ^GSPC,正式推出後
1971-01-15,1971-01-11,1971-01-17,1971-01-11,1971-01-15,92.19,93.94,90.99,93.03,5,False,,True,Yahoo Finance ^GSPC,正式推出後
1971-01-22,1971-01-18,1971-01-24,1971-01-18,1971-01-22,93.03,95.53,92.63,94.88,5,False,,True,Yahoo Finance ^GSPC,正式推出後
1971-01-29,1971-01-25,1971-01-31,1971-01-25,1971-01-29,94.88,96.49,93.96,95.88,5,False,,True,Yahoo Finance ^GSPC,正式推出後
1971-02-05,1971-02-01,1971-02-07,1971-02-01,1971-02-05,95.88,97.58,95.38,96.93,5,False,,True,Yahoo Finance ^GSPC,正式推出後
1971-02-12,1971-02-08,1971-02-14,1971-02-08,1971-02-12,96.93,98.96,96.13,98.43,5,False,,True,Yahoo Finance ^GSPC,正式推出後
1971-02-19,1971-02-15,1971-02-21,1971-02-16,1971-02-19,98.43,99.59,96.25,96.74,4,False,,True,Yahoo Finance ^GSPC,正式推出後
1971-02-26,1971-02-22,1971-02-28,1971-02-22,1971-02-26,96.65,97.71,94.92,96.75,5,False,,True,Yahoo Finance ^GSPC,正式推出後
1971-03-05,1971-03-01,1971-03-07,1971-03-01,1971-03-05,96.75,99.49,96.11,98.96,5,False,,True,Yahoo Finance ^GSPC,正式推出後
1971-03-12,1971-03-08,1971-03-14,1971-03-08,1971-03-12,98.96,100.31,98.42,99.57,5,False,,True,Yahoo Finance ^GSPC,正式推出後
1971-03-19,1971-03-15,1971-03-21,1971-03-15,1971-03-19,99.57,102.03,99.12,101.01,5,False,,True,Yahoo Finance ^GSPC,正式推出後
1971-03-26,1971-03-22,1971-03-28,1971-03-22,1971-03-26,101.01,101.46,98.36,99.95,5,False,,True,Yahoo Finance ^GSPC,正式推出後
1971-04-02,1971-03-29,1971-04-04,1971-03-29,1971-04-02,99.95,101.23,99.36,100.56,5,False,,True,Yahoo Finance ^GSPC,正式推出後
1971-04-08,1971-04-05,1971-04-11,1971-04-05,1971-04-08,100.56,102.87,99.88,102.10,4,False,,True,Yahoo Finance ^GSPC,正式推出後
1971-04-16,1971-04-12,1971-04-18,1971-04-12,1971-04-16,102.10,104.40,101.75,103.49,5,False,,True,Yahoo Finance ^GSPC,正式推出後
1971-04-23,1971-04-19,1971-04-25,1971-04-19,1971-04-23,103.49,104.63,102.55,104.05,5,False,,True,Yahoo Finance ^GSPC,正式推出後
1971-04-30,1971-04-26,1971-05-02,1971-04-26,1971-04-30,104.05,105.60,103.19,103.95,5,False,,True,Yahoo Finance ^GSPC,正式推出後
1971-05-07,1971-05-03,1971-05-09,1971-05-03,1971-05-07,103.95,104.42,101.86,102.87,5,False,,True,Yahoo Finance ^GSPC,正式推出後
1971-05-14,1971-05-10,1971-05-16,1971-05-10,1971-05-14,102.87,103.57,101.50,102.21,5,False,,True,Yahoo Finance ^GSPC,正式推出後
1971-05-21,1971-05-17,1971-05-23,1971-05-17,1971-05-21,102.08,102.17,99.68,100.99,5,False,,True,Yahoo Finance ^GSPC,正式推出後
1971-05-28,1971-05-24,1971-05-30,1971-05-24,1971-05-28,100.99,101.24,98.68,99.63,5,False,,True,Yahoo Finance ^GSPC,正式推出後
1971-06-04,1971-05-31,1971-06-06,1971-06-01,1971-06-04,99.63,102.07,99.22,101.30,4,False,,True,Yahoo Finance ^GSPC,正式推出後
1971-06-11,1971-06-07,1971-06-13,1971-06-07,1971-06-11,101.30,102.02,99.28,101.07,5,False,,True,Yahoo Finance ^GSPC,正式推出後
1971-06-18,1971-06-14,1971-06-20,1971-06-14,1971-06-18,101.07,101.37,98.65,98.97,5,False,,True,Yahoo Finance ^GSPC,正式推出後
1971-06-25,1971-06-21,1971-06-27,1971-06-21,1971-06-25,98.97,99.18,96.92,97.99,5,False,,True,Yahoo Finance ^GSPC,正式推出後
1971-07-02,1971-06-28,1971-07-04,1971-06-28,1971-07-02,97.99,100.65,97.02,99.78,5,False,,True,Yahoo Finance ^GSPC,正式推出後
1971-07-09,1971-07-05,1971-07-11,1971-07-06,1971-07-09,99.78,101.33,99.10,100.69,4,False,,True,Yahoo Finance ^GSPC,正式推出後
1971-07-16,1971-07-12,1971-07-18,1971-07-12,1971-07-16,100.69,101.52,98.23,99.11,5,False,,True,Yahoo Finance ^GSPC,正式推出後
1971-07-23,1971-07-19,1971-07-25,1971-07-19,1971-07-23,99.11,100.01,98.11,98.94,5,False,,True,Yahoo Finance ^GSPC,正式推出後
1971-07-30,1971-07-26,1971-08-01,1971-07-26,1971-07-30,98.94,99.47,95.08,95.58,5,False,,True,Yahoo Finance ^GSPC,正式推出後
1971-08-06,1971-08-02,1971-08-08,1971-08-02,1971-08-06,95.58,96.76,93.33,94.25,5,False,,True,Yahoo Finance ^GSPC,正式推出後
1971-08-13,1971-08-09,1971-08-15,1971-08-09,1971-08-13,94.25,96.53,92.81,95.69,5,False,,True,Yahoo Finance ^GSPC,正式推出後
1971-08-20,1971-08-16,1971-08-22,1971-08-16,1971-08-20,97.90,101.00,97.35,98.33,5,False,,True,Yahoo Finance ^GSPC,正式推出後
1971-08-27,1971-08-23,1971-08-29,1971-08-23,1971-08-27,98.33,101.51,98.09,100.48,5,False,,True,Yahoo Finance ^GSPC,正式推出後
1971-09-03,1971-08-30,1971-09-05,1971-08-30,1971-09-03,100.48,100.93,98.32,100.69,5,False,,True,Yahoo Finance ^GSPC,正式推出後
1971-09-10,1971-09-06,1971-09-12,1971-09-07,1971-09-10,100.69,102.25,99.69,100.42,4,False,,True,Yahoo Finance ^GSPC,正式推出後
1971-09-17,1971-09-13,1971-09-19,1971-09-13,1971-09-17,100.42,100.84,98.79,99.96,5,False,,True,Yahoo Finance ^GSPC,正式推出後
1971-09-24,1971-09-20,1971-09-26,1971-09-20,1971-09-24,99.96,100.40,97.61,98.15,5,False,,True,Yahoo Finance ^GSPC,正式推出後
1971-10-01,1971-09-27,1971-10-03,1971-09-27,1971-10-01,98.15,99.49,96.97,98.93,5,False,,True,Yahoo Finance ^GSPC,正式推出後
1971-10-08,1971-10-04,1971-10-10,1971-10-04,1971-10-08,98.93,100.96,98.34,99.36,5,False,,True,Yahoo Finance ^GSPC,正式推出後
1971-10-15,1971-10-11,1971-10-17,1971-10-11,1971-10-15,99.36,100.20,97.03,97.79,5,False,,True,Yahoo Finance ^GSPC,正式推出後
1971-10-22,1971-10-18,1971-10-24,1971-10-18,1971-10-22,97.79,98.33,94.59,95.57,5,False,,True,Yahoo Finance ^GSPC,正式推出後
1971-10-29,1971-10-25,1971-10-31,1971-10-25,1971-10-29,95.57,95.76,92.96,94.23,5,False,,True,Yahoo Finance ^GSPC,正式推出後
1971-11-05,1971-11-01,1971-11-07,1971-11-01,1971-11-05,94.23,96.08,91.84,94.46,5,False,,True,Yahoo Finance ^GSPC,正式推出後
1971-11-12,1971-11-08,1971-11-14,1971-11-08,1971-11-12,94.46,95.31,90.93,92.12,5,False,,True,Yahoo Finance ^GSPC,正式推出後
1971-11-19,1971-11-15,1971-11-21,1971-11-15,1971-11-19,92.12,93.62,90.95,91.61,5,False,,True,Yahoo Finance ^GSPC,正式推出後
1971-11-26,1971-11-22,1971-11-28,1971-11-22,1971-11-26,91.61,92.19,89.34,91.94,4,False,,True,Yahoo Finance ^GSPC,正式推出後
1971-12-03,1971-11-29,1971-12-05,1971-11-29,1971-12-03,92.04,97.57,92.04,97.06,5,False,,True,Yahoo Finance ^GSPC,正式推出後
1971-12-10,1971-12-06,1971-12-12,1971-12-06,1971-12-10,,,,97.69,5,False,,False,Yahoo Finance ^GSPC,正式推出後
1971-12-17,1971-12-13,1971-12-19,1971-12-13,1971-12-17,,,,100.26,5,False,,False,Yahoo Finance ^GSPC,正式推出後
1971-12-23,1971-12-20,1971-12-26,1971-12-20,1971-12-23,,,,100.74,4,False,,False,Yahoo Finance ^GSPC,正式推出後
1971-12-31,1971-12-27,1972-01-02,1971-12-27,1971-12-31,,,,102.09,5,False,,False,Yahoo Finance ^GSPC,正式推出後
1972-01-07,1972-01-03,1972-01-09,1972-01-03,1972-01-07,102.09,104.29,100.87,103.47,5,False,,True,Yahoo Finance ^GSPC,正式推出後
1972-01-14,1972-01-10,1972-01-16,1972-01-10,1972-01-14,103.47,104.66,102.29,103.39,5,False,,True,Yahoo Finance ^GSPC,正式推出後
1972-01-21,1972-01-17,1972-01-23,1972-01-17,1972-01-21,103.39,105.00,102.75,103.65,5,False,,True,Yahoo Finance ^GSPC,正式推出後
1972-01-28,1972-01-24,1972-01-30,1972-01-24,1972-01-28,103.65,104.98,101.63,104.16,5,False,,True,Yahoo Finance ^GSPC,正式推出後
1972-02-04,1972-01-31,1972-02-06,1972-01-31,1972-02-04,104.16,105.48,103.10,104.86,5,False,,True,Yahoo Finance ^GSPC,正式推出後
1972-02-11,1972-02-07,1972-02-13,1972-02-07,1972-02-11,104.86,106.69,103.90,105.08,5,False,,True,Yahoo Finance ^GSPC,正式推出後
1972-02-18,1972-02-14,1972-02-20,1972-02-14,1972-02-18,105.08,106.65,104.03,105.28,5,False,,True,Yahoo Finance ^GSPC,正式推出後
1972-02-25,1972-02-21,1972-02-27,1972-02-22,1972-02-25,105.28,106.73,104.65,106.18,4,False,,True,Yahoo Finance ^GSPC,正式推出後
1972-03-03,1972-02-28,1972-03-05,1972-02-28,1972-03-03,106.18,108.51,105.37,107.94,5,False,,True,Yahoo Finance ^GSPC,正式推出後
1972-03-10,1972-03-06,1972-03-12,1972-03-06,1972-03-10,107.94,109.75,107.64,108.38,5,False,,True,Yahoo Finance ^GSPC,正式推出後
1972-03-17,1972-03-13,1972-03-19,1972-03-13,1972-03-17,108.38,108.61,106.55,107.92,5,False,,True,Yahoo Finance ^GSPC,正式推出後
1972-03-24,1972-03-20,1972-03-26,1972-03-20,1972-03-24,107.92,108.81,105.86,107.52,5,False,,True,Yahoo Finance ^GSPC,正式推出後
1972-03-30,1972-03-27,1972-04-02,1972-03-27,1972-03-30,107.52,108.08,105.98,107.20,4,False,,True,Yahoo Finance ^GSPC,正式推出後
1972-04-07,1972-04-03,1972-04-09,1972-04-03,1972-04-07,107.20,110.29,106.75,109.62,5,False,,True,Yahoo Finance ^GSPC,正式推出後
1972-04-14,1972-04-10,1972-04-16,1972-04-10,1972-04-14,109.62,111.11,108.76,109.84,5,False,,True,Yahoo Finance ^GSPC,正式推出後
1972-04-21,1972-04-17,1972-04-23,1972-04-17,1972-04-21,109.84,110.64,108.08,108.89,5,False,,True,Yahoo Finance ^GSPC,正式推出後
1972-04-28,1972-04-24,1972-04-30,1972-04-24,1972-04-28,108.89,109.19,106.18,107.67,5,False,,True,Yahoo Finance ^GSPC,正式推出後
1972-05-05,1972-05-01,1972-05-07,1972-05-01,1972-05-05,107.67,108.00,105.14,106.63,5,False,,True,Yahoo Finance ^GSPC,正式推出後
1972-05-12,1972-05-08,1972-05-14,1972-05-08,1972-05-12,106.63,107.02,103.83,106.38,5,False,,True,Yahoo Finance ^GSPC,正式推出後
1972-05-19,1972-05-15,1972-05-21,1972-05-15,1972-05-19,106.38,109.59,106.02,108.98,5,False,,True,Yahoo Finance ^GSPC,正式推出後
1972-05-26,1972-05-22,1972-05-28,1972-05-22,1972-05-26,108.98,111.31,108.79,110.66,5,False,,True,Yahoo Finance ^GSPC,正式推出後
1972-06-02,1972-05-29,1972-06-04,1972-05-30,1972-06-02,110.66,111.48,108.92,109.73,4,False,,True,Yahoo Finance ^GSPC,正式推出後
1972-06-09,1972-06-05,1972-06-11,1972-06-05,1972-06-09,109.73,109.92,106.30,106.86,5,False,,True,Yahoo Finance ^GSPC,正式推出後
1972-06-16,1972-06-12,1972-06-18,1972-06-12,1972-06-16,106.86,109.52,106.29,108.36,5,False,,True,Yahoo Finance ^GSPC,正式推出後
1972-06-23,1972-06-19,1972-06-25,1972-06-19,1972-06-23,108.36,109.66,107.37,108.27,5,False,,True,Yahoo Finance ^GSPC,正式推出後
1972-06-30,1972-06-26,1972-07-02,1972-06-26,1972-06-30,108.23,108.29,105.94,107.14,5,False,,True,Yahoo Finance ^GSPC,正式推出後
1972-07-07,1972-07-03,1972-07-09,1972-07-03,1972-07-07,107.14,110.27,106.72,108.69,4,False,,True,Yahoo Finance ^GSPC,正式推出後
1972-07-14,1972-07-10,1972-07-16,1972-07-10,1972-07-14,108.69,109.16,105.62,106.80,5,False,,True,Yahoo Finance ^GSPC,正式推出後
1972-07-21,1972-07-17,1972-07-23,1972-07-17,1972-07-21,106.80,107.37,104.43,106.66,5,False,,True,Yahoo Finance ^GSPC,正式推出後
1972-07-28,1972-07-24,1972-07-30,1972-07-24,1972-07-28,106.66,108.88,106.52,107.38,5,False,,True,Yahoo Finance ^GSPC,正式推出後
1972-08-04,1972-07-31,1972-08-06,1972-07-31,1972-08-04,107.38,111.12,106.60,110.43,5,False,,True,Yahoo Finance ^GSPC,正式推出後
1972-08-11,1972-08-07,1972-08-13,1972-08-07,1972-08-11,110.43,112.40,109.67,111.95,5,False,,True,Yahoo Finance ^GSPC,正式推出後
1972-08-18,1972-08-14,1972-08-20,1972-08-14,1972-08-18,111.95,113.45,110.72,111.76,5,False,,True,Yahoo Finance ^GSPC,正式推出後
1972-08-25,1972-08-21,1972-08-27,1972-08-21,1972-08-25,111.76,113.27,109.78,110.67,5,False,,True,Yahoo Finance ^GSPC,正式推出後
1972-09-01,1972-08-28,1972-09-03,1972-08-28,1972-09-01,110.67,112.12,109.26,111.51,5,False,,True,Yahoo Finance ^GSPC,正式推出後
1972-09-08,1972-09-04,1972-09-10,1972-09-05,1972-09-08,111.51,112.08,109.67,110.15,4,False,,True,Yahoo Finance ^GSPC,正式推出後
1972-09-15,1972-09-11,1972-09-17,1972-09-11,1972-09-15,110.15,110.57,107.81,108.81,5,False,,True,Yahoo Finance ^GSPC,正式推出後
1972-09-22,1972-09-18,1972-09-24,1972-09-18,1972-09-22,108.81,109.57,107.72,108.52,5,False,,True,Yahoo Finance ^GSPC,正式推出後
1972-09-29,1972-09-25,1972-10-01,1972-09-25,1972-09-29,108.52,110.75,107.35,110.55,5,False,,True,Yahoo Finance ^GSPC,正式推出後
1972-10-06,1972-10-02,1972-10-08,1972-10-02,1972-10-06,110.55,111.35,107.78,109.62,5,False,,True,Yahoo Finance ^GSPC,正式推出後
1972-10-13,1972-10-09,1972-10-15,1972-10-09,1972-10-13,109.62,111.11,107.17,107.92,5,False,,True,Yahoo Finance ^GSPC,正式推出後
1972-10-20,1972-10-16,1972-10-22,1972-10-16,1972-10-20,107.92,109.79,106.27,109.24,5,False,,True,Yahoo Finance ^GSPC,正式推出後
1972-10-27,1972-10-23,1972-10-29,1972-10-23,1972-10-27,109.51,112.26,109.38,110.62,5,False,,True,Yahoo Finance ^GSPC,正式推出後
1972-11-03,1972-10-30,1972-11-05,1972-10-30,1972-11-03,110.62,114.81,109.66,114.22,5,False,,True,Yahoo Finance ^GSPC,正式推出後
1972-11-10,1972-11-06,1972-11-12,1972-11-06,1972-11-10,114.22,115.23,112.08,113.73,4,False,,True,Yahoo Finance ^GSPC,正式推出後
1972-11-17,1972-11-13,1972-11-19,1972-11-13,1972-11-17,113.73,116.23,112.91,115.49,5,False,,True,Yahoo Finance ^GSPC,正式推出後
1972-11-24,1972-11-20,1972-11-26,1972-11-20,1972-11-24,115.49,117.91,114.57,117.27,4,False,,True,Yahoo Finance ^GSPC,正式推出後
1972-12-01,1972-11-27,1972-12-03,1972-11-27,1972-12-01,117.27,118.18,115.56,117.38,5,False,,True,Yahoo Finance ^GSPC,正式推出後
1972-12-08,1972-12-04,1972-12-10,1972-12-04,1972-12-08,117.38,119.54,116.89,118.86,5,False,,True,Yahoo Finance ^GSPC,正式推出後
1972-12-15,1972-12-11,1972-12-17,1972-12-11,1972-12-15,118.86,119.79,117.37,118.26,5,False,,True,Yahoo Finance ^GSPC,正式推出後
1972-12-22,1972-12-18,1972-12-24,1972-12-18,1972-12-22,117.88,117.88,114.63,115.83,5,False,,True,Yahoo Finance ^GSPC,正式推出後
1972-12-29,1972-12-25,1972-12-31,1972-12-26,1972-12-29,115.83,118.77,115.54,118.05,3,False,,True,Yahoo Finance ^GSPC,正式推出後
1973-01-05,1973-01-01,1973-01-07,1973-01-02,1973-01-05,118.06,120.71,118.06,119.87,4,False,,True,Yahoo Finance ^GSPC,正式推出後
1973-01-12,1973-01-08,1973-01-14,1973-01-08,1973-01-12,119.87,121.74,118.69,119.30,5,False,,True,Yahoo Finance ^GSPC,正式推出後
1973-01-19,1973-01-15,1973-01-21,1973-01-15,1973-01-19,119.30,120.82,117.04,118.78,5,False,,True,Yahoo Finance ^GSPC,正式推出後
1973-01-26,1973-01-22,1973-01-28,1973-01-22,1973-01-26,118.78,119.63,114.97,116.45,4,False,,True,Yahoo Finance ^GSPC,正式推出後
1973-02-02,1973-01-29,1973-02-04,1973-01-29,1973-02-02,116.45,117.18,113.45,114.35,5,False,,True,Yahoo Finance ^GSPC,正式推出後
1973-02-09,1973-02-05,1973-02-11,1973-02-05,1973-02-09,114.35,115.48,111.85,114.68,5,False,,True,Yahoo Finance ^GSPC,正式推出後
1973-02-16,1973-02-12,1973-02-18,1973-02-12,1973-02-16,114.69,118.98,113.70,114.98,5,False,,True,Yahoo Finance ^GSPC,正式推出後
1973-02-23,1973-02-19,1973-02-25,1973-02-20,1973-02-23,114.98,116.26,112.77,113.16,4,False,,True,Yahoo Finance ^GSPC,正式推出後
1973-03-02,1973-02-26,1973-03-04,1973-02-26,1973-03-02,113.16,113.26,109.45,112.28,5,False,,True,Yahoo Finance ^GSPC,正式推出後
1973-03-09,1973-03-05,1973-03-11,1973-03-05,1973-03-09,112.28,115.23,111.33,113.79,5,False,,True,Yahoo Finance ^GSPC,正式推出後
1973-03-16,1973-03-12,1973-03-18,1973-03-12,1973-03-16,113.79,115.61,112.84,113.54,5,False,,True,Yahoo Finance ^GSPC,正式推出後
1973-03-23,1973-03-19,1973-03-25,1973-03-19,1973-03-23,113.50,113.50,107.41,108.88,5,False,,True,Yahoo Finance ^GSPC,正式推出後
1973-03-30,1973-03-26,1973-04-01,1973-03-26,1973-03-30,108.88,113.22,108.29,111.52,5,False,,True,Yahoo Finance ^GSPC,正式推出後
1973-04-06,1973-04-02,1973-04-08,1973-04-02,1973-04-06,111.52,111.70,107.44,109.28,5,False,,True,Yahoo Finance ^GSPC,正式推出後
1973-04-13,1973-04-09,1973-04-15,1973-04-09,1973-04-13,109.28,113.65,108.74,112.08,5,False,,True,Yahoo Finance ^GSPC,正式推出後
1973-04-19,1973-04-16,1973-04-22,1973-04-16,1973-04-19,112.08,112.93,109.99,112.17,4,False,,True,Yahoo Finance ^GSPC,正式推出後
1973-04-27,1973-04-23,1973-04-29,1973-04-23,1973-04-27,112.17,112.66,106.76,107.23,5,False,,True,Yahoo Finance ^GSPC,正式推出後
1973-05-04,1973-04-30,1973-05-06,1973-04-30,1973-05-04,107.23,111.99,105.34,111.00,5,False,,True,Yahoo Finance ^GSPC,正式推出後
1973-05-11,1973-05-07,1973-05-13,1973-05-07,1973-05-11,111.00,112.25,107.70,108.17,5,False,,True,Yahoo Finance ^GSPC,正式推出後
1973-05-18,1973-05-14,1973-05-20,1973-05-14,1973-05-18,107.74,107.74,103.18,103.86,5,False,,True,Yahoo Finance ^GSPC,正式推出後
1973-05-25,1973-05-21,1973-05-27,1973-05-21,1973-05-25,103.77,108.86,101.36,107.94,5,False,,True,Yahoo Finance ^GSPC,正式推出後
1973-06-01,1973-05-28,1973-06-03,1973-05-29,1973-06-01,107.94,108.58,103.31,103.93,4,False,,True,Yahoo Finance ^GSPC,正式推出後
1973-06-08,1973-06-04,1973-06-10,1973-06-04,1973-06-08,103.93,107.75,102.33,107.03,5,False,,True,Yahoo Finance ^GSPC,正式推出後
1973-06-15,1973-06-11,1973-06-17,1973-06-11,1973-06-15,107.03,109.52,104.37,105.10,5,False,,True,Yahoo Finance ^GSPC,正式推出後
1973-06-22,1973-06-18,1973-06-24,1973-06-18,1973-06-22,104.96,105.66,102.46,103.70,5,False,,True,Yahoo Finance ^GSPC,正式推出後
1973-06-29,1973-06-25,1973-07-01,1973-06-25,1973-06-29,103.64,105.30,101.45,104.26,5,False,,True,Yahoo Finance ^GSPC,正式推出後
1973-07-06,1973-07-02,1973-07-08,1973-07-02,1973-07-06,104.10,104.10,100.67,101.28,4,False,,True,Yahoo Finance ^GSPC,正式推出後
1973-07-13,1973-07-09,1973-07-15,1973-07-09,1973-07-13,101.28,106.62,100.44,104.09,5,False,,True,Yahoo Finance ^GSPC,正式推出後
1973-07-20,1973-07-16,1973-07-22,1973-07-16,1973-07-20,104.09,108.02,103.42,107.14,5,False,,True,Yahoo Finance ^GSPC,正式推出後
1973-07-27,1973-07-23,1973-07-29,1973-07-23,1973-07-27,107.14,111.04,106.31,109.59,5,False,,True,Yahoo Finance ^GSPC,正式推出後
1973-08-03,1973-07-30,1973-08-05,1973-07-30,1973-08-03,109.59,110.12,105.51,106.49,5,False,,True,Yahoo Finance ^GSPC,正式推出後
1973-08-10,1973-08-06,1973-08-12,1973-08-06,1973-08-10,106.49,107.57,104.21,104.77,5,False,,True,Yahoo Finance ^GSPC,正式推出後
1973-08-17,1973-08-13,1973-08-19,1973-08-13,1973-08-17,104.77,104.83,101.38,102.31,5,False,,True,Yahoo Finance ^GSPC,正式推出後
1973-08-24,1973-08-20,1973-08-26,1973-08-20,1973-08-24,102.31,102.65,99.74,101.62,5,False,,True,Yahoo Finance ^GSPC,正式推出後
1973-08-31,1973-08-27,1973-09-02,1973-08-27,1973-08-31,101.62,104.92,101.09,104.25,5,False,,True,Yahoo Finance ^GSPC,正式推出後
1973-09-07,1973-09-03,1973-09-09,1973-09-04,1973-09-07,104.25,105.95,103.60,104.76,4,False,,True,Yahoo Finance ^GSPC,正式推出後
1973-09-14,1973-09-10,1973-09-16,1973-09-10,1973-09-14,104.76,105.12,102.13,104.44,5,False,,True,Yahoo Finance ^GSPC,正式推出後
1973-09-21,1973-09-17,1973-09-23,1973-09-17,1973-09-21,104.44,108.02,102.41,107.20,5,False,,True,Yahoo Finance ^GSPC,正式推出後
1973-09-28,1973-09-24,1973-09-30,1973-09-24,1973-09-28,107.20,110.45,106.21,108.43,5,False,,True,Yahoo Finance ^GSPC,正式推出後
1973-10-05,1973-10-01,1973-10-07,1973-10-01,1973-10-05,108.43,110.46,107.08,109.85,5,False,,True,Yahoo Finance ^GSPC,正式推出後
1973-10-12,1973-10-08,1973-10-14,1973-10-08,1973-10-12,109.85,112.82,108.02,111.44,5,False,,True,Yahoo Finance ^GSPC,正式推出後
1973-10-19,1973-10-15,1973-10-21,1973-10-15,1973-10-19,111.32,111.56,108.50,110.22,5,False,,True,Yahoo Finance ^GSPC,正式推出後
1973-10-26,1973-10-22,1973-10-28,1973-10-22,1973-10-26,110.22,112.31,107.40,111.38,5,False,,True,Yahoo Finance ^GSPC,正式推出後
1973-11-02,1973-10-29,1973-11-04,1973-10-29,1973-11-02,111.38,112.56,106.33,107.07,5,False,,True,Yahoo Finance ^GSPC,正式推出後
1973-11-09,1973-11-05,1973-11-11,1973-11-05,1973-11-09,106.97,108.45,104.52,105.30,5,False,,True,Yahoo Finance ^GSPC,正式推出後
1973-11-16,1973-11-12,1973-11-18,1973-11-12,1973-11-16,105.30,105.75,100.69,103.88,5,False,,True,Yahoo Finance ^GSPC,正式推出後
1973-11-23,1973-11-19,1973-11-25,1973-11-19,1973-11-23,103.65,103.65,97.64,99.44,4,False,,True,Yahoo Finance ^GSPC,正式推出後
1973-11-30,1973-11-26,1973-12-02,1973-11-26,1973-11-30,98.64,98.72,94.88,95.96,5,False,,True,Yahoo Finance ^GSPC,正式推出後
1973-12-07,1973-12-03,1973-12-09,1973-12-03,1973-12-07,95.83,97.58,91.55,96.51,5,False,,True,Yahoo Finance ^GSPC,正式推出後
1973-12-14,1973-12-10,1973-12-16,1973-12-10,1973-12-14,96.51,99.09,91.05,93.29,5,False,,True,Yahoo Finance ^GSPC,正式推出後
1973-12-21,1973-12-17,1973-12-23,1973-12-17,1973-12-21,93.29,96.83,91.87,93.54,5,False,,True,Yahoo Finance ^GSPC,正式推出後
1973-12-28,1973-12-24,1973-12-30,1973-12-24,1973-12-28,93.54,98.76,91.68,97.54,4,False,,True,Yahoo Finance ^GSPC,正式推出後
1974-01-04,1973-12-31,1974-01-06,1973-12-31,1974-01-04,97.54,100.94,95.95,98.90,4,False,,True,Yahoo Finance ^GSPC,正式推出後
1974-01-11,1974-01-07,1974-01-13,1974-01-07,1974-01-11,98.90,99.31,91.62,93.66,5,False,,True,Yahoo Finance ^GSPC,正式推出後
1974-01-18,1974-01-14,1974-01-20,1974-01-14,1974-01-18,93.66,98.35,92.35,95.56,5,False,,True,Yahoo Finance ^GSPC,正式推出後
1974-01-25,1974-01-21,1974-01-27,1974-01-21,1974-01-25,95.56,98.11,93.23,96.63,5,False,,True,Yahoo Finance ^GSPC,正式推出後
1974-02-01,1974-01-28,1974-02-03,1974-01-28,1974-02-01,96.63,98.06,94.66,95.32,5,False,,True,Yahoo Finance ^GSPC,正式推出後
1974-02-08,1974-02-04,1974-02-10,1974-02-04,1974-02-08,94.89,94.89,91.87,92.33,5,False,,True,Yahoo Finance ^GSPC,正式推出後
1974-02-15,1974-02-11,1974-02-17,1974-02-11,1974-02-15,92.33,92.98,89.53,92.27,5,False,,True,Yahoo Finance ^GSPC,正式推出後
1974-02-22,1974-02-18,1974-02-24,1974-02-19,1974-02-22,92.27,96.19,91.34,95.39,4,False,,True,Yahoo Finance ^GSPC,正式推出後
1974-03-01,1974-02-25,1974-03-03,1974-02-25,1974-03-01,95.39,97.43,94.20,95.53,5,False,,True,Yahoo Finance ^GSPC,正式推出後
1974-03-08,1974-03-04,1974-03-10,1974-03-04,1974-03-08,95.53,98.57,94.19,97.78,5,False,,True,Yahoo Finance ^GSPC,正式推出後
1974-03-15,1974-03-11,1974-03-17,1974-03-11,1974-03-15,97.78,101.05,96.38,99.28,5,False,,True,Yahoo Finance ^GSPC,正式推出後
1974-03-22,1974-03-18,1974-03-24,1974-03-18,1974-03-22,99.28,99.71,96.35,97.27,5,False,,True,Yahoo Finance ^GSPC,正式推出後
1974-03-29,1974-03-25,1974-03-31,1974-03-25,1974-03-29,97.27,98.66,93.44,93.98,5,False,,True,Yahoo Finance ^GSPC,正式推出後
1974-04-05,1974-04-01,1974-04-07,1974-04-01,1974-04-05,93.98,95.14,92.55,93.01,5,False,,True,Yahoo Finance ^GSPC,正式推出後
1974-04-11,1974-04-08,1974-04-14,1974-04-08,1974-04-11,93.00,93.52,91.50,92.12,4,False,,True,Yahoo Finance ^GSPC,正式推出後
1974-04-19,1974-04-15,1974-04-21,1974-04-15,1974-04-19,92.12,95.42,91.49,93.75,5,False,,True,Yahoo Finance ^GSPC,正式推出後
1974-04-26,1974-04-22,1974-04-28,1974-04-22,1974-04-26,93.75,94.12,88.62,90.18,5,False,,True,Yahoo Finance ^GSPC,正式推出後
1974-05-03,1974-04-29,1974-05-05,1974-04-29,1974-05-03,90.18,93.59,89.02,91.29,5,False,,True,Yahoo Finance ^GSPC,正式推出後
1974-05-10,1974-05-06,1974-05-12,1974-05-06,1974-05-10,91.29,93.57,90.13,91.47,5,False,,True,Yahoo Finance ^GSPC,正式推出後
1974-05-17,1974-05-13,1974-05-19,1974-05-13,1974-05-17,91.47,91.72,87.67,88.21,5,False,,True,Yahoo Finance ^GSPC,正式推出後
1974-05-24,1974-05-20,1974-05-26,1974-05-20,1974-05-24,88.21,89.27,86.12,88.58,5,False,,True,Yahoo Finance ^GSPC,正式推出後
1974-05-31,1974-05-27,1974-06-02,1974-05-28,1974-05-31,88.58,89.37,85.87,87.28,4,False,,True,Yahoo Finance ^GSPC,正式推出後
1974-06-07,1974-06-03,1974-06-09,1974-06-03,1974-06-07,87.28,93.76,86.78,92.55,5,False,,True,Yahoo Finance ^GSPC,正式推出後
1974-06-14,1974-06-10,1974-06-16,1974-06-10,1974-06-14,92.55,93.64,90.73,91.30,5,False,,True,Yahoo Finance ^GSPC,正式推出後
1974-06-21,1974-06-17,1974-06-23,1974-06-17,1974-06-21,91.30,91.34,86.77,87.46,5,False,,True,Yahoo Finance ^GSPC,正式推出後
1974-06-28,1974-06-24,1974-06-30,1974-06-24,1974-06-28,87.46,89.48,85.13,86.00,5,False,,True,Yahoo Finance ^GSPC,正式推出後
1974-07-05,1974-07-01,1974-07-07,1974-07-01,1974-07-05,86.00,86.89,83.17,83.66,4,False,,True,Yahoo Finance ^GSPC,正式推出後
1974-07-12,1974-07-08,1974-07-14,1974-07-08,1974-07-12,83.13,83.65,79.08,83.15,5,False,,True,Yahoo Finance ^GSPC,正式推出後
1974-07-19,1974-07-15,1974-07-21,1974-07-15,1974-07-19,83.15,85.39,81.70,83.54,5,False,,True,Yahoo Finance ^GSPC,正式推出後
1974-07-26,1974-07-22,1974-07-28,1974-07-22,1974-07-26,83.54,85.67,82.00,82.40,5,False,,True,Yahoo Finance ^GSPC,正式推出後
1974-08-02,1974-07-29,1974-08-04,1974-07-29,1974-08-02,82.02,82.02,77.84,78.59,5,False,,True,Yahoo Finance ^GSPC,正式推出後
1974-08-09,1974-08-05,1974-08-11,1974-08-05,1974-08-09,78.59,83.53,78.03,80.86,5,False,,True,Yahoo Finance ^GSPC,正式推出後
1974-08-16,1974-08-12,1974-08-18,1974-08-12,1974-08-16,,,,75.67,5,False,,False,Yahoo Finance ^GSPC,正式推出後
1974-08-23,1974-08-19,1974-08-25,1974-08-19,1974-08-23,75.65,76.11,70.75,71.55,5,False,,True,Yahoo Finance ^GSPC,正式推出後
1974-08-30,1974-08-26,1974-09-01,1974-08-26,1974-08-30,71.55,73.17,69.37,72.15,5,False,,True,Yahoo Finance ^GSPC,正式推出後
1974-09-06,1974-09-02,1974-09-08,1974-09-03,1974-09-06,72.15,73.01,67.64,71.42,4,False,,True,Yahoo Finance ^GSPC,正式推出後
1974-09-13,1974-09-09,1974-09-15,1974-09-09,1974-09-13,71.35,71.35,64.74,65.20,5,False,,True,Yahoo Finance ^GSPC,正式推出後
1974-09-20,1974-09-16,1974-09-22,1974-09-16,1974-09-20,65.20,71.12,64.15,70.14,5,False,,True,Yahoo Finance ^GSPC,正式推出後
1974-09-27,1974-09-23,1974-09-29,1974-09-23,1974-09-27,70.14,71.02,64.58,64.94,5,False,,True,Yahoo Finance ^GSPC,正式推出後
1974-10-04,1974-09-30,1974-10-06,1974-09-30,1974-10-04,64.85,64.85,60.96,62.34,5,False,,True,Yahoo Finance ^GSPC,正式推出後
1974-10-11,1974-10-07,1974-10-13,1974-10-07,1974-10-11,62.78,71.99,62.78,71.14,5,False,,True,Yahoo Finance ^GSPC,正式推出後
1974-10-18,1974-10-14,1974-10-20,1974-10-14,1974-10-18,71.17,74.43,69.41,72.28,5,False,,True,Yahoo Finance ^GSPC,正式推出後
1974-10-25,1974-10-21,1974-10-27,1974-10-21,1974-10-25,72.28,75.09,68.80,70.12,5,False,,True,Yahoo Finance ^GSPC,正式推出後
1974-11-01,1974-10-28,1974-11-03,1974-10-28,1974-11-01,70.12,75.90,68.89,73.88,5,False,,True,Yahoo Finance ^GSPC,正式推出後
1974-11-08,1974-11-04,1974-11-10,1974-11-04,1974-11-08,73.80,77.41,71.93,74.91,5,False,,True,Yahoo Finance ^GSPC,正式推出後
1974-11-15,1974-11-11,1974-11-17,1974-11-11,1974-11-15,74.91,75.70,71.41,71.91,5,False,,True,Yahoo Finance ^GSPC,正式推出後
1974-11-22,1974-11-18,1974-11-24,1974-11-18,1974-11-22,71.10,71.10,66.85,68.90,5,False,,True,Yahoo Finance ^GSPC,正式推出後
1974-11-29,1974-11-25,1974-12-01,1974-11-25,1974-11-29,68.90,71.31,67.79,69.97,4,False,,True,Yahoo Finance ^GSPC,正式推出後
1974-12-06,1974-12-02,1974-12-08,1974-12-02,1974-12-06,69.80,69.80,64.40,65.01,5,False,,True,Yahoo Finance ^GSPC,正式推出後
1974-12-13,1974-12-09,1974-12-15,1974-12-09,1974-12-13,65.01,69.03,64.13,67.07,5,False,,True,Yahoo Finance ^GSPC,正式推出後
1974-12-20,1974-12-16,1974-12-22,1974-12-16,1974-12-20,67.07,69.01,65.86,66.91,5,False,,True,Yahoo Finance ^GSPC,正式推出後
1974-12-27,1974-12-23,1974-12-29,1974-12-23,1974-12-27,66.91,68.19,65.34,67.14,4,False,,True,Yahoo Finance ^GSPC,正式推出後
1975-01-03,1974-12-30,1975-01-05,1974-12-30,1975-01-03,67.14,71.64,66.23,70.71,4,False,,True,Yahoo Finance ^GSPC,正式推出後
1975-01-10,1975-01-06,1975-01-12,1975-01-06,1975-01-10,70.71,73.75,69.04,72.61,5,False,,True,Yahoo Finance ^GSPC,正式推出後
1975-01-17,1975-01-13,1975-01-19,1975-01-13,1975-01-17,72.61,73.81,70.45,70.96,5,False,,True,Yahoo Finance ^GSPC,正式推出後
1975-01-24,1975-01-20,1975-01-26,1975-01-20,1975-01-24,70.96,73.57,69.80,72.98,5,False,,True,Yahoo Finance ^GSPC,正式推出後
1975-01-31,1975-01-27,1975-02-02,1975-01-27,1975-01-31,73.76,78.69,73.76,76.98,5,False,,True,Yahoo Finance ^GSPC,正式推出後
1975-02-07,1975-02-03,1975-02-09,1975-02-03,1975-02-07,76.98,80.72,76.00,78.63,5,False,,True,Yahoo Finance ^GSPC,正式推出後
1975-02-14,1975-02-10,1975-02-16,1975-02-10,1975-02-14,78.63,82.53,77.38,81.50,5,False,,True,Yahoo Finance ^GSPC,正式推出後
1975-02-21,1975-02-17,1975-02-23,1975-02-18,1975-02-21,81.50,83.56,79.83,82.62,4,False,,True,Yahoo Finance ^GSPC,正式推出後
1975-02-28,1975-02-24,1975-03-02,1975-02-24,1975-02-28,82.62,82.71,78.91,81.59,5,False,,True,Yahoo Finance ^GSPC,正式推出後
1975-03-07,1975-03-03,1975-03-09,1975-03-03,1975-03-07,81.59,85.43,81.32,84.30,5,False,,True,Yahoo Finance ^GSPC,正式推出後
1975-03-14,1975-03-10,1975-03-16,1975-03-10,1975-03-14,84.30,85.89,82.52,84.76,5,False,,True,Yahoo Finance ^GSPC,正式推出後
1975-03-21,1975-03-17,1975-03-23,1975-03-17,1975-03-21,84.76,87.08,82.52,83.39,5,False,,True,Yahoo Finance ^GSPC,正式推出後
1975-03-27,1975-03-24,1975-03-30,1975-03-24,1975-03-27,82.39,84.88,80.08,83.85,4,False,,True,Yahoo Finance ^GSPC,正式推出後
1975-04-04,1975-03-31,1975-04-06,1975-03-31,1975-04-04,83.85,84.62,80.29,80.88,5,False,,True,Yahoo Finance ^GSPC,正式推出後
1975-04-11,1975-04-07,1975-04-13,1975-04-07,1975-04-11,80.88,84.70,79.66,84.18,5,False,,True,Yahoo Finance ^GSPC,正式推出後
1975-04-18,1975-04-14,1975-04-20,1975-04-14,1975-04-18,84.18,88.79,83.98,86.30,5,False,,True,Yahoo Finance ^GSPC,正式推出後
1975-04-25,1975-04-21,1975-04-27,1975-04-21,1975-04-25,86.30,88.64,85.00,86.62,5,False,,True,Yahoo Finance ^GSPC,正式推出後
1975-05-02,1975-04-28,1975-05-04,1975-04-28,1975-05-02,86.62,89.98,85.00,89.22,5,False,,True,Yahoo Finance ^GSPC,正式推出後
1975-05-09,1975-05-05,1975-05-11,1975-05-05,1975-05-09,89.22,91.24,87.60,90.53,5,False,,True,Yahoo Finance ^GSPC,正式推出後
1975-05-16,1975-05-12,1975-05-18,1975-05-12,1975-05-16,90.53,93.51,89.74,90.43,5,False,,True,Yahoo Finance ^GSPC,正式推出後
1975-05-23,1975-05-19,1975-05-25,1975-05-19,1975-05-23,90.43,91.45,88.35,90.58,5,False,,True,Yahoo Finance ^GSPC,正式推出後
1975-05-30,1975-05-26,1975-06-01,1975-05-27,1975-05-30,90.58,91.62,88.83,91.15,4,False,,True,Yahoo Finance ^GSPC,正式推出後
1975-06-06,1975-06-02,1975-06-08,1975-06-02,1975-06-06,91.32,93.76,91.32,92.48,5,False,,True,Yahoo Finance ^GSPC,正式推出後
1975-06-13,1975-06-09,1975-06-15,1975-06-09,1975-06-13,92.48,92.87,89.30,90.52,5,False,,True,Yahoo Finance ^GSPC,正式推出後
1975-06-20,1975-06-16,1975-06-22,1975-06-16,1975-06-20,90.52,93.75,89.60,92.61,5,False,,True,Yahoo Finance ^GSPC,正式推出後
1975-06-27,1975-06-23,1975-06-29,1975-06-23,1975-06-27,92.61,95.72,91.81,94.81,5,False,,True,Yahoo Finance ^GSPC,正式推出後
1975-07-03,1975-06-30,1975-07-06,1975-06-30,1975-07-03,94.81,95.85,93.37,94.36,4,False,,True,Yahoo Finance ^GSPC,正式推出後
1975-07-11,1975-07-07,1975-07-13,1975-07-07,1975-07-11,94.36,96.19,92.51,94.66,5,False,,True,Yahoo Finance ^GSPC,正式推出後
1975-07-18,1975-07-14,1975-07-20,1975-07-14,1975-07-18,94.66,96.58,92.39,93.20,5,False,,True,Yahoo Finance ^GSPC,正式推出後
1975-07-25,1975-07-21,1975-07-27,1975-07-21,1975-07-25,93.20,93.93,88.72,89.29,5,False,,True,Yahoo Finance ^GSPC,正式推出後
1975-08-01,1975-07-28,1975-08-03,1975-07-28,1975-08-01,89.29,90.07,87.46,87.99,5,False,,True,Yahoo Finance ^GSPC,正式推出後
1975-08-08,1975-08-04,1975-08-10,1975-08-04,1975-08-08,87.99,88.17,85.34,86.02,5,False,,True,Yahoo Finance ^GSPC,正式推出後
1975-08-15,1975-08-11,1975-08-17,1975-08-11,1975-08-15,86.02,88.17,85.02,86.36,5,False,,True,Yahoo Finance ^GSPC,正式推出後
1975-08-22,1975-08-18,1975-08-24,1975-08-18,1975-08-22,86.36,87.21,82.21,84.28,5,False,,True,Yahoo Finance ^GSPC,正式推出後
1975-08-29,1975-08-25,1975-08-31,1975-08-25,1975-08-29,84.28,87.73,83.35,86.88,5,False,,True,Yahoo Finance ^GSPC,正式推出後
1975-09-05,1975-09-01,1975-09-07,1975-09-02,1975-09-05,86.88,87.42,84.62,85.62,4,False,,True,Yahoo Finance ^GSPC,正式推出後
1975-09-12,1975-09-08,1975-09-14,1975-09-08,1975-09-12,85.62,86.73,82.84,83.30,5,False,,True,Yahoo Finance ^GSPC,正式推出後
1975-09-19,1975-09-15,1975-09-21,1975-09-15,1975-09-19,83.30,86.39,81.57,85.88,5,False,,True,Yahoo Finance ^GSPC,正式推出後
1975-09-26,1975-09-22,1975-09-28,1975-09-22,1975-09-26,85.88,86.86,83.80,86.19,5,False,,True,Yahoo Finance ^GSPC,正式推出後
1975-10-03,1975-09-29,1975-10-05,1975-09-29,1975-10-03,86.19,86.38,82.57,85.95,5,False,,True,Yahoo Finance ^GSPC,正式推出後
1975-10-10,1975-10-06,1975-10-12,1975-10-06,1975-10-10,85.98,89.42,85.56,88.21,5,False,,True,Yahoo Finance ^GSPC,正式推出後
1975-10-17,1975-10-13,1975-10-19,1975-10-13,1975-10-17,88.21,90.80,87.73,88.86,5,False,,True,Yahoo Finance ^GSPC,正式推出後
1975-10-24,1975-10-20,1975-10-26,1975-10-20,1975-10-24,88.86,91.75,88.43,89.83,5,False,,True,Yahoo Finance ^GSPC,正式推出後
1975-10-31,1975-10-27,1975-11-02,1975-10-27,1975-10-31,89.83,91.01,88.35,89.04,5,False,,True,Yahoo Finance ^GSPC,正式推出後
1975-11-07,1975-11-03,1975-11-09,1975-11-03,1975-11-07,89.04,90.18,87.63,89.33,5,False,,True,Yahoo Finance ^GSPC,正式推出後
1975-11-14,1975-11-10,1975-11-16,1975-11-10,1975-11-14,89.33,92.33,88.35,90.97,5,False,,True,Yahoo Finance ^GSPC,正式推出後
1975-11-21,1975-11-17,1975-11-23,1975-11-17,1975-11-21,90.97,92.30,88.79,89.53,5,False,,True,Yahoo Finance ^GSPC,正式推出後
1975-11-28,1975-11-24,1975-11-30,1975-11-24,1975-11-28,89.53,91.74,88.65,91.24,4,False,,True,Yahoo Finance ^GSPC,正式推出後
1975-12-05,1975-12-01,1975-12-07,1975-12-01,1975-12-05,91.24,91.90,86.54,86.82,5,False,,True,Yahoo Finance ^GSPC,正式推出後
1975-12-12,1975-12-08,1975-12-14,1975-12-08,1975-12-12,86.82,88.79,86.15,87.83,5,False,,True,Yahoo Finance ^GSPC,正式推出後
1975-12-19,1975-12-15,1975-12-21,1975-12-15,1975-12-19,87.83,90.09,87.32,88.80,5,False,,True,Yahoo Finance ^GSPC,正式推出後
1975-12-26,1975-12-22,1975-12-28,1975-12-22,1975-12-26,88.80,90.45,87.64,90.25,4,False,,True,Yahoo Finance ^GSPC,正式推出後
1976-01-02,1975-12-29,1976-01-04,1975-12-29,1976-01-02,90.25,91.18,89.17,90.90,4,False,,True,Yahoo Finance ^GSPC,正式推出後
1976-01-09,1976-01-05,1976-01-11,1976-01-05,1976-01-09,90.90,95.71,90.85,94.95,5,False,,True,Yahoo Finance ^GSPC,正式推出後
1976-01-16,1976-01-12,1976-01-18,1976-01-12,1976-01-16,94.95,98.34,94.38,97.00,5,False,,True,Yahoo Finance ^GSPC,正式推出後
1976-01-23,1976-01-19,1976-01-25,1976-01-19,1976-01-23,97.00,99.88,96.36,99.21,5,False,,True,Yahoo Finance ^GSPC,正式推出後
1976-01-30,1976-01-26,1976-02-01,1976-01-26,1976-01-30,99.21,101.99,97.66,100.86,5,False,,True,Yahoo Finance ^GSPC,正式推出後
1976-02-06,1976-02-02,1976-02-08,1976-02-02,1976-02-06,100.86,102.57,98.64,99.46,5,False,,True,Yahoo Finance ^GSPC,正式推出後
1976-02-13,1976-02-09,1976-02-15,1976-02-09,1976-02-13,99.46,101.80,98.77,99.67,5,False,,True,Yahoo Finance ^GSPC,正式推出後
1976-02-20,1976-02-16,1976-02-22,1976-02-17,1976-02-20,99.67,103.07,98.50,102.10,4,False,,True,Yahoo Finance ^GSPC,正式推出後
1976-02-27,1976-02-23,1976-02-29,1976-02-23,1976-02-27,102.10,102.92,98.60,99.71,5,False,,True,Yahoo Finance ^GSPC,正式推出後
1976-03-05,1976-03-01,1976-03-07,1976-03-01,1976-03-05,99.71,101.26,98.23,99.11,5,False,,True,Yahoo Finance ^GSPC,正式推出後
1976-03-12,1976-03-08,1976-03-14,1976-03-08,1976-03-12,99.11,102.46,98.93,100.86,5,False,,True,Yahoo Finance ^GSPC,正式推出後
1976-03-19,1976-03-15,1976-03-21,1976-03-15,1976-03-19,100.86,102.01,99.24,100.58,5,False,,True,Yahoo Finance ^GSPC,正式推出後
1976-03-26,1976-03-22,1976-03-28,1976-03-22,1976-03-26,100.58,104.39,100.14,102.85,5,False,,True,Yahoo Finance ^GSPC,正式推出後
1976-04-02,1976-03-29,1976-04-04,1976-03-29,1976-04-02,102.85,103.36,101.23,102.25,5,False,,True,Yahoo Finance ^GSPC,正式推出後
1976-04-09,1976-04-05,1976-04-11,1976-04-05,1976-04-09,102.32,104.63,99.87,100.35,5,False,,True,Yahoo Finance ^GSPC,正式推出後
1976-04-15,1976-04-12,1976-04-18,1976-04-12,1976-04-15,100.35,101.77,99.57,100.67,4,False,,True,Yahoo Finance ^GSPC,正式推出後
1976-04-23,1976-04-19,1976-04-25,1976-04-19,1976-04-23,100.67,104.04,100.32,102.29,5,False,,True,Yahoo Finance ^GSPC,正式推出後
1976-04-30,1976-04-26,1976-05-02,1976-04-26,1976-04-30,102.29,103.18,100.91,101.64,5,False,,True,Yahoo Finance ^GSPC,正式推出後
1976-05-07,1976-05-03,1976-05-09,1976-05-03,1976-05-07,101.64,102.27,100.14,101.88,5,False,,True,Yahoo Finance ^GSPC,正式推出後
1976-05-14,1976-05-10,1976-05-16,1976-05-10,1976-05-14,101.88,103.99,100.82,101.34,5,False,,True,Yahoo Finance ^GSPC,正式推出後
1976-05-21,1976-05-17,1976-05-23,1976-05-17,1976-05-21,101.34,102.53,100.41,101.26,5,False,,True,Yahoo Finance ^GSPC,正式推出後
1976-05-28,1976-05-24,1976-05-30,1976-05-24,1976-05-28,101.07,101.07,98.26,100.18,5,False,,True,Yahoo Finance ^GSPC,正式推出後
1976-06-04,1976-05-31,1976-06-06,1976-06-01,1976-06-04,100.18,101.10,98.79,99.15,4,False,,True,Yahoo Finance ^GSPC,正式推出後
1976-06-11,1976-06-07,1976-06-13,1976-06-07,1976-06-11,99.15,101.22,97.97,100.92,5,False,,True,Yahoo Finance ^GSPC,正式推出後
1976-06-18,1976-06-14,1976-06-20,1976-06-14,1976-06-18,101.00,104.80,100.84,103.76,5,False,,True,Yahoo Finance ^GSPC,正式推出後
1976-06-25,1976-06-21,1976-06-27,1976-06-21,1976-06-25,103.76,104.82,102.40,103.72,5,False,,True,Yahoo Finance ^GSPC,正式推出後
1976-07-02,1976-06-28,1976-07-04,1976-06-28,1976-07-02,103.72,105.07,102.95,104.11,5,False,,True,Yahoo Finance ^GSPC,正式推出後
1976-07-09,1976-07-05,1976-07-11,1976-07-06,1976-07-09,104.11,105.41,102.80,104.98,4,False,,True,Yahoo Finance ^GSPC,正式推出後
1976-07-16,1976-07-12,1976-07-18,1976-07-12,1976-07-16,104.98,106.78,103.87,104.68,5,False,,True,Yahoo Finance ^GSPC,正式推出後
1976-07-23,1976-07-19,1976-07-25,1976-07-19,1976-07-23,104.68,105.32,103.05,104.06,5,False,,True,Yahoo Finance ^GSPC,正式推出後
1976-07-30,1976-07-26,1976-08-01,1976-07-26,1976-07-30,104.06,104.69,102.31,103.44,5,False,,True,Yahoo Finance ^GSPC,正式推出後
1976-08-06,1976-08-02,1976-08-08,1976-08-02,1976-08-06,103.44,105.18,102.64,103.79,5,False,,True,Yahoo Finance ^GSPC,正式推出後
1976-08-13,1976-08-09,1976-08-15,1976-08-09,1976-08-13,103.79,105.24,103.01,104.25,5,False,,True,Yahoo Finance ^GSPC,正式推出後
1976-08-20,1976-08-16,1976-08-22,1976-08-16,1976-08-20,104.25,105.41,101.96,102.37,5,False,,True,Yahoo Finance ^GSPC,正式推出後
1976-08-27,1976-08-23,1976-08-29,1976-08-23,1976-08-27,102.37,102.65,100.43,101.48,5,False,,True,Yahoo Finance ^GSPC,正式推出後
1976-09-03,1976-08-30,1976-09-05,1976-08-30,1976-09-03,101.48,104.84,101.22,104.30,5,False,,True,Yahoo Finance ^GSPC,正式推出後
1976-09-10,1976-09-06,1976-09-12,1976-09-07,1976-09-10,104.30,105.73,103.79,104.65,4,False,,True,Yahoo Finance ^GSPC,正式推出後
1976-09-17,1976-09-13,1976-09-19,1976-09-13,1976-09-17,104.65,106.81,103.28,106.27,5,False,,True,Yahoo Finance ^GSPC,正式推出後
1976-09-24,1976-09-20,1976-09-26,1976-09-20,1976-09-24,106.27,108.72,105.74,106.80,5,False,,True,Yahoo Finance ^GSPC,正式推出後
1976-10-01,1976-09-27,1976-10-03,1976-09-27,1976-10-01,106.80,107.70,103.60,104.17,5,False,,True,Yahoo Finance ^GSPC,正式推出後
1976-10-08,1976-10-04,1976-10-10,1976-10-04,1976-10-08,104.17,104.62,102.05,102.56,5,False,,True,Yahoo Finance ^GSPC,正式推出後
1976-10-15,1976-10-11,1976-10-17,1976-10-11,1976-10-15,102.48,102.48,100.02,100.88,5,False,,True,Yahoo Finance ^GSPC,正式推出後
1976-10-22,1976-10-18,1976-10-24,1976-10-18,1976-10-22,100.88,102.32,99.24,99.96,5,False,,True,Yahoo Finance ^GSPC,正式推出後
1976-10-29,1976-10-25,1976-10-31,1976-10-25,1976-10-29,99.96,103.10,99.21,102.90,5,False,,True,Yahoo Finance ^GSPC,正式推出後
1976-11-05,1976-11-01,1976-11-07,1976-11-01,1976-11-05,102.90,103.78,100.48,100.82,4,False,,True,Yahoo Finance ^GSPC,正式推出後
1976-11-12,1976-11-08,1976-11-14,1976-11-08,1976-11-12,100.62,100.62,98.18,99.24,5,False,,True,Yahoo Finance ^GSPC,正式推出後
1976-11-19,1976-11-15,1976-11-21,1976-11-15,1976-11-19,99.24,102.77,98.53,101.92,5,False,,True,Yahoo Finance ^GSPC,正式推出後
1976-11-26,1976-11-22,1976-11-28,1976-11-22,1976-11-26,101.92,103.51,101.41,103.15,4,False,,True,Yahoo Finance ^GSPC,正式推出後
1976-12-03,1976-11-29,1976-12-05,1976-11-29,1976-12-03,103.15,103.46,101.46,102.76,5,False,,True,Yahoo Finance ^GSPC,正式推出後
1976-12-10,1976-12-06,1976-12-12,1976-12-06,1976-12-10,102.76,105.36,102.53,104.70,5,False,,True,Yahoo Finance ^GSPC,正式推出後
1976-12-17,1976-12-13,1976-12-19,1976-12-13,1976-12-17,104.70,105.89,103.80,104.26,5,False,,True,Yahoo Finance ^GSPC,正式推出後
1976-12-23,1976-12-20,1976-12-26,1976-12-20,1976-12-23,104.26,105.59,102.99,104.84,4,False,,True,Yahoo Finance ^GSPC,正式推出後
1976-12-31,1976-12-27,1977-01-02,1976-12-27,1976-12-31,104.84,107.82,104.58,107.46,5,False,,True,Yahoo Finance ^GSPC,正式推出後
1977-01-07,1977-01-03,1977-01-09,1977-01-03,1977-01-07,107.46,107.97,104.30,105.01,5,False,,True,Yahoo Finance ^GSPC,正式推出後
1977-01-14,1977-01-10,1977-01-16,1977-01-10,1977-01-14,105.01,105.75,102.75,104.01,5,False,,True,Yahoo Finance ^GSPC,正式推出後
1977-01-21,1977-01-17,1977-01-23,1977-01-17,1977-01-21,104.01,104.45,102.35,103.32,5,False,,True,Yahoo Finance ^GSPC,正式推出後
1977-01-28,1977-01-24,1977-01-30,1977-01-24,1977-01-28,103.32,104.08,101.08,101.93,5,False,,True,Yahoo Finance ^GSPC,正式推出後
1977-02-04,1977-01-31,1977-02-06,1977-01-31,1977-02-04,101.93,103.32,100.91,101.88,5,False,,True,Yahoo Finance ^GSPC,正式推出後
1977-02-11,1977-02-07,1977-02-13,1977-02-07,1977-02-11,101.88,102.65,99.74,100.22,5,False,,True,Yahoo Finance ^GSPC,正式推出後
1977-02-18,1977-02-14,1977-02-20,1977-02-14,1977-02-18,100.22,102.22,99.51,100.49,5,False,,True,Yahoo Finance ^GSPC,正式推出後
1977-02-25,1977-02-21,1977-02-27,1977-02-22,1977-02-25,100.49,101.22,98.82,99.48,4,False,,True,Yahoo Finance ^GSPC,正式推出後
1977-03-04,1977-02-28,1977-03-06,1977-02-28,1977-03-04,99.48,101.67,98.91,101.20,5,False,,True,Yahoo Finance ^GSPC,正式推出後
1977-03-11,1977-03-07,1977-03-13,1977-03-07,1977-03-11,101.20,101.85,99.49,100.65,5,False,,True,Yahoo Finance ^GSPC,正式推出後
1977-03-18,1977-03-14,1977-03-20,1977-03-14,1977-03-18,100.65,102.70,100.24,101.86,5,False,,True,Yahoo Finance ^GSPC,正式推出後
1977-03-25,1977-03-21,1977-03-27,1977-03-21,1977-03-25,101.86,102.13,98.71,99.06,5,False,,True,Yahoo Finance ^GSPC,正式推出後
1977-04-01,1977-03-28,1977-04-03,1977-03-28,1977-04-01,99.06,100.12,97.80,99.21,5,False,,True,Yahoo Finance ^GSPC,正式推出後
1977-04-07,1977-04-04,1977-04-10,1977-04-04,1977-04-07,99.21,99.50,97.43,98.35,4,False,,True,Yahoo Finance ^GSPC,正式推出後
1977-04-15,1977-04-11,1977-04-17,1977-04-11,1977-04-15,98.35,102.07,98.08,101.04,5,False,,True,Yahoo Finance ^GSPC,正式推出後
1977-04-22,1977-04-18,1977-04-24,1977-04-18,1977-04-22,101.04,101.36,98.08,98.44,5,False,,True,Yahoo Finance ^GSPC,正式推出後
1977-04-29,1977-04-25,1977-05-01,1977-04-25,1977-04-29,98.32,98.87,96.53,98.44,5,False,,True,Yahoo Finance ^GSPC,正式推出後
1977-05-06,1977-05-02,1977-05-08,1977-05-02,1977-05-06,98.44,100.79,97.97,99.49,5,False,,True,Yahoo Finance ^GSPC,正式推出後
1977-05-13,1977-05-09,1977-05-15,1977-05-09,1977-05-13,99.49,100.09,97.91,99.03,5,False,,True,Yahoo Finance ^GSPC,正式推出後
1977-05-20,1977-05-16,1977-05-22,1977-05-16,1977-05-20,99.03,100.93,98.76,99.45,5,False,,True,Yahoo Finance ^GSPC,正式推出後
1977-05-27,1977-05-23,1977-05-29,1977-05-23,1977-05-27,99.35,99.35,95.92,96.27,5,False,,True,Yahoo Finance ^GSPC,正式推出後
1977-06-03,1977-05-30,1977-06-05,1977-05-31,1977-06-03,96.27,98.12,95.52,97.69,4,False,,True,Yahoo Finance ^GSPC,正式推出後
1977-06-10,1977-06-06,1977-06-12,1977-06-06,1977-06-10,97.69,98.86,96.60,98.46,5,False,,True,Yahoo Finance ^GSPC,正式推出後
1977-06-17,1977-06-13,1977-06-19,1977-06-13,1977-06-17,98.46,100.47,98.06,99.97,5,False,,True,Yahoo Finance ^GSPC,正式推出後
1977-06-24,1977-06-20,1977-06-26,1977-06-20,1977-06-24,99.97,101.65,99.56,101.19,5,False,,True,Yahoo Finance ^GSPC,正式推出後
1977-07-01,1977-06-27,1977-07-03,1977-06-27,1977-07-01,101.19,101.63,99.30,100.10,5,False,,True,Yahoo Finance ^GSPC,正式推出後
1977-07-08,1977-07-04,1977-07-10,1977-07-05,1977-07-08,100.10,100.72,99.12,99.79,4,False,,True,Yahoo Finance ^GSPC,正式推出後
1977-07-15,1977-07-11,1977-07-17,1977-07-11,1977-07-15,99.79,100.68,98.81,100.18,4,False,,True,Yahoo Finance ^GSPC,正式推出後
1977-07-22,1977-07-18,1977-07-24,1977-07-18,1977-07-22,100.18,102.57,99.94,101.67,5,False,,True,Yahoo Finance ^GSPC,正式推出後
1977-07-29,1977-07-25,1977-07-31,1977-07-25,1977-07-29,101.67,101.85,97.71,98.85,5,False,,True,Yahoo Finance ^GSPC,正式推出後
1977-08-05,1977-08-01,1977-08-07,1977-08-01,1977-08-05,98.85,99.84,97.53,98.76,5,False,,True,Yahoo Finance ^GSPC,正式推出後
1977-08-12,1977-08-08,1977-08-14,1977-08-08,1977-08-12,98.76,99.45,97.31,97.88,5,False,,True,Yahoo Finance ^GSPC,正式推出後
1977-08-19,1977-08-15,1977-08-21,1977-08-15,1977-08-19,97.88,98.69,96.78,97.51,5,False,,True,Yahoo Finance ^GSPC,正式推出後
1977-08-26,1977-08-22,1977-08-28,1977-08-22,1977-08-26,97.51,98.52,95.04,96.06,5,False,,True,Yahoo Finance ^GSPC,正式推出後
1977-09-02,1977-08-29,1977-09-04,1977-08-29,1977-09-02,96.06,97.76,95.59,97.45,5,False,,True,Yahoo Finance ^GSPC,正式推出後
1977-09-09,1977-09-05,1977-09-11,1977-09-06,1977-09-09,97.45,98.43,95.97,96.37,4,False,,True,Yahoo Finance ^GSPC,正式推出後
1977-09-16,1977-09-12,1977-09-18,1977-09-12,1977-09-16,96.37,97.31,95.37,96.48,5,False,,True,Yahoo Finance ^GSPC,正式推出後
1977-09-23,1977-09-19,1977-09-25,1977-09-19,1977-09-23,96.48,96.59,94.51,95.04,5,False,,True,Yahoo Finance ^GSPC,正式推出後
1977-09-30,1977-09-26,1977-10-02,1977-09-26,1977-09-30,95.04,96.85,94.44,96.53,5,False,,True,Yahoo Finance ^GSPC,正式推出後
1977-10-07,1977-10-03,1977-10-09,1977-10-03,1977-10-07,96.53,97.27,95.20,95.97,5,False,,True,Yahoo Finance ^GSPC,正式推出後
1977-10-14,1977-10-10,1977-10-16,1977-10-10,1977-10-14,95.97,96.15,92.88,93.56,5,False,,True,Yahoo Finance ^GSPC,正式推出後
1977-10-21,1977-10-17,1977-10-23,1977-10-17,1977-10-21,93.56,94.19,91.60,92.32,5,False,,True,Yahoo Finance ^GSPC,正式推出後
1977-10-28,1977-10-24,1977-10-30,1977-10-24,1977-10-28,92.32,93.15,90.20,92.61,5,False,,True,Yahoo Finance ^GSPC,正式推出後
1977-11-04,1977-10-31,1977-11-06,1977-10-31,1977-11-04,92.61,93.03,90.01,91.58,5,False,,True,Yahoo Finance ^GSPC,正式推出後
1977-11-11,1977-11-07,1977-11-13,1977-11-07,1977-11-11,91.58,96.49,91.32,95.98,5,False,,True,Yahoo Finance ^GSPC,正式推出後
1977-11-18,1977-11-14,1977-11-20,1977-11-14,1977-11-18,95.98,96.47,94.59,95.33,5,False,,True,Yahoo Finance ^GSPC,正式推出後
1977-11-25,1977-11-21,1977-11-27,1977-11-21,1977-11-25,95.33,97.11,94.59,96.69,4,False,,True,Yahoo Finance ^GSPC,正式推出後
1977-12-02,1977-11-28,1977-12-04,1977-11-28,1977-12-02,96.69,96.98,93.78,94.67,5,False,,True,Yahoo Finance ^GSPC,正式推出後
1977-12-09,1977-12-05,1977-12-11,1977-12-05,1977-12-09,94.67,95.01,92.15,93.65,5,False,,True,Yahoo Finance ^GSPC,正式推出後
1977-12-16,1977-12-12,1977-12-18,1977-12-12,1977-12-16,93.65,94.42,92.90,93.40,5,False,,True,Yahoo Finance ^GSPC,正式推出後
1977-12-23,1977-12-19,1977-12-25,1977-12-19,1977-12-23,93.40,94.99,91.76,94.69,5,False,,True,Yahoo Finance ^GSPC,正式推出後
1977-12-30,1977-12-26,1978-01-01,1977-12-27,1977-12-30,94.69,95.67,93.99,95.10,4,False,,True,Yahoo Finance ^GSPC,正式推出後
1978-01-06,1978-01-02,1978-01-08,1978-01-03,1978-01-06,95.10,95.15,91.05,91.62,4,False,,True,Yahoo Finance ^GSPC,正式推出後
1978-01-13,1978-01-09,1978-01-15,1978-01-09,1978-01-13,91.48,91.48,89.23,89.69,5,False,,True,Yahoo Finance ^GSPC,正式推出後
1978-01-20,1978-01-16,1978-01-22,1978-01-16,1978-01-20,89.69,91.04,88.88,89.89,5,False,,True,Yahoo Finance ^GSPC,正式推出後
1978-01-27,1978-01-23,1978-01-29,1978-01-23,1978-01-27,89.89,90.08,88.02,88.58,5,False,,True,Yahoo Finance ^GSPC,正式推出後
1978-02-03,1978-01-30,1978-02-05,1978-01-30,1978-02-03,88.58,90.91,88.26,89.62,5,False,,True,Yahoo Finance ^GSPC,正式推出後
1978-02-10,1978-02-06,1978-02-12,1978-02-06,1978-02-10,89.62,91.32,88.95,90.08,5,False,,True,Yahoo Finance ^GSPC,正式推出後
1978-02-17,1978-02-13,1978-02-19,1978-02-13,1978-02-17,90.08,90.30,87.55,87.96,5,False,,True,Yahoo Finance ^GSPC,正式推出後
1978-02-24,1978-02-20,1978-02-26,1978-02-21,1978-02-24,87.96,88.87,86.83,88.49,4,False,,True,Yahoo Finance ^GSPC,正式推出後
1978-03-03,1978-02-27,1978-03-05,1978-02-27,1978-03-03,88.49,88.97,86.45,87.45,5,False,,True,Yahoo Finance ^GSPC,正式推出後
1978-03-10,1978-03-06,1978-03-12,1978-03-06,1978-03-10,87.45,89.25,86.48,88.88,5,False,,True,Yahoo Finance ^GSPC,正式推出後
1978-03-17,1978-03-13,1978-03-19,1978-03-13,1978-03-17,88.88,90.52,88.21,90.20,5,False,,True,Yahoo Finance ^GSPC,正式推出後
1978-03-23,1978-03-20,1978-03-26,1978-03-20,1978-03-23,90.20,91.35,88.83,89.36,4,False,,True,Yahoo Finance ^GSPC,正式推出後
1978-03-31,1978-03-27,1978-04-02,1978-03-27,1978-03-31,89.36,90.17,88.47,89.21,5,False,,True,Yahoo Finance ^GSPC,正式推出後
1978-04-07,1978-04-03,1978-04-09,1978-04-03,1978-04-07,89.20,90.59,88.07,90.17,5,False,,True,Yahoo Finance ^GSPC,正式推出後
1978-04-14,1978-04-10,1978-04-16,1978-04-10,1978-04-14,90.17,93.31,89.65,92.92,5,False,,True,Yahoo Finance ^GSPC,正式推出後
1978-04-21,1978-04-17,1978-04-23,1978-04-17,1978-04-21,93.60,95.89,92.75,94.34,5,False,,True,Yahoo Finance ^GSPC,正式推出後
1978-04-28,1978-04-24,1978-04-30,1978-04-24,1978-04-28,94.34,97.91,94.08,96.83,5,False,,True,Yahoo Finance ^GSPC,正式推出後
1978-05-05,1978-05-01,1978-05-07,1978-05-01,1978-05-05,96.83,98.30,94.57,96.53,5,False,,True,Yahoo Finance ^GSPC,正式推出後
1978-05-12,1978-05-08,1978-05-14,1978-05-08,1978-05-12,96.53,98.89,95.33,98.07,5,False,,True,Yahoo Finance ^GSPC,正式推出後
1978-05-19,1978-05-15,1978-05-21,1978-05-15,1978-05-19,98.07,100.32,97.40,98.12,5,False,,True,Yahoo Finance ^GSPC,正式推出後
1978-05-26,1978-05-22,1978-05-28,1978-05-22,1978-05-26,98.12,99.43,96.01,96.58,5,False,,True,Yahoo Finance ^GSPC,正式推出後
1978-06-02,1978-05-29,1978-06-04,1978-05-30,1978-06-02,96.58,98.52,95.95,98.14,4,False,,True,Yahoo Finance ^GSPC,正式推出後
1978-06-09,1978-06-05,1978-06-11,1978-06-05,1978-06-09,98.14,101.84,97.97,99.93,5,False,,True,Yahoo Finance ^GSPC,正式推出後
1978-06-16,1978-06-12,1978-06-18,1978-06-12,1978-06-16,99.93,100.68,97.10,97.42,5,False,,True,Yahoo Finance ^GSPC,正式推出後
1978-06-23,1978-06-19,1978-06-25,1978-06-19,1978-06-23,97.42,97.94,95.42,95.85,5,False,,True,Yahoo Finance ^GSPC,正式推出後
1978-06-30,1978-06-26,1978-07-02,1978-06-26,1978-06-30,95.85,96.26,93.99,95.53,5,False,,True,Yahoo Finance ^GSPC,正式推出後
1978-07-07,1978-07-03,1978-07-09,1978-07-03,1978-07-07,95.53,95.65,93.59,94.89,4,False,,True,Yahoo Finance ^GSPC,正式推出後
1978-07-14,1978-07-10,1978-07-16,1978-07-10,1978-07-14,94.89,97.88,94.28,97.58,5,False,,True,Yahoo Finance ^GSPC,正式推出後
1978-07-21,1978-07-17,1978-07-23,1978-07-17,1978-07-21,97.58,99.18,96.52,97.75,5,False,,True,Yahoo Finance ^GSPC,正式推出後
1978-07-28,1978-07-24,1978-07-30,1978-07-24,1978-07-28,,,,100.00,5,False,,False,Yahoo Finance ^GSPC,正式推出後
1978-08-04,1978-07-31,1978-08-06,1978-07-31,1978-08-04,100.00,105.41,99.37,103.92,5,False,,True,Yahoo Finance ^GSPC,正式推出後
1978-08-11,1978-08-07,1978-08-13,1978-08-07,1978-08-11,103.92,105.72,102.60,103.96,5,False,,True,Yahoo Finance ^GSPC,正式推出後
1978-08-18,1978-08-14,1978-08-20,1978-08-14,1978-08-18,103.96,106.27,102.86,104.73,5,False,,True,Yahoo Finance ^GSPC,正式推出後
1978-08-25,1978-08-21,1978-08-27,1978-08-21,1978-08-25,104.73,105.86,103.14,104.90,5,False,,True,Yahoo Finance ^GSPC,正式推出後
1978-09-01,1978-08-28,1978-09-03,1978-08-28,1978-09-01,104.90,105.14,102.63,103.68,5,False,,True,Yahoo Finance ^GSPC,正式推出後
1978-09-08,1978-09-04,1978-09-10,1978-09-05,1978-09-08,103.68,107.19,103.31,106.79,4,False,,True,Yahoo Finance ^GSPC,正式推出後
1978-09-15,1978-09-11,1978-09-17,1978-09-11,1978-09-15,106.79,108.05,103.56,104.12,5,False,,True,Yahoo Finance ^GSPC,正式推出後
1978-09-22,1978-09-18,1978-09-24,1978-09-18,1978-09-22,104.12,105.03,100.66,101.84,5,False,,True,Yahoo Finance ^GSPC,正式推出後
1978-09-29,1978-09-25,1978-10-01,1978-09-25,1978-09-29,101.84,103.44,100.94,102.54,5,False,,True,Yahoo Finance ^GSPC,正式推出後
1978-10-06,1978-10-02,1978-10-08,1978-10-02,1978-10-06,102.54,104.23,101.76,103.52,5,False,,True,Yahoo Finance ^GSPC,正式推出後
1978-10-13,1978-10-09,1978-10-15,1978-10-09,1978-10-13,103.52,106.23,103.31,104.66,5,False,,True,Yahoo Finance ^GSPC,正式推出後
1978-10-20,1978-10-16,1978-10-22,1978-10-16,1978-10-20,104.63,104.63,97.12,97.95,5,False,,True,Yahoo Finance ^GSPC,正式推出後
1978-10-27,1978-10-23,1978-10-29,1978-10-23,1978-10-27,97.95,98.95,94.30,94.59,5,False,,True,Yahoo Finance ^GSPC,正式推出後
1978-11-03,1978-10-30,1978-11-05,1978-10-30,1978-11-03,94.59,97.41,91.65,96.18,5,False,,True,Yahoo Finance ^GSPC,正式推出後
1978-11-10,1978-11-06,1978-11-12,1978-11-06,1978-11-10,96.18,96.49,92.89,94.77,5,False,,True,Yahoo Finance ^GSPC,正式推出後
1978-11-17,1978-11-13,1978-11-19,1978-11-13,1978-11-17,94.77,95.03,91.77,94.42,5,False,,True,Yahoo Finance ^GSPC,正式推出後
1978-11-24,1978-11-20,1978-11-26,1978-11-20,1978-11-24,94.42,96.17,94.29,95.79,4,False,,True,Yahoo Finance ^GSPC,正式推出後
1978-12-01,1978-11-27,1978-12-03,1978-11-27,1978-12-01,95.79,96.69,93.29,96.28,5,False,,True,Yahoo Finance ^GSPC,正式推出後
1978-12-08,1978-12-04,1978-12-10,1978-12-04,1978-12-08,96.28,98.58,95.37,96.63,5,False,,True,Yahoo Finance ^GSPC,正式推出後
1978-12-15,1978-12-11,1978-12-17,1978-12-11,1978-12-15,96.63,97.58,94.88,95.33,5,False,,True,Yahoo Finance ^GSPC,正式推出後
1978-12-22,1978-12-18,1978-12-24,1978-12-18,1978-12-22,94.33,96.62,92.64,96.31,5,False,,True,Yahoo Finance ^GSPC,正式推出後
1978-12-29,1978-12-25,1978-12-31,1978-12-26,1978-12-29,96.31,97.89,95.48,96.11,4,False,,True,Yahoo Finance ^GSPC,正式推出後
1979-01-05,1979-01-01,1979-01-07,1979-01-02,1979-01-05,96.11,99.79,95.22,99.13,4,False,,True,Yahoo Finance ^GSPC,正式推出後
1979-01-12,1979-01-08,1979-01-14,1979-01-08,1979-01-12,99.13,100.91,97.83,99.93,5,False,,True,Yahoo Finance ^GSPC,正式推出後
1979-01-19,1979-01-15,1979-01-21,1979-01-15,1979-01-19,99.93,101.13,98.33,99.75,5,False,,True,Yahoo Finance ^GSPC,正式推出後
1979-01-26,1979-01-22,1979-01-28,1979-01-22,1979-01-26,99.75,102.59,98.90,101.86,5,False,,True,Yahoo Finance ^GSPC,正式推出後
1979-02-02,1979-01-29,1979-02-04,1979-01-29,1979-02-02,101.86,102.33,99.01,99.50,5,False,,True,Yahoo Finance ^GSPC,正式推出後
1979-02-09,1979-02-05,1979-02-11,1979-02-05,1979-02-09,99.07,99.07,96.51,97.87,5,False,,True,Yahoo Finance ^GSPC,正式推出後
1979-02-16,1979-02-12,1979-02-18,1979-02-12,1979-02-16,97.87,99.64,97.05,98.67,5,False,,True,Yahoo Finance ^GSPC,正式推出後
1979-02-23,1979-02-19,1979-02-25,1979-02-20,1979-02-23,98.67,100.07,97.29,97.78,4,False,,True,Yahoo Finance ^GSPC,正式推出後
1979-03-02,1979-02-26,1979-03-04,1979-02-26,1979-03-02,97.78,98.28,95.38,96.97,5,False,,True,Yahoo Finance ^GSPC,正式推出後
1979-03-09,1979-03-05,1979-03-11,1979-03-05,1979-03-09,97.03,100.58,97.03,99.54,5,False,,True,Yahoo Finance ^GSPC,正式推出後
1979-03-16,1979-03-12,1979-03-18,1979-03-12,1979-03-16,99.54,101.16,98.56,100.69,5,False,,True,Yahoo Finance ^GSPC,正式推出後
1979-03-23,1979-03-19,1979-03-25,1979-03-19,1979-03-23,100.69,102.41,99.87,101.60,5,False,,True,Yahoo Finance ^GSPC,正式推出後
1979-03-30,1979-03-26,1979-04-01,1979-03-26,1979-03-30,101.60,103.31,100.60,101.59,5,False,,True,Yahoo Finance ^GSPC,正式推出後
1979-04-06,1979-04-02,1979-04-08,1979-04-02,1979-04-06,101.56,103.95,100.14,103.18,5,False,,True,Yahoo Finance ^GSPC,正式推出後
1979-04-12,1979-04-09,1979-04-15,1979-04-09,1979-04-12,103.18,103.83,101.51,102.00,4,False,,True,Yahoo Finance ^GSPC,正式推出後
1979-04-20,1979-04-16,1979-04-22,1979-04-16,1979-04-20,102.00,102.40,100.46,101.23,5,False,,True,Yahoo Finance ^GSPC,正式推出後
1979-04-27,1979-04-23,1979-04-29,1979-04-23,1979-04-27,101.23,103.07,100.68,101.80,5,False,,True,Yahoo Finance ^GSPC,正式推出後
1979-05-04,1979-04-30,1979-05-06,1979-04-30,1979-05-04,101.80,102.57,100.42,100.69,5,False,,True,Yahoo Finance ^GSPC,正式推出後
1979-05-11,1979-05-07,1979-05-13,1979-05-07,1979-05-11,100.37,100.37,97.92,98.52,5,False,,True,Yahoo Finance ^GSPC,正式推出後
1979-05-18,1979-05-14,1979-05-20,1979-05-14,1979-05-18,98.52,100.73,97.49,99.93,5,False,,True,Yahoo Finance ^GSPC,正式推出後
1979-05-25,1979-05-21,1979-05-27,1979-05-21,1979-05-25,99.93,101.31,99.14,100.22,5,False,,True,Yahoo Finance ^GSPC,正式推出後
1979-06-01,1979-05-28,1979-06-03,1979-05-29,1979-06-01,100.22,100.76,98.29,99.17,4,False,,True,Yahoo Finance ^GSPC,正式推出後
1979-06-08,1979-06-04,1979-06-10,1979-06-04,1979-06-08,99.17,102.54,98.61,101.49,5,False,,True,Yahoo Finance ^GSPC,正式推出後
1979-06-15,1979-06-11,1979-06-17,1979-06-11,1979-06-15,101.49,103.64,100.91,102.09,5,False,,True,Yahoo Finance ^GSPC,正式推出後
1979-06-22,1979-06-18,1979-06-24,1979-06-18,1979-06-22,102.09,103.16,100.91,102.64,5,False,,True,Yahoo Finance ^GSPC,正式推出後
1979-06-29,1979-06-25,1979-07-01,1979-06-25,1979-06-29,102.64,103.67,101.22,102.91,5,False,,True,Yahoo Finance ^GSPC,正式推出後
1979-07-06,1979-07-02,1979-07-08,1979-07-02,1979-07-06,102.91,103.91,101.31,103.62,4,False,,True,Yahoo Finance ^GSPC,正式推出後
1979-07-13,1979-07-09,1979-07-15,1979-07-09,1979-07-13,103.62,105.17,101.49,102.32,5,False,,True,Yahoo Finance ^GSPC,正式推出後
1979-07-20,1979-07-16,1979-07-22,1979-07-16,1979-07-20,102.32,103.20,100.35,101.82,5,False,,True,Yahoo Finance ^GSPC,正式推出後
1979-07-27,1979-07-23,1979-07-29,1979-07-23,1979-07-27,101.82,103.63,100.84,103.10,5,False,,True,Yahoo Finance ^GSPC,正式推出後
1979-08-03,1979-07-30,1979-08-05,1979-07-30,1979-08-03,103.10,105.02,102.42,104.04,5,False,,True,Yahoo Finance ^GSPC,正式推出後
1979-08-10,1979-08-06,1979-08-12,1979-08-06,1979-08-10,104.04,106.84,103.27,106.40,5,False,,True,Yahoo Finance ^GSPC,正式推出後
1979-08-17,1979-08-13,1979-08-19,1979-08-13,1979-08-17,106.40,109.18,106.28,108.30,5,False,,True,Yahoo Finance ^GSPC,正式推出後
1979-08-24,1979-08-20,1979-08-26,1979-08-20,1979-08-24,108.30,109.68,107.65,108.60,5,False,,True,Yahoo Finance ^GSPC,正式推出後
1979-08-31,1979-08-27,1979-09-02,1979-08-27,1979-08-31,108.60,109.84,108.12,109.32,5,False,,True,Yahoo Finance ^GSPC,正式推出後
1979-09-07,1979-09-03,1979-09-09,1979-09-04,1979-09-07,109.32,109.41,105.38,107.66,4,False,,True,Yahoo Finance ^GSPC,正式推出後
1979-09-14,1979-09-10,1979-09-16,1979-09-10,1979-09-14,107.66,109.48,106.72,108.76,5,False,,True,Yahoo Finance ^GSPC,正式推出後
1979-09-21,1979-09-17,1979-09-23,1979-09-17,1979-09-21,108.76,111.58,107.32,110.47,5,False,,True,Yahoo Finance ^GSPC,正式推出後
1979-09-28,1979-09-24,1979-09-30,1979-09-24,1979-09-28,110.47,111.25,108.27,109.32,5,False,,True,Yahoo Finance ^GSPC,正式推出後
1979-10-05,1979-10-01,1979-10-07,1979-10-01,1979-10-05,109.19,112.16,107.70,111.27,5,False,,True,Yahoo Finance ^GSPC,正式推出後
1979-10-12,1979-10-08,1979-10-14,1979-10-08,1979-10-12,111.27,111.83,102.31,104.49,5,False,,True,Yahoo Finance ^GSPC,正式推出後
1979-10-19,1979-10-15,1979-10-21,1979-10-15,1979-10-19,104.49,104.74,101.24,101.60,5,False,,True,Yahoo Finance ^GSPC,正式推出後
1979-10-26,1979-10-22,1979-10-28,1979-10-22,1979-10-26,101.38,101.45,99.06,100.57,5,False,,True,Yahoo Finance ^GSPC,正式推出後
1979-11-02,1979-10-29,1979-11-04,1979-10-29,1979-11-02,100.57,103.21,100.13,102.51,5,False,,True,Yahoo Finance ^GSPC,正式推出後
1979-11-09,1979-11-05,1979-11-11,1979-11-05,1979-11-09,102.51,102.66,99.42,101.51,5,False,,True,Yahoo Finance ^GSPC,正式推出後
1979-11-16,1979-11-12,1979-11-18,1979-11-12,1979-11-16,101.51,104.94,101.27,103.79,5,False,,True,Yahoo Finance ^GSPC,正式推出後
1979-11-23,1979-11-19,1979-11-25,1979-11-19,1979-11-23,103.79,105.13,102.04,104.67,4,False,,True,Yahoo Finance ^GSPC,正式推出後
1979-11-30,1979-11-26,1979-12-02,1979-11-26,1979-11-30,104.83,107.89,104.83,106.16,5,False,,True,Yahoo Finance ^GSPC,正式推出後
1979-12-07,1979-12-03,1979-12-09,1979-12-03,1979-12-07,106.16,109.24,105.07,107.52,5,False,,True,Yahoo Finance ^GSPC,正式推出後
1979-12-14,1979-12-10,1979-12-16,1979-12-10,1979-12-14,107.52,109.49,106.65,108.92,5,False,,True,Yahoo Finance ^GSPC,正式推出後
1979-12-21,1979-12-17,1979-12-23,1979-12-17,1979-12-21,108.92,110.33,106.99,107.59,5,False,,True,Yahoo Finance ^GSPC,正式推出後
1979-12-28,1979-12-24,1979-12-30,1979-12-24,1979-12-28,107.59,108.61,106.80,107.84,4,False,,True,Yahoo Finance ^GSPC,正式推出後
1980-01-04,1979-12-31,1980-01-06,1979-12-31,1980-01-04,107.84,108.53,103.26,106.52,4,False,,True,Yahoo Finance ^GSPC,正式推出後
1980-01-11,1980-01-07,1980-01-13,1980-01-07,1980-01-11,106.52,111.16,105.80,109.92,5,False,,True,Yahoo Finance ^GSPC,正式推出後
1980-01-18,1980-01-14,1980-01-20,1980-01-14,1980-01-18,109.92,112.90,109.34,111.07,5,False,,True,Yahoo Finance ^GSPC,正式推出後
1980-01-25,1980-01-21,1980-01-27,1980-01-21,1980-01-25,111.07,115.27,110.66,113.61,5,False,,True,Yahoo Finance ^GSPC,正式推出後
1980-02-01,1980-01-28,1980-02-03,1980-01-28,1980-02-01,113.61,117.17,112.93,115.12,5,False,,True,Yahoo Finance ^GSPC,正式推出後
1980-02-08,1980-02-04,1980-02-10,1980-02-04,1980-02-08,115.12,118.66,112.15,117.95,5,False,,True,Yahoo Finance ^GSPC,正式推出後
1980-02-15,1980-02-11,1980-02-17,1980-02-11,1980-02-15,117.95,120.22,114.12,115.41,5,False,,True,Yahoo Finance ^GSPC,正式推出後
1980-02-22,1980-02-18,1980-02-24,1980-02-19,1980-02-22,115.41,117.90,113.35,115.04,4,False,,True,Yahoo Finance ^GSPC,正式推出後
1980-02-29,1980-02-25,1980-03-02,1980-02-25,1980-02-29,114.93,115.12,111.33,113.66,5,False,,True,Yahoo Finance ^GSPC,正式推出後
1980-03-07,1980-03-03,1980-03-09,1980-03-03,1980-03-07,113.66,114.34,105.99,106.90,5,False,,True,Yahoo Finance ^GSPC,正式推出後
1980-03-14,1980-03-10,1980-03-16,1980-03-10,1980-03-14,106.90,108.54,104.01,105.43,5,False,,True,Yahoo Finance ^GSPC,正式推出後
1980-03-21,1980-03-17,1980-03-23,1980-03-17,1980-03-21,105.23,105.72,101.14,102.31,5,False,,True,Yahoo Finance ^GSPC,正式推出後
1980-03-28,1980-03-24,1980-03-30,1980-03-24,1980-03-28,102.18,102.18,94.23,100.68,5,False,,True,Yahoo Finance ^GSPC,正式推出後
1980-04-03,1980-03-31,1980-04-06,1980-03-31,1980-04-03,100.68,103.87,100.02,102.15,4,False,,True,Yahoo Finance ^GSPC,正式推出後
1980-04-11,1980-04-07,1980-04-13,1980-04-07,1980-04-11,102.15,105.15,99.23,103.79,5,False,,True,Yahoo Finance ^GSPC,正式推出後
1980-04-18,1980-04-14,1980-04-20,1980-04-14,1980-04-18,103.79,104.42,99.97,100.55,5,False,,True,Yahoo Finance ^GSPC,正式推出後
1980-04-25,1980-04-21,1980-04-27,1980-04-21,1980-04-25,100.55,105.57,98.95,105.16,5,False,,True,Yahoo Finance ^GSPC,正式推出後
1980-05-02,1980-04-28,1980-05-04,1980-04-28,1980-05-02,105.16,106.86,104.50,105.58,5,False,,True,Yahoo Finance ^GSPC,正式推出後
1980-05-09,1980-05-05,1980-05-11,1980-05-05,1980-05-09,105.58,108.12,104.18,104.72,5,False,,True,Yahoo Finance ^GSPC,正式推出後
1980-05-16,1980-05-12,1980-05-18,1980-05-12,1980-05-16,104.72,107.99,103.50,107.35,5,False,,True,Yahoo Finance ^GSPC,正式推出後
1980-05-23,1980-05-19,1980-05-25,1980-05-19,1980-05-23,107.35,111.37,106.51,110.62,5,False,,True,Yahoo Finance ^GSPC,正式推出後
1980-05-30,1980-05-26,1980-06-01,1980-05-27,1980-05-30,110.62,112.72,108.87,111.24,4,False,,True,Yahoo Finance ^GSPC,正式推出後
1980-06-06,1980-06-02,1980-06-08,1980-06-02,1980-06-06,111.24,114.38,109.77,113.20,5,False,,True,Yahoo Finance ^GSPC,正式推出後
1980-06-13,1980-06-09,1980-06-15,1980-06-09,1980-06-13,113.20,117.01,112.68,115.81,5,False,,True,Yahoo Finance ^GSPC,正式推出後
1980-06-20,1980-06-16,1980-06-22,1980-06-16,1980-06-20,115.81,117.16,113.12,114.06,5,False,,True,Yahoo Finance ^GSPC,正式推出後
1980-06-27,1980-06-23,1980-06-29,1980-06-23,1980-06-27,114.06,117.98,113.35,116.00,5,False,,True,Yahoo Finance ^GSPC,正式推出後
1980-07-03,1980-06-30,1980-07-06,1980-06-30,1980-07-03,116.00,117.80,113.54,117.46,4,False,,True,Yahoo Finance ^GSPC,正式推出後
1980-07-11,1980-07-07,1980-07-13,1980-07-07,1980-07-11,117.46,119.52,116.29,117.84,5,False,,True,Yahoo Finance ^GSPC,正式推出後
1980-07-18,1980-07-14,1980-07-20,1980-07-14,1980-07-18,117.84,123.19,117.45,122.04,5,False,,True,Yahoo Finance ^GSPC,正式推出後
1980-07-25,1980-07-21,1980-07-27,1980-07-21,1980-07-25,122.04,123.90,119.94,120.78,5,False,,True,Yahoo Finance ^GSPC,正式推出後
1980-08-01,1980-07-28,1980-08-03,1980-07-28,1980-08-01,120.78,123.93,119.40,121.21,5,False,,True,Yahoo Finance ^GSPC,正式推出後
1980-08-08,1980-08-04,1980-08-10,1980-08-04,1980-08-08,121.21,125.23,119.42,123.61,5,False,,True,Yahoo Finance ^GSPC,正式推出後
1980-08-15,1980-08-11,1980-08-17,1980-08-11,1980-08-15,123.61,126.61,122.49,125.72,5,False,,True,Yahoo Finance ^GSPC,正式推出後
1980-08-22,1980-08-18,1980-08-24,1980-08-18,1980-08-22,125.28,127.78,121.91,126.02,5,False,,True,Yahoo Finance ^GSPC,正式推出後
1980-08-29,1980-08-25,1980-08-31,1980-08-25,1980-08-29,126.02,126.29,121.06,122.38,5,False,,True,Yahoo Finance ^GSPC,正式推出後
1980-09-05,1980-09-01,1980-09-07,1980-09-02,1980-09-05,122.38,127.70,121.79,124.88,4,False,,True,Yahoo Finance ^GSPC,正式推出後
1980-09-12,1980-09-08,1980-09-14,1980-09-08,1980-09-12,124.88,126.75,121.94,125.54,5,False,,True,Yahoo Finance ^GSPC,正式推出後
1980-09-19,1980-09-15,1980-09-21,1980-09-15,1980-09-19,125.54,130.38,124.09,129.25,5,False,,True,Yahoo Finance ^GSPC,正式推出後
1980-09-26,1980-09-22,1980-09-28,1980-09-22,1980-09-26,129.25,132.17,125.29,126.35,5,False,,True,Yahoo Finance ^GSPC,正式推出後
1980-10-03,1980-09-29,1980-10-05,1980-09-29,1980-10-03,125.41,130.44,122.87,129.33,5,False,,True,Yahoo Finance ^GSPC,正式推出後
1980-10-10,1980-10-06,1980-10-12,1980-10-06,1980-10-10,129.35,132.88,129.35,130.29,5,False,,True,Yahoo Finance ^GSPC,正式推出後
1980-10-17,1980-10-13,1980-10-19,1980-10-13,1980-10-17,130.29,135.88,129.37,131.52,5,False,,True,Yahoo Finance ^GSPC,正式推出後
1980-10-24,1980-10-20,1980-10-26,1980-10-20,1980-10-24,131.52,134.01,128.04,129.85,5,False,,True,Yahoo Finance ^GSPC,正式推出後
1980-10-31,1980-10-27,1980-11-02,1980-10-27,1980-10-31,129.85,129.94,125.29,127.47,5,False,,True,Yahoo Finance ^GSPC,正式推出後
1980-11-07,1980-11-03,1980-11-09,1980-11-03,1980-11-07,127.47,135.65,127.23,129.18,4,False,,True,Yahoo Finance ^GSPC,正式推出後
1980-11-14,1980-11-10,1980-11-16,1980-11-10,1980-11-14,129.18,138.96,128.19,137.15,5,False,,True,Yahoo Finance ^GSPC,正式推出後
1980-11-21,1980-11-17,1980-11-23,1980-11-17,1980-11-21,137.15,141.76,134.90,139.11,5,False,,True,Yahoo Finance ^GSPC,正式推出後
1980-11-28,1980-11-24,1980-11-30,1980-11-24,1980-11-28,139.11,141.96,136.36,140.52,4,False,,True,Yahoo Finance ^GSPC,正式推出後
1980-12-05,1980-12-01,1980-12-07,1980-12-01,1980-12-05,140.52,140.66,132.91,134.03,5,False,,True,Yahoo Finance ^GSPC,正式推出後
1980-12-12,1980-12-08,1980-12-14,1980-12-08,1980-12-12,133.19,133.19,125.32,129.23,5,False,,True,Yahoo Finance ^GSPC,正式推出後
1980-12-19,1980-12-15,1980-12-21,1980-12-15,1980-12-19,129.23,135.90,128.33,133.70,5,False,,True,Yahoo Finance ^GSPC,正式推出後
1980-12-26,1980-12-22,1980-12-28,1980-12-22,1980-12-26,133.70,137.48,132.88,136.57,4,False,,True,Yahoo Finance ^GSPC,正式推出後
1981-01-02,1980-12-29,1981-01-04,1980-12-29,1981-01-02,136.57,137.51,134.04,136.34,4,False,,True,Yahoo Finance ^GSPC,正式推出後
1981-01-09,1981-01-05,1981-01-11,1981-01-05,1981-01-09,136.34,140.32,131.71,133.48,5,False,,True,Yahoo Finance ^GSPC,正式推出後
1981-01-16,1981-01-12,1981-01-18,1981-01-12,1981-01-16,133.48,135.91,131.69,134.77,5,False,,True,Yahoo Finance ^GSPC,正式推出後
1981-01-23,1981-01-19,1981-01-25,1981-01-19,1981-01-23,134.77,135.86,129.00,130.23,5,False,,True,Yahoo Finance ^GSPC,正式推出後
1981-01-30,1981-01-26,1981-02-01,1981-01-26,1981-01-30,130.23,132.41,128.57,129.55,5,False,,True,Yahoo Finance ^GSPC,正式推出後
1981-02-06,1981-02-02,1981-02-08,1981-02-02,1981-02-06,129.48,131.81,125.82,130.60,5,False,,True,Yahoo Finance ^GSPC,正式推出後
1981-02-13,1981-02-09,1981-02-15,1981-02-09,1981-02-13,130.60,131.39,126.04,126.98,5,False,,True,Yahoo Finance ^GSPC,正式推出後
1981-02-20,1981-02-16,1981-02-22,1981-02-17,1981-02-20,126.98,129.25,124.66,126.58,4,False,,True,Yahoo Finance ^GSPC,正式推出後
1981-02-27,1981-02-23,1981-03-01,1981-02-23,1981-02-27,126.58,132.02,125.69,131.27,5,False,,True,Yahoo Finance ^GSPC,正式推出後
1981-03-06,1981-03-02,1981-03-08,1981-03-02,1981-03-06,131.27,132.96,128.56,129.85,5,False,,True,Yahoo Finance ^GSPC,正式推出後
1981-03-13,1981-03-09,1981-03-15,1981-03-09,1981-03-13,129.85,135.53,128.72,133.11,5,False,,True,Yahoo Finance ^GSPC,正式推出後
1981-03-20,1981-03-16,1981-03-22,1981-03-16,1981-03-20,133.11,136.09,132.10,134.08,5,False,,True,Yahoo Finance ^GSPC,正式推出後
1981-03-27,1981-03-23,1981-03-29,1981-03-23,1981-03-27,134.08,138.38,133.41,134.65,5,False,,True,Yahoo Finance ^GSPC,正式推出後
1981-04-03,1981-03-30,1981-04-05,1981-03-30,1981-04-03,134.65,137.72,133.51,135.49,5,False,,True,Yahoo Finance ^GSPC,正式推出後
1981-04-10,1981-04-06,1981-04-12,1981-04-06,1981-04-10,135.49,136.23,132.59,134.51,5,False,,True,Yahoo Finance ^GSPC,正式推出後
1981-04-16,1981-04-13,1981-04-19,1981-04-13,1981-04-16,134.51,135.82,131.58,134.70,4,False,,True,Yahoo Finance ^GSPC,正式推出後
1981-04-24,1981-04-20,1981-04-26,1981-04-20,1981-04-24,134.70,136.38,132.72,135.14,5,False,,True,Yahoo Finance ^GSPC,正式推出後
1981-05-01,1981-04-27,1981-05-03,1981-04-27,1981-05-01,135.14,136.56,131.43,132.72,5,False,,True,Yahoo Finance ^GSPC,正式推出後
1981-05-08,1981-05-04,1981-05-10,1981-05-04,1981-05-08,131.78,132.69,128.93,131.66,5,False,,True,Yahoo Finance ^GSPC,正式推出後
1981-05-15,1981-05-11,1981-05-17,1981-05-11,1981-05-15,131.66,133.21,128.78,132.17,5,False,,True,Yahoo Finance ^GSPC,正式推出後
1981-05-22,1981-05-18,1981-05-24,1981-05-18,1981-05-22,132.17,133.65,130.42,131.33,5,False,,True,Yahoo Finance ^GSPC,正式推出後
1981-05-29,1981-05-25,1981-05-31,1981-05-26,1981-05-29,131.33,134.92,130.64,132.59,4,False,,True,Yahoo Finance ^GSPC,正式推出後
1981-06-05,1981-06-01,1981-06-07,1981-06-01,1981-06-05,132.59,134.62,128.77,132.22,5,False,,True,Yahoo Finance ^GSPC,正式推出後
1981-06-12,1981-06-08,1981-06-14,1981-06-08,1981-06-12,132.22,135.09,130.94,133.49,5,False,,True,Yahoo Finance ^GSPC,正式推出後
1981-06-19,1981-06-15,1981-06-21,1981-06-15,1981-06-19,133.49,135.67,130.49,132.27,5,False,,True,Yahoo Finance ^GSPC,正式推出後
1981-06-26,1981-06-22,1981-06-28,1981-06-22,1981-06-26,132.27,134.30,131.10,132.56,5,False,,True,Yahoo Finance ^GSPC,正式推出後
1981-07-02,1981-06-29,1981-07-05,1981-06-29,1981-07-02,132.56,133.50,127.84,128.64,4,False,,True,Yahoo Finance ^GSPC,正式推出後
1981-07-10,1981-07-06,1981-07-12,1981-07-06,1981-07-10,128.64,130.43,126.39,129.37,5,False,,True,Yahoo Finance ^GSPC,正式推出後
1981-07-17,1981-07-13,1981-07-19,1981-07-13,1981-07-17,129.37,131.60,128.14,130.76,5,False,,True,Yahoo Finance ^GSPC,正式推出後
1981-07-24,1981-07-20,1981-07-26,1981-07-20,1981-07-24,130.60,130.60,125.96,128.46,5,False,,True,Yahoo Finance ^GSPC,正式推出後
1981-07-31,1981-07-27,1981-08-02,1981-07-27,1981-07-31,128.46,131.78,128.28,130.92,5,False,,True,Yahoo Finance ^GSPC,正式推出後
1981-08-07,1981-08-03,1981-08-09,1981-08-03,1981-08-07,130.92,134.04,129.42,131.75,5,False,,True,Yahoo Finance ^GSPC,正式推出後
1981-08-14,1981-08-10,1981-08-16,1981-08-10,1981-08-14,131.75,135.18,130.83,132.49,5,False,,True,Yahoo Finance ^GSPC,正式推出後
1981-08-21,1981-08-17,1981-08-23,1981-08-17,1981-08-21,132.49,133.02,128.70,129.23,5,False,,True,Yahoo Finance ^GSPC,正式推出後
1981-08-28,1981-08-24,1981-08-30,1981-08-24,1981-08-28,128.59,128.59,122.85,124.08,5,False,,True,Yahoo Finance ^GSPC,正式推出後
1981-09-04,1981-08-31,1981-09-06,1981-08-31,1981-09-04,124.08,125.58,119.24,120.07,5,False,,True,Yahoo Finance ^GSPC,正式推出後
1981-09-11,1981-09-07,1981-09-13,1981-09-08,1981-09-11,120.07,122.18,116.85,121.61,4,False,,True,Yahoo Finance ^GSPC,正式推出後
1981-09-18,1981-09-14,1981-09-20,1981-09-14,1981-09-18,121.61,122.00,115.18,116.26,5,False,,True,Yahoo Finance ^GSPC,正式推出後
1981-09-25,1981-09-21,1981-09-27,1981-09-21,1981-09-25,116.26,118.19,111.64,112.77,5,False,,True,Yahoo Finance ^GSPC,正式推出後
1981-10-02,1981-09-28,1981-10-04,1981-09-28,1981-10-02,112.77,120.16,110.19,119.36,5,False,,True,Yahoo Finance ^GSPC,正式推出後
1981-10-09,1981-10-05,1981-10-11,1981-10-05,1981-10-09,119.36,123.28,118.08,121.45,5,False,,True,Yahoo Finance ^GSPC,正式推出後
1981-10-16,1981-10-12,1981-10-18,1981-10-12,1981-10-16,121.45,122.37,118.01,119.19,5,False,,True,Yahoo Finance ^GSPC,正式推出後
1981-10-23,1981-10-19,1981-10-25,1981-10-19,1981-10-23,119.19,121.94,117.58,118.60,5,False,,True,Yahoo Finance ^GSPC,正式推出後
1981-10-30,1981-10-26,1981-11-01,1981-10-26,1981-10-30,118.60,122.53,116.81,121.89,5,False,,True,Yahoo Finance ^GSPC,正式推出後
1981-11-06,1981-11-02,1981-11-08,1981-11-02,1981-11-06,122.35,126.00,121.85,122.67,5,False,,True,Yahoo Finance ^GSPC,正式推出後
1981-11-13,1981-11-09,1981-11-15,1981-11-09,1981-11-13,122.67,124.71,121.06,121.67,5,False,,True,Yahoo Finance ^GSPC,正式推出後
1981-11-20,1981-11-16,1981-11-22,1981-11-16,1981-11-20,121.64,122.59,119.13,121.71,5,False,,True,Yahoo Finance ^GSPC,正式推出後
1981-11-27,1981-11-23,1981-11-29,1981-11-23,1981-11-27,121.71,125.71,120.76,125.09,4,False,,True,Yahoo Finance ^GSPC,正式推出後
1981-12-04,1981-11-30,1981-12-06,1981-11-30,1981-12-04,125.09,127.32,123.63,126.26,5,False,,True,Yahoo Finance ^GSPC,正式推出後
1981-12-11,1981-12-07,1981-12-13,1981-12-07,1981-12-11,126.26,126.91,123.52,124.93,5,False,,True,Yahoo Finance ^GSPC,正式推出後
1981-12-18,1981-12-14,1981-12-20,1981-12-14,1981-12-18,124.37,124.87,121.73,124.00,5,False,,True,Yahoo Finance ^GSPC,正式推出後
1981-12-24,1981-12-21,1981-12-27,1981-12-21,1981-12-24,124.00,124.71,121.57,122.54,4,False,,True,Yahoo Finance ^GSPC,正式推出後
1981-12-31,1981-12-28,1982-01-03,1981-12-28,1981-12-31,122.54,123.42,121.04,122.55,4,False,,True,Yahoo Finance ^GSPC,正式推出後
1982-01-08,1982-01-04,1982-01-10,1982-01-04,1982-01-08,122.55,123.72,117.70,119.55,5,False,,True,Yahoo Finance ^GSPC,正式推出後
1982-01-15,1982-01-11,1982-01-17,1982-01-11,1982-01-15,119.55,120.34,114.07,116.33,5,False,,True,Yahoo Finance ^GSPC,正式推出後
1982-01-22,1982-01-18,1982-01-24,1982-01-18,1982-01-22,116.33,118.15,114.29,115.38,5,False,,True,Yahoo Finance ^GSPC,正式推出後
1982-01-29,1982-01-25,1982-01-31,1982-01-25,1982-01-29,115.38,121.38,113.63,120.40,5,False,,True,Yahoo Finance ^GSPC,正式推出後
1982-02-05,1982-02-01,1982-02-07,1982-02-01,1982-02-05,119.81,119.81,114.88,117.26,5,False,,True,Yahoo Finance ^GSPC,正式推出後
1982-02-12,1982-02-08,1982-02-14,1982-02-08,1982-02-12,117.04,117.04,112.82,114.38,5,False,,True,Yahoo Finance ^GSPC,正式推出後
1982-02-19,1982-02-15,1982-02-21,1982-02-16,1982-02-19,114.38,115.09,112.06,113.22,4,False,,True,Yahoo Finance ^GSPC,正式推出後
1982-02-26,1982-02-22,1982-02-28,1982-02-22,1982-02-26,113.22,114.90,110.03,113.11,5,False,,True,Yahoo Finance ^GSPC,正式推出後
1982-03-05,1982-03-01,1982-03-07,1982-03-01,1982-03-05,113.11,114.80,108.31,109.34,5,False,,True,Yahoo Finance ^GSPC,正式推出後
1982-03-12,1982-03-08,1982-03-14,1982-03-08,1982-03-12,109.34,111.06,104.46,108.61,5,False,,True,Yahoo Finance ^GSPC,正式推出後
1982-03-19,1982-03-15,1982-03-21,1982-03-15,1982-03-19,108.61,111.59,107.47,110.61,5,False,,True,Yahoo Finance ^GSPC,正式推出後
1982-03-26,1982-03-22,1982-03-28,1982-03-22,1982-03-26,110.71,114.51,110.71,111.94,5,False,,True,Yahoo Finance ^GSPC,正式推出後
1982-04-02,1982-03-29,1982-04-04,1982-03-29,1982-04-02,111.94,115.79,110.90,115.12,5,False,,True,Yahoo Finance ^GSPC,正式推出後
1982-04-08,1982-04-05,1982-04-11,1982-04-05,1982-04-08,115.12,116.94,113.70,116.22,4,False,,True,Yahoo Finance ^GSPC,正式推出後
1982-04-16,1982-04-12,1982-04-18,1982-04-12,1982-04-16,116.22,117.70,114.80,116.81,5,False,,True,Yahoo Finance ^GSPC,正式推出後
1982-04-23,1982-04-19,1982-04-25,1982-04-19,1982-04-23,116.81,118.64,114.83,118.64,5,False,,True,Yahoo Finance ^GSPC,正式推出後
1982-04-30,1982-04-26,1982-05-02,1982-04-26,1982-04-30,118.94,119.33,116.07,116.44,5,False,,True,Yahoo Finance ^GSPC,正式推出後
1982-05-07,1982-05-03,1982-05-09,1982-05-03,1982-05-07,115.96,119.89,115.91,119.47,5,False,,True,Yahoo Finance ^GSPC,正式推出後
1982-05-14,1982-05-10,1982-05-16,1982-05-10,1982-05-14,119.08,119.92,118.01,118.01,5,False,,True,Yahoo Finance ^GSPC,正式推出後
1982-05-21,1982-05-17,1982-05-23,1982-05-17,1982-05-21,117.62,118.02,114.37,114.89,5,False,,True,Yahoo Finance ^GSPC,正式推出後
1982-05-28,1982-05-24,1982-05-30,1982-05-24,1982-05-28,114.46,115.51,111.66,111.88,5,False,,True,Yahoo Finance ^GSPC,正式推出後
1982-06-04,1982-05-31,1982-06-06,1982-06-01,1982-06-04,111.97,112.48,110.02,110.09,4,False,,True,Yahoo Finance ^GSPC,正式推出後
1982-06-11,1982-06-07,1982-06-13,1982-06-07,1982-06-11,109.59,111.48,108.53,111.24,5,False,,True,Yahoo Finance ^GSPC,正式推出後
1982-06-18,1982-06-14,1982-06-20,1982-06-14,1982-06-18,110.50,111.22,107.07,107.28,5,False,,True,Yahoo Finance ^GSPC,正式推出後
1982-06-25,1982-06-21,1982-06-27,1982-06-21,1982-06-25,107.28,110.92,107.01,109.14,5,False,,True,Yahoo Finance ^GSPC,正式推出後
1982-07-02,1982-06-28,1982-07-04,1982-06-28,1982-07-02,109.30,111.00,107.60,107.65,5,False,,True,Yahoo Finance ^GSPC,正式推出後
1982-07-09,1982-07-05,1982-07-11,1982-07-06,1982-07-09,107.27,108.97,105.57,108.83,4,False,,True,Yahoo Finance ^GSPC,正式推出後
1982-07-16,1982-07-12,1982-07-18,1982-07-12,1982-07-16,109.48,111.48,108.89,111.07,5,False,,True,Yahoo Finance ^GSPC,正式推出後
1982-07-23,1982-07-19,1982-07-25,1982-07-19,1982-07-23,111.75,112.39,110.35,111.17,5,False,,True,Yahoo Finance ^GSPC,正式推出後
1982-07-30,1982-07-26,1982-08-01,1982-07-26,1982-07-30,110.66,111.16,106.62,107.09,5,False,,True,Yahoo Finance ^GSPC,正式推出後
1982-08-06,1982-08-02,1982-08-08,1982-08-02,1982-08-06,107.71,109.43,103.67,103.71,5,False,,True,Yahoo Finance ^GSPC,正式推出後
1982-08-13,1982-08-09,1982-08-15,1982-08-09,1982-08-13,103.69,103.85,102.20,103.85,5,False,,True,Yahoo Finance ^GSPC,正式推出後
1982-08-20,1982-08-16,1982-08-22,1982-08-16,1982-08-20,103.86,113.02,103.86,113.02,5,False,,True,Yahoo Finance ^GSPC,正式推出後
1982-08-27,1982-08-23,1982-08-29,1982-08-23,1982-08-27,113.02,120.26,112.65,117.11,5,False,,True,Yahoo Finance ^GSPC,正式推出後
1982-09-03,1982-08-30,1982-09-05,1982-08-30,1982-09-03,117.05,123.64,115.79,122.68,5,False,,True,Yahoo Finance ^GSPC,正式推出後
1982-09-10,1982-09-06,1982-09-12,1982-09-07,1982-09-10,122.68,123.22,120.27,120.97,4,False,,True,Yahoo Finance ^GSPC,正式推出後
1982-09-17,1982-09-13,1982-09-19,1982-09-13,1982-09-17,120.94,124.88,120.25,122.55,5,False,,True,Yahoo Finance ^GSPC,正式推出後
1982-09-24,1982-09-20,1982-09-26,1982-09-20,1982-09-24,122.54,126.43,121.48,123.32,5,False,,True,Yahoo Finance ^GSPC,正式推出後
1982-10-01,1982-09-27,1982-10-03,1982-09-27,1982-10-01,123.32,124.16,120.14,121.97,5,False,,True,Yahoo Finance ^GSPC,正式推出後
1982-10-08,1982-10-04,1982-10-10,1982-10-04,1982-10-08,121.97,131.11,120.56,131.05,5,False,,True,Yahoo Finance ^GSPC,正式推出後
1982-10-15,1982-10-11,1982-10-17,1982-10-11,1982-10-15,131.06,137.97,131.06,133.57,5,False,,True,Yahoo Finance ^GSPC,正式推出後
1982-10-22,1982-10-18,1982-10-24,1982-10-18,1982-10-22,133.59,140.40,133.59,138.83,5,False,,True,Yahoo Finance ^GSPC,正式推出後
1982-10-29,1982-10-25,1982-10-31,1982-10-25,1982-10-29,138.81,138.81,131.50,133.72,5,False,,True,Yahoo Finance ^GSPC,正式推出後
1982-11-05,1982-11-01,1982-11-07,1982-11-01,1982-11-05,133.72,143.99,133.22,142.16,5,False,,True,Yahoo Finance ^GSPC,正式推出後
1982-11-12,1982-11-08,1982-11-14,1982-11-08,1982-11-12,142.12,144.36,139.53,139.53,5,False,,True,Yahoo Finance ^GSPC,正式推出後
1982-11-19,1982-11-15,1982-11-21,1982-11-15,1982-11-19,139.54,139.54,134.05,137.02,5,False,,True,Yahoo Finance ^GSPC,正式推出後
1982-11-26,1982-11-22,1982-11-28,1982-11-22,1982-11-26,137.03,137.10,132.89,134.88,4,False,,True,Yahoo Finance ^GSPC,正式推出後
1982-12-03,1982-11-29,1982-12-05,1982-11-29,1982-12-03,134.89,140.37,133.69,138.69,5,False,,True,Yahoo Finance ^GSPC,正式推出後
1982-12-10,1982-12-06,1982-12-12,1982-12-06,1982-12-10,138.70,143.68,138.01,139.57,5,False,,True,Yahoo Finance ^GSPC,正式推出後
1982-12-17,1982-12-13,1982-12-19,1982-12-13,1982-12-17,139.57,142.50,134.79,137.49,5,False,,True,Yahoo Finance ^GSPC,正式推出後
1982-12-23,1982-12-20,1982-12-26,1982-12-20,1982-12-23,137.49,139.94,136.07,139.72,4,False,,True,Yahoo Finance ^GSPC,正式推出後
1982-12-31,1982-12-27,1983-01-02,1982-12-27,1982-12-31,139.73,142.34,139.72,140.64,5,False,,True,Yahoo Finance ^GSPC,正式推出後
1983-01-07,1983-01-03,1983-01-09,1983-01-03,1983-01-07,140.65,146.46,138.08,145.18,5,False,,True,Yahoo Finance ^GSPC,正式推出後
1983-01-14,1983-01-10,1983-01-16,1983-01-10,1983-01-14,145.19,148.36,144.58,146.65,5,False,,True,Yahoo Finance ^GSPC,正式推出後
1983-01-21,1983-01-17,1983-01-23,1983-01-17,1983-01-21,146.65,147.90,143.25,143.85,5,False,,True,Yahoo Finance ^GSPC,正式推出後
1983-01-28,1983-01-24,1983-01-30,1983-01-24,1983-01-28,143.84,145.47,139.10,144.51,5,False,,True,Yahoo Finance ^GSPC,正式推出後
1983-02-04,1983-01-31,1983-02-06,1983-01-31,1983-02-04,144.51,146.14,141.90,146.14,5,False,,True,Yahoo Finance ^GSPC,正式推出後
1983-02-11,1983-02-07,1983-02-13,1983-02-07,1983-02-11,146.14,148.81,144.09,147.65,5,False,,True,Yahoo Finance ^GSPC,正式推出後
1983-02-18,1983-02-14,1983-02-20,1983-02-14,1983-02-18,147.71,149.41,143.84,148.00,5,False,,True,Yahoo Finance ^GSPC,正式推出後
1983-02-25,1983-02-21,1983-02-27,1983-02-22,1983-02-25,148.01,150.88,145.40,149.74,4,False,,True,Yahoo Finance ^GSPC,正式推出後
1983-03-04,1983-02-28,1983-03-06,1983-02-28,1983-03-04,149.74,154.16,147.81,153.67,5,False,,True,Yahoo Finance ^GSPC,正式推出後
1983-03-11,1983-03-07,1983-03-13,1983-03-07,1983-03-11,153.67,154.01,150.65,151.24,5,False,,True,Yahoo Finance ^GSPC,正式推出後
1983-03-18,1983-03-14,1983-03-20,1983-03-14,1983-03-18,151.28,151.62,149.12,149.90,5,False,,True,Yahoo Finance ^GSPC,正式推出後
1983-03-25,1983-03-21,1983-03-27,1983-03-21,1983-03-25,149.82,153.78,149.32,152.67,5,False,,True,Yahoo Finance ^GSPC,正式推出後
1983-03-31,1983-03-28,1983-04-03,1983-03-28,1983-03-31,152.67,155.02,151.42,152.96,4,False,,True,Yahoo Finance ^GSPC,正式推出後
1983-04-08,1983-04-04,1983-04-10,1983-04-04,1983-04-08,152.92,153.92,150.17,152.85,5,False,,True,Yahoo Finance ^GSPC,正式推出後
1983-04-15,1983-04-11,1983-04-17,1983-04-11,1983-04-15,152.87,158.75,152.87,158.75,5,False,,True,Yahoo Finance ^GSPC,正式推出後
1983-04-22,1983-04-18,1983-04-24,1983-04-18,1983-04-22,158.75,161.08,158.41,160.42,5,False,,True,Yahoo Finance ^GSPC,正式推出後
1983-04-29,1983-04-25,1983-05-01,1983-04-25,1983-04-29,160.43,164.43,158.07,164.43,5,False,,True,Yahoo Finance ^GSPC,正式推出後
1983-05-06,1983-05-02,1983-05-08,1983-05-02,1983-05-06,164.41,166.99,160.80,166.10,5,False,,True,Yahoo Finance ^GSPC,正式推出後
1983-05-13,1983-05-09,1983-05-15,1983-05-09,1983-05-13,166.10,166.46,163.82,164.91,5,False,,True,Yahoo Finance ^GSPC,正式推出後
1983-05-20,1983-05-16,1983-05-22,1983-05-16,1983-05-20,164.90,165.18,161.25,162.14,5,False,,True,Yahoo Finance ^GSPC,正式推出後
1983-05-27,1983-05-23,1983-05-29,1983-05-23,1983-05-27,162.06,166.39,160.29,164.46,5,False,,True,Yahoo Finance ^GSPC,正式推出後
1983-06-03,1983-05-30,1983-06-05,1983-05-31,1983-06-03,164.44,164.79,161.33,164.42,4,False,,True,Yahoo Finance ^GSPC,正式推出後
1983-06-10,1983-06-06,1983-06-12,1983-06-06,1983-06-10,164.43,165.09,160.80,162.68,5,False,,True,Yahoo Finance ^GSPC,正式推出後
1983-06-17,1983-06-13,1983-06-19,1983-06-13,1983-06-17,162.70,169.64,162.70,169.13,5,False,,True,Yahoo Finance ^GSPC,正式推出後
1983-06-24,1983-06-20,1983-06-26,1983-06-20,1983-06-24,169.13,171.60,168.25,170.41,5,False,,True,Yahoo Finance ^GSPC,正式推出後
1983-07-01,1983-06-27,1983-07-03,1983-06-27,1983-07-01,,,,168.64,5,False,,False,Yahoo Finance ^GSPC,正式推出後
1983-07-08,1983-07-04,1983-07-10,1983-07-05,1983-07-08,166.55,169.15,165.80,167.08,4,False,,True,Yahoo Finance ^GSPC,正式推出後
1983-07-15,1983-07-11,1983-07-17,1983-07-11,1983-07-15,167.09,168.11,164.03,164.29,5,False,,True,Yahoo Finance ^GSPC,正式推出後
1983-07-22,1983-07-18,1983-07-24,1983-07-18,1983-07-22,164.28,169.80,163.30,168.89,5,False,,True,Yahoo Finance ^GSPC,正式推出後
1983-07-29,1983-07-25,1983-07-31,1983-07-25,1983-07-29,167.67,170.72,161.50,162.56,5,False,,True,Yahoo Finance ^GSPC,正式推出後
1983-08-05,1983-08-01,1983-08-07,1983-08-01,1983-08-05,162.34,163.44,159.63,161.74,5,False,,True,Yahoo Finance ^GSPC,正式推出後
1983-08-12,1983-08-08,1983-08-14,1983-08-08,1983-08-12,161.73,162.60,158.50,162.16,5,False,,True,Yahoo Finance ^GSPC,正式推出後
1983-08-19,1983-08-15,1983-08-21,1983-08-15,1983-08-19,162.22,165.91,162.22,163.98,5,False,,True,Yahoo Finance ^GSPC,正式推出後
1983-08-26,1983-08-22,1983-08-28,1983-08-22,1983-08-26,164.18,165.64,159.96,162.14,5,False,,True,Yahoo Finance ^GSPC,正式推出後
1983-09-02,1983-08-29,1983-09-04,1983-08-29,1983-09-02,162.14,165.07,160.97,165.00,5,False,,True,Yahoo Finance ^GSPC,正式推出後
1983-09-09,1983-09-05,1983-09-11,1983-09-06,1983-09-09,165.20,168.48,165.03,166.92,4,False,,True,Yahoo Finance ^GSPC,正式推出後
1983-09-16,1983-09-12,1983-09-18,1983-09-12,1983-09-16,166.95,169.20,164.17,166.25,5,False,,True,Yahoo Finance ^GSPC,正式推出後
1983-09-23,1983-09-19,1983-09-25,1983-09-19,1983-09-23,166.27,170.17,166.26,169.51,5,False,,True,Yahoo Finance ^GSPC,正式推出後
1983-09-30,1983-09-26,1983-10-02,1983-09-26,1983-09-30,169.53,170.41,165.63,166.07,5,False,,True,Yahoo Finance ^GSPC,正式推出後
1983-10-07,1983-10-03,1983-10-09,1983-10-03,1983-10-07,165.99,171.10,164.93,170.80,5,False,,True,Yahoo Finance ^GSPC,正式推出後
1983-10-14,1983-10-10,1983-10-16,1983-10-10,1983-10-14,170.77,172.65,169.13,169.86,5,False,,True,Yahoo Finance ^GSPC,正式推出後
1983-10-21,1983-10-17,1983-10-23,1983-10-17,1983-10-21,169.85,171.18,164.98,165.95,5,False,,True,Yahoo Finance ^GSPC,正式推出後
1983-10-28,1983-10-24,1983-10-30,1983-10-24,1983-10-28,165.85,167.15,163.23,163.37,5,False,,True,Yahoo Finance ^GSPC,正式推出後
1983-11-04,1983-10-31,1983-11-06,1983-10-31,1983-11-04,163.37,165.21,162.22,162.44,5,False,,True,Yahoo Finance ^GSPC,正式推出後
1983-11-11,1983-11-07,1983-11-13,1983-11-07,1983-11-11,162.42,166.30,161.63,166.29,5,False,,True,Yahoo Finance ^GSPC,正式推出後
1983-11-18,1983-11-14,1983-11-20,1983-11-14,1983-11-18,166.29,167.58,164.50,165.09,5,False,,True,Yahoo Finance ^GSPC,正式推出後
1983-11-25,1983-11-21,1983-11-27,1983-11-21,1983-11-25,165.04,167.26,165.00,167.18,4,False,,True,Yahoo Finance ^GSPC,正式推出後
1983-12-02,1983-11-28,1983-12-04,1983-11-28,1983-12-02,167.20,168.07,165.25,165.44,5,False,,True,Yahoo Finance ^GSPC,正式推出後
1983-12-09,1983-12-05,1983-12-11,1983-12-05,1983-12-09,165.44,166.34,164.50,165.08,5,False,,True,Yahoo Finance ^GSPC,正式推出後
1983-12-16,1983-12-12,1983-12-18,1983-12-12,1983-12-16,165.13,165.63,161.58,162.39,5,False,,True,Yahoo Finance ^GSPC,正式推出後
1983-12-23,1983-12-19,1983-12-25,1983-12-19,1983-12-23,162.34,164.18,161.64,163.22,5,False,,True,Yahoo Finance ^GSPC,正式推出後
1983-12-30,1983-12-26,1984-01-01,1983-12-27,1983-12-30,163.22,165.84,163.22,164.93,4,False,,True,Yahoo Finance ^GSPC,正式推出後
1984-01-06,1984-01-02,1984-01-08,1984-01-03,1984-01-06,164.93,169.31,163.98,169.28,4,False,,True,Yahoo Finance ^GSPC,正式推出後
1984-01-13,1984-01-09,1984-01-15,1984-01-09,1984-01-13,169.18,169.54,166.64,167.02,5,False,,True,Yahoo Finance ^GSPC,正式推出後
1984-01-20,1984-01-16,1984-01-22,1984-01-16,1984-01-20,167.02,168.34,165.87,166.21,5,False,,True,Yahoo Finance ^GSPC,正式推出後
1984-01-27,1984-01-23,1984-01-29,1984-01-23,1984-01-27,166.21,167.12,163.07,163.94,5,False,,True,Yahoo Finance ^GSPC,正式推出後
1984-02-03,1984-01-30,1984-02-05,1984-01-30,1984-02-03,164.40,164.67,160.82,160.91,5,False,,True,Yahoo Finance ^GSPC,正式推出後
1984-02-10,1984-02-06,1984-02-12,1984-02-06,1984-02-10,160.91,160.91,154.30,156.30,5,False,,True,Yahoo Finance ^GSPC,正式推出後
1984-02-17,1984-02-13,1984-02-19,1984-02-13,1984-02-17,156.30,157.48,154.13,155.74,5,False,,True,Yahoo Finance ^GSPC,正式推出後
1984-02-24,1984-02-20,1984-02-26,1984-02-21,1984-02-24,155.71,157.51,152.13,157.51,4,False,,True,Yahoo Finance ^GSPC,正式推出後
1984-03-02,1984-02-27,1984-03-04,1984-02-27,1984-03-02,157.51,159.90,156.41,159.24,5,False,,True,Yahoo Finance ^GSPC,正式推出後
1984-03-09,1984-03-05,1984-03-11,1984-03-05,1984-03-09,159.24,159.24,153.77,154.35,5,False,,True,Yahoo Finance ^GSPC,正式推出後
1984-03-16,1984-03-12,1984-03-18,1984-03-12,1984-03-16,154.35,160.45,154.35,159.27,5,False,,True,Yahoo Finance ^GSPC,正式推出後
1984-03-23,1984-03-19,1984-03-25,1984-03-19,1984-03-23,159.27,159.27,156.02,156.86,5,False,,True,Yahoo Finance ^GSPC,正式推出後
1984-03-30,1984-03-26,1984-04-01,1984-03-26,1984-03-30,156.86,160.46,156.31,159.18,5,False,,True,Yahoo Finance ^GSPC,正式推出後
1984-04-06,1984-04-02,1984-04-08,1984-04-02,1984-04-06,159.18,159.87,154.12,155.48,5,False,,True,Yahoo Finance ^GSPC,正式推出後
1984-04-13,1984-04-09,1984-04-15,1984-04-09,1984-04-13,155.48,158.87,154.17,157.31,5,False,,True,Yahoo Finance ^GSPC,正式推出後
1984-04-19,1984-04-16,1984-04-22,1984-04-16,1984-04-19,157.31,159.59,156.49,158.02,4,False,,True,Yahoo Finance ^GSPC,正式推出後
1984-04-27,1984-04-23,1984-04-29,1984-04-23,1984-04-27,158.02,160.69,156.61,159.89,5,False,,True,Yahoo Finance ^GSPC,正式推出後
1984-05-04,1984-04-30,1984-05-06,1984-04-30,1984-05-04,159.89,162.11,158.93,159.11,5,False,,True,Yahoo Finance ^GSPC,正式推出後
1984-05-11,1984-05-07,1984-05-13,1984-05-07,1984-05-11,159.11,161.31,157.42,158.49,5,False,,True,Yahoo Finance ^GSPC,正式推出後
1984-05-18,1984-05-14,1984-05-20,1984-05-14,1984-05-18,158.49,158.49,155.24,155.78,5,False,,True,Yahoo Finance ^GSPC,正式推出後
1984-05-25,1984-05-21,1984-05-27,1984-05-21,1984-05-25,155.78,156.11,150.80,151.62,5,False,,True,Yahoo Finance ^GSPC,正式推出後
1984-06-01,1984-05-28,1984-06-03,1984-05-29,1984-06-01,151.62,153.24,148.68,153.24,4,False,,True,Yahoo Finance ^GSPC,正式推出後
1984-06-08,1984-06-04,1984-06-10,1984-06-04,1984-06-08,153.24,155.40,153.24,155.17,5,False,,True,Yahoo Finance ^GSPC,正式推出後
1984-06-15,1984-06-11,1984-06-17,1984-06-11,1984-06-15,155.17,155.17,149.02,149.03,5,False,,True,Yahoo Finance ^GSPC,正式推出後
1984-06-22,1984-06-18,1984-06-24,1984-06-18,1984-06-22,149.03,155.64,148.53,154.46,5,False,,True,Yahoo Finance ^GSPC,正式推出後
1984-06-29,1984-06-25,1984-07-01,1984-06-25,1984-06-29,154.46,154.67,151.30,153.18,5,False,,True,Yahoo Finance ^GSPC,正式推出後
1984-07-06,1984-07-02,1984-07-08,1984-07-02,1984-07-06,153.16,153.87,151.63,152.24,4,False,,True,Yahoo Finance ^GSPC,正式推出後
1984-07-13,1984-07-09,1984-07-15,1984-07-09,1984-07-13,152.24,153.53,149.63,150.88,5,False,,True,Yahoo Finance ^GSPC,正式推出後
1984-07-20,1984-07-16,1984-07-22,1984-07-16,1984-07-20,150.88,152.60,149.07,149.55,5,False,,True,Yahoo Finance ^GSPC,正式推出後
1984-07-27,1984-07-23,1984-07-29,1984-07-23,1984-07-27,149.55,151.38,147.26,151.19,5,False,,True,Yahoo Finance ^GSPC,正式推出後
1984-08-03,1984-07-30,1984-08-05,1984-07-30,1984-08-03,151.19,162.56,149.65,162.35,5,False,,True,Yahoo Finance ^GSPC,正式推出後
1984-08-10,1984-08-06,1984-08-12,1984-08-06,1984-08-10,162.35,168.59,160.81,165.42,5,False,,True,Yahoo Finance ^GSPC,正式推出後
1984-08-17,1984-08-13,1984-08-19,1984-08-13,1984-08-17,164.84,166.09,162.75,164.14,5,False,,True,Yahoo Finance ^GSPC,正式推出後
1984-08-24,1984-08-20,1984-08-26,1984-08-20,1984-08-24,164.14,168.80,163.76,167.51,5,False,,True,Yahoo Finance ^GSPC,正式推出後
1984-08-31,1984-08-27,1984-09-02,1984-08-27,1984-08-31,167.51,168.21,165.78,166.68,5,False,,True,Yahoo Finance ^GSPC,正式推出後
1984-09-07,1984-09-03,1984-09-09,1984-09-04,1984-09-07,166.68,166.68,163.84,164.37,4,False,,True,Yahoo Finance ^GSPC,正式推出後
1984-09-14,1984-09-10,1984-09-16,1984-09-10,1984-09-14,164.37,169.65,163.06,168.78,5,False,,True,Yahoo Finance ^GSPC,正式推出後
1984-09-21,1984-09-17,1984-09-23,1984-09-17,1984-09-21,168.78,169.37,165.66,165.67,5,False,,True,Yahoo Finance ^GSPC,正式推出後
1984-09-28,1984-09-24,1984-09-30,1984-09-24,1984-09-28,165.67,167.20,164.45,166.10,5,False,,True,Yahoo Finance ^GSPC,正式推出後
1984-10-05,1984-10-01,1984-10-07,1984-10-01,1984-10-05,166.10,166.10,162.20,162.68,5,False,,True,Yahoo Finance ^GSPC,正式推出後
1984-10-12,1984-10-08,1984-10-14,1984-10-08,1984-10-12,162.68,164.47,160.02,164.18,5,False,,True,Yahoo Finance ^GSPC,正式推出後
1984-10-19,1984-10-15,1984-10-21,1984-10-15,1984-10-19,164.18,169.62,163.71,167.96,5,False,,True,Yahoo Finance ^GSPC,正式推出後
1984-10-26,1984-10-22,1984-10-28,1984-10-22,1984-10-26,167.96,168.36,164.93,165.29,5,False,,True,Yahoo Finance ^GSPC,正式推出後
1984-11-02,1984-10-29,1984-11-04,1984-10-29,1984-11-02,165.29,167.95,164.67,167.42,5,False,,True,Yahoo Finance ^GSPC,正式推出後
1984-11-09,1984-11-05,1984-11-11,1984-11-05,1984-11-09,167.42,170.41,167.33,167.60,5,False,,True,Yahoo Finance ^GSPC,正式推出後
1984-11-16,1984-11-12,1984-11-18,1984-11-12,1984-11-16,167.65,167.65,164.09,164.10,5,False,,True,Yahoo Finance ^GSPC,正式推出後
1984-11-23,1984-11-19,1984-11-25,1984-11-19,1984-11-23,164.10,166.92,163.03,166.92,4,False,,True,Yahoo Finance ^GSPC,正式推出後
1984-11-30,1984-11-26,1984-12-02,1984-11-26,1984-11-30,166.92,166.92,162.99,163.58,5,False,,True,Yahoo Finance ^GSPC,正式推出後
1984-12-07,1984-12-03,1984-12-09,1984-12-03,1984-12-07,163.58,163.91,161.76,162.26,5,False,,True,Yahoo Finance ^GSPC,正式推出後
1984-12-14,1984-12-10,1984-12-16,1984-12-10,1984-12-14,162.26,163.53,161.54,162.69,5,False,,True,Yahoo Finance ^GSPC,正式推出後
1984-12-21,1984-12-17,1984-12-23,1984-12-17,1984-12-21,162.69,169.03,162.44,165.51,5,False,,True,Yahoo Finance ^GSPC,正式推出後
1984-12-28,1984-12-24,1984-12-30,1984-12-24,1984-12-28,165.51,166.93,165.50,166.26,4,False,,True,Yahoo Finance ^GSPC,正式推出後
1985-01-04,1984-12-31,1985-01-06,1984-12-31,1985-01-04,166.26,167.34,163.36,163.68,4,False,,True,Yahoo Finance ^GSPC,正式推出後
1985-01-11,1985-01-07,1985-01-13,1985-01-07,1985-01-11,163.68,168.72,163.68,167.91,5,False,,True,Yahoo Finance ^GSPC,正式推出後
1985-01-18,1985-01-14,1985-01-20,1985-01-14,1985-01-18,167.91,171.94,167.58,171.32,5,False,,True,Yahoo Finance ^GSPC,正式推出後
1985-01-25,1985-01-21,1985-01-27,1985-01-21,1985-01-25,171.32,178.16,171.31,177.35,5,False,,True,Yahoo Finance ^GSPC,正式推出後
1985-02-01,1985-01-28,1985-02-03,1985-01-28,1985-02-01,177.35,180.27,176.56,178.63,5,False,,True,Yahoo Finance ^GSPC,正式推出後
1985-02-08,1985-02-04,1985-02-10,1985-02-04,1985-02-08,178.63,182.39,177.75,182.19,5,False,,True,Yahoo Finance ^GSPC,正式推出後
1985-02-15,1985-02-11,1985-02-17,1985-02-11,1985-02-15,182.19,183.95,179.45,181.60,5,False,,True,Yahoo Finance ^GSPC,正式推出後
1985-02-22,1985-02-18,1985-02-24,1985-02-19,1985-02-22,181.60,182.10,179.23,179.36,4,False,,True,Yahoo Finance ^GSPC,正式推出後
1985-03-01,1985-02-25,1985-03-03,1985-02-25,1985-03-01,179.36,183.89,178.13,183.23,5,False,,True,Yahoo Finance ^GSPC,正式推出後
1985-03-08,1985-03-04,1985-03-10,1985-03-04,1985-03-08,183.23,183.41,179.07,179.10,5,False,,True,Yahoo Finance ^GSPC,正式推出後
1985-03-15,1985-03-11,1985-03-17,1985-03-11,1985-03-15,179.10,180.14,176.53,176.53,5,False,,True,Yahoo Finance ^GSPC,正式推出後
1985-03-22,1985-03-18,1985-03-24,1985-03-18,1985-03-22,176.53,180.22,176.53,179.04,5,False,,True,Yahoo Finance ^GSPC,正式推出後
1985-03-29,1985-03-25,1985-03-31,1985-03-25,1985-03-29,179.04,180.66,177.85,180.66,5,False,,True,Yahoo Finance ^GSPC,正式推出後
1985-04-04,1985-04-01,1985-04-07,1985-04-01,1985-04-04,180.66,181.86,178.29,179.03,4,False,,True,Yahoo Finance ^GSPC,正式推出後
1985-04-12,1985-04-08,1985-04-14,1985-04-08,1985-04-12,179.03,180.91,177.86,180.54,5,False,,True,Yahoo Finance ^GSPC,正式推出後
1985-04-19,1985-04-15,1985-04-21,1985-04-15,1985-04-19,180.54,182.56,180.19,181.11,5,False,,True,Yahoo Finance ^GSPC,正式推出後
1985-04-26,1985-04-22,1985-04-28,1985-04-22,1985-04-26,181.11,183.61,180.25,182.18,5,False,,True,Yahoo Finance ^GSPC,正式推出後
1985-05-03,1985-04-29,1985-05-05,1985-04-29,1985-05-03,182.18,182.34,178.35,180.08,5,False,,True,Yahoo Finance ^GSPC,正式推出後
1985-05-10,1985-05-06,1985-05-12,1985-05-06,1985-05-10,180.08,184.74,179.82,184.28,5,False,,True,Yahoo Finance ^GSPC,正式推出後
1985-05-17,1985-05-13,1985-05-19,1985-05-13,1985-05-17,184.28,187.94,183.65,187.42,5,False,,True,Yahoo Finance ^GSPC,正式推出後
1985-05-24,1985-05-20,1985-05-26,1985-05-20,1985-05-24,187.42,189.98,187.29,188.29,5,False,,True,Yahoo Finance ^GSPC,正式推出後
1985-05-31,1985-05-27,1985-06-02,1985-05-28,1985-05-31,188.29,189.59,187.09,189.55,4,False,,True,Yahoo Finance ^GSPC,正式推出後
1985-06-07,1985-06-03,1985-06-09,1985-06-03,1985-06-07,189.55,191.29,188.88,189.68,5,False,,True,Yahoo Finance ^GSPC,正式推出後
1985-06-14,1985-06-10,1985-06-16,1985-06-10,1985-06-14,189.68,189.68,185.03,187.10,5,False,,True,Yahoo Finance ^GSPC,正式推出後
1985-06-21,1985-06-17,1985-06-23,1985-06-17,1985-06-21,187.10,189.66,185.97,189.61,5,False,,True,Yahoo Finance ^GSPC,正式推出後
1985-06-28,1985-06-24,1985-06-30,1985-06-24,1985-06-28,188.77,191.85,187.84,191.85,5,False,,True,Yahoo Finance ^GSPC,正式推出後
1985-07-05,1985-07-01,1985-07-07,1985-07-01,1985-07-05,191.85,192.67,191.17,192.52,4,False,,True,Yahoo Finance ^GSPC,正式推出後
1985-07-12,1985-07-08,1985-07-14,1985-07-08,1985-07-12,192.47,193.32,190.81,193.29,5,False,,True,Yahoo Finance ^GSPC,正式推出後
1985-07-19,1985-07-15,1985-07-21,1985-07-15,1985-07-19,193.29,196.07,192.55,195.13,5,False,,True,Yahoo Finance ^GSPC,正式推出後
1985-07-26,1985-07-22,1985-07-28,1985-07-22,1985-07-26,195.13,195.13,190.66,192.40,5,False,,True,Yahoo Finance ^GSPC,正式推出後
1985-08-02,1985-07-29,1985-08-04,1985-07-29,1985-08-02,192.40,192.42,189.30,191.48,5,False,,True,Yahoo Finance ^GSPC,正式推出後
1985-08-09,1985-08-05,1985-08-11,1985-08-05,1985-08-09,191.48,191.48,187.39,188.32,5,False,,True,Yahoo Finance ^GSPC,正式推出後
1985-08-16,1985-08-12,1985-08-18,1985-08-12,1985-08-16,188.32,188.32,186.10,186.10,5,False,,True,Yahoo Finance ^GSPC,正式推出後
1985-08-23,1985-08-19,1985-08-25,1985-08-19,1985-08-23,186.10,189.23,186.10,187.17,5,False,,True,Yahoo Finance ^GSPC,正式推出後
1985-08-30,1985-08-26,1985-09-01,1985-08-26,1985-08-30,187.17,189.13,186.46,188.63,5,False,,True,Yahoo Finance ^GSPC,正式推出後
1985-09-06,1985-09-02,1985-09-08,1985-09-03,1985-09-06,188.63,188.63,186.89,188.24,4,False,,True,Yahoo Finance ^GSPC,正式推出後
1985-09-13,1985-09-09,1985-09-15,1985-09-09,1985-09-13,188.24,188.80,182.05,182.91,5,False,,True,Yahoo Finance ^GSPC,正式推出後
1985-09-20,1985-09-16,1985-09-22,1985-09-16,1985-09-20,182.91,183.99,180.78,182.05,5,False,,True,Yahoo Finance ^GSPC,正式推出後
1985-09-26,1985-09-23,1985-09-29,1985-09-23,1985-09-26,182.05,184.65,179.45,181.29,4,False,,True,Yahoo Finance ^GSPC,正式推出後
1985-10-04,1985-09-30,1985-10-06,1985-09-30,1985-10-04,181.30,185.94,181.22,183.22,5,False,,True,Yahoo Finance ^GSPC,正式推出後
1985-10-11,1985-10-07,1985-10-13,1985-10-07,1985-10-11,183.22,184.28,181.16,184.28,5,False,,True,Yahoo Finance ^GSPC,正式推出後
1985-10-18,1985-10-14,1985-10-20,1985-10-14,1985-10-18,184.31,188.52,184.28,187.04,5,False,,True,Yahoo Finance ^GSPC,正式推出後
1985-10-25,1985-10-21,1985-10-27,1985-10-21,1985-10-25,187.04,189.45,186.79,187.52,5,False,,True,Yahoo Finance ^GSPC,正式推出後
1985-11-01,1985-10-28,1985-11-03,1985-10-28,1985-11-01,187.52,191.53,186.93,191.53,5,False,,True,Yahoo Finance ^GSPC,正式推出後
1985-11-08,1985-11-04,1985-11-10,1985-11-04,1985-11-08,191.45,193.97,190.66,193.72,5,False,,True,Yahoo Finance ^GSPC,正式推出後
1985-11-15,1985-11-11,1985-11-17,1985-11-11,1985-11-15,193.72,199.58,193.70,198.11,5,False,,True,Yahoo Finance ^GSPC,正式推出後
1985-11-22,1985-11-18,1985-11-24,1985-11-18,1985-11-22,198.11,202.01,197.51,201.52,5,False,,True,Yahoo Finance ^GSPC,正式推出後
1985-11-29,1985-11-25,1985-12-01,1985-11-25,1985-11-29,201.52,203.40,200.08,202.17,4,False,,True,Yahoo Finance ^GSPC,正式推出後
1985-12-06,1985-12-02,1985-12-08,1985-12-02,1985-12-06,202.17,205.86,200.10,202.99,5,False,,True,Yahoo Finance ^GSPC,正式推出後
1985-12-13,1985-12-09,1985-12-15,1985-12-09,1985-12-13,202.99,210.31,202.98,209.94,5,False,,True,Yahoo Finance ^GSPC,正式推出後
1985-12-20,1985-12-16,1985-12-22,1985-12-16,1985-12-20,209.94,213.08,209.24,210.94,5,False,,True,Yahoo Finance ^GSPC,正式推出後
1985-12-27,1985-12-23,1985-12-29,1985-12-23,1985-12-27,210.57,210.94,206.44,209.61,4,False,,True,Yahoo Finance ^GSPC,正式推出後
1986-01-03,1985-12-30,1986-01-05,1985-12-30,1986-01-03,209.61,211.61,208.93,210.88,4,False,,True,Yahoo Finance ^GSPC,正式推出後
1986-01-10,1986-01-06,1986-01-12,1986-01-06,1986-01-10,210.88,214.57,204.51,205.96,5,False,,True,Yahoo Finance ^GSPC,正式推出後
1986-01-17,1986-01-13,1986-01-19,1986-01-13,1986-01-17,205.96,209.40,205.52,208.43,5,False,,True,Yahoo Finance ^GSPC,正式推出後
1986-01-24,1986-01-20,1986-01-26,1986-01-20,1986-01-24,208.43,208.43,202.60,206.43,5,False,,True,Yahoo Finance ^GSPC,正式推出後
1986-01-31,1986-01-27,1986-02-02,1986-01-27,1986-01-31,206.43,212.42,206.43,211.78,5,False,,True,Yahoo Finance ^GSPC,正式推出後
1986-02-07,1986-02-03,1986-02-09,1986-02-03,1986-02-07,211.78,215.27,210.82,214.56,5,False,,True,Yahoo Finance ^GSPC,正式推出後
1986-02-14,1986-02-10,1986-02-16,1986-02-10,1986-02-14,214.56,219.76,214.47,219.76,5,False,,True,Yahoo Finance ^GSPC,正式推出後
1986-02-21,1986-02-17,1986-02-23,1986-02-18,1986-02-21,219.76,224.62,219.22,224.62,4,False,,True,Yahoo Finance ^GSPC,正式推出後
1986-02-28,1986-02-24,1986-03-02,1986-02-24,1986-02-28,224.58,227.92,222.63,226.92,5,False,,True,Yahoo Finance ^GSPC,正式推出後
1986-03-07,1986-03-03,1986-03-09,1986-03-03,1986-03-07,226.92,227.33,222.18,225.57,5,False,,True,Yahoo Finance ^GSPC,正式推出後
1986-03-14,1986-03-10,1986-03-16,1986-03-10,1986-03-14,225.57,236.55,225.36,236.55,5,False,,True,Yahoo Finance ^GSPC,正式推出後
1986-03-21,1986-03-17,1986-03-23,1986-03-17,1986-03-21,236.55,237.35,233.29,233.34,5,False,,True,Yahoo Finance ^GSPC,正式推出後
1986-03-27,1986-03-24,1986-03-30,1986-03-24,1986-03-27,233.34,240.11,232.92,238.97,4,False,,True,Yahoo Finance ^GSPC,正式推出後
1986-04-04,1986-03-31,1986-04-06,1986-03-31,1986-04-04,238.97,239.86,228.32,228.69,5,False,,True,Yahoo Finance ^GSPC,正式推出後
1986-04-11,1986-04-07,1986-04-13,1986-04-07,1986-04-11,228.69,237.85,226.30,235.97,5,False,,True,Yahoo Finance ^GSPC,正式推出後
1986-04-18,1986-04-14,1986-04-20,1986-04-14,1986-04-18,235.97,243.47,235.43,242.38,5,False,,True,Yahoo Finance ^GSPC,正式推出後
1986-04-25,1986-04-21,1986-04-27,1986-04-21,1986-04-25,242.38,245.47,240.08,242.29,5,False,,True,Yahoo Finance ^GSPC,正式推出後
1986-05-02,1986-04-28,1986-05-04,1986-04-28,1986-05-02,242.29,243.57,234.15,234.79,5,False,,True,Yahoo Finance ^GSPC,正式推出後
1986-05-09,1986-05-05,1986-05-11,1986-05-05,1986-05-09,234.79,238.28,233.98,237.85,5,False,,True,Yahoo Finance ^GSPC,正式推出後
1986-05-16,1986-05-12,1986-05-18,1986-05-12,1986-05-16,237.85,238.53,232.26,232.76,5,False,,True,Yahoo Finance ^GSPC,正式推出後
1986-05-23,1986-05-19,1986-05-25,1986-05-19,1986-05-23,232.76,242.16,232.41,241.35,5,False,,True,Yahoo Finance ^GSPC,正式推出後
1986-05-30,1986-05-26,1986-06-01,1986-05-27,1986-05-30,241.35,249.19,241.35,247.35,4,False,,True,Yahoo Finance ^GSPC,正式推出後
1986-06-06,1986-06-02,1986-06-08,1986-06-02,1986-06-06,246.04,247.74,242.59,245.67,5,False,,True,Yahoo Finance ^GSPC,正式推出後
1986-06-13,1986-06-09,1986-06-15,1986-06-09,1986-06-13,245.67,245.91,238.23,245.73,5,False,,True,Yahoo Finance ^GSPC,正式推出後
1986-06-20,1986-06-16,1986-06-22,1986-06-16,1986-06-20,245.73,247.60,242.57,247.58,5,False,,True,Yahoo Finance ^GSPC,正式推出後
1986-06-27,1986-06-23,1986-06-29,1986-06-23,1986-06-27,247.58,250.13,244.45,249.60,5,False,,True,Yahoo Finance ^GSPC,正式推出後
1986-07-03,1986-06-30,1986-07-06,1986-06-30,1986-07-03,249.60,253.20,249.60,251.79,4,False,,True,Yahoo Finance ^GSPC,正式推出後
1986-07-11,1986-07-07,1986-07-13,1986-07-07,1986-07-11,251.79,251.81,239.07,242.22,5,False,,True,Yahoo Finance ^GSPC,正式推出後
1986-07-18,1986-07-14,1986-07-20,1986-07-14,1986-07-18,242.22,242.22,233.60,236.36,5,False,,True,Yahoo Finance ^GSPC,正式推出後
1986-07-25,1986-07-21,1986-07-27,1986-07-21,1986-07-25,236.36,240.36,235.53,240.22,5,False,,True,Yahoo Finance ^GSPC,正式推出後
1986-08-01,1986-07-28,1986-08-03,1986-07-28,1986-08-01,240.20,240.25,233.07,234.91,5,False,,True,Yahoo Finance ^GSPC,正式推出後
1986-08-08,1986-08-04,1986-08-10,1986-08-04,1986-08-08,234.91,238.31,231.92,236.88,5,False,,True,Yahoo Finance ^GSPC,正式推出後
1986-08-15,1986-08-11,1986-08-17,1986-08-11,1986-08-15,236.88,247.15,236.87,247.15,5,False,,True,Yahoo Finance ^GSPC,正式推出後
1986-08-22,1986-08-18,1986-08-24,1986-08-18,1986-08-22,247.15,250.61,245.48,250.19,5,False,,True,Yahoo Finance ^GSPC,正式推出後
1986-08-29,1986-08-25,1986-08-31,1986-08-25,1986-08-29,250.19,254.24,247.76,252.93,5,False,,True,Yahoo Finance ^GSPC,正式推出後
1986-09-05,1986-09-01,1986-09-07,1986-09-02,1986-09-05,252.93,254.13,247.59,250.47,4,False,,True,Yahoo Finance ^GSPC,正式推出後
1986-09-12,1986-09-08,1986-09-14,1986-09-08,1986-09-12,250.47,250.47,228.74,230.67,5,False,,True,Yahoo Finance ^GSPC,正式推出後
1986-09-19,1986-09-15,1986-09-21,1986-09-15,1986-09-19,230.67,233.81,228.32,232.21,5,False,,True,Yahoo Finance ^GSPC,正式推出後
1986-09-26,1986-09-22,1986-09-28,1986-09-22,1986-09-26,232.20,237.06,230.64,232.23,5,False,,True,Yahoo Finance ^GSPC,正式推出後
1986-10-03,1986-09-29,1986-10-05,1986-09-29,1986-10-03,232.23,236.16,228.08,233.71,5,False,,True,Yahoo Finance ^GSPC,正式推出後
1986-10-10,1986-10-06,1986-10-12,1986-10-06,1986-10-10,233.71,238.20,233.17,235.48,5,False,,True,Yahoo Finance ^GSPC,正式推出後
1986-10-17,1986-10-13,1986-10-19,1986-10-13,1986-10-17,235.52,240.18,234.37,238.84,5,False,,True,Yahoo Finance ^GSPC,正式推出後
1986-10-24,1986-10-20,1986-10-26,1986-10-20,1986-10-24,238.84,239.76,234.78,238.26,5,False,,True,Yahoo Finance ^GSPC,正式推出後
1986-10-31,1986-10-27,1986-11-02,1986-10-27,1986-10-31,238.22,244.51,236.72,243.98,5,False,,True,Yahoo Finance ^GSPC,正式推出後
1986-11-07,1986-11-03,1986-11-09,1986-11-03,1986-11-07,243.97,247.05,243.93,245.77,5,False,,True,Yahoo Finance ^GSPC,正式推出後
1986-11-14,1986-11-10,1986-11-16,1986-11-10,1986-11-14,245.75,247.67,241.96,244.50,5,False,,True,Yahoo Finance ^GSPC,正式推出後
1986-11-21,1986-11-17,1986-11-23,1986-11-17,1986-11-21,244.50,246.38,235.51,245.86,5,False,,True,Yahoo Finance ^GSPC,正式推出後
1986-11-28,1986-11-24,1986-11-30,1986-11-24,1986-11-28,245.86,249.22,245.21,249.22,4,False,,True,Yahoo Finance ^GSPC,正式推出後
1986-12-05,1986-12-01,1986-12-07,1986-12-01,1986-12-05,249.22,254.87,245.72,251.17,5,False,,True,Yahoo Finance ^GSPC,正式推出後
1986-12-12,1986-12-08,1986-12-14,1986-12-08,1986-12-12,251.16,252.36,247.02,247.35,5,False,,True,Yahoo Finance ^GSPC,正式推出後
1986-12-19,1986-12-15,1986-12-21,1986-12-15,1986-12-19,247.31,250.04,244.92,249.73,5,False,,True,Yahoo Finance ^GSPC,正式推出後
1986-12-26,1986-12-22,1986-12-28,1986-12-22,1986-12-26,249.73,249.73,245.85,246.92,4,False,,True,Yahoo Finance ^GSPC,正式推出後
1987-01-02,1986-12-29,1987-01-04,1986-12-29,1987-01-02,246.90,246.92,241.28,246.45,4,False,,True,Yahoo Finance ^GSPC,正式推出後
1987-01-09,1987-01-05,1987-01-11,1987-01-05,1987-01-09,246.45,259.20,246.45,258.73,5,False,,True,Yahoo Finance ^GSPC,正式推出後
1987-01-16,1987-01-12,1987-01-18,1987-01-12,1987-01-16,258.72,267.24,257.92,266.28,5,False,,True,Yahoo Finance ^GSPC,正式推出後
1987-01-23,1987-01-19,1987-01-25,1987-01-19,1987-01-23,266.26,280.96,264.00,270.10,5,False,,True,Yahoo Finance ^GSPC,正式推出後
1987-01-30,1987-01-26,1987-02-01,1987-01-26,1987-01-30,270.10,276.85,267.73,274.08,5,False,,True,Yahoo Finance ^GSPC,正式推出後
1987-02-06,1987-02-02,1987-02-08,1987-02-02,1987-02-06,274.08,282.26,273.16,280.04,5,False,,True,Yahoo Finance ^GSPC,正式推出後
1987-02-13,1987-02-09,1987-02-15,1987-02-09,1987-02-13,280.04,280.91,273.49,279.70,5,False,,True,Yahoo Finance ^GSPC,正式推出後
1987-02-20,1987-02-16,1987-02-22,1987-02-17,1987-02-20,279.70,287.55,279.70,285.48,4,False,,True,Yahoo Finance ^GSPC,正式推出後
1987-02-27,1987-02-23,1987-03-01,1987-02-23,1987-02-27,285.48,285.50,279.37,284.20,5,False,,True,Yahoo Finance ^GSPC,正式推出後
1987-03-06,1987-03-02,1987-03-08,1987-03-02,1987-03-06,284.17,291.24,282.30,290.66,5,False,,True,Yahoo Finance ^GSPC,正式推出後
1987-03-13,1987-03-09,1987-03-15,1987-03-09,1987-03-13,290.66,292.51,287.12,289.89,5,False,,True,Yahoo Finance ^GSPC,正式推出後
1987-03-20,1987-03-16,1987-03-22,1987-03-16,1987-03-20,289.88,298.17,286.64,298.17,5,False,,True,Yahoo Finance ^GSPC,正式推出後
1987-03-27,1987-03-23,1987-03-29,1987-03-23,1987-03-27,298.16,302.72,296.06,296.13,5,False,,True,Yahoo Finance ^GSPC,正式推出後
1987-04-03,1987-03-30,1987-04-05,1987-03-30,1987-04-03,296.10,301.30,286.69,300.41,5,False,,True,Yahoo Finance ^GSPC,正式推出後
1987-04-10,1987-04-06,1987-04-12,1987-04-06,1987-04-10,300.46,303.65,290.94,292.49,5,False,,True,Yahoo Finance ^GSPC,正式推出後
1987-04-16,1987-04-13,1987-04-19,1987-04-13,1987-04-16,292.48,293.36,275.67,286.91,4,False,,True,Yahoo Finance ^GSPC,正式推出後
1987-04-24,1987-04-20,1987-04-26,1987-04-20,1987-04-24,286.91,293.46,281.18,281.52,5,False,,True,Yahoo Finance ^GSPC,正式推出後
1987-05-01,1987-04-27,1987-05-03,1987-04-27,1987-05-01,281.52,290.08,276.22,288.03,5,False,,True,Yahoo Finance ^GSPC,正式推出後
1987-05-08,1987-05-04,1987-05-10,1987-05-04,1987-05-08,288.02,296.80,286.39,293.37,5,False,,True,Yahoo Finance ^GSPC,正式推出後
1987-05-15,1987-05-11,1987-05-17,1987-05-11,1987-05-15,293.37,298.69,287.11,287.43,5,False,,True,Yahoo Finance ^GSPC,正式推出後
1987-05-22,1987-05-18,1987-05-24,1987-05-18,1987-05-22,287.43,287.43,277.01,282.16,5,False,,True,Yahoo Finance ^GSPC,正式推出後
1987-05-29,1987-05-25,1987-05-31,1987-05-26,1987-05-29,282.16,292.87,282.16,290.10,4,False,,True,Yahoo Finance ^GSPC,正式推出後
1987-06-05,1987-06-01,1987-06-07,1987-06-01,1987-06-05,290.12,295.11,286.93,293.45,5,False,,True,Yahoo Finance ^GSPC,正式推出後
1987-06-12,1987-06-08,1987-06-14,1987-06-08,1987-06-12,293.46,302.26,291.55,301.62,5,False,,True,Yahoo Finance ^GSPC,正式推出後
1987-06-19,1987-06-15,1987-06-21,1987-06-15,1987-06-19,301.62,306.97,301.62,306.97,5,False,,True,Yahoo Finance ^GSPC,正式推出後
1987-06-26,1987-06-22,1987-06-28,1987-06-22,1987-06-26,306.98,310.27,306.32,307.16,5,False,,True,Yahoo Finance ^GSPC,正式推出後
1987-07-02,1987-06-29,1987-07-05,1987-06-29,1987-07-02,307.15,308.15,302.53,305.63,4,False,,True,Yahoo Finance ^GSPC,正式推出後
1987-07-10,1987-07-06,1987-07-12,1987-07-06,1987-07-10,305.64,309.56,304.23,308.37,5,False,,True,Yahoo Finance ^GSPC,正式推出後
1987-07-17,1987-07-13,1987-07-19,1987-07-13,1987-07-17,308.41,314.59,305.49,314.59,5,False,,True,Yahoo Finance ^GSPC,正式推出後
1987-07-24,1987-07-20,1987-07-26,1987-07-20,1987-07-24,314.56,314.59,306.10,309.27,5,False,,True,Yahoo Finance ^GSPC,正式推出後
1987-07-31,1987-07-27,1987-08-02,1987-07-27,1987-07-31,309.30,318.85,308.61,318.66,5,False,,True,Yahoo Finance ^GSPC,正式推出後
1987-08-07,1987-08-03,1987-08-09,1987-08-03,1987-08-07,318.62,324.15,314.51,323.00,5,False,,True,Yahoo Finance ^GSPC,正式推出後
1987-08-14,1987-08-10,1987-08-16,1987-08-10,1987-08-14,322.98,336.08,322.95,333.99,5,False,,True,Yahoo Finance ^GSPC,正式推出後
1987-08-21,1987-08-17,1987-08-23,1987-08-17,1987-08-21,333.98,336.37,326.43,335.90,5,False,,True,Yahoo Finance ^GSPC,正式推出後
1987-08-28,1987-08-24,1987-08-30,1987-08-24,1987-08-28,335.89,337.89,327.03,327.04,5,False,,True,Yahoo Finance ^GSPC,正式推出後
1987-09-04,1987-08-31,1987-09-06,1987-08-31,1987-09-04,327.03,332.18,316.53,316.70,5,False,,True,Yahoo Finance ^GSPC,正式推出後
1987-09-11,1987-09-07,1987-09-13,1987-09-08,1987-09-11,316.68,322.45,308.56,321.98,4,False,,True,Yahoo Finance ^GSPC,正式推出後
1987-09-18,1987-09-14,1987-09-20,1987-09-14,1987-09-18,322.02,323.81,313.45,314.86,5,False,,True,Yahoo Finance ^GSPC,正式推出後
1987-09-25,1987-09-21,1987-09-27,1987-09-21,1987-09-25,314.92,322.01,308.69,320.16,5,False,,True,Yahoo Finance ^GSPC,正式推出後
1987-10-02,1987-09-28,1987-10-04,1987-09-28,1987-10-02,320.16,328.94,320.16,328.07,5,False,,True,Yahoo Finance ^GSPC,正式推出後
1987-10-09,1987-10-05,1987-10-11,1987-10-05,1987-10-09,328.07,328.57,310.97,311.07,5,False,,True,Yahoo Finance ^GSPC,正式推出後
1987-10-16,1987-10-12,1987-10-18,1987-10-12,1987-10-16,311.07,314.53,281.52,282.70,5,False,,True,Yahoo Finance ^GSPC,正式推出後
1987-10-23,1987-10-19,1987-10-25,1987-10-19,1987-10-23,282.70,282.70,216.46,248.22,5,False,,True,Yahoo Finance ^GSPC,正式推出後
1987-10-30,1987-10-26,1987-11-01,1987-10-26,1987-10-30,248.20,254.04,226.26,251.79,5,False,,True,Yahoo Finance ^GSPC,正式推出後
1987-11-06,1987-11-02,1987-11-08,1987-11-02,1987-11-06,251.73,257.21,242.78,250.41,5,False,,True,Yahoo Finance ^GSPC,正式推出後
1987-11-13,1987-11-09,1987-11-15,1987-11-09,1987-11-13,250.41,250.41,237.64,245.64,5,False,,True,Yahoo Finance ^GSPC,正式推出後
1987-11-20,1987-11-16,1987-11-22,1987-11-16,1987-11-20,245.69,249.54,235.89,242.00,5,False,,True,Yahoo Finance ^GSPC,正式推出後
1987-11-27,1987-11-23,1987-11-29,1987-11-23,1987-11-27,242.00,247.90,240.34,240.34,4,False,,True,Yahoo Finance ^GSPC,正式推出後
1987-12-04,1987-11-30,1987-12-06,1987-11-30,1987-12-04,240.27,240.34,221.24,223.92,5,False,,True,Yahoo Finance ^GSPC,正式推出後
1987-12-11,1987-12-07,1987-12-13,1987-12-07,1987-12-11,223.98,240.09,223.92,235.32,5,False,,True,Yahoo Finance ^GSPC,正式推出後
1987-12-18,1987-12-14,1987-12-20,1987-12-14,1987-12-18,235.30,249.18,235.04,249.16,5,False,,True,Yahoo Finance ^GSPC,正式推出後
1987-12-24,1987-12-21,1987-12-27,1987-12-21,1987-12-24,249.14,253.35,247.01,252.03,4,False,,True,Yahoo Finance ^GSPC,正式推出後
1987-12-31,1987-12-28,1988-01-03,1987-12-28,1987-12-31,252.01,252.02,244.19,247.08,4,False,,True,Yahoo Finance ^GSPC,正式推出後
1988-01-08,1988-01-04,1988-01-10,1988-01-04,1988-01-08,247.10,261.78,242.95,243.40,5,False,,True,Yahoo Finance ^GSPC,正式推出後
1988-01-15,1988-01-11,1988-01-17,1988-01-11,1988-01-15,243.38,253.65,240.46,252.05,5,False,,True,Yahoo Finance ^GSPC,正式推出後
1988-01-22,1988-01-18,1988-01-24,1988-01-18,1988-01-22,252.05,253.33,240.17,246.50,5,False,,True,Yahoo Finance ^GSPC,正式推出後
1988-01-29,1988-01-25,1988-01-31,1988-01-25,1988-01-29,246.53,257.07,246.50,257.07,5,False,,True,Yahoo Finance ^GSPC,正式推出後
1988-02-05,1988-02-01,1988-02-07,1988-02-01,1988-02-05,257.05,258.27,250.34,250.96,5,False,,True,Yahoo Finance ^GSPC,正式推出後
1988-02-12,1988-02-08,1988-02-14,1988-02-08,1988-02-12,250.95,258.86,247.82,257.63,5,False,,True,Yahoo Finance ^GSPC,正式推出後
1988-02-19,1988-02-15,1988-02-21,1988-02-16,1988-02-19,257.61,261.61,256.57,261.61,4,False,,True,Yahoo Finance ^GSPC,正式推出後
1988-02-26,1988-02-22,1988-02-28,1988-02-22,1988-02-26,261.60,267.75,260.88,262.46,5,False,,True,Yahoo Finance ^GSPC,正式推出後
1988-03-04,1988-02-29,1988-03-06,1988-02-29,1988-03-04,262.46,268.75,262.46,267.30,5,False,,True,Yahoo Finance ^GSPC,正式推出後
1988-03-11,1988-03-07,1988-03-13,1988-03-07,1988-03-11,267.28,270.76,261.27,264.94,5,False,,True,Yahoo Finance ^GSPC,正式推出後
1988-03-18,1988-03-14,1988-03-20,1988-03-14,1988-03-18,264.93,272.64,264.52,271.12,5,False,,True,Yahoo Finance ^GSPC,正式推出後
1988-03-25,1988-03-21,1988-03-27,1988-03-21,1988-03-25,271.10,271.12,258.12,258.51,5,False,,True,Yahoo Finance ^GSPC,正式推出後
1988-03-31,1988-03-28,1988-04-03,1988-03-28,1988-03-31,258.50,261.59,256.07,258.89,4,False,,True,Yahoo Finance ^GSPC,正式推出後
1988-04-08,1988-04-04,1988-04-10,1988-04-04,1988-04-08,258.89,270.22,255.68,269.43,5,False,,True,Yahoo Finance ^GSPC,正式推出後
1988-04-15,1988-04-11,1988-04-17,1988-04-11,1988-04-15,269.43,272.05,255.97,259.77,5,False,,True,Yahoo Finance ^GSPC,正式推出後
1988-04-22,1988-04-18,1988-04-24,1988-04-18,1988-04-22,259.75,262.38,254.71,260.14,5,False,,True,Yahoo Finance ^GSPC,正式推出後
1988-04-29,1988-04-25,1988-05-01,1988-04-25,1988-04-29,260.15,265.09,259.97,261.33,5,False,,True,Yahoo Finance ^GSPC,正式推出後
1988-05-06,1988-05-02,1988-05-08,1988-05-02,1988-05-06,261.36,263.70,257.03,257.48,5,False,,True,Yahoo Finance ^GSPC,正式推出後
1988-05-13,1988-05-09,1988-05-15,1988-05-09,1988-05-13,257.47,258.30,252.32,256.78,5,False,,True,Yahoo Finance ^GSPC,正式推出後
1988-05-20,1988-05-16,1988-05-22,1988-05-16,1988-05-20,256.75,260.20,248.85,253.02,5,False,,True,Yahoo Finance ^GSPC,正式推出後
1988-05-27,1988-05-23,1988-05-29,1988-05-23,1988-05-27,253.00,255.34,249.82,253.42,5,False,,True,Yahoo Finance ^GSPC,正式推出後
1988-06-03,1988-05-30,1988-06-05,1988-05-31,1988-06-03,253.44,267.43,253.42,266.45,4,False,,True,Yahoo Finance ^GSPC,正式推出後
1988-06-10,1988-06-06,1988-06-12,1988-06-06,1988-06-10,266.46,273.21,264.50,271.26,5,False,,True,Yahoo Finance ^GSPC,正式推出後
1988-06-17,1988-06-13,1988-06-19,1988-06-13,1988-06-17,271.28,276.14,268.09,270.68,5,False,,True,Yahoo Finance ^GSPC,正式推出後
1988-06-24,1988-06-20,1988-06-26,1988-06-20,1988-06-24,270.67,276.88,267.52,273.78,5,False,,True,Yahoo Finance ^GSPC,正式推出後
1988-07-01,1988-06-27,1988-07-03,1988-06-27,1988-07-01,273.78,273.80,268.85,271.78,5,False,,True,Yahoo Finance ^GSPC,正式推出後
1988-07-08,1988-07-04,1988-07-10,1988-07-05,1988-07-08,271.78,276.36,269.31,270.02,4,False,,True,Yahoo Finance ^GSPC,正式推出後
1988-07-15,1988-07-11,1988-07-17,1988-07-11,1988-07-15,270.03,272.06,266.12,272.05,5,False,,True,Yahoo Finance ^GSPC,正式推出後
1988-07-22,1988-07-18,1988-07-24,1988-07-18,1988-07-22,271.99,272.05,263.29,263.50,5,False,,True,Yahoo Finance ^GSPC,正式推出後
1988-07-29,1988-07-25,1988-07-31,1988-07-25,1988-07-29,263.49,272.02,262.48,272.02,5,False,,True,Yahoo Finance ^GSPC,正式推出後
1988-08-05,1988-08-01,1988-08-07,1988-08-01,1988-08-05,272.03,274.20,270.08,271.15,5,False,,True,Yahoo Finance ^GSPC,正式推出後
1988-08-12,1988-08-08,1988-08-14,1988-08-08,1988-08-12,271.13,272.47,260.34,262.55,5,False,,True,Yahoo Finance ^GSPC,正式推出後
1988-08-19,1988-08-15,1988-08-21,1988-08-15,1988-08-19,262.49,262.76,257.50,260.24,5,False,,True,Yahoo Finance ^GSPC,正式推出後
1988-08-26,1988-08-22,1988-08-28,1988-08-22,1988-08-26,260.24,261.13,256.53,259.68,5,False,,True,Yahoo Finance ^GSPC,正式推出後
1988-09-02,1988-08-29,1988-09-04,1988-08-29,1988-09-02,259.68,264.90,256.98,264.48,5,False,,True,Yahoo Finance ^GSPC,正式推出後
1988-09-09,1988-09-05,1988-09-11,1988-09-06,1988-09-09,264.42,268.26,263.66,266.84,4,False,,True,Yahoo Finance ^GSPC,正式推出後
1988-09-16,1988-09-12,1988-09-18,1988-09-12,1988-09-16,266.85,270.81,265.22,270.65,5,False,,True,Yahoo Finance ^GSPC,正式推出後
1988-09-23,1988-09-19,1988-09-25,1988-09-19,1988-09-23,270.64,270.65,267.41,269.76,5,False,,True,Yahoo Finance ^GSPC,正式推出後
1988-09-30,1988-09-26,1988-10-02,1988-09-26,1988-09-30,269.77,274.87,267.77,271.91,5,False,,True,Yahoo Finance ^GSPC,正式推出後
1988-10-07,1988-10-03,1988-10-09,1988-10-03,1988-10-07,271.89,278.07,268.84,278.07,5,False,,True,Yahoo Finance ^GSPC,正式推出後
1988-10-14,1988-10-10,1988-10-16,1988-10-10,1988-10-14,278.06,278.69,273.05,275.50,5,False,,True,Yahoo Finance ^GSPC,正式推出後
1988-10-21,1988-10-17,1988-10-23,1988-10-17,1988-10-21,275.48,283.66,274.41,283.66,5,False,,True,Yahoo Finance ^GSPC,正式推出後
1988-10-28,1988-10-24,1988-10-30,1988-10-24,1988-10-28,283.63,283.95,276.00,278.53,5,False,,True,Yahoo Finance ^GSPC,正式推出後
1988-11-04,1988-10-31,1988-11-06,1988-10-31,1988-11-04,278.54,280.37,276.31,276.31,5,False,,True,Yahoo Finance ^GSPC,正式推出後
1988-11-11,1988-11-07,1988-11-13,1988-11-07,1988-11-11,276.30,276.31,267.92,267.92,5,False,,True,Yahoo Finance ^GSPC,正式推出後
1988-11-18,1988-11-14,1988-11-20,1988-11-14,1988-11-18,267.93,269.25,262.85,266.47,5,False,,True,Yahoo Finance ^GSPC,正式推出後
1988-11-25,1988-11-21,1988-11-27,1988-11-21,1988-11-25,266.35,269.56,263.41,267.23,4,False,,True,Yahoo Finance ^GSPC,正式推出後
1988-12-02,1988-11-28,1988-12-04,1988-11-28,1988-12-02,267.22,274.36,266.97,271.81,5,False,,True,Yahoo Finance ^GSPC,正式推出後
1988-12-09,1988-12-05,1988-12-11,1988-12-05,1988-12-09,274.93,279.01,271.81,277.03,5,False,,True,Yahoo Finance ^GSPC,正式推出後
1988-12-16,1988-12-12,1988-12-18,1988-12-12,1988-12-16,277.03,278.82,274.01,276.29,5,False,,True,Yahoo Finance ^GSPC,正式推出後
1988-12-23,1988-12-19,1988-12-25,1988-12-19,1988-12-23,276.29,280.45,275.61,277.87,5,False,,True,Yahoo Finance ^GSPC,正式推出後
1988-12-30,1988-12-26,1989-01-01,1988-12-27,1988-12-30,277.87,279.78,276.17,277.72,4,False,,True,Yahoo Finance ^GSPC,正式推出後
1989-01-06,1989-01-02,1989-01-08,1989-01-03,1989-01-06,277.72,282.06,273.81,280.67,4,False,,True,Yahoo Finance ^GSPC,正式推出後
1989-01-13,1989-01-09,1989-01-15,1989-01-09,1989-01-13,280.67,284.63,279.44,283.87,5,False,,True,Yahoo Finance ^GSPC,正式推出後
1989-01-20,1989-01-16,1989-01-22,1989-01-16,1989-01-20,283.87,287.90,282.65,286.63,5,False,,True,Yahoo Finance ^GSPC,正式推出後
1989-01-27,1989-01-23,1989-01-29,1989-01-23,1989-01-27,287.85,296.08,284.50,293.82,5,False,,True,Yahoo Finance ^GSPC,正式推出後
1989-02-03,1989-01-30,1989-02-05,1989-01-30,1989-02-03,293.82,298.33,293.54,296.97,5,False,,True,Yahoo Finance ^GSPC,正式推出後
1989-02-10,1989-02-06,1989-02-12,1989-02-06,1989-02-10,296.97,300.57,291.96,292.02,5,False,,True,Yahoo Finance ^GSPC,正式推出後
1989-02-17,1989-02-13,1989-02-19,1989-02-13,1989-02-17,292.02,297.12,290.88,296.76,5,False,,True,Yahoo Finance ^GSPC,正式推出後
1989-02-24,1989-02-20,1989-02-26,1989-02-21,1989-02-24,296.76,297.04,287.13,287.13,4,False,,True,Yahoo Finance ^GSPC,正式推出後
1989-03-03,1989-02-27,1989-03-05,1989-02-27,1989-03-03,287.13,291.18,286.26,291.18,5,False,,True,Yahoo Finance ^GSPC,正式推出後
1989-03-10,1989-03-06,1989-03-12,1989-03-06,1989-03-10,291.20,295.62,291.18,292.88,5,False,,True,Yahoo Finance ^GSPC,正式推出後
1989-03-17,1989-03-13,1989-03-19,1989-03-13,1989-03-17,292.88,299.99,291.08,292.69,5,False,,True,Yahoo Finance ^GSPC,正式推出後
1989-03-23,1989-03-20,1989-03-26,1989-03-20,1989-03-23,292.69,292.69,288.56,288.98,4,False,,True,Yahoo Finance ^GSPC,正式推出後
1989-03-31,1989-03-27,1989-04-02,1989-03-27,1989-03-31,288.98,294.96,288.07,294.87,5,False,,True,Yahoo Finance ^GSPC,正式推出後
1989-04-07,1989-04-03,1989-04-09,1989-04-03,1989-04-07,294.87,297.62,294.35,297.16,5,False,,True,Yahoo Finance ^GSPC,正式推出後
1989-04-14,1989-04-10,1989-04-16,1989-04-10,1989-04-14,297.16,301.38,296.27,301.36,5,False,,True,Yahoo Finance ^GSPC,正式推出後
1989-04-21,1989-04-17,1989-04-23,1989-04-17,1989-04-21,301.36,309.61,300.71,309.61,5,False,,True,Yahoo Finance ^GSPC,正式推出後
1989-04-28,1989-04-24,1989-04-30,1989-04-24,1989-04-28,309.61,310.45,306.07,309.64,5,False,,True,Yahoo Finance ^GSPC,正式推出後
1989-05-05,1989-05-01,1989-05-07,1989-05-01,1989-05-05,309.64,310.69,306.98,307.61,5,False,,True,Yahoo Finance ^GSPC,正式推出後
1989-05-12,1989-05-08,1989-05-14,1989-05-08,1989-05-12,307.61,313.84,304.06,313.84,5,False,,True,Yahoo Finance ^GSPC,正式推出後
1989-05-19,1989-05-15,1989-05-21,1989-05-15,1989-05-19,313.84,321.38,313.84,321.24,5,False,,True,Yahoo Finance ^GSPC,正式推出後
1989-05-26,1989-05-22,1989-05-28,1989-05-22,1989-05-26,321.24,323.06,317.58,321.59,5,False,,True,Yahoo Finance ^GSPC,正式推出後
1989-06-02,1989-05-29,1989-06-04,1989-05-30,1989-06-02,321.59,325.63,317.83,325.52,4,False,,True,Yahoo Finance ^GSPC,正式推出後
1989-06-09,1989-06-05,1989-06-11,1989-06-05,1989-06-09,325.52,327.39,321.27,326.69,5,False,,True,Yahoo Finance ^GSPC,正式推出後
1989-06-16,1989-06-12,1989-06-18,1989-06-12,1989-06-16,326.69,326.69,318.69,321.35,5,False,,True,Yahoo Finance ^GSPC,正式推出後
1989-06-23,1989-06-19,1989-06-25,1989-06-19,1989-06-23,321.35,328.00,319.25,328.00,5,False,,True,Yahoo Finance ^GSPC,正式推出後
1989-06-30,1989-06-26,1989-07-02,1989-06-26,1989-06-30,328.00,329.19,314.38,317.98,5,False,,True,Yahoo Finance ^GSPC,正式推出後
1989-07-07,1989-07-03,1989-07-09,1989-07-03,1989-07-07,317.98,325.87,317.26,324.91,4,False,,True,Yahoo Finance ^GSPC,正式推出後
1989-07-14,1989-07-10,1989-07-16,1989-07-10,1989-07-14,324.93,331.89,324.91,331.84,5,False,,True,Yahoo Finance ^GSPC,正式推出後
1989-07-21,1989-07-17,1989-07-23,1989-07-17,1989-07-21,331.78,337.40,330.75,335.90,5,False,,True,Yahoo Finance ^GSPC,正式推出後
1989-07-28,1989-07-24,1989-07-30,1989-07-24,1989-07-28,335.90,342.96,332.60,342.15,5,False,,True,Yahoo Finance ^GSPC,正式推出後
1989-08-04,1989-07-31,1989-08-06,1989-07-31,1989-08-04,342.13,347.99,342.02,343.92,5,False,,True,Yahoo Finance ^GSPC,正式推出後
1989-08-11,1989-08-07,1989-08-13,1989-08-07,1989-08-11,343.92,351.18,343.91,344.74,5,False,,True,Yahoo Finance ^GSPC,正式推出後
1989-08-18,1989-08-14,1989-08-20,1989-08-14,1989-08-18,344.71,346.39,341.96,346.03,5,False,,True,Yahoo Finance ^GSPC,正式推出後
1989-08-25,1989-08-21,1989-08-27,1989-08-21,1989-08-25,346.03,352.73,339.00,350.52,5,False,,True,Yahoo Finance ^GSPC,正式推出後
1989-09-01,1989-08-28,1989-09-03,1989-08-28,1989-09-01,350.52,353.90,348.66,353.73,5,False,,True,Yahoo Finance ^GSPC,正式推出後
1989-09-08,1989-09-04,1989-09-10,1989-09-05,1989-09-08,353.73,354.13,345.74,348.76,4,False,,True,Yahoo Finance ^GSPC,正式推出後
1989-09-15,1989-09-11,1989-09-17,1989-09-11,1989-09-15,348.76,350.10,341.37,345.06,5,False,,True,Yahoo Finance ^GSPC,正式推出後
1989-09-22,1989-09-18,1989-09-24,1989-09-18,1989-09-22,345.06,348.46,344.60,347.05,5,False,,True,Yahoo Finance ^GSPC,正式推出後
1989-09-29,1989-09-25,1989-10-01,1989-09-25,1989-09-29,347.05,350.31,342.85,349.15,5,False,,True,Yahoo Finance ^GSPC,正式推出後
1989-10-06,1989-10-02,1989-10-08,1989-10-02,1989-10-06,349.15,359.05,348.35,358.78,5,False,,True,Yahoo Finance ^GSPC,正式推出後
1989-10-13,1989-10-09,1989-10-15,1989-10-09,1989-10-13,358.76,360.44,332.81,333.65,5,False,,True,Yahoo Finance ^GSPC,正式推出後
1989-10-20,1989-10-16,1989-10-22,1989-10-16,1989-10-20,333.65,348.82,327.12,347.16,5,False,,True,Yahoo Finance ^GSPC,正式推出後
1989-10-27,1989-10-23,1989-10-29,1989-10-23,1989-10-27,347.11,348.19,333.26,335.06,5,False,,True,Yahoo Finance ^GSPC,正式推出後
1989-11-03,1989-10-30,1989-11-05,1989-10-30,1989-11-03,335.06,341.74,334.48,337.62,5,False,,True,Yahoo Finance ^GSPC,正式推出後
1989-11-10,1989-11-06,1989-11-12,1989-11-06,1989-11-10,337.61,339.41,330.91,339.10,5,False,,True,Yahoo Finance ^GSPC,正式推出後
1989-11-17,1989-11-13,1989-11-19,1989-11-13,1989-11-17,339.08,342.24,337.06,341.61,5,False,,True,Yahoo Finance ^GSPC,正式推出後
1989-11-24,1989-11-20,1989-11-26,1989-11-20,1989-11-24,341.61,344.24,337.53,343.97,4,False,,True,Yahoo Finance ^GSPC,正式推出後
1989-12-01,1989-11-27,1989-12-03,1989-11-27,1989-12-01,343.98,351.88,343.36,350.63,5,False,,True,Yahoo Finance ^GSPC,正式推出後
1989-12-08,1989-12-04,1989-12-10,1989-12-04,1989-12-08,350.63,352.24,346.00,348.69,5,False,,True,Yahoo Finance ^GSPC,正式推出後
1989-12-15,1989-12-11,1989-12-17,1989-12-11,1989-12-15,348.68,354.10,346.08,350.14,5,False,,True,Yahoo Finance ^GSPC,正式推出後
1989-12-22,1989-12-18,1989-12-24,1989-12-18,1989-12-22,350.14,350.88,339.63,347.42,5,False,,True,Yahoo Finance ^GSPC,正式推出後
1989-12-29,1989-12-25,1989-12-31,1989-12-26,1989-12-29,347.42,353.41,346.53,353.40,4,False,,True,Yahoo Finance ^GSPC,正式推出後
1990-01-05,1990-01-01,1990-01-07,1990-01-02,1990-01-05,353.40,360.59,351.35,352.20,4,False,,True,Yahoo Finance ^GSPC,正式推出後
1990-01-12,1990-01-08,1990-01-14,1990-01-08,1990-01-12,352.20,354.24,339.49,339.93,5,False,,True,Yahoo Finance ^GSPC,正式推出後
1990-01-19,1990-01-15,1990-01-21,1990-01-15,1990-01-19,339.93,342.01,333.37,339.15,5,False,,True,Yahoo Finance ^GSPC,正式推出後
1990-01-26,1990-01-22,1990-01-28,1990-01-22,1990-01-26,339.14,339.96,321.44,325.80,5,False,,True,Yahoo Finance ^GSPC,正式推出後
1990-02-02,1990-01-29,1990-02-04,1990-01-29,1990-02-02,325.80,332.10,319.83,330.92,5,False,,True,Yahoo Finance ^GSPC,正式推出後
1990-02-09,1990-02-05,1990-02-11,1990-02-05,1990-02-09,330.92,336.09,326.55,333.62,5,False,,True,Yahoo Finance ^GSPC,正式推出後
1990-02-16,1990-02-12,1990-02-18,1990-02-12,1990-02-16,333.62,335.64,327.92,332.72,5,False,,True,Yahoo Finance ^GSPC,正式推出後
1990-02-23,1990-02-19,1990-02-25,1990-02-20,1990-02-23,332.72,332.72,322.10,324.15,4,False,,True,Yahoo Finance ^GSPC,正式推出後
1990-03-02,1990-02-26,1990-03-04,1990-02-26,1990-03-02,324.16,335.54,323.98,335.54,5,False,,True,Yahoo Finance ^GSPC,正式推出後
1990-03-09,1990-03-05,1990-03-11,1990-03-05,1990-03-09,335.54,340.66,333.49,337.93,5,False,,True,Yahoo Finance ^GSPC,正式推出後
1990-03-16,1990-03-12,1990-03-18,1990-03-12,1990-03-16,337.93,341.91,334.93,341.91,5,False,,True,Yahoo Finance ^GSPC,正式推出後
1990-03-23,1990-03-19,1990-03-25,1990-03-19,1990-03-23,341.91,344.49,333.62,337.22,5,False,,True,Yahoo Finance ^GSPC,正式推出後
1990-03-30,1990-03-26,1990-04-01,1990-03-26,1990-03-30,337.22,342.58,337.03,339.94,5,False,,True,Yahoo Finance ^GSPC,正式推出後
1990-04-06,1990-04-02,1990-04-08,1990-04-02,1990-04-06,339.94,344.12,336.33,340.08,5,False,,True,Yahoo Finance ^GSPC,正式推出後
1990-04-12,1990-04-09,1990-04-15,1990-04-09,1990-04-12,340.08,344.79,339.88,344.34,4,False,,True,Yahoo Finance ^GSPC,正式推出後
1990-04-20,1990-04-16,1990-04-22,1990-04-16,1990-04-20,344.34,347.30,333.41,335.12,5,False,,True,Yahoo Finance ^GSPC,正式推出後
1990-04-27,1990-04-23,1990-04-29,1990-04-23,1990-04-27,335.12,335.12,328.71,329.11,5,False,,True,Yahoo Finance ^GSPC,正式推出後
1990-05-04,1990-04-30,1990-05-06,1990-04-30,1990-05-04,329.11,338.46,327.76,338.39,5,False,,True,Yahoo Finance ^GSPC,正式推出後
1990-05-11,1990-05-07,1990-05-13,1990-05-07,1990-05-11,338.39,352.31,338.11,352.00,5,False,,True,Yahoo Finance ^GSPC,正式推出後
1990-05-18,1990-05-14,1990-05-20,1990-05-14,1990-05-18,352.00,358.41,351.95,354.64,5,False,,True,Yahoo Finance ^GSPC,正式推出後
1990-05-25,1990-05-21,1990-05-27,1990-05-21,1990-05-25,354.64,360.50,353.78,354.58,5,False,,True,Yahoo Finance ^GSPC,正式推出後
1990-06-01,1990-05-28,1990-06-03,1990-05-29,1990-06-01,354.58,363.52,354.55,363.16,4,False,,True,Yahoo Finance ^GSPC,正式推出後
1990-06-08,1990-06-04,1990-06-10,1990-06-04,1990-06-08,363.16,368.78,357.68,358.71,5,False,,True,Yahoo Finance ^GSPC,正式推出後
1990-06-15,1990-06-11,1990-06-17,1990-06-11,1990-06-15,358.71,367.27,357.70,362.91,5,False,,True,Yahoo Finance ^GSPC,正式推出後
1990-06-22,1990-06-18,1990-06-24,1990-06-18,1990-06-22,362.91,363.20,355.31,355.43,5,False,,True,Yahoo Finance ^GSPC,正式推出後
1990-06-29,1990-06-25,1990-07-01,1990-06-25,1990-06-29,355.42,359.09,351.23,358.02,5,False,,True,Yahoo Finance ^GSPC,正式推出後
1990-07-06,1990-07-02,1990-07-08,1990-07-02,1990-07-06,358.02,360.73,354.64,358.42,4,False,,True,Yahoo Finance ^GSPC,正式推出後
1990-07-13,1990-07-09,1990-07-15,1990-07-09,1990-07-13,358.42,369.68,356.41,367.31,5,False,,True,Yahoo Finance ^GSPC,正式推出後
1990-07-20,1990-07-16,1990-07-22,1990-07-16,1990-07-20,367.31,369.78,361.29,361.61,5,False,,True,Yahoo Finance ^GSPC,正式推出後
1990-07-27,1990-07-23,1990-07-29,1990-07-23,1990-07-27,361.61,361.61,350.09,353.44,5,False,,True,Yahoo Finance ^GSPC,正式推出後
1990-08-03,1990-07-30,1990-08-05,1990-07-30,1990-08-03,353.44,357.54,338.20,344.86,5,False,,True,Yahoo Finance ^GSPC,正式推出後
1990-08-10,1990-08-06,1990-08-12,1990-08-06,1990-08-10,344.86,344.86,332.22,335.52,5,False,,True,Yahoo Finance ^GSPC,正式推出後
1990-08-17,1990-08-13,1990-08-19,1990-08-13,1990-08-17,335.39,341.92,324.63,327.83,5,False,,True,Yahoo Finance ^GSPC,正式推出後
1990-08-24,1990-08-20,1990-08-26,1990-08-20,1990-08-24,327.83,329.90,306.18,311.51,5,False,,True,Yahoo Finance ^GSPC,正式推出後
1990-08-31,1990-08-27,1990-09-02,1990-08-27,1990-08-31,311.55,325.83,311.55,322.56,5,False,,True,Yahoo Finance ^GSPC,正式推出後
1990-09-07,1990-09-03,1990-09-09,1990-09-04,1990-09-07,322.56,324.52,319.11,323.40,4,False,,True,Yahoo Finance ^GSPC,正式推出後
1990-09-14,1990-09-10,1990-09-16,1990-09-10,1990-09-14,323.42,326.53,314.76,316.83,5,False,,True,Yahoo Finance ^GSPC,正式推出後
1990-09-21,1990-09-17,1990-09-23,1990-09-17,1990-09-21,316.83,319.35,307.98,311.32,5,False,,True,Yahoo Finance ^GSPC,正式推出後
1990-09-28,1990-09-24,1990-09-30,1990-09-24,1990-09-28,311.30,311.30,295.98,306.05,5,False,,True,Yahoo Finance ^GSPC,正式推出後
1990-10-05,1990-10-01,1990-10-07,1990-10-01,1990-10-05,306.10,319.69,305.76,311.50,5,False,,True,Yahoo Finance ^GSPC,正式推出後
1990-10-12,1990-10-08,1990-10-14,1990-10-08,1990-10-12,311.50,315.03,294.51,300.03,5,False,,True,Yahoo Finance ^GSPC,正式推出後
1990-10-19,1990-10-15,1990-10-21,1990-10-15,1990-10-19,300.03,312.48,296.41,312.48,5,False,,True,Yahoo Finance ^GSPC,正式推出後
1990-10-26,1990-10-22,1990-10-28,1990-10-22,1990-10-26,312.48,315.83,304.71,304.71,5,False,,True,Yahoo Finance ^GSPC,正式推出後
1990-11-02,1990-10-29,1990-11-04,1990-10-29,1990-11-02,304.74,311.94,299.44,311.85,5,False,,True,Yahoo Finance ^GSPC,正式推出後
1990-11-09,1990-11-05,1990-11-11,1990-11-05,1990-11-09,311.85,314.76,305.03,313.74,5,False,,True,Yahoo Finance ^GSPC,正式推出後
1990-11-16,1990-11-12,1990-11-18,1990-11-12,1990-11-16,313.74,321.70,313.73,317.12,5,False,,True,Yahoo Finance ^GSPC,正式推出後
1990-11-23,1990-11-19,1990-11-25,1990-11-19,1990-11-23,317.15,319.39,312.42,315.10,4,False,,True,Yahoo Finance ^GSPC,正式推出後
1990-11-30,1990-11-26,1990-12-02,1990-11-26,1990-11-30,315.08,323.02,311.48,322.22,5,False,,True,Yahoo Finance ^GSPC,正式推出後
1990-12-07,1990-12-03,1990-12-09,1990-12-03,1990-12-07,322.23,333.98,321.97,327.75,5,False,,True,Yahoo Finance ^GSPC,正式推出後
1990-12-14,1990-12-10,1990-12-16,1990-12-10,1990-12-14,327.75,330.58,325.16,326.82,5,False,,True,Yahoo Finance ^GSPC,正式推出後
1990-12-21,1990-12-17,1990-12-23,1990-12-17,1990-12-21,326.82,332.47,324.46,331.75,5,False,,True,Yahoo Finance ^GSPC,正式推出後
1990-12-28,1990-12-24,1990-12-30,1990-12-24,1990-12-28,331.74,331.74,327.24,328.72,4,False,,True,Yahoo Finance ^GSPC,正式推出後
1991-01-04,1990-12-31,1991-01-06,1990-12-31,1991-01-04,328.71,330.75,318.87,321.00,4,False,,True,Yahoo Finance ^GSPC,正式推出後
1991-01-11,1991-01-07,1991-01-13,1991-01-07,1991-01-11,320.97,320.97,310.93,315.23,5,False,,True,Yahoo Finance ^GSPC,正式推出後
1991-01-18,1991-01-14,1991-01-20,1991-01-14,1991-01-18,315.23,332.23,309.35,332.23,5,False,,True,Yahoo Finance ^GSPC,正式推出後
1991-01-25,1991-01-21,1991-01-27,1991-01-21,1991-01-25,332.23,336.92,327.83,336.07,5,False,,True,Yahoo Finance ^GSPC,正式推出後
1991-02-01,1991-01-28,1991-02-03,1991-01-28,1991-02-01,336.06,344.90,334.26,343.05,5,False,,True,Yahoo Finance ^GSPC,正式推出後
1991-02-08,1991-02-04,1991-02-10,1991-02-04,1991-02-08,343.05,363.43,342.96,359.35,5,False,,True,Yahoo Finance ^GSPC,正式推出後
1991-02-15,1991-02-11,1991-02-17,1991-02-11,1991-02-15,359.36,370.54,359.32,369.06,5,False,,True,Yahoo Finance ^GSPC,正式推出後
1991-02-22,1991-02-18,1991-02-24,1991-02-19,1991-02-22,369.06,370.96,364.23,365.65,4,False,,True,Yahoo Finance ^GSPC,正式推出後
1991-03-01,1991-02-25,1991-03-03,1991-02-25,1991-03-01,365.65,370.47,362.19,370.47,5,False,,True,Yahoo Finance ^GSPC,正式推出後
1991-03-08,1991-03-04,1991-03-10,1991-03-04,1991-03-08,370.47,379.66,369.07,374.95,5,False,,True,Yahoo Finance ^GSPC,正式推出後
1991-03-15,1991-03-11,1991-03-17,1991-03-11,1991-03-15,374.94,378.28,369.55,373.59,5,False,,True,Yahoo Finance ^GSPC,正式推出後
1991-03-22,1991-03-18,1991-03-24,1991-03-18,1991-03-22,373.59,374.09,365.58,367.48,5,False,,True,Yahoo Finance ^GSPC,正式推出後
1991-03-28,1991-03-25,1991-03-31,1991-03-25,1991-03-28,367.48,378.48,367.46,375.22,4,False,,True,Yahoo Finance ^GSPC,正式推出後
1991-04-05,1991-04-01,1991-04-07,1991-04-01,1991-04-05,375.22,381.88,370.27,375.36,5,False,,True,Yahoo Finance ^GSPC,正式推出後
1991-04-12,1991-04-08,1991-04-14,1991-04-08,1991-04-12,375.35,381.07,371.21,380.40,5,False,,True,Yahoo Finance ^GSPC,正式推出後
1991-04-19,1991-04-15,1991-04-21,1991-04-15,1991-04-19,380.40,391.26,378.78,384.20,5,False,,True,Yahoo Finance ^GSPC,正式推出後
1991-04-26,1991-04-22,1991-04-28,1991-04-22,1991-04-26,384.19,384.19,376.77,379.02,5,False,,True,Yahoo Finance ^GSPC,正式推出後
1991-05-03,1991-04-29,1991-05-05,1991-04-29,1991-05-03,379.01,382.14,373.01,380.80,5,False,,True,Yahoo Finance ^GSPC,正式推出後
1991-05-10,1991-05-06,1991-05-12,1991-05-06,1991-05-10,380.78,383.91,375.61,375.74,5,False,,True,Yahoo Finance ^GSPC,正式推出後
1991-05-17,1991-05-13,1991-05-19,1991-05-13,1991-05-17,375.74,377.02,365.83,372.39,5,False,,True,Yahoo Finance ^GSPC,正式推出後
1991-05-24,1991-05-20,1991-05-26,1991-05-20,1991-05-24,372.39,378.08,371.26,377.49,5,False,,True,Yahoo Finance ^GSPC,正式推出後
1991-05-31,1991-05-27,1991-06-02,1991-05-28,1991-05-31,377.49,389.85,377.12,389.83,4,False,,True,Yahoo Finance ^GSPC,正式推出後
1991-06-07,1991-06-03,1991-06-09,1991-06-03,1991-06-07,389.81,389.81,378.76,379.43,5,False,,True,Yahoo Finance ^GSPC,正式推出後
1991-06-14,1991-06-10,1991-06-16,1991-06-10,1991-06-14,379.43,382.30,374.46,382.29,5,False,,True,Yahoo Finance ^GSPC,正式推出後
1991-06-21,1991-06-17,1991-06-23,1991-06-17,1991-06-21,382.30,382.31,373.87,377.75,5,False,,True,Yahoo Finance ^GSPC,正式推出後
1991-06-28,1991-06-24,1991-06-30,1991-06-24,1991-06-28,377.74,377.74,367.98,371.16,5,False,,True,Yahoo Finance ^GSPC,正式推出後
1991-07-05,1991-07-01,1991-07-07,1991-07-01,1991-07-05,371.18,377.93,371.18,374.08,4,False,,True,Yahoo Finance ^GSPC,正式推出後
1991-07-12,1991-07-08,1991-07-14,1991-07-08,1991-07-12,374.09,381.41,370.92,380.25,5,False,,True,Yahoo Finance ^GSPC,正式推出後
1991-07-19,1991-07-15,1991-07-21,1991-07-15,1991-07-19,380.28,385.83,380.24,384.22,5,False,,True,Yahoo Finance ^GSPC,正式推出後
1991-07-26,1991-07-22,1991-07-28,1991-07-22,1991-07-26,384.21,384.86,378.15,380.93,5,False,,True,Yahoo Finance ^GSPC,正式推出後
1991-08-02,1991-07-29,1991-08-04,1991-07-29,1991-08-02,380.93,389.56,380.45,387.18,5,False,,True,Yahoo Finance ^GSPC,正式推出後
1991-08-09,1991-08-05,1991-08-11,1991-08-05,1991-08-09,387.17,391.80,384.29,387.12,5,False,,True,Yahoo Finance ^GSPC,正式推出後
1991-08-16,1991-08-12,1991-08-18,1991-08-12,1991-08-16,387.11,392.12,383.16,385.58,5,False,,True,Yahoo Finance ^GSPC,正式推出後
1991-08-23,1991-08-19,1991-08-25,1991-08-19,1991-08-23,385.58,395.34,374.09,394.17,5,False,,True,Yahoo Finance ^GSPC,正式推出後
1991-08-30,1991-08-26,1991-09-01,1991-08-26,1991-08-30,394.17,396.82,391.77,395.43,5,False,,True,Yahoo Finance ^GSPC,正式推出後
1991-09-06,1991-09-02,1991-09-08,1991-09-03,1991-09-06,395.43,397.62,387.36,389.10,4,False,,True,Yahoo Finance ^GSPC,正式推出後
1991-09-13,1991-09-09,1991-09-15,1991-09-09,1991-09-13,389.11,389.34,382.85,383.59,5,False,,True,Yahoo Finance ^GSPC,正式推出後
1991-09-20,1991-09-16,1991-09-22,1991-09-16,1991-09-20,383.59,389.42,382.77,387.92,5,False,,True,Yahoo Finance ^GSPC,正式推出後
1991-09-27,1991-09-23,1991-09-29,1991-09-23,1991-09-27,387.90,389.09,384.46,385.90,5,False,,True,Yahoo Finance ^GSPC,正式推出後
1991-10-04,1991-09-30,1991-10-06,1991-09-30,1991-10-04,385.91,390.03,381.24,381.25,5,False,,True,Yahoo Finance ^GSPC,正式推出後
1991-10-11,1991-10-07,1991-10-13,1991-10-07,1991-10-11,381.22,381.46,376.11,381.45,5,False,,True,Yahoo Finance ^GSPC,正式推出後
1991-10-18,1991-10-14,1991-10-20,1991-10-14,1991-10-18,381.45,393.81,381.45,392.50,5,False,,True,Yahoo Finance ^GSPC,正式推出後
1991-10-25,1991-10-21,1991-10-27,1991-10-21,1991-10-25,392.49,392.49,382.97,384.20,5,False,,True,Yahoo Finance ^GSPC,正式推出後
1991-11-01,1991-10-28,1991-11-03,1991-10-28,1991-11-01,384.20,395.10,384.20,391.32,5,False,,True,Yahoo Finance ^GSPC,正式推出後
1991-11-08,1991-11-04,1991-11-10,1991-11-04,1991-11-08,391.29,396.43,387.58,392.89,5,False,,True,Yahoo Finance ^GSPC,正式推出後
1991-11-15,1991-11-11,1991-11-17,1991-11-11,1991-11-15,392.90,398.22,382.62,382.62,5,False,,True,Yahoo Finance ^GSPC,正式推出後
1991-11-22,1991-11-18,1991-11-24,1991-11-18,1991-11-22,382.62,385.40,374.52,376.14,5,False,,True,Yahoo Finance ^GSPC,正式推出後
1991-11-29,1991-11-25,1991-12-01,1991-11-25,1991-11-29,376.14,378.29,371.63,375.22,4,False,,True,Yahoo Finance ^GSPC,正式推出後
1991-12-06,1991-12-02,1991-12-08,1991-12-02,1991-12-06,375.11,382.39,371.36,379.10,5,False,,True,Yahoo Finance ^GSPC,正式推出後
1991-12-13,1991-12-09,1991-12-15,1991-12-09,1991-12-13,379.09,385.04,374.78,384.47,5,False,,True,Yahoo Finance ^GSPC,正式推出後
1991-12-20,1991-12-16,1991-12-22,1991-12-16,1991-12-20,384.48,388.24,380.64,387.04,5,False,,True,Yahoo Finance ^GSPC,正式推出後
1991-12-27,1991-12-23,1991-12-29,1991-12-23,1991-12-27,387.05,406.58,386.96,406.46,4,False,,True,Yahoo Finance ^GSPC,正式推出後
1992-01-03,1991-12-30,1992-01-05,1991-12-30,1992-01-03,406.49,419.79,406.49,419.34,4,False,,True,Yahoo Finance ^GSPC,正式推出後
1992-01-10,1992-01-06,1992-01-12,1992-01-06,1992-01-10,419.31,420.50,413.31,415.10,5,False,,True,Yahoo Finance ^GSPC,正式推出後
1992-01-17,1992-01-13,1992-01-19,1992-01-13,1992-01-17,415.05,421.18,413.54,418.86,5,False,,True,Yahoo Finance ^GSPC,正式推出後
1992-01-24,1992-01-20,1992-01-26,1992-01-20,1992-01-24,418.86,419.78,411.32,415.48,5,False,,True,Yahoo Finance ^GSPC,正式推出後
1992-01-31,1992-01-27,1992-02-02,1992-01-27,1992-01-31,415.44,417.83,408.64,408.78,5,False,,True,Yahoo Finance ^GSPC,正式推出後
1992-02-07,1992-02-03,1992-02-09,1992-02-03,1992-02-07,408.79,416.17,407.45,411.09,5,False,,True,Yahoo Finance ^GSPC,正式推出後
1992-02-14,1992-02-10,1992-02-16,1992-02-10,1992-02-14,411.07,418.08,411.07,412.48,5,False,,True,Yahoo Finance ^GSPC,正式推出後
1992-02-21,1992-02-17,1992-02-23,1992-02-18,1992-02-21,412.48,414.26,406.34,411.43,4,False,,True,Yahoo Finance ^GSPC,正式推出後
1992-02-28,1992-02-24,1992-03-01,1992-02-24,1992-02-28,411.46,416.07,408.02,412.70,5,False,,True,Yahoo Finance ^GSPC,正式推出後
1992-03-06,1992-03-02,1992-03-08,1992-03-02,1992-03-06,412.68,413.78,403.65,404.44,5,False,,True,Yahoo Finance ^GSPC,正式推出後
1992-03-13,1992-03-09,1992-03-15,1992-03-09,1992-03-13,404.45,409.16,401.94,405.84,5,False,,True,Yahoo Finance ^GSPC,正式推出後
1992-03-20,1992-03-16,1992-03-22,1992-03-16,1992-03-20,405.85,411.30,403.55,411.30,5,False,,True,Yahoo Finance ^GSPC,正式推出後
1992-03-27,1992-03-23,1992-03-29,1992-03-23,1992-03-27,411.29,411.43,402.87,403.50,5,False,,True,Yahoo Finance ^GSPC,正式推出後
1992-04-03,1992-03-30,1992-04-05,1992-03-30,1992-04-03,403.50,405.21,398.21,401.55,5,False,,True,Yahoo Finance ^GSPC,正式推出後
1992-04-10,1992-04-06,1992-04-12,1992-04-06,1992-04-10,401.54,405.93,392.41,404.29,5,False,,True,Yahoo Finance ^GSPC,正式推出後
1992-04-16,1992-04-13,1992-04-19,1992-04-13,1992-04-16,404.28,416.28,403.90,416.04,4,False,,True,Yahoo Finance ^GSPC,正式推出後
1992-04-24,1992-04-20,1992-04-26,1992-04-20,1992-04-24,416.05,416.05,406.86,409.02,5,False,,True,Yahoo Finance ^GSPC,正式推出後
1992-05-01,1992-04-27,1992-05-03,1992-04-27,1992-05-01,409.03,415.21,406.33,412.53,5,False,,True,Yahoo Finance ^GSPC,正式推出後
1992-05-08,1992-05-04,1992-05-10,1992-05-04,1992-05-08,412.54,418.53,412.54,416.05,5,False,,True,Yahoo Finance ^GSPC,正式推出後
1992-05-15,1992-05-11,1992-05-17,1992-05-11,1992-05-15,416.05,418.75,409.85,410.09,5,False,,True,Yahoo Finance ^GSPC,正式推出後
1992-05-22,1992-05-18,1992-05-24,1992-05-18,1992-05-22,410.13,416.83,410.13,414.02,5,False,,True,Yahoo Finance ^GSPC,正式推出後
1992-05-29,1992-05-25,1992-05-31,1992-05-26,1992-05-29,414.02,418.36,410.23,415.35,4,False,,True,Yahoo Finance ^GSPC,正式推出後
1992-06-05,1992-06-01,1992-06-07,1992-06-01,1992-06-05,415.35,417.30,410.97,413.48,5,False,,True,Yahoo Finance ^GSPC,正式推出後
1992-06-12,1992-06-08,1992-06-14,1992-06-08,1992-06-12,413.48,413.95,406.11,409.76,5,False,,True,Yahoo Finance ^GSPC,正式推出後
1992-06-19,1992-06-15,1992-06-21,1992-06-15,1992-06-19,409.76,411.68,400.51,403.67,5,False,,True,Yahoo Finance ^GSPC,正式推出後
1992-06-26,1992-06-22,1992-06-28,1992-06-22,1992-06-26,403.64,405.53,399.92,403.45,5,False,,True,Yahoo Finance ^GSPC,正式推出後
1992-07-02,1992-06-29,1992-07-05,1992-06-29,1992-07-02,403.47,415.71,403.47,411.77,4,False,,True,Yahoo Finance ^GSPC,正式推出後
1992-07-10,1992-07-06,1992-07-12,1992-07-06,1992-07-10,411.77,415.88,407.20,414.62,5,False,,True,Yahoo Finance ^GSPC,正式推出後
1992-07-17,1992-07-13,1992-07-19,1992-07-13,1992-07-17,414.62,417.93,412.96,415.62,5,False,,True,Yahoo Finance ^GSPC,正式推出後
1992-07-24,1992-07-20,1992-07-26,1992-07-20,1992-07-24,415.62,415.62,409.81,411.60,5,False,,True,Yahoo Finance ^GSPC,正式推出後
1992-07-31,1992-07-27,1992-08-02,1992-07-27,1992-07-31,411.60,424.80,411.27,424.21,5,False,,True,Yahoo Finance ^GSPC,正式推出後
1992-08-07,1992-08-03,1992-08-09,1992-08-03,1992-08-07,424.19,425.14,418.51,418.88,5,False,,True,Yahoo Finance ^GSPC,正式推出後
1992-08-14,1992-08-10,1992-08-16,1992-08-10,1992-08-14,418.87,420.40,416.40,419.91,5,False,,True,Yahoo Finance ^GSPC,正式推出後
1992-08-21,1992-08-17,1992-08-23,1992-08-17,1992-08-21,419.89,421.89,413.58,414.85,5,False,,True,Yahoo Finance ^GSPC,正式推出後
1992-08-28,1992-08-24,1992-08-30,1992-08-24,1992-08-28,414.80,415.83,408.30,414.84,5,False,,True,Yahoo Finance ^GSPC,正式推出後
1992-09-04,1992-08-31,1992-09-06,1992-08-31,1992-09-04,414.87,420.31,413.35,417.08,5,False,,True,Yahoo Finance ^GSPC,正式推出後
1992-09-11,1992-09-07,1992-09-13,1992-09-08,1992-09-11,417.08,420.58,414.30,419.58,4,False,,True,Yahoo Finance ^GSPC,正式推出後
1992-09-18,1992-09-14,1992-09-20,1992-09-14,1992-09-18,419.65,425.27,417.77,422.93,5,False,,True,Yahoo Finance ^GSPC,正式推出後
1992-09-25,1992-09-21,1992-09-27,1992-09-21,1992-09-25,422.90,422.90,412.71,414.35,5,False,,True,Yahoo Finance ^GSPC,正式推出後
1992-10-02,1992-09-28,1992-10-04,1992-09-28,1992-10-02,414.35,418.67,410.45,410.47,5,False,,True,Yahoo Finance ^GSPC,正式推出後
1992-10-09,1992-10-05,1992-10-11,1992-10-05,1992-10-09,410.47,410.47,396.80,402.66,5,False,,True,Yahoo Finance ^GSPC,正式推出後
1992-10-16,1992-10-12,1992-10-18,1992-10-12,1992-10-16,402.66,411.73,402.66,411.73,5,False,,True,Yahoo Finance ^GSPC,正式推出後
1992-10-23,1992-10-19,1992-10-25,1992-10-19,1992-10-23,411.73,417.98,410.66,414.10,5,False,,True,Yahoo Finance ^GSPC,正式推出後
1992-10-30,1992-10-26,1992-11-01,1992-10-26,1992-10-30,414.09,421.16,413.71,418.68,5,False,,True,Yahoo Finance ^GSPC,正式推出後
1992-11-06,1992-11-02,1992-11-08,1992-11-02,1992-11-06,418.66,422.81,415.58,417.58,5,False,,True,Yahoo Finance ^GSPC,正式推出後
1992-11-13,1992-11-09,1992-11-15,1992-11-09,1992-11-13,417.58,423.10,416.79,422.43,5,False,,True,Yahoo Finance ^GSPC,正式推出後
1992-11-20,1992-11-16,1992-11-22,1992-11-16,1992-11-20,422.44,426.98,418.31,426.65,5,False,,True,Yahoo Finance ^GSPC,正式推出後
1992-11-27,1992-11-23,1992-11-29,1992-11-23,1992-11-27,426.65,431.93,424.83,430.16,4,False,,True,Yahoo Finance ^GSPC,正式推出後
1992-12-04,1992-11-30,1992-12-06,1992-11-30,1992-12-04,430.19,432.89,428.61,432.06,5,False,,True,Yahoo Finance ^GSPC,正式推出後
1992-12-11,1992-12-07,1992-12-13,1992-12-07,1992-12-11,432.06,436.99,432.06,433.73,5,False,,True,Yahoo Finance ^GSPC,正式推出後
1992-12-18,1992-12-14,1992-12-20,1992-12-14,1992-12-18,433.73,441.29,430.88,441.28,5,False,,True,Yahoo Finance ^GSPC,正式推出後
1992-12-24,1992-12-21,1992-12-27,1992-12-21,1992-12-24,441.26,441.64,438.25,439.77,4,False,,True,Yahoo Finance ^GSPC,正式推出後
1992-12-31,1992-12-28,1993-01-03,1992-12-28,1992-12-31,439.77,442.65,435.71,435.71,4,False,,True,Yahoo Finance ^GSPC,正式推出後
1993-01-08,1993-01-04,1993-01-10,1993-01-04,1993-01-08,435.70,437.32,426.88,429.05,5,False,,True,Yahoo Finance ^GSPC,正式推出後
1993-01-15,1993-01-11,1993-01-17,1993-01-11,1993-01-15,429.04,439.49,428.19,437.15,5,False,,True,Yahoo Finance ^GSPC,正式推出後
1993-01-22,1993-01-18,1993-01-24,1993-01-18,1993-01-22,437.13,437.81,432.48,436.11,5,False,,True,Yahoo Finance ^GSPC,正式推出後
1993-01-29,1993-01-25,1993-01-31,1993-01-25,1993-01-29,436.11,442.66,436.11,438.78,5,False,,True,Yahoo Finance ^GSPC,正式推出後
1993-02-05,1993-02-01,1993-02-07,1993-02-01,1993-02-05,438.78,449.86,438.78,448.93,5,False,,True,Yahoo Finance ^GSPC,正式推出後
1993-02-12,1993-02-08,1993-02-14,1993-02-08,1993-02-12,448.94,450.04,444.24,444.58,5,False,,True,Yahoo Finance ^GSPC,正式推出後
1993-02-19,1993-02-15,1993-02-21,1993-02-16,1993-02-19,444.53,444.53,428.25,434.22,4,False,,True,Yahoo Finance ^GSPC,正式推出後
1993-02-26,1993-02-22,1993-02-28,1993-02-22,1993-02-26,434.21,443.77,432.41,443.38,5,False,,True,Yahoo Finance ^GSPC,正式推出後
1993-03-05,1993-03-01,1993-03-07,1993-03-01,1993-03-05,443.38,450.00,441.07,446.11,5,False,,True,Yahoo Finance ^GSPC,正式推出後
1993-03-12,1993-03-08,1993-03-14,1993-03-08,1993-03-12,446.12,456.76,446.12,449.83,5,False,,True,Yahoo Finance ^GSPC,正式推出後
1993-03-19,1993-03-15,1993-03-21,1993-03-15,1993-03-19,449.83,453.32,447.99,450.18,5,False,,True,Yahoo Finance ^GSPC,正式推出後
1993-03-26,1993-03-22,1993-03-28,1993-03-22,1993-03-26,450.17,452.09,446.08,447.78,5,False,,True,Yahoo Finance ^GSPC,正式推出後
1993-04-02,1993-03-29,1993-04-04,1993-03-29,1993-04-02,447.76,454.88,440.71,441.39,5,False,,True,Yahoo Finance ^GSPC,正式推出後
1993-04-08,1993-04-05,1993-04-11,1993-04-05,1993-04-08,441.42,443.77,439.48,441.84,4,False,,True,Yahoo Finance ^GSPC,正式推出後
1993-04-16,1993-04-12,1993-04-18,1993-04-12,1993-04-16,441.84,450.40,441.84,448.94,5,False,,True,Yahoo Finance ^GSPC,正式推出後
1993-04-23,1993-04-19,1993-04-25,1993-04-19,1993-04-23,448.94,449.14,436.82,437.03,5,False,,True,Yahoo Finance ^GSPC,正式推出後
1993-04-30,1993-04-26,1993-05-02,1993-04-26,1993-04-30,437.03,442.29,432.30,440.19,5,False,,True,Yahoo Finance ^GSPC,正式推出後
1993-05-07,1993-05-03,1993-05-09,1993-05-03,1993-05-07,440.19,446.09,438.25,442.31,5,False,,True,Yahoo Finance ^GSPC,正式推出後
1993-05-14,1993-05-10,1993-05-16,1993-05-10,1993-05-14,442.34,445.42,438.10,439.56,5,False,,True,Yahoo Finance ^GSPC,正式推出後
1993-05-21,1993-05-17,1993-05-23,1993-05-17,1993-05-21,439.56,450.59,436.86,445.84,5,False,,True,Yahoo Finance ^GSPC,正式推出後
1993-05-28,1993-05-24,1993-05-30,1993-05-24,1993-05-28,445.84,454.55,445.26,450.19,5,False,,True,Yahoo Finance ^GSPC,正式推出後
1993-06-04,1993-05-31,1993-06-06,1993-06-01,1993-06-04,450.23,455.63,448.92,450.06,4,False,,True,Yahoo Finance ^GSPC,正式推出後
1993-06-11,1993-06-07,1993-06-13,1993-06-07,1993-06-11,450.07,450.75,444.09,447.26,5,False,,True,Yahoo Finance ^GSPC,正式推出後
1993-06-18,1993-06-14,1993-06-20,1993-06-14,1993-06-18,447.26,448.98,443.61,443.68,5,False,,True,Yahoo Finance ^GSPC,正式推出後
1993-06-25,1993-06-21,1993-06-27,1993-06-21,1993-06-25,443.68,448.64,442.50,447.60,5,False,,True,Yahoo Finance ^GSPC,正式推出後
1993-07-02,1993-06-28,1993-07-04,1993-06-28,1993-07-02,447.60,451.90,445.20,445.84,5,False,,True,Yahoo Finance ^GSPC,正式推出後
1993-07-09,1993-07-05,1993-07-11,1993-07-06,1993-07-09,445.86,448.94,441.40,448.11,4,False,,True,Yahoo Finance ^GSPC,正式推出後
1993-07-16,1993-07-12,1993-07-18,1993-07-12,1993-07-16,448.13,451.12,445.66,445.75,5,False,,True,Yahoo Finance ^GSPC,正式推出後
1993-07-23,1993-07-19,1993-07-25,1993-07-19,1993-07-23,445.75,447.63,443.71,447.10,5,False,,True,Yahoo Finance ^GSPC,正式推出後
1993-07-30,1993-07-26,1993-08-01,1993-07-26,1993-07-30,447.06,450.77,446.59,448.13,5,False,,True,Yahoo Finance ^GSPC,正式推出後
1993-08-06,1993-08-02,1993-08-08,1993-08-02,1993-08-06,448.13,450.43,446.94,448.68,5,False,,True,Yahoo Finance ^GSPC,正式推出後
1993-08-13,1993-08-09,1993-08-15,1993-08-09,1993-08-13,448.68,451.63,447.53,450.14,5,False,,True,Yahoo Finance ^GSPC,正式推出後
1993-08-20,1993-08-16,1993-08-22,1993-08-16,1993-08-20,450.25,456.99,450.25,456.16,5,False,,True,Yahoo Finance ^GSPC,正式推出後
1993-08-27,1993-08-23,1993-08-29,1993-08-23,1993-08-27,456.12,462.87,454.29,460.54,5,False,,True,Yahoo Finance ^GSPC,正式推出後
1993-09-03,1993-08-30,1993-09-05,1993-08-30,1993-09-03,460.54,463.80,459.91,461.34,5,False,,True,Yahoo Finance ^GSPC,正式推出後
1993-09-10,1993-09-06,1993-09-12,1993-09-07,1993-09-10,461.34,462.07,453.75,461.72,4,False,,True,Yahoo Finance ^GSPC,正式推出後
1993-09-17,1993-09-13,1993-09-19,1993-09-13,1993-09-17,461.70,463.38,456.31,458.83,5,False,,True,Yahoo Finance ^GSPC,正式推出後
1993-09-24,1993-09-20,1993-09-26,1993-09-20,1993-09-24,458.84,459.91,449.64,457.63,5,False,,True,Yahoo Finance ^GSPC,正式推出後
1993-10-01,1993-09-27,1993-10-03,1993-09-27,1993-10-01,457.63,462.17,457.63,461.28,5,False,,True,Yahoo Finance ^GSPC,正式推出後
1993-10-08,1993-10-04,1993-10-10,1993-10-04,1993-10-08,461.28,463.15,456.40,460.31,5,False,,True,Yahoo Finance ^GSPC,正式推出後
1993-10-15,1993-10-11,1993-10-17,1993-10-11,1993-10-15,460.31,471.10,460.31,469.50,5,False,,True,Yahoo Finance ^GSPC,正式推出後
1993-10-22,1993-10-18,1993-10-24,1993-10-18,1993-10-22,469.50,470.04,463.27,463.27,5,False,,True,Yahoo Finance ^GSPC,正式推出後
1993-10-29,1993-10-25,1993-10-31,1993-10-25,1993-10-29,463.27,468.76,462.05,467.83,5,False,,True,Yahoo Finance ^GSPC,正式推出後
1993-11-05,1993-11-01,1993-11-07,1993-11-01,1993-11-05,467.83,469.11,454.36,459.57,5,False,,True,Yahoo Finance ^GSPC,正式推出後
1993-11-12,1993-11-08,1993-11-14,1993-11-08,1993-11-12,459.57,465.84,458.78,465.39,5,False,,True,Yahoo Finance ^GSPC,正式推出後
1993-11-19,1993-11-15,1993-11-21,1993-11-15,1993-11-19,465.39,467.24,460.03,462.60,5,False,,True,Yahoo Finance ^GSPC,正式推出後
1993-11-26,1993-11-22,1993-11-28,1993-11-22,1993-11-26,462.60,463.63,457.08,463.06,4,False,,True,Yahoo Finance ^GSPC,正式推出後
1993-12-03,1993-11-29,1993-12-05,1993-11-29,1993-12-03,463.06,464.89,460.45,464.89,5,False,,True,Yahoo Finance ^GSPC,正式推出後
1993-12-10,1993-12-06,1993-12-12,1993-12-06,1993-12-10,464.89,466.89,462.66,463.93,5,False,,True,Yahoo Finance ^GSPC,正式推出後
1993-12-17,1993-12-13,1993-12-19,1993-12-13,1993-12-17,463.93,466.38,461.84,466.38,5,False,,True,Yahoo Finance ^GSPC,正式推出後
1993-12-23,1993-12-20,1993-12-26,1993-12-20,1993-12-23,466.38,468.97,464.03,467.38,4,False,,True,Yahoo Finance ^GSPC,正式推出後
1993-12-31,1993-12-27,1994-01-02,1993-12-27,1993-12-31,467.40,471.29,466.45,466.45,5,False,,True,Yahoo Finance ^GSPC,正式推出後
1994-01-07,1994-01-03,1994-01-09,1994-01-03,1994-01-07,466.51,470.26,464.36,469.90,5,False,,True,Yahoo Finance ^GSPC,正式推出後
1994-01-14,1994-01-10,1994-01-16,1994-01-10,1994-01-14,469.90,475.32,469.55,474.91,5,False,,True,Yahoo Finance ^GSPC,正式推出後
1994-01-21,1994-01-17,1994-01-23,1994-01-17,1994-01-21,474.91,475.56,472.21,474.72,5,False,,True,Yahoo Finance ^GSPC,正式推出後
1994-01-28,1994-01-24,1994-01-30,1994-01-24,1994-01-28,474.72,479.75,470.27,478.70,5,False,,True,Yahoo Finance ^GSPC,正式推出後
1994-02-04,1994-01-31,1994-02-06,1994-01-31,1994-02-04,478.70,482.85,469.28,469.81,5,False,,True,Yahoo Finance ^GSPC,正式推出後
1994-02-11,1994-02-07,1994-02-13,1994-02-07,1994-02-11,469.81,473.41,466.89,470.18,5,False,,True,Yahoo Finance ^GSPC,正式推出後
1994-02-18,1994-02-14,1994-02-20,1994-02-14,1994-02-18,470.18,475.12,466.07,467.69,5,False,,True,Yahoo Finance ^GSPC,正式推出後
1994-02-25,1994-02-21,1994-02-27,1994-02-22,1994-02-25,467.69,472.41,464.26,466.07,4,False,,True,Yahoo Finance ^GSPC,正式推出後
1994-03-04,1994-02-28,1994-03-06,1994-02-28,1994-03-04,466.07,469.16,457.49,464.74,5,False,,True,Yahoo Finance ^GSPC,正式推出後
1994-03-11,1994-03-07,1994-03-13,1994-03-07,1994-03-11,464.74,468.07,462.46,466.44,5,False,,True,Yahoo Finance ^GSPC,正式推出後
1994-03-18,1994-03-14,1994-03-20,1994-03-14,1994-03-18,466.44,471.09,465.48,471.06,5,False,,True,Yahoo Finance ^GSPC,正式推出後
1994-03-25,1994-03-21,1994-03-27,1994-03-21,1994-03-25,471.06,471.06,460.58,460.58,5,False,,True,Yahoo Finance ^GSPC,正式推出後
1994-03-31,1994-03-28,1994-04-03,1994-03-28,1994-03-31,460.58,461.12,436.16,445.77,4,False,,True,Yahoo Finance ^GSPC,正式推出後
1994-04-08,1994-04-04,1994-04-10,1994-04-04,1994-04-08,445.66,451.10,435.86,447.10,5,False,,True,Yahoo Finance ^GSPC,正式推出後
1994-04-15,1994-04-11,1994-04-17,1994-04-11,1994-04-15,447.12,450.80,442.62,446.18,5,False,,True,Yahoo Finance ^GSPC,正式推出後
1994-04-22,1994-04-18,1994-04-24,1994-04-18,1994-04-22,446.27,449.96,438.83,447.63,5,False,,True,Yahoo Finance ^GSPC,正式推出後
1994-04-29,1994-04-25,1994-05-01,1994-04-25,1994-04-29,447.64,452.79,447.58,450.91,4,False,,True,Yahoo Finance ^GSPC,正式推出後
1994-05-06,1994-05-02,1994-05-08,1994-05-02,1994-05-06,450.91,453.98,445.64,447.82,5,False,,True,Yahoo Finance ^GSPC,正式推出後
1994-05-13,1994-05-09,1994-05-15,1994-05-09,1994-05-13,447.82,447.82,440.78,444.14,5,False,,True,Yahoo Finance ^GSPC,正式推出後
1994-05-20,1994-05-16,1994-05-22,1994-05-16,1994-05-20,444.15,456.88,443.62,454.92,5,False,,True,Yahoo Finance ^GSPC,正式推出後
1994-05-27,1994-05-23,1994-05-29,1994-05-23,1994-05-27,454.92,457.77,451.79,457.33,5,False,,True,Yahoo Finance ^GSPC,正式推出後
1994-06-03,1994-05-30,1994-06-05,1994-05-31,1994-06-03,457.32,460.86,453.99,460.13,4,False,,True,Yahoo Finance ^GSPC,正式推出後
1994-06-10,1994-06-06,1994-06-12,1994-06-06,1994-06-10,460.13,461.87,455.43,458.67,5,False,,True,Yahoo Finance ^GSPC,正式推出後
1994-06-17,1994-06-13,1994-06-19,1994-06-13,1994-06-17,458.67,463.23,457.18,458.45,5,False,,True,Yahoo Finance ^GSPC,正式推出後
1994-06-24,1994-06-20,1994-06-26,1994-06-20,1994-06-24,458.45,458.45,442.51,442.80,5,False,,True,Yahoo Finance ^GSPC,正式推出後
1994-07-01,1994-06-27,1994-07-03,1994-06-27,1994-07-01,442.78,449.83,439.83,446.20,5,False,,True,Yahoo Finance ^GSPC,正式推出後
1994-07-08,1994-07-04,1994-07-10,1994-07-05,1994-07-08,446.20,449.75,444.18,449.55,4,False,,True,Yahoo Finance ^GSPC,正式推出後
1994-07-15,1994-07-11,1994-07-17,1994-07-11,1994-07-15,449.56,454.33,444.65,454.16,5,False,,True,Yahoo Finance ^GSPC,正式推出後
1994-07-22,1994-07-18,1994-07-24,1994-07-18,1994-07-22,454.41,455.71,450.69,453.11,5,False,,True,Yahoo Finance ^GSPC,正式推出後
1994-07-29,1994-07-25,1994-07-31,1994-07-25,1994-07-29,453.10,459.33,451.36,458.26,5,False,,True,Yahoo Finance ^GSPC,正式推出後
1994-08-05,1994-08-01,1994-08-07,1994-08-01,1994-08-05,458.28,462.77,456.08,457.09,5,False,,True,Yahoo Finance ^GSPC,正式推出後
1994-08-12,1994-08-08,1994-08-14,1994-08-08,1994-08-12,457.08,462.27,456.66,461.94,5,False,,True,Yahoo Finance ^GSPC,正式推出後
1994-08-19,1994-08-15,1994-08-21,1994-08-15,1994-08-19,461.97,465.91,459.89,463.68,5,False,,True,Yahoo Finance ^GSPC,正式推出後
1994-08-26,1994-08-22,1994-08-28,1994-08-22,1994-08-26,463.61,474.65,461.46,473.80,5,False,,True,Yahoo Finance ^GSPC,正式推出後
1994-09-02,1994-08-29,1994-09-04,1994-08-29,1994-09-02,473.89,477.59,470.67,470.99,5,False,,True,Yahoo Finance ^GSPC,正式推出後
1994-09-09,1994-09-05,1994-09-11,1994-09-06,1994-09-09,471.00,473.40,466.55,468.18,4,False,,True,Yahoo Finance ^GSPC,正式推出後
1994-09-16,1994-09-12,1994-09-18,1994-09-12,1994-09-16,468.18,474.81,466.15,471.19,5,False,,True,Yahoo Finance ^GSPC,正式推出後
1994-09-23,1994-09-19,1994-09-25,1994-09-19,1994-09-23,471.21,473.15,458.47,459.67,5,False,,True,Yahoo Finance ^GSPC,正式推出後
1994-09-30,1994-09-26,1994-10-02,1994-09-26,1994-09-30,459.65,465.55,459.31,462.71,5,False,,True,Yahoo Finance ^GSPC,正式推出後
1994-10-07,1994-10-03,1994-10-09,1994-10-03,1994-10-07,462.69,463.31,449.27,455.10,5,False,,True,Yahoo Finance ^GSPC,正式推出後
1994-10-14,1994-10-10,1994-10-16,1994-10-10,1994-10-14,455.12,471.30,455.12,469.10,5,False,,True,Yahoo Finance ^GSPC,正式推出後
1994-10-21,1994-10-17,1994-10-23,1994-10-17,1994-10-21,469.11,471.43,463.83,464.89,5,False,,True,Yahoo Finance ^GSPC,正式推出後
1994-10-28,1994-10-24,1994-10-30,1994-10-24,1994-10-28,464.89,473.78,458.26,473.77,5,False,,True,Yahoo Finance ^GSPC,正式推出後
1994-11-04,1994-10-31,1994-11-06,1994-10-31,1994-11-04,473.76,474.74,462.28,462.28,5,False,,True,Yahoo Finance ^GSPC,正式推出後
1994-11-11,1994-11-07,1994-11-13,1994-11-07,1994-11-11,462.31,469.95,461.25,462.35,5,False,,True,Yahoo Finance ^GSPC,正式推出後
1994-11-18,1994-11-14,1994-11-20,1994-11-14,1994-11-18,462.44,468.51,460.25,461.47,5,False,,True,Yahoo Finance ^GSPC,正式推出後
1994-11-25,1994-11-21,1994-11-27,1994-11-21,1994-11-25,461.69,463.41,444.18,452.29,4,False,,True,Yahoo Finance ^GSPC,正式推出後
1994-12-02,1994-11-28,1994-12-04,1994-11-28,1994-12-02,452.26,457.13,447.97,453.30,5,False,,True,Yahoo Finance ^GSPC,正式推出後
1994-12-09,1994-12-05,1994-12-11,1994-12-05,1994-12-09,453.30,455.04,442.88,446.96,5,False,,True,Yahoo Finance ^GSPC,正式推出後
1994-12-16,1994-12-12,1994-12-18,1994-12-12,1994-12-16,446.95,458.80,445.62,458.80,5,False,,True,Yahoo Finance ^GSPC,正式推出後
1994-12-23,1994-12-19,1994-12-25,1994-12-19,1994-12-23,458.78,461.70,456.37,459.83,5,False,,True,Yahoo Finance ^GSPC,正式推出後
1994-12-30,1994-12-26,1995-01-01,1994-12-27,1994-12-30,459.85,462.73,459.00,459.27,4,False,,True,Yahoo Finance ^GSPC,正式推出後
1995-01-06,1995-01-02,1995-01-08,1995-01-03,1995-01-06,459.21,462.49,457.20,460.68,4,False,,True,Yahoo Finance ^GSPC,正式推出後
1995-01-13,1995-01-09,1995-01-15,1995-01-09,1995-01-13,460.67,466.43,458.65,465.97,5,False,,True,Yahoo Finance ^GSPC,正式推出後
1995-01-20,1995-01-16,1995-01-22,1995-01-16,1995-01-20,465.97,470.43,463.99,464.78,5,False,,True,Yahoo Finance ^GSPC,正式推出後
1995-01-27,1995-01-23,1995-01-29,1995-01-23,1995-01-27,464.78,471.36,461.14,470.39,5,False,,True,Yahoo Finance ^GSPC,正式推出後
1995-02-03,1995-01-30,1995-02-05,1995-01-30,1995-02-03,470.39,479.91,467.49,478.65,5,False,,True,Yahoo Finance ^GSPC,正式推出後
1995-02-10,1995-02-06,1995-02-12,1995-02-06,1995-02-10,478.64,482.60,478.36,481.46,5,False,,True,Yahoo Finance ^GSPC,正式推出後
1995-02-17,1995-02-13,1995-02-19,1995-02-13,1995-02-17,481.46,485.54,480.89,481.97,5,False,,True,Yahoo Finance ^GSPC,正式推出後
1995-02-24,1995-02-20,1995-02-26,1995-02-21,1995-02-24,481.95,489.19,481.94,488.11,4,False,,True,Yahoo Finance ^GSPC,正式推出後
1995-03-03,1995-02-27,1995-03-05,1995-02-27,1995-03-03,488.26,488.26,483.07,485.42,5,False,,True,Yahoo Finance ^GSPC,正式推出後
1995-03-10,1995-03-06,1995-03-12,1995-03-06,1995-03-10,485.42,490.37,479.70,489.57,5,False,,True,Yahoo Finance ^GSPC,正式推出後
1995-03-17,1995-03-13,1995-03-19,1995-03-13,1995-03-17,489.57,496.67,489.35,495.52,5,False,,True,Yahoo Finance ^GSPC,正式推出後
1995-03-24,1995-03-20,1995-03-26,1995-03-20,1995-03-24,495.52,500.97,493.67,500.97,5,False,,True,Yahoo Finance ^GSPC,正式推出後
1995-03-31,1995-03-27,1995-04-02,1995-03-27,1995-03-31,500.97,508.15,495.70,500.71,5,False,,True,Yahoo Finance ^GSPC,正式推出後
1995-04-07,1995-04-03,1995-04-09,1995-04-03,1995-04-07,500.70,507.19,500.20,506.42,5,False,,True,Yahoo Finance ^GSPC,正式推出後
1995-04-13,1995-04-10,1995-04-16,1995-04-10,1995-04-13,506.30,509.83,504.61,509.23,4,False,,True,Yahoo Finance ^GSPC,正式推出後
1995-04-21,1995-04-17,1995-04-23,1995-04-17,1995-04-21,509.23,512.03,501.19,508.49,5,False,,True,Yahoo Finance ^GSPC,正式推出後
1995-04-28,1995-04-24,1995-04-30,1995-04-24,1995-04-28,508.49,515.29,507.44,514.71,5,False,,True,Yahoo Finance ^GSPC,正式推出後
1995-05-05,1995-05-01,1995-05-07,1995-05-01,1995-05-05,514.76,525.40,513.03,520.12,5,False,,True,Yahoo Finance ^GSPC,正式推出後
1995-05-12,1995-05-08,1995-05-14,1995-05-08,1995-05-12,520.09,527.05,519.14,525.55,5,False,,True,Yahoo Finance ^GSPC,正式推出後
1995-05-19,1995-05-15,1995-05-21,1995-05-15,1995-05-19,525.55,529.08,517.07,519.19,5,False,,True,Yahoo Finance ^GSPC,正式推出後
1995-05-26,1995-05-22,1995-05-28,1995-05-22,1995-05-26,519.19,531.91,519.19,523.65,5,False,,True,Yahoo Finance ^GSPC,正式推出後
1995-06-02,1995-05-29,1995-06-04,1995-05-30,1995-06-02,523.65,536.91,521.38,532.51,4,False,,True,Yahoo Finance ^GSPC,正式推出後
1995-06-09,1995-06-05,1995-06-11,1995-06-05,1995-06-09,532.51,537.73,526.00,527.94,5,False,,True,Yahoo Finance ^GSPC,正式推出後
1995-06-16,1995-06-12,1995-06-18,1995-06-12,1995-06-16,527.94,539.98,527.94,539.83,5,False,,True,Yahoo Finance ^GSPC,正式推出後
1995-06-23,1995-06-19,1995-06-25,1995-06-19,1995-06-23,539.83,551.07,539.83,549.71,5,False,,True,Yahoo Finance ^GSPC,正式推出後
1995-06-30,1995-06-26,1995-07-02,1995-06-26,1995-06-30,549.71,549.79,540.72,544.75,5,False,,True,Yahoo Finance ^GSPC,正式推出後
1995-07-07,1995-07-03,1995-07-09,1995-07-03,1995-07-07,544.75,556.57,544.43,556.37,4,False,,True,Yahoo Finance ^GSPC,正式推出後
1995-07-14,1995-07-10,1995-07-16,1995-07-10,1995-07-14,556.37,562.00,553.80,559.89,5,False,,True,Yahoo Finance ^GSPC,正式推出後
1995-07-21,1995-07-17,1995-07-23,1995-07-17,1995-07-21,560.34,562.94,542.51,553.62,5,False,,True,Yahoo Finance ^GSPC,正式推出後
1995-07-28,1995-07-24,1995-07-30,1995-07-24,1995-07-28,553.62,565.40,553.62,562.93,5,False,,True,Yahoo Finance ^GSPC,正式推出後
1995-08-04,1995-07-31,1995-08-06,1995-07-31,1995-08-04,562.93,565.62,554.10,558.94,5,False,,True,Yahoo Finance ^GSPC,正式推出後
1995-08-11,1995-08-07,1995-08-13,1995-08-07,1995-08-11,558.94,561.59,553.04,555.11,5,False,,True,Yahoo Finance ^GSPC,正式推出後
1995-08-18,1995-08-14,1995-08-20,1995-08-14,1995-08-18,555.11,561.24,554.76,559.21,5,False,,True,Yahoo Finance ^GSPC,正式推出後
1995-08-25,1995-08-21,1995-08-27,1995-08-21,1995-08-25,559.21,563.34,555.20,560.10,5,False,,True,Yahoo Finance ^GSPC,正式推出後
1995-09-01,1995-08-28,1995-09-03,1995-08-28,1995-09-01,560.10,564.62,555.71,563.84,5,False,,True,Yahoo Finance ^GSPC,正式推出後
1995-09-08,1995-09-04,1995-09-10,1995-09-05,1995-09-08,563.86,572.68,563.84,572.68,4,False,,True,Yahoo Finance ^GSPC,正式推出後
1995-09-15,1995-09-11,1995-09-17,1995-09-11,1995-09-15,572.68,585.07,572.68,583.35,5,False,,True,Yahoo Finance ^GSPC,正式推出後
1995-09-22,1995-09-18,1995-09-24,1995-09-18,1995-09-22,583.35,586.79,578.25,581.73,5,False,,True,Yahoo Finance ^GSPC,正式推出後
1995-09-29,1995-09-25,1995-10-01,1995-09-25,1995-09-29,581.73,587.61,574.68,584.41,5,False,,True,Yahoo Finance ^GSPC,正式推出後
1995-10-06,1995-10-02,1995-10-08,1995-10-02,1995-10-06,584.41,585.05,578.48,582.49,5,False,,True,Yahoo Finance ^GSPC,正式推出後
1995-10-13,1995-10-09,1995-10-15,1995-10-09,1995-10-13,582.49,587.39,571.55,584.50,5,False,,True,Yahoo Finance ^GSPC,正式推出後
1995-10-20,1995-10-16,1995-10-22,1995-10-16,1995-10-20,584.50,590.66,581.90,587.46,5,False,,True,Yahoo Finance ^GSPC,正式推出後
1995-10-27,1995-10-23,1995-10-29,1995-10-23,1995-10-27,587.46,587.46,572.53,579.70,5,False,,True,Yahoo Finance ^GSPC,正式推出後
1995-11-03,1995-10-30,1995-11-05,1995-10-30,1995-11-03,579.70,590.57,579.70,590.57,5,False,,True,Yahoo Finance ^GSPC,正式推出後
1995-11-10,1995-11-06,1995-11-12,1995-11-06,1995-11-10,590.57,593.90,584.24,592.72,5,False,,True,Yahoo Finance ^GSPC,正式推出後
1995-11-17,1995-11-13,1995-11-19,1995-11-13,1995-11-17,592.72,600.14,588.36,600.07,5,False,,True,Yahoo Finance ^GSPC,正式推出後
1995-11-24,1995-11-20,1995-11-26,1995-11-20,1995-11-24,600.07,600.71,595.42,599.97,4,False,,True,Yahoo Finance ^GSPC,正式推出後
1995-12-01,1995-11-27,1995-12-03,1995-11-27,1995-12-01,599.97,608.69,599.02,606.98,5,False,,True,Yahoo Finance ^GSPC,正式推出後
1995-12-08,1995-12-04,1995-12-10,1995-12-04,1995-12-08,606.98,621.11,606.84,617.48,5,False,,True,Yahoo Finance ^GSPC,正式推出後
1995-12-15,1995-12-11,1995-12-17,1995-12-11,1995-12-15,617.48,622.88,614.46,616.34,5,False,,True,Yahoo Finance ^GSPC,正式推出後
1995-12-22,1995-12-18,1995-12-24,1995-12-18,1995-12-22,616.34,616.34,605.05,611.95,5,False,,True,Yahoo Finance ^GSPC,正式推出後
1995-12-29,1995-12-25,1995-12-31,1995-12-26,1995-12-29,611.96,615.93,611.96,615.93,4,False,,True,Yahoo Finance ^GSPC,正式推出後
1996-01-05,1996-01-01,1996-01-07,1996-01-02,1996-01-05,615.93,624.49,612.02,616.71,4,False,,True,Yahoo Finance ^GSPC,正式推出後
1996-01-12,1996-01-08,1996-01-14,1996-01-08,1996-01-12,616.71,619.15,597.29,601.81,5,False,,True,Yahoo Finance ^GSPC,正式推出後
1996-01-19,1996-01-15,1996-01-21,1996-01-15,1996-01-19,601.81,612.92,598.47,611.83,5,False,,True,Yahoo Finance ^GSPC,正式推出後
1996-01-26,1996-01-22,1996-01-28,1996-01-22,1996-01-26,611.83,621.70,610.65,621.62,5,False,,True,Yahoo Finance ^GSPC,正式推出後
1996-02-02,1996-01-29,1996-02-04,1996-01-29,1996-02-02,621.62,639.26,621.42,635.84,5,False,,True,Yahoo Finance ^GSPC,正式推出後
1996-02-09,1996-02-05,1996-02-11,1996-02-05,1996-02-09,635.84,661.08,633.71,656.37,5,False,,True,Yahoo Finance ^GSPC,正式推出後
1996-02-16,1996-02-12,1996-02-18,1996-02-12,1996-02-16,656.37,664.23,646.99,647.98,5,False,,True,Yahoo Finance ^GSPC,正式推出後
1996-02-23,1996-02-19,1996-02-25,1996-02-20,1996-02-23,647.98,663.00,638.79,659.08,4,False,,True,Yahoo Finance ^GSPC,正式推出後
1996-03-01,1996-02-26,1996-03-03,1996-02-26,1996-03-01,659.08,659.08,635.00,644.37,5,False,,True,Yahoo Finance ^GSPC,正式推出後
1996-03-08,1996-03-04,1996-03-10,1996-03-04,1996-03-08,644.37,656.97,627.63,633.50,5,False,,True,Yahoo Finance ^GSPC,正式推出後
1996-03-15,1996-03-11,1996-03-17,1996-03-11,1996-03-15,633.50,644.17,628.82,641.43,5,False,,True,Yahoo Finance ^GSPC,正式推出後
1996-03-22,1996-03-18,1996-03-24,1996-03-18,1996-03-22,641.43,656.18,641.43,650.62,5,False,,True,Yahoo Finance ^GSPC,正式推出後
1996-03-29,1996-03-25,1996-03-31,1996-03-25,1996-03-29,650.62,655.50,644.89,645.50,5,False,,True,Yahoo Finance ^GSPC,正式推出後
1996-04-04,1996-04-01,1996-04-07,1996-04-01,1996-04-04,645.50,656.68,645.50,655.86,4,False,,True,Yahoo Finance ^GSPC,正式推出後
1996-04-12,1996-04-08,1996-04-14,1996-04-08,1996-04-12,655.86,655.86,624.14,636.71,5,False,,True,Yahoo Finance ^GSPC,正式推出後
1996-04-19,1996-04-15,1996-04-21,1996-04-15,1996-04-19,636.71,647.32,636.71,645.07,5,False,,True,Yahoo Finance ^GSPC,正式推出後
1996-04-26,1996-04-22,1996-04-28,1996-04-22,1996-04-26,645.07,656.43,645.07,653.46,5,False,,True,Yahoo Finance ^GSPC,正式推出後
1996-05-03,1996-04-29,1996-05-05,1996-04-29,1996-05-03,653.46,656.44,640.23,641.63,5,False,,True,Yahoo Finance ^GSPC,正式推出後
1996-05-10,1996-05-06,1996-05-12,1996-05-06,1996-05-10,641.63,653.00,630.07,652.09,5,False,,True,Yahoo Finance ^GSPC,正式推出後
1996-05-17,1996-05-13,1996-05-19,1996-05-13,1996-05-17,652.09,669.84,652.09,668.91,5,False,,True,Yahoo Finance ^GSPC,正式推出後
1996-05-24,1996-05-20,1996-05-26,1996-05-20,1996-05-24,668.91,681.10,667.64,678.51,5,False,,True,Yahoo Finance ^GSPC,正式推出後
1996-05-31,1996-05-27,1996-06-02,1996-05-28,1996-05-31,678.51,679.98,664.56,669.12,4,False,,True,Yahoo Finance ^GSPC,正式推出後
1996-06-07,1996-06-03,1996-06-09,1996-06-03,1996-06-07,669.12,680.32,662.48,673.31,5,False,,True,Yahoo Finance ^GSPC,正式推出後
1996-06-14,1996-06-10,1996-06-16,1996-06-10,1996-06-14,673.31,676.72,664.35,665.85,5,False,,True,Yahoo Finance ^GSPC,正式推出後
1996-06-21,1996-06-17,1996-06-23,1996-06-17,1996-06-21,665.85,668.27,658.75,666.84,5,False,,True,Yahoo Finance ^GSPC,正式推出後
1996-06-28,1996-06-24,1996-06-30,1996-06-24,1996-06-28,666.84,672.68,661.56,670.63,5,False,,True,Yahoo Finance ^GSPC,正式推出後
1996-07-05,1996-07-01,1996-07-07,1996-07-01,1996-07-05,670.63,675.88,657.41,657.44,4,False,,True,Yahoo Finance ^GSPC,正式推出後
1996-07-12,1996-07-08,1996-07-14,1996-07-08,1996-07-12,657.44,657.65,639.52,646.19,5,False,,True,Yahoo Finance ^GSPC,正式推出後
1996-07-19,1996-07-15,1996-07-21,1996-07-15,1996-07-19,646.19,646.19,605.88,638.73,5,False,,True,Yahoo Finance ^GSPC,正式推出後
1996-07-26,1996-07-22,1996-07-28,1996-07-22,1996-07-26,638.73,638.73,616.43,635.90,5,False,,True,Yahoo Finance ^GSPC,正式推出後
1996-08-02,1996-07-29,1996-08-04,1996-07-29,1996-08-02,635.90,662.49,629.22,662.49,5,False,,True,Yahoo Finance ^GSPC,正式推出後
1996-08-09,1996-08-05,1996-08-11,1996-08-05,1996-08-09,662.49,665.37,656.83,662.10,5,False,,True,Yahoo Finance ^GSPC,正式推出後
1996-08-16,1996-08-12,1996-08-18,1996-08-12,1996-08-16,662.10,666.34,658.47,665.21,5,False,,True,Yahoo Finance ^GSPC,正式推出後
1996-08-23,1996-08-19,1996-08-25,1996-08-19,1996-08-23,665.21,670.68,662.16,667.03,5,False,,True,Yahoo Finance ^GSPC,正式推出後
1996-08-30,1996-08-26,1996-09-01,1996-08-26,1996-08-30,667.03,667.41,650.52,651.99,5,False,,True,Yahoo Finance ^GSPC,正式推出後
1996-09-06,1996-09-02,1996-09-08,1996-09-03,1996-09-06,651.99,658.21,643.97,655.68,4,False,,True,Yahoo Finance ^GSPC,正式推出後
1996-09-13,1996-09-09,1996-09-15,1996-09-09,1996-09-13,655.68,681.39,655.68,680.54,5,False,,True,Yahoo Finance ^GSPC,正式推出後
1996-09-20,1996-09-16,1996-09-22,1996-09-16,1996-09-20,680.54,687.07,679.06,687.03,5,False,,True,Yahoo Finance ^GSPC,正式推出後
1996-09-27,1996-09-23,1996-09-29,1996-09-23,1996-09-27,687.03,690.88,681.01,686.19,5,False,,True,Yahoo Finance ^GSPC,正式推出後
1996-10-04,1996-09-30,1996-10-06,1996-09-30,1996-10-04,686.19,701.74,684.44,701.46,5,False,,True,Yahoo Finance ^GSPC,正式推出後
1996-10-11,1996-10-07,1996-10-13,1996-10-07,1996-10-11,701.46,705.76,693.34,700.66,5,False,,True,Yahoo Finance ^GSPC,正式推出後
1996-10-18,1996-10-14,1996-10-20,1996-10-14,1996-10-18,700.66,711.04,699.07,710.82,5,False,,True,Yahoo Finance ^GSPC,正式推出後
1996-10-25,1996-10-21,1996-10-27,1996-10-21,1996-10-25,710.82,714.10,700.53,700.92,5,False,,True,Yahoo Finance ^GSPC,正式推出後
1996-11-01,1996-10-28,1996-11-03,1996-10-28,1996-11-01,700.92,708.60,696.22,703.77,5,False,,True,Yahoo Finance ^GSPC,正式推出後
1996-11-08,1996-11-04,1996-11-10,1996-11-04,1996-11-08,703.77,730.82,702.84,730.82,5,False,,True,Yahoo Finance ^GSPC,正式推出後
1996-11-15,1996-11-11,1996-11-17,1996-11-11,1996-11-15,730.82,741.92,728.03,737.62,5,False,,True,Yahoo Finance ^GSPC,正式推出後
1996-11-22,1996-11-18,1996-11-24,1996-11-18,1996-11-22,737.62,748.73,734.39,748.73,5,False,,True,Yahoo Finance ^GSPC,正式推出後
1996-11-29,1996-11-25,1996-12-01,1996-11-25,1996-11-29,748.73,762.12,747.99,757.02,4,False,,True,Yahoo Finance ^GSPC,正式推出後
1996-12-06,1996-12-02,1996-12-08,1996-12-02,1996-12-06,757.02,761.75,726.89,739.60,5,False,,True,Yahoo Finance ^GSPC,正式推出後
1996-12-13,1996-12-09,1996-12-15,1996-12-09,1996-12-13,739.60,753.43,721.97,728.64,5,False,,True,Yahoo Finance ^GSPC,正式推出後
1996-12-20,1996-12-16,1996-12-22,1996-12-16,1996-12-20,728.64,755.41,716.69,748.87,5,False,,True,Yahoo Finance ^GSPC,正式推出後
1996-12-27,1996-12-23,1996-12-29,1996-12-23,1996-12-27,748.87,758.75,743.28,756.79,4,False,,True,Yahoo Finance ^GSPC,正式推出後
1997-01-03,1996-12-30,1997-01-05,1996-12-30,1997-01-03,756.79,759.20,729.55,748.03,4,False,,True,Yahoo Finance ^GSPC,正式推出後
1997-01-10,1997-01-06,1997-01-12,1997-01-06,1997-01-10,748.03,759.65,742.18,759.50,5,False,,True,Yahoo Finance ^GSPC,正式推出後
1997-01-17,1997-01-13,1997-01-19,1997-01-13,1997-01-17,759.50,776.37,756.69,776.17,5,False,,True,Yahoo Finance ^GSPC,正式推出後
1997-01-24,1997-01-20,1997-01-26,1997-01-20,1997-01-24,776.17,794.67,768.17,770.52,5,False,,True,Yahoo Finance ^GSPC,正式推出後
1997-01-31,1997-01-27,1997-02-02,1997-01-27,1997-01-31,770.52,791.86,761.75,786.16,5,False,,True,Yahoo Finance ^GSPC,正式推出後
1997-02-07,1997-02-03,1997-02-09,1997-02-03,1997-02-07,786.16,792.71,773.43,789.56,5,False,,True,Yahoo Finance ^GSPC,正式推出後
1997-02-14,1997-02-10,1997-02-16,1997-02-10,1997-02-14,789.56,812.93,780.95,808.48,5,False,,True,Yahoo Finance ^GSPC,正式推出後
1997-02-21,1997-02-17,1997-02-23,1997-02-18,1997-02-21,808.48,817.68,799.99,801.77,4,False,,True,Yahoo Finance ^GSPC,正式推出後
1997-02-28,1997-02-24,1997-03-02,1997-02-24,1997-02-28,801.77,812.85,788.50,790.82,5,False,,True,Yahoo Finance ^GSPC,正式推出後
1997-03-07,1997-03-03,1997-03-09,1997-03-03,1997-03-07,790.82,808.19,785.66,804.97,5,False,,True,Yahoo Finance ^GSPC,正式推出後
1997-03-14,1997-03-10,1997-03-16,1997-03-10,1997-03-14,804.97,814.90,789.44,793.17,5,False,,True,Yahoo Finance ^GSPC,正式推出後
1997-03-21,1997-03-17,1997-03-23,1997-03-17,1997-03-21,793.17,797.18,778.04,784.10,5,False,,True,Yahoo Finance ^GSPC,正式推出後
1997-03-27,1997-03-24,1997-03-30,1997-03-24,1997-03-27,784.10,798.11,767.32,773.88,4,False,,True,Yahoo Finance ^GSPC,正式推出後
1997-04-04,1997-03-31,1997-04-06,1997-03-31,1997-04-04,773.88,773.88,744.04,757.90,5,False,,True,Yahoo Finance ^GSPC,正式推出後
1997-04-11,1997-04-07,1997-04-13,1997-04-07,1997-04-11,757.90,769.53,737.64,737.65,5,False,,True,Yahoo Finance ^GSPC,正式推出後
1997-04-18,1997-04-14,1997-04-20,1997-04-14,1997-04-18,737.65,768.55,733.54,766.34,5,False,,True,Yahoo Finance ^GSPC,正式推出後
1997-04-25,1997-04-21,1997-04-27,1997-04-21,1997-04-25,766.34,779.89,756.38,765.37,5,False,,True,Yahoo Finance ^GSPC,正式推出後
1997-05-02,1997-04-28,1997-05-04,1997-04-28,1997-05-02,765.37,812.99,763.30,812.97,5,False,,True,Yahoo Finance ^GSPC,正式推出後
1997-05-09,1997-05-05,1997-05-11,1997-05-05,1997-05-09,812.97,832.29,811.80,824.78,5,False,,True,Yahoo Finance ^GSPC,正式推出後
1997-05-16,1997-05-12,1997-05-18,1997-05-12,1997-05-16,824.78,842.45,824.78,829.75,5,False,,True,Yahoo Finance ^GSPC,正式推出後
1997-05-23,1997-05-19,1997-05-25,1997-05-19,1997-05-23,829.75,848.49,826.41,847.03,5,False,,True,Yahoo Finance ^GSPC,正式推出後
1997-05-30,1997-05-26,1997-06-01,1997-05-27,1997-05-30,847.03,851.87,831.87,848.28,4,False,,True,Yahoo Finance ^GSPC,正式推出後
1997-06-06,1997-06-02,1997-06-08,1997-06-02,1997-06-06,848.28,859.24,838.82,858.01,5,False,,True,Yahoo Finance ^GSPC,正式推出後
1997-06-13,1997-06-09,1997-06-15,1997-06-09,1997-06-13,858.01,894.69,858.01,893.27,5,False,,True,Yahoo Finance ^GSPC,正式推出後
1997-06-20,1997-06-16,1997-06-22,1997-06-16,1997-06-20,893.27,901.77,886.19,898.70,5,False,,True,Yahoo Finance ^GSPC,正式推出後
1997-06-27,1997-06-23,1997-06-29,1997-06-23,1997-06-27,898.70,902.09,878.43,887.30,5,False,,True,Yahoo Finance ^GSPC,正式推出後
1997-07-03,1997-06-30,1997-07-06,1997-06-30,1997-07-03,887.30,917.82,879.82,916.92,4,False,,True,Yahoo Finance ^GSPC,正式推出後
1997-07-11,1997-07-07,1997-07-13,1997-07-07,1997-07-11,916.92,923.26,902.48,916.68,5,False,,True,Yahoo Finance ^GSPC,正式推出後
1997-07-18,1997-07-14,1997-07-20,1997-07-14,1997-07-18,916.68,939.32,912.02,915.30,5,False,,True,Yahoo Finance ^GSPC,正式推出後
1997-07-25,1997-07-21,1997-07-27,1997-07-21,1997-07-25,915.30,945.65,907.12,938.79,5,False,,True,Yahoo Finance ^GSPC,正式推出後
1997-08-01,1997-07-28,1997-08-03,1997-07-28,1997-08-01,938.79,957.73,932.56,947.14,5,False,,True,Yahoo Finance ^GSPC,正式推出後
1997-08-08,1997-08-04,1997-08-10,1997-08-04,1997-08-08,947.14,964.17,925.74,933.54,5,False,,True,Yahoo Finance ^GSPC,正式推出後
1997-08-15,1997-08-11,1997-08-17,1997-08-11,1997-08-15,933.54,942.99,900.81,900.81,5,False,,True,Yahoo Finance ^GSPC,正式推出後
1997-08-22,1997-08-18,1997-08-24,1997-08-18,1997-08-22,900.81,939.47,893.34,923.54,5,False,,True,Yahoo Finance ^GSPC,正式推出後
1997-08-29,1997-08-25,1997-08-31,1997-08-25,1997-08-29,923.55,930.93,896.82,899.47,5,False,,True,Yahoo Finance ^GSPC,正式推出後
1997-09-05,1997-09-01,1997-09-07,1997-09-02,1997-09-05,899.47,940.37,899.47,929.05,4,False,,True,Yahoo Finance ^GSPC,正式推出後
1997-09-12,1997-09-08,1997-09-14,1997-09-08,1997-09-12,929.05,938.90,902.56,923.91,5,False,,True,Yahoo Finance ^GSPC,正式推出後
1997-09-19,1997-09-15,1997-09-21,1997-09-15,1997-09-19,923.91,958.19,919.41,950.51,5,False,,True,Yahoo Finance ^GSPC,正式推出後
1997-09-26,1997-09-22,1997-09-28,1997-09-22,1997-09-26,950.51,960.59,937.38,945.22,5,False,,True,Yahoo Finance ^GSPC,正式推出後
1997-10-03,1997-09-29,1997-10-05,1997-09-29,1997-10-03,945.22,975.47,941.94,965.03,5,False,,True,Yahoo Finance ^GSPC,正式推出後
1997-10-10,1997-10-06,1997-10-12,1997-10-06,1997-10-10,965.03,983.12,963.34,966.98,5,False,,True,Yahoo Finance ^GSPC,正式推出後
1997-10-17,1997-10-13,1997-10-19,1997-10-13,1997-10-17,966.98,973.46,931.58,944.16,5,False,,True,Yahoo Finance ^GSPC,正式推出後
1997-10-24,1997-10-20,1997-10-26,1997-10-20,1997-10-24,944.16,972.61,937.55,941.64,5,False,,True,Yahoo Finance ^GSPC,正式推出後
1997-10-31,1997-10-27,1997-11-02,1997-10-27,1997-10-31,941.64,941.64,855.27,914.62,5,False,,True,Yahoo Finance ^GSPC,正式推出後
1997-11-07,1997-11-03,1997-11-09,1997-11-03,1997-11-07,914.62,949.62,914.62,927.51,5,False,,True,Yahoo Finance ^GSPC,正式推出後
1997-11-14,1997-11-10,1997-11-16,1997-11-10,1997-11-14,927.51,935.90,900.61,928.35,5,False,,True,Yahoo Finance ^GSPC,正式推出後
1997-11-21,1997-11-17,1997-11-23,1997-11-17,1997-11-21,928.35,964.55,928.35,963.09,5,False,,True,Yahoo Finance ^GSPC,正式推出後
1997-11-28,1997-11-24,1997-11-30,1997-11-24,1997-11-28,963.09,963.09,944.71,955.40,4,False,,True,Yahoo Finance ^GSPC,正式推出後
1997-12-05,1997-12-01,1997-12-07,1997-12-01,1997-12-05,955.40,986.25,955.40,983.79,5,False,,True,Yahoo Finance ^GSPC,正式推出後
1997-12-12,1997-12-08,1997-12-14,1997-12-08,1997-12-12,983.79,985.67,947.00,953.39,5,False,,True,Yahoo Finance ^GSPC,正式推出後
1997-12-19,1997-12-15,1997-12-21,1997-12-15,1997-12-19,953.39,974.30,924.92,946.78,5,False,,True,Yahoo Finance ^GSPC,正式推出後
1997-12-26,1997-12-22,1997-12-28,1997-12-22,1997-12-26,946.78,956.73,932.70,936.46,4,False,,True,Yahoo Finance ^GSPC,正式推出後
1998-01-02,1997-12-29,1998-01-04,1997-12-29,1998-01-02,936.46,975.04,936.46,975.04,4,False,,True,Yahoo Finance ^GSPC,正式推出後
1998-01-09,1998-01-05,1998-01-11,1998-01-05,1998-01-09,975.04,982.63,921.72,927.69,5,False,,True,Yahoo Finance ^GSPC,正式推出後
1998-01-16,1998-01-12,1998-01-18,1998-01-12,1998-01-16,927.69,965.12,912.83,961.51,5,False,,True,Yahoo Finance ^GSPC,正式推出後
1998-01-23,1998-01-19,1998-01-25,1998-01-20,1998-01-23,961.51,978.60,950.86,957.59,4,False,,True,Yahoo Finance ^GSPC,正式推出後
1998-01-30,1998-01-26,1998-02-01,1998-01-26,1998-01-30,957.59,992.65,954.24,980.28,5,False,,True,Yahoo Finance ^GSPC,正式推出後
1998-02-06,1998-02-02,1998-02-08,1998-02-02,1998-02-06,980.28,1013.51,980.28,1012.46,5,False,,True,Yahoo Finance ^GSPC,正式推出後
1998-02-13,1998-02-09,1998-02-15,1998-02-09,1998-02-13,1012.46,1026.30,1006.28,1020.09,5,False,,True,Yahoo Finance ^GSPC,正式推出後
1998-02-20,1998-02-16,1998-02-22,1998-02-17,1998-02-20,1020.09,1034.21,1020.09,1034.21,4,False,,True,Yahoo Finance ^GSPC,正式推出後
1998-02-27,1998-02-23,1998-03-01,1998-02-23,1998-02-27,1034.21,1051.66,1028.89,1049.34,5,False,,True,Yahoo Finance ^GSPC,正式推出後
1998-03-06,1998-03-02,1998-03-08,1998-03-02,1998-03-06,1049.34,1055.69,1030.87,1055.69,5,False,,True,Yahoo Finance ^GSPC,正式推出後
1998-03-13,1998-03-09,1998-03-15,1998-03-09,1998-03-13,1055.69,1075.86,1050.02,1068.61,5,False,,True,Yahoo Finance ^GSPC,正式推出後
1998-03-20,1998-03-16,1998-03-22,1998-03-16,1998-03-20,1068.61,1101.04,1068.61,1099.16,5,False,,True,Yahoo Finance ^GSPC,正式推出後
1998-03-27,1998-03-23,1998-03-29,1998-03-23,1998-03-27,1099.16,1113.07,1091.14,1095.44,5,False,,True,Yahoo Finance ^GSPC,正式推出後
1998-04-03,1998-03-30,1998-04-05,1998-03-30,1998-04-03,1095.44,1126.36,1090.02,1122.70,5,False,,True,Yahoo Finance ^GSPC,正式推出後
1998-04-09,1998-04-06,1998-04-12,1998-04-06,1998-04-09,1122.70,1131.99,1098.21,1110.67,4,False,,True,Yahoo Finance ^GSPC,正式推出後
1998-04-17,1998-04-13,1998-04-19,1998-04-13,1998-04-17,1110.67,1122.72,1100.60,1122.72,5,False,,True,Yahoo Finance ^GSPC,正式推出後
1998-04-24,1998-04-20,1998-04-26,1998-04-20,1998-04-24,1122.72,1132.98,1104.77,1107.90,5,False,,True,Yahoo Finance ^GSPC,正式推出後
1998-05-01,1998-04-27,1998-05-03,1998-04-27,1998-05-01,1107.90,1121.02,1076.70,1121.00,5,False,,True,Yahoo Finance ^GSPC,正式推出後
1998-05-08,1998-05-04,1998-05-10,1998-05-04,1998-05-08,1121.00,1130.52,1094.53,1108.14,5,False,,True,Yahoo Finance ^GSPC,正式推出後
1998-05-15,1998-05-11,1998-05-17,1998-05-11,1998-05-15,1108.14,1124.03,1102.78,1108.73,5,False,,True,Yahoo Finance ^GSPC,正式推出後
1998-05-22,1998-05-18,1998-05-24,1998-05-18,1998-05-22,1108.73,1124.45,1097.99,1110.47,5,False,,True,Yahoo Finance ^GSPC,正式推出後
1998-05-29,1998-05-25,1998-05-31,1998-05-26,1998-05-29,1110.47,1116.79,1074.39,1090.82,4,False,,True,Yahoo Finance ^GSPC,正式推出後
1998-06-05,1998-06-01,1998-06-07,1998-06-01,1998-06-05,1090.82,1113.88,1078.10,1113.86,5,False,,True,Yahoo Finance ^GSPC,正式推出後
1998-06-12,1998-06-08,1998-06-14,1998-06-08,1998-06-12,1113.86,1126.00,1080.83,1098.84,5,False,,True,Yahoo Finance ^GSPC,正式推出後
1998-06-19,1998-06-15,1998-06-21,1998-06-15,1998-06-19,1098.84,1112.87,1074.67,1100.65,5,False,,True,Yahoo Finance ^GSPC,正式推出後
1998-06-26,1998-06-22,1998-06-28,1998-06-22,1998-06-26,1100.65,1142.04,1099.42,1133.20,5,False,,True,Yahoo Finance ^GSPC,正式推出後
1998-07-02,1998-06-29,1998-07-05,1998-06-29,1998-07-02,1133.20,1148.56,1131.98,1146.42,4,False,,True,Yahoo Finance ^GSPC,正式推出後
1998-07-10,1998-07-06,1998-07-12,1998-07-06,1998-07-10,1146.42,1166.93,1145.03,1164.33,5,False,,True,Yahoo Finance ^GSPC,正式推出後
1998-07-17,1998-07-13,1998-07-19,1998-07-13,1998-07-17,1164.33,1188.10,1160.21,1186.75,5,False,,True,Yahoo Finance ^GSPC,正式推出後
1998-07-24,1998-07-20,1998-07-26,1998-07-20,1998-07-24,1186.75,1190.58,1129.11,1140.80,5,False,,True,Yahoo Finance ^GSPC,正式推出後
1998-07-31,1998-07-27,1998-08-02,1998-07-27,1998-07-31,1140.80,1147.27,1114.30,1120.67,5,False,,True,Yahoo Finance ^GSPC,正式推出後
1998-08-07,1998-08-03,1998-08-09,1998-08-03,1998-08-07,1120.67,1121.79,1057.35,1089.45,5,False,,True,Yahoo Finance ^GSPC,正式推出後
1998-08-14,1998-08-10,1998-08-16,1998-08-10,1998-08-14,1089.45,1092.82,1054.00,1062.75,5,False,,True,Yahoo Finance ^GSPC,正式推出後
1998-08-21,1998-08-17,1998-08-23,1998-08-17,1998-08-21,1062.75,1106.32,1054.92,1081.24,5,False,,True,Yahoo Finance ^GSPC,正式推出後
1998-08-28,1998-08-24,1998-08-30,1998-08-24,1998-08-28,1081.24,1106.64,1021.04,1027.14,5,False,,True,Yahoo Finance ^GSPC,正式推出後
1998-09-04,1998-08-31,1998-09-06,1998-08-31,1998-09-04,1027.14,1033.47,939.98,973.89,5,False,,True,Yahoo Finance ^GSPC,正式推出後
1998-09-11,1998-09-07,1998-09-13,1998-09-08,1998-09-11,973.89,1027.72,968.64,1009.06,4,False,,True,Yahoo Finance ^GSPC,正式推出後
1998-09-18,1998-09-14,1998-09-20,1998-09-14,1998-09-18,1009.06,1046.07,1009.06,1020.09,5,False,,True,Yahoo Finance ^GSPC,正式推出後
1998-09-25,1998-09-21,1998-09-27,1998-09-21,1998-09-25,1020.09,1066.11,993.82,1044.75,5,False,,True,Yahoo Finance ^GSPC,正式推出後
1998-10-02,1998-09-28,1998-10-04,1998-09-28,1998-10-02,1044.75,1061.46,971.69,1002.60,5,False,,True,Yahoo Finance ^GSPC,正式推出後
1998-10-09,1998-10-05,1998-10-11,1998-10-05,1998-10-09,1002.60,1008.77,923.32,984.39,5,False,,True,Yahoo Finance ^GSPC,正式推出後
1998-10-16,1998-10-12,1998-10-18,1998-10-12,1998-10-16,984.39,1062.65,984.39,1056.42,5,False,,True,Yahoo Finance ^GSPC,正式推出後
1998-10-23,1998-10-19,1998-10-25,1998-10-19,1998-10-23,1056.42,1084.06,1054.23,1070.67,5,False,,True,Yahoo Finance ^GSPC,正式推出後
1998-10-30,1998-10-26,1998-11-01,1998-10-26,1998-10-30,1070.67,1103.78,1059.65,1098.67,5,False,,True,Yahoo Finance ^GSPC,正式推出後
1998-11-06,1998-11-02,1998-11-08,1998-11-02,1998-11-06,1098.67,1141.30,1098.67,1141.01,5,False,,True,Yahoo Finance ^GSPC,正式推出後
1998-11-13,1998-11-09,1998-11-15,1998-11-09,1998-11-13,1141.01,1141.01,1115.55,1125.72,5,False,,True,Yahoo Finance ^GSPC,正式推出後
1998-11-20,1998-11-16,1998-11-22,1998-11-16,1998-11-20,1125.72,1163.55,1125.72,1163.55,5,False,,True,Yahoo Finance ^GSPC,正式推出後
1998-11-27,1998-11-23,1998-11-29,1998-11-23,1998-11-27,1163.55,1192.97,1163.55,1192.33,4,False,,True,Yahoo Finance ^GSPC,正式推出後
1998-12-04,1998-11-30,1998-12-06,1998-11-30,1998-12-04,1192.33,1192.72,1149.61,1176.74,5,False,,True,Yahoo Finance ^GSPC,正式推出後
1998-12-11,1998-12-07,1998-12-13,1998-12-07,1998-12-11,1176.74,1193.53,1153.19,1166.46,5,False,,True,Yahoo Finance ^GSPC,正式推出後
1998-12-18,1998-12-14,1998-12-20,1998-12-14,1998-12-18,1166.46,1188.89,1136.89,1188.03,5,False,,True,Yahoo Finance ^GSPC,正式推出後
1998-12-24,1998-12-21,1998-12-27,1998-12-21,1998-12-24,1188.03,1229.89,1188.03,1226.27,4,False,,True,Yahoo Finance ^GSPC,正式推出後
1998-12-31,1998-12-28,1999-01-03,1998-12-28,1998-12-31,1226.27,1244.93,1220.78,1229.23,4,False,,True,Yahoo Finance ^GSPC,正式推出後
1999-01-08,1999-01-04,1999-01-10,1999-01-04,1999-01-08,1229.23,1278.24,1219.10,1275.09,5,False,,True,Yahoo Finance ^GSPC,正式推出後
1999-01-15,1999-01-11,1999-01-17,1999-01-11,1999-01-15,1275.09,1276.22,1205.46,1243.26,5,False,,True,Yahoo Finance ^GSPC,正式推出後
1999-01-22,1999-01-18,1999-01-24,1999-01-19,1999-01-22,1243.26,1274.07,1217.97,1225.19,4,False,,True,Yahoo Finance ^GSPC,正式推出後
1999-01-29,1999-01-25,1999-01-31,1999-01-25,1999-01-29,1225.19,1280.37,1219.46,1279.64,5,False,,True,Yahoo Finance ^GSPC,正式推出後
1999-02-05,1999-02-01,1999-02-07,1999-02-01,1999-02-05,1279.64,1283.75,1232.28,1239.40,5,False,,True,Yahoo Finance ^GSPC,正式推出後
1999-02-12,1999-02-08,1999-02-14,1999-02-08,1999-02-12,1239.40,1254.05,1211.89,1230.13,5,False,,True,Yahoo Finance ^GSPC,正式推出後
1999-02-19,1999-02-15,1999-02-21,1999-02-16,1999-02-19,1230.13,1252.17,1220.70,1239.22,4,False,,True,Yahoo Finance ^GSPC,正式推出後
1999-02-26,1999-02-22,1999-02-28,1999-02-22,1999-02-26,1239.22,1283.84,1225.01,1238.33,5,False,,True,Yahoo Finance ^GSPC,正式推出後
1999-03-05,1999-03-01,1999-03-07,1999-03-01,1999-03-05,1238.33,1275.73,1216.03,1275.47,5,False,,True,Yahoo Finance ^GSPC,正式推出後
1999-03-12,1999-03-08,1999-03-14,1999-03-08,1999-03-12,1275.47,1306.43,1271.58,1294.59,5,False,,True,Yahoo Finance ^GSPC,正式推出後
1999-03-19,1999-03-15,1999-03-21,1999-03-15,1999-03-19,1294.59,1323.82,1291.03,1299.29,5,False,,True,Yahoo Finance ^GSPC,正式推出後
1999-03-26,1999-03-22,1999-03-28,1999-03-22,1999-03-26,1299.29,1303.84,1256.43,1282.80,5,False,,True,Yahoo Finance ^GSPC,正式推出後
1999-04-01,1999-03-29,1999-04-04,1999-03-29,1999-04-01,1282.80,1313.60,1282.56,1293.72,4,False,,True,Yahoo Finance ^GSPC,正式推出後
1999-04-09,1999-04-05,1999-04-11,1999-04-05,1999-04-09,1293.72,1351.22,1293.72,1348.35,5,False,,True,Yahoo Finance ^GSPC,正式推出後
1999-04-16,1999-04-12,1999-04-18,1999-04-12,1999-04-16,1348.35,1362.38,1308.38,1319.00,5,False,,True,Yahoo Finance ^GSPC,正式推出後
1999-04-23,1999-04-19,1999-04-25,1999-04-19,1999-04-23,1319.00,1363.65,1284.21,1356.85,5,False,,True,Yahoo Finance ^GSPC,正式推出後
1999-04-30,1999-04-26,1999-05-02,1999-04-26,1999-04-30,1356.85,1371.56,1314.58,1335.18,5,False,,True,Yahoo Finance ^GSPC,正式推出後
1999-05-07,1999-05-03,1999-05-09,1999-05-03,1999-05-07,1335.18,1354.64,1317.44,1345.00,5,False,,True,Yahoo Finance ^GSPC,正式推出後
1999-05-14,1999-05-10,1999-05-16,1999-05-10,1999-05-14,1345.00,1375.98,1332.63,1337.80,5,False,,True,Yahoo Finance ^GSPC,正式推出後
1999-05-21,1999-05-17,1999-05-23,1999-05-17,1999-05-21,1337.80,1350.49,1321.19,1330.29,5,False,,True,Yahoo Finance ^GSPC,正式推出後
1999-05-28,1999-05-24,1999-05-30,1999-05-24,1999-05-28,1330.29,1333.02,1277.31,1301.84,5,False,,True,Yahoo Finance ^GSPC,正式推出後
1999-06-04,1999-05-31,1999-06-06,1999-06-01,1999-06-04,1301.84,1327.75,1277.47,1327.75,4,False,,True,Yahoo Finance ^GSPC,正式推出後
1999-06-11,1999-06-07,1999-06-13,1999-06-07,1999-06-11,1327.75,1336.42,1287.88,1293.64,5,False,,True,Yahoo Finance ^GSPC,正式推出後
1999-06-18,1999-06-14,1999-06-20,1999-06-14,1999-06-18,1293.64,1344.48,1292.20,1342.84,5,False,,True,Yahoo Finance ^GSPC,正式推出後
1999-06-25,1999-06-21,1999-06-27,1999-06-21,1999-06-25,1342.84,1351.12,1308.47,1315.31,5,False,,True,Yahoo Finance ^GSPC,正式推出後
1999-07-02,1999-06-28,1999-07-04,1999-06-28,1999-07-02,1315.31,1391.22,1315.31,1391.22,5,False,,True,Yahoo Finance ^GSPC,正式推出後
1999-07-09,1999-07-05,1999-07-11,1999-07-06,1999-07-09,1391.22,1405.29,1384.95,1403.28,4,False,,True,Yahoo Finance ^GSPC,正式推出後
1999-07-16,1999-07-12,1999-07-18,1999-07-12,1999-07-16,1403.28,1418.78,1386.51,1418.78,5,False,,True,Yahoo Finance ^GSPC,正式推出後
1999-07-23,1999-07-19,1999-07-25,1999-07-19,1999-07-23,1418.78,1420.33,1349.91,1356.94,5,False,,True,Yahoo Finance ^GSPC,正式推出後
1999-07-30,1999-07-26,1999-08-01,1999-07-26,1999-07-30,1356.94,1370.53,1328.49,1328.72,5,False,,True,Yahoo Finance ^GSPC,正式推出後
1999-08-06,1999-08-02,1999-08-08,1999-08-02,1999-08-06,1328.72,1344.69,1287.23,1300.29,5,False,,True,Yahoo Finance ^GSPC,正式推出後
1999-08-13,1999-08-09,1999-08-15,1999-08-09,1999-08-13,1300.29,1327.72,1267.73,1327.68,5,False,,True,Yahoo Finance ^GSPC,正式推出後
1999-08-20,1999-08-16,1999-08-22,1999-08-16,1999-08-20,1327.68,1344.16,1315.35,1336.61,5,False,,True,Yahoo Finance ^GSPC,正式推出後
1999-08-27,1999-08-23,1999-08-29,1999-08-23,1999-08-27,1336.61,1382.84,1336.61,1348.27,5,False,,True,Yahoo Finance ^GSPC,正式推出後
1999-09-03,1999-08-30,1999-09-05,1999-08-30,1999-09-03,1348.27,1357.74,1304.88,1357.24,5,False,,True,Yahoo Finance ^GSPC,正式推出後
1999-09-10,1999-09-06,1999-09-12,1999-09-07,1999-09-10,1357.24,1361.39,1333.91,1351.66,4,False,,True,Yahoo Finance ^GSPC,正式推出後
1999-09-17,1999-09-13,1999-09-19,1999-09-13,1999-09-17,1351.66,1351.66,1299.97,1335.42,5,False,,True,Yahoo Finance ^GSPC,正式推出後
1999-09-24,1999-09-20,1999-09-26,1999-09-20,1999-09-24,1335.42,1338.38,1263.84,1277.36,5,False,,True,Yahoo Finance ^GSPC,正式推出後
1999-10-01,1999-09-27,1999-10-03,1999-09-27,1999-10-01,1277.36,1295.03,1256.26,1282.81,5,False,,True,Yahoo Finance ^GSPC,正式推出後
1999-10-08,1999-10-04,1999-10-10,1999-10-04,1999-10-08,1282.81,1336.61,1282.81,1336.02,5,False,,True,Yahoo Finance ^GSPC,正式推出後
1999-10-15,1999-10-11,1999-10-17,1999-10-11,1999-10-15,1336.02,1339.23,1245.39,1247.41,5,False,,True,Yahoo Finance ^GSPC,正式推出後
1999-10-22,1999-10-18,1999-10-24,1999-10-18,1999-10-22,1247.41,1308.81,1233.70,1301.65,5,False,,True,Yahoo Finance ^GSPC,正式推出後
1999-10-29,1999-10-25,1999-10-31,1999-10-25,1999-10-29,1301.65,1373.17,1280.48,1362.93,5,False,,True,Yahoo Finance ^GSPC,正式推出後
1999-11-05,1999-11-01,1999-11-07,1999-11-01,1999-11-05,1362.93,1387.48,1346.41,1370.23,5,False,,True,Yahoo Finance ^GSPC,正式推出後
1999-11-12,1999-11-08,1999-11-14,1999-11-08,1999-11-12,1370.23,1396.12,1359.98,1396.06,5,False,,True,Yahoo Finance ^GSPC,正式推出後
1999-11-19,1999-11-15,1999-11-21,1999-11-15,1999-11-19,1396.06,1425.31,1392.28,1422.00,5,False,,True,Yahoo Finance ^GSPC,正式推出後
1999-11-26,1999-11-22,1999-11-28,1999-11-22,1999-11-26,1422.00,1425.24,1399.17,1416.62,4,False,,True,Yahoo Finance ^GSPC,正式推出後
1999-12-03,1999-11-29,1999-12-05,1999-11-29,1999-12-03,1416.62,1447.42,1386.95,1433.30,5,False,,True,Yahoo Finance ^GSPC,正式推出後
1999-12-10,1999-12-06,1999-12-12,1999-12-06,1999-12-10,1433.30,1434.15,1391.47,1417.04,5,False,,True,Yahoo Finance ^GSPC,正式推出後
1999-12-17,1999-12-13,1999-12-19,1999-12-13,1999-12-17,1417.04,1431.77,1396.20,1421.03,5,False,,True,Yahoo Finance ^GSPC,正式推出後
1999-12-23,1999-12-20,1999-12-26,1999-12-20,1999-12-23,1421.03,1461.44,1411.10,1458.34,4,False,,True,Yahoo Finance ^GSPC,正式推出後
1999-12-31,1999-12-27,2000-01-02,1999-12-27,1999-12-31,1458.34,1473.10,1450.83,1469.25,5,False,,True,Yahoo Finance ^GSPC,正式推出後
2000-01-07,2000-01-03,2000-01-09,2000-01-03,2000-01-07,1469.25,1478.00,1377.68,1441.47,5,False,,True,Yahoo Finance ^GSPC,正式推出後
2000-01-14,2000-01-10,2000-01-16,2000-01-10,2000-01-14,1441.47,1473.00,1427.08,1465.15,5,False,,True,Yahoo Finance ^GSPC,正式推出後
2000-01-21,2000-01-17,2000-01-23,2000-01-18,2000-01-21,1465.15,1465.71,1438.54,1441.36,4,False,,True,Yahoo Finance ^GSPC,正式推出後
2000-01-28,2000-01-24,2000-01-30,2000-01-24,2000-01-28,1441.36,1454.09,1356.20,1360.16,5,False,,True,Yahoo Finance ^GSPC,正式推出後
2000-02-04,2000-01-31,2000-02-06,2000-01-31,2000-02-04,1360.16,1435.91,1350.14,1424.37,5,False,,True,Yahoo Finance ^GSPC,正式推出後
2000-02-11,2000-02-07,2000-02-13,2000-02-07,2000-02-11,1424.37,1444.55,1378.89,1387.12,5,False,,True,Yahoo Finance ^GSPC,正式推出後
2000-02-18,2000-02-14,2000-02-20,2000-02-14,2000-02-18,1387.12,1407.72,1345.32,1346.09,5,False,,True,Yahoo Finance ^GSPC,正式推出後
2000-02-25,2000-02-21,2000-02-27,2000-02-22,2000-02-25,1346.09,1370.11,1329.15,1333.36,4,False,,True,Yahoo Finance ^GSPC,正式推出後
2000-03-03,2000-02-28,2000-03-05,2000-02-28,2000-03-03,1333.36,1410.88,1325.07,1409.17,5,False,,True,Yahoo Finance ^GSPC,正式推出後
2000-03-10,2000-03-06,2000-03-12,2000-03-06,2000-03-10,1409.17,1413.46,1346.62,1395.07,5,False,,True,Yahoo Finance ^GSPC,正式推出後
2000-03-17,2000-03-13,2000-03-19,2000-03-13,2000-03-17,1395.07,1477.33,1356.99,1464.47,5,False,,True,Yahoo Finance ^GSPC,正式推出後
2000-03-24,2000-03-20,2000-03-26,2000-03-20,2000-03-24,1464.47,1552.87,1446.06,1527.46,5,False,,True,Yahoo Finance ^GSPC,正式推出後
2000-03-31,2000-03-27,2000-04-02,2000-03-27,2000-03-31,1527.46,1534.63,1474.63,1498.58,5,False,,True,Yahoo Finance ^GSPC,正式推出後
2000-04-07,2000-04-03,2000-04-09,2000-04-03,2000-04-07,1498.58,1526.45,1416.41,1516.35,5,False,,True,Yahoo Finance ^GSPC,正式推出後
2000-04-14,2000-04-10,2000-04-16,2000-04-10,2000-04-14,1516.35,1527.19,1339.40,1356.56,5,False,,True,Yahoo Finance ^GSPC,正式推出後
2000-04-20,2000-04-17,2000-04-23,2000-04-17,2000-04-20,1356.56,1447.69,1346.50,1434.54,4,False,,True,Yahoo Finance ^GSPC,正式推出後
2000-04-28,2000-04-24,2000-04-30,2000-04-24,2000-04-28,1434.54,1482.94,1407.13,1452.43,5,False,,True,Yahoo Finance ^GSPC,正式推出後
2000-05-05,2000-05-01,2000-05-07,2000-05-01,2000-05-05,1452.43,1481.51,1398.36,1432.63,5,False,,True,Yahoo Finance ^GSPC,正式推出後
2000-05-12,2000-05-08,2000-05-14,2000-05-08,2000-05-12,1432.63,1432.63,1375.14,1420.96,5,False,,True,Yahoo Finance ^GSPC,正式推出後
2000-05-19,2000-05-15,2000-05-21,2000-05-15,2000-05-19,1420.96,1470.40,1401.74,1406.95,5,False,,True,Yahoo Finance ^GSPC,正式推出後
2000-05-26,2000-05-22,2000-05-28,2000-05-22,2000-05-26,1406.95,1411.65,1361.09,1378.02,5,False,,True,Yahoo Finance ^GSPC,正式推出後
2000-06-02,2000-05-29,2000-06-04,2000-05-30,2000-06-02,1378.02,1483.23,1378.02,1477.26,4,False,,True,Yahoo Finance ^GSPC,正式推出後
2000-06-09,2000-06-05,2000-06-11,2000-06-05,2000-06-09,1477.26,1477.28,1454.74,1456.95,5,False,,True,Yahoo Finance ^GSPC,正式推出後
2000-06-16,2000-06-12,2000-06-18,2000-06-12,2000-06-16,1456.95,1483.62,1442.38,1464.46,5,False,,True,Yahoo Finance ^GSPC,正式推出後
2000-06-23,2000-06-19,2000-06-25,2000-06-19,2000-06-23,1464.46,1488.93,1438.31,1441.48,5,False,,True,Yahoo Finance ^GSPC,正式推出後
2000-06-30,2000-06-26,2000-07-02,2000-06-26,2000-06-30,1441.48,1467.63,1434.63,1454.60,5,False,,True,Yahoo Finance ^GSPC,正式推出後
2000-07-07,2000-07-03,2000-07-09,2000-07-03,2000-07-07,1454.60,1484.12,1439.56,1478.90,4,False,,True,Yahoo Finance ^GSPC,正式推出後
2000-07-14,2000-07-10,2000-07-16,2000-07-10,2000-07-14,1478.90,1509.99,1470.48,1509.98,5,False,,True,Yahoo Finance ^GSPC,正式推出後
2000-07-21,2000-07-17,2000-07-23,2000-07-17,2000-07-21,1509.98,1517.32,1477.91,1480.19,5,False,,True,Yahoo Finance ^GSPC,正式推出後
2000-07-28,2000-07-24,2000-07-30,2000-07-24,2000-07-28,1480.19,1485.88,1413.89,1419.89,5,False,,True,Yahoo Finance ^GSPC,正式推出後
2000-08-04,2000-07-31,2000-08-06,2000-07-31,2000-08-04,1419.89,1462.93,1418.71,1462.93,5,False,,True,Yahoo Finance ^GSPC,正式推出後
2000-08-11,2000-08-07,2000-08-13,2000-08-07,2000-08-11,1462.93,1490.33,1453.06,1471.84,5,False,,True,Yahoo Finance ^GSPC,正式推出後
2000-08-18,2000-08-14,2000-08-20,2000-08-14,2000-08-18,1471.84,1499.47,1468.56,1491.72,5,False,,True,Yahoo Finance ^GSPC,正式推出後
2000-08-25,2000-08-21,2000-08-27,2000-08-21,2000-08-25,1491.72,1513.47,1489.52,1506.45,5,False,,True,Yahoo Finance ^GSPC,正式推出後
2000-09-01,2000-08-28,2000-09-03,2000-08-28,2000-09-01,1506.45,1530.09,1500.09,1520.77,5,False,,True,Yahoo Finance ^GSPC,正式推出後
2000-09-08,2000-09-04,2000-09-10,2000-09-05,2000-09-08,1520.77,1520.77,1489.88,1494.50,4,False,,True,Yahoo Finance ^GSPC,正式推出後
2000-09-15,2000-09-11,2000-09-17,2000-09-11,2000-09-15,1494.50,1506.76,1460.22,1465.81,5,False,,True,Yahoo Finance ^GSPC,正式推出後
2000-09-22,2000-09-18,2000-09-24,2000-09-18,2000-09-22,1465.81,1467.77,1421.88,1448.72,5,False,,True,Yahoo Finance ^GSPC,正式推出後
2000-09-29,2000-09-25,2000-10-01,2000-09-25,2000-09-29,1448.72,1461.69,1419.44,1436.51,5,False,,True,Yahoo Finance ^GSPC,正式推出後
2000-10-06,2000-10-02,2000-10-08,2000-10-02,2000-10-06,1436.52,1454.82,1397.06,1408.99,5,False,,True,Yahoo Finance ^GSPC,正式推出後
2000-10-13,2000-10-09,2000-10-15,2000-10-09,2000-10-13,1408.99,1409.69,1327.08,1374.17,5,False,,True,Yahoo Finance ^GSPC,正式推出後
2000-10-20,2000-10-16,2000-10-22,2000-10-16,2000-10-20,1374.17,1408.47,1305.79,1396.93,5,False,,True,Yahoo Finance ^GSPC,正式推出後
2000-10-27,2000-10-23,2000-10-29,2000-10-23,2000-10-27,1396.93,1415.64,1337.81,1379.58,5,False,,True,Yahoo Finance ^GSPC,正式推出後
2000-11-03,2000-10-30,2000-11-05,2000-10-30,2000-11-03,1379.58,1433.40,1376.86,1426.69,5,False,,True,Yahoo Finance ^GSPC,正式推出後
2000-11-10,2000-11-06,2000-11-12,2000-11-06,2000-11-10,1428.76,1438.46,1365.97,1365.98,5,False,,True,Yahoo Finance ^GSPC,正式推出後
2000-11-17,2000-11-13,2000-11-19,2000-11-13,2000-11-17,1365.98,1395.96,1328.62,1367.72,5,False,,True,Yahoo Finance ^GSPC,正式推出後
2000-11-24,2000-11-20,2000-11-26,2000-11-20,2000-11-24,1367.72,1367.72,1321.89,1341.77,4,False,,True,Yahoo Finance ^GSPC,正式推出後
2000-12-01,2000-11-27,2000-12-03,2000-11-27,2000-12-01,1341.77,1362.50,1294.90,1315.23,5,False,,True,Yahoo Finance ^GSPC,正式推出後
2000-12-08,2000-12-04,2000-12-10,2000-12-04,2000-12-08,1315.18,1380.33,1310.23,1369.89,5,False,,True,Yahoo Finance ^GSPC,正式推出後
2000-12-15,2000-12-11,2000-12-17,2000-12-11,2000-12-15,1369.89,1389.05,1305.38,1312.15,5,False,,True,Yahoo Finance ^GSPC,正式推出後
2000-12-22,2000-12-18,2000-12-24,2000-12-18,2000-12-22,1312.15,1346.44,1254.07,1305.95,5,False,,True,Yahoo Finance ^GSPC,正式推出後
2000-12-29,2000-12-25,2000-12-31,2000-12-26,2000-12-29,1305.97,1340.10,1301.64,1320.28,4,False,,True,Yahoo Finance ^GSPC,正式推出後
2001-01-05,2001-01-01,2001-01-07,2001-01-02,2001-01-05,1320.28,1350.24,1274.62,1298.35,4,False,,True,Yahoo Finance ^GSPC,正式推出後
2001-01-12,2001-01-08,2001-01-14,2001-01-08,2001-01-12,1298.35,1333.21,1276.29,1318.55,5,False,,True,Yahoo Finance ^GSPC,正式推出後
2001-01-19,2001-01-15,2001-01-21,2001-01-16,2001-01-19,1318.32,1354.55,1313.33,1342.54,4,False,,True,Yahoo Finance ^GSPC,正式推出後
2001-01-26,2001-01-22,2001-01-28,2001-01-22,2001-01-26,1342.54,1369.75,1333.84,1354.95,5,False,,True,Yahoo Finance ^GSPC,正式推出後
2001-02-02,2001-01-29,2001-02-04,2001-01-29,2001-02-02,1354.92,1383.37,1348.72,1349.47,5,False,,True,Yahoo Finance ^GSPC,正式推出後
2001-02-09,2001-02-05,2001-02-11,2001-02-05,2001-02-09,1349.47,1363.55,1309.98,1314.76,5,False,,True,Yahoo Finance ^GSPC,正式推出後
2001-02-16,2001-02-12,2001-02-18,2001-02-12,2001-02-16,1314.76,1336.62,1293.18,1301.53,5,False,,True,Yahoo Finance ^GSPC,正式推出後
2001-02-23,2001-02-19,2001-02-25,2001-02-20,2001-02-23,1301.53,1307.16,1215.44,1245.86,4,False,,True,Yahoo Finance ^GSPC,正式推出後
2001-03-02,2001-02-26,2001-03-04,2001-02-26,2001-03-02,1245.86,1272.76,1214.50,1234.18,5,False,,True,Yahoo Finance ^GSPC,正式推出後
2001-03-09,2001-03-05,2001-03-11,2001-03-05,2001-03-09,1234.18,1267.42,1228.42,1233.42,5,False,,True,Yahoo Finance ^GSPC,正式推出後
2001-03-16,2001-03-12,2001-03-18,2001-03-12,2001-03-16,1233.42,1233.42,1148.64,1150.53,5,False,,True,Yahoo Finance ^GSPC,正式推出後
2001-03-23,2001-03-19,2001-03-25,2001-03-19,2001-03-23,1150.53,1180.56,1081.19,1139.83,5,False,,True,Yahoo Finance ^GSPC,正式推出後
2001-03-30,2001-03-26,2001-04-01,2001-03-26,2001-03-30,1139.83,1183.35,1136.26,1160.33,5,False,,True,Yahoo Finance ^GSPC,正式推出後
2001-04-06,2001-04-02,2001-04-08,2001-04-02,2001-04-06,1160.33,1169.51,1091.99,1128.43,5,False,,True,Yahoo Finance ^GSPC,正式推出後
2001-04-12,2001-04-09,2001-04-15,2001-04-09,2001-04-12,1128.43,1183.51,1126.38,1183.50,4,False,,True,Yahoo Finance ^GSPC,正式推出後
2001-04-20,2001-04-16,2001-04-22,2001-04-16,2001-04-20,1183.50,1253.71,1167.38,1242.98,5,False,,True,Yahoo Finance ^GSPC,正式推出後
2001-04-27,2001-04-23,2001-04-29,2001-04-23,2001-04-27,1242.98,1253.07,1207.38,1253.05,5,False,,True,Yahoo Finance ^GSPC,正式推出後
2001-05-04,2001-04-30,2001-05-06,2001-04-30,2001-05-04,1253.05,1272.93,1232.00,1266.61,5,False,,True,Yahoo Finance ^GSPC,正式推出後
2001-05-11,2001-05-07,2001-05-13,2001-05-07,2001-05-11,1266.61,1270.00,1240.79,1245.67,5,False,,True,Yahoo Finance ^GSPC,正式推出後
2001-05-18,2001-05-14,2001-05-20,2001-05-14,2001-05-18,1245.67,1296.48,1241.02,1291.96,5,False,,True,Yahoo Finance ^GSPC,正式推出後
2001-05-25,2001-05-21,2001-05-27,2001-05-21,2001-05-25,1291.96,1315.93,1276.42,1277.89,5,False,,True,Yahoo Finance ^GSPC,正式推出後
2001-06-01,2001-05-28,2001-06-03,2001-05-29,2001-06-01,1277.89,1278.42,1245.96,1260.67,4,False,,True,Yahoo Finance ^GSPC,正式推出後
2001-06-08,2001-06-04,2001-06-10,2001-06-04,2001-06-08,1260.67,1286.62,1256.36,1264.96,5,False,,True,Yahoo Finance ^GSPC,正式推出後
2001-06-15,2001-06-11,2001-06-17,2001-06-11,2001-06-15,1264.96,1264.96,1203.03,1214.36,5,False,,True,Yahoo Finance ^GSPC,正式推出後
2001-06-22,2001-06-18,2001-06-24,2001-06-18,2001-06-22,1214.36,1240.24,1207.71,1225.35,5,False,,True,Yahoo Finance ^GSPC,正式推出後
2001-06-29,2001-06-25,2001-07-01,2001-06-25,2001-06-29,1225.35,1237.29,1204.64,1224.38,5,False,,True,Yahoo Finance ^GSPC,正式推出後
2001-07-06,2001-07-02,2001-07-08,2001-07-02,2001-07-06,1224.42,1239.78,1188.74,1190.59,4,False,,True,Yahoo Finance ^GSPC,正式推出後
2001-07-13,2001-07-09,2001-07-15,2001-07-09,2001-07-13,1190.59,1218.54,1168.46,1215.68,5,False,,True,Yahoo Finance ^GSPC,正式推出後
2001-07-20,2001-07-16,2001-07-22,2001-07-16,2001-07-20,1215.68,1225.04,1196.14,1210.85,5,False,,True,Yahoo Finance ^GSPC,正式推出後
2001-07-27,2001-07-23,2001-07-29,2001-07-23,2001-07-27,1210.85,1215.22,1165.54,1205.82,5,False,,True,Yahoo Finance ^GSPC,正式推出後
2001-08-03,2001-07-30,2001-08-05,2001-07-30,2001-08-03,1205.82,1226.27,1200.41,1214.35,5,False,,True,Yahoo Finance ^GSPC,正式推出後
2001-08-10,2001-08-06,2001-08-12,2001-08-06,2001-08-10,1214.35,1214.35,1169.55,1190.16,5,False,,True,Yahoo Finance ^GSPC,正式推出後
2001-08-17,2001-08-13,2001-08-19,2001-08-13,2001-08-17,1190.16,1198.79,1156.07,1161.97,5,False,,True,Yahoo Finance ^GSPC,正式推出後
2001-08-24,2001-08-20,2001-08-26,2001-08-20,2001-08-24,1161.97,1185.15,1153.34,1184.93,5,False,,True,Yahoo Finance ^GSPC,正式推出後
2001-08-31,2001-08-27,2001-09-02,2001-08-27,2001-08-31,1184.93,1186.85,1124.87,1133.58,5,False,,True,Yahoo Finance ^GSPC,正式推出後
2001-09-07,2001-09-03,2001-09-09,2001-09-04,2001-09-07,1133.58,1155.40,1082.12,1085.78,4,False,,True,Yahoo Finance ^GSPC,正式推出後
2001-09-10,2001-09-10,2001-09-16,2001-09-10,2001-09-10,1085.78,1096.94,1073.15,1092.54,1,False,,True,Yahoo Finance ^GSPC,正式推出後
2001-09-21,2001-09-17,2001-09-23,2001-09-17,2001-09-21,1092.54,1092.54,944.75,965.80,5,False,,True,Yahoo Finance ^GSPC,正式推出後
2001-09-28,2001-09-24,2001-09-30,2001-09-24,2001-09-28,965.80,1040.94,965.80,1040.94,5,False,,True,Yahoo Finance ^GSPC,正式推出後
2001-10-05,2001-10-01,2001-10-07,2001-10-01,2001-10-05,1040.94,1084.12,1026.76,1071.38,5,False,,True,Yahoo Finance ^GSPC,正式推出後
2001-10-12,2001-10-08,2001-10-14,2001-10-08,2001-10-12,1071.37,1099.16,1052.76,1091.65,5,False,,True,Yahoo Finance ^GSPC,正式推出後
2001-10-19,2001-10-15,2001-10-21,2001-10-15,2001-10-19,1091.65,1107.12,1057.24,1073.48,5,False,,True,Yahoo Finance ^GSPC,正式推出後
2001-10-26,2001-10-22,2001-10-28,2001-10-22,2001-10-26,1073.48,1110.61,1065.64,1104.61,5,False,,True,Yahoo Finance ^GSPC,正式推出後
2001-11-02,2001-10-29,2001-11-04,2001-10-29,2001-11-02,1104.61,1104.61,1053.61,1087.20,5,False,,True,Yahoo Finance ^GSPC,正式推出後
2001-11-09,2001-11-05,2001-11-11,2001-11-05,2001-11-09,1087.20,1135.75,1087.20,1120.31,5,False,,True,Yahoo Finance ^GSPC,正式推出後
2001-11-16,2001-11-12,2001-11-18,2001-11-12,2001-11-16,1120.31,1148.28,1098.32,1138.65,5,False,,True,Yahoo Finance ^GSPC,正式推出後
2001-11-23,2001-11-19,2001-11-25,2001-11-19,2001-11-23,1138.65,1152.45,1129.78,1150.34,4,False,,True,Yahoo Finance ^GSPC,正式推出後
2001-11-30,2001-11-26,2001-12-02,2001-11-26,2001-11-30,1150.34,1163.38,1125.51,1139.45,5,False,,True,Yahoo Finance ^GSPC,正式推出後
2001-12-07,2001-12-03,2001-12-09,2001-12-03,2001-12-07,1139.45,1173.62,1125.78,1158.31,5,False,,True,Yahoo Finance ^GSPC,正式推出後
2001-12-14,2001-12-10,2001-12-16,2001-12-10,2001-12-14,1158.31,1158.31,1114.53,1123.09,5,False,,True,Yahoo Finance ^GSPC,正式推出後
2001-12-21,2001-12-17,2001-12-23,2001-12-17,2001-12-21,1123.09,1152.44,1122.66,1144.89,5,False,,True,Yahoo Finance ^GSPC,正式推出後
2001-12-28,2001-12-24,2001-12-30,2001-12-24,2001-12-28,1144.89,1164.64,1144.62,1161.02,4,False,,True,Yahoo Finance ^GSPC,正式推出後
2002-01-04,2001-12-31,2002-01-06,2001-12-31,2002-01-04,1161.02,1176.55,1136.23,1172.51,4,False,,True,Yahoo Finance ^GSPC,正式推出後
2002-01-11,2002-01-07,2002-01-13,2002-01-07,2002-01-11,1172.51,1176.97,1145.45,1145.60,5,False,,True,Yahoo Finance ^GSPC,正式推出後
2002-01-18,2002-01-14,2002-01-20,2002-01-14,2002-01-18,1145.60,1148.81,1124.45,1127.58,5,False,,True,Yahoo Finance ^GSPC,正式推出後
2002-01-25,2002-01-21,2002-01-27,2002-01-22,2002-01-25,1127.58,1139.50,1117.43,1133.28,4,False,,True,Yahoo Finance ^GSPC,正式推出後
2002-02-01,2002-01-28,2002-02-03,2002-01-28,2002-02-01,1133.28,1138.63,1081.66,1122.20,5,False,,True,Yahoo Finance ^GSPC,正式推出後
2002-02-08,2002-02-04,2002-02-10,2002-02-04,2002-02-08,1122.20,1122.20,1077.78,1096.22,5,False,,True,Yahoo Finance ^GSPC,正式推出後
2002-02-15,2002-02-11,2002-02-17,2002-02-11,2002-02-15,1096.22,1124.72,1094.68,1104.18,5,False,,True,Yahoo Finance ^GSPC,正式推出後
2002-02-22,2002-02-18,2002-02-24,2002-02-19,2002-02-22,1104.18,1104.18,1074.36,1089.84,4,False,,True,Yahoo Finance ^GSPC,正式推出後
2002-03-01,2002-02-25,2002-03-03,2002-02-25,2002-03-01,1089.84,1131.79,1089.84,1131.78,5,False,,True,Yahoo Finance ^GSPC,正式推出後
2002-03-08,2002-03-04,2002-03-10,2002-03-04,2002-03-08,1131.78,1172.76,1130.93,1164.31,5,False,,True,Yahoo Finance ^GSPC,正式推出後
2002-03-15,2002-03-11,2002-03-17,2002-03-11,2002-03-15,1164.31,1173.03,1151.01,1166.16,5,False,,True,Yahoo Finance ^GSPC,正式推出後
2002-03-22,2002-03-18,2002-03-24,2002-03-18,2002-03-22,1166.16,1173.94,1139.48,1148.70,5,False,,True,Yahoo Finance ^GSPC,正式推出後
2002-03-28,2002-03-25,2002-03-31,2002-03-25,2002-03-28,1148.70,1154.45,1131.61,1147.39,4,False,,True,Yahoo Finance ^GSPC,正式推出後
2002-04-05,2002-04-01,2002-04-07,2002-04-01,2002-04-05,1147.39,1147.84,1119.49,1122.73,5,False,,True,Yahoo Finance ^GSPC,正式推出後
2002-04-12,2002-04-08,2002-04-14,2002-04-08,2002-04-12,1122.73,1131.76,1102.42,1111.01,5,False,,True,Yahoo Finance ^GSPC,正式推出後
2002-04-19,2002-04-15,2002-04-21,2002-04-15,2002-04-19,1111.01,1133.00,1099.41,1125.17,5,False,,True,Yahoo Finance ^GSPC,正式推出後
2002-04-26,2002-04-22,2002-04-28,2002-04-22,2002-04-26,1125.17,1125.17,1076.31,1076.32,5,False,,True,Yahoo Finance ^GSPC,正式推出後
2002-05-03,2002-04-29,2002-05-05,2002-04-29,2002-05-03,1076.32,1091.42,1063.46,1073.43,5,False,,True,Yahoo Finance ^GSPC,正式推出後
2002-05-10,2002-05-06,2002-05-12,2002-05-06,2002-05-10,1073.43,1088.92,1048.96,1054.99,5,False,,True,Yahoo Finance ^GSPC,正式推出後
2002-05-17,2002-05-13,2002-05-19,2002-05-13,2002-05-17,1054.99,1106.59,1053.90,1106.59,5,False,,True,Yahoo Finance ^GSPC,正式推出後
2002-05-24,2002-05-20,2002-05-26,2002-05-20,2002-05-24,1106.59,1106.59,1075.64,1083.82,5,False,,True,Yahoo Finance ^GSPC,正式推出後
2002-05-31,2002-05-27,2002-06-02,2002-05-28,2002-05-31,1083.82,1085.98,1054.26,1067.14,4,False,,True,Yahoo Finance ^GSPC,正式推出後
2002-06-07,2002-06-03,2002-06-09,2002-06-03,2002-06-07,1067.14,1070.74,1012.49,1027.53,5,False,,True,Yahoo Finance ^GSPC,正式推出後
2002-06-14,2002-06-10,2002-06-16,2002-06-10,2002-06-14,1027.53,1039.04,981.63,1007.27,5,False,,True,Yahoo Finance ^GSPC,正式推出後
2002-06-21,2002-06-17,2002-06-23,2002-06-17,2002-06-21,1007.27,1040.83,985.65,989.14,5,False,,True,Yahoo Finance ^GSPC,正式推出後
2002-06-28,2002-06-24,2002-06-30,2002-06-24,2002-06-28,989.14,1005.88,952.92,989.82,5,False,,True,Yahoo Finance ^GSPC,正式推出後
2002-07-05,2002-07-01,2002-07-07,2002-07-01,2002-07-05,989.82,994.46,934.87,989.03,4,False,,True,Yahoo Finance ^GSPC,正式推出後
2002-07-12,2002-07-08,2002-07-14,2002-07-08,2002-07-12,989.03,993.56,900.94,921.39,5,False,,True,Yahoo Finance ^GSPC,正式推出後
2002-07-19,2002-07-15,2002-07-21,2002-07-15,2002-07-19,921.39,926.52,842.07,847.75,5,False,,True,Yahoo Finance ^GSPC,正式推出後
2002-07-26,2002-07-22,2002-07-28,2002-07-22,2002-07-26,847.76,854.13,775.68,852.84,5,False,,True,Yahoo Finance ^GSPC,正式推出後
2002-08-02,2002-07-29,2002-08-04,2002-07-29,2002-08-02,852.84,911.64,852.84,864.24,5,False,,True,Yahoo Finance ^GSPC,正式推出後
2002-08-09,2002-08-05,2002-08-11,2002-08-05,2002-08-09,864.24,913.95,833.44,908.64,5,False,,True,Yahoo Finance ^GSPC,正式推出後
2002-08-16,2002-08-12,2002-08-18,2002-08-12,2002-08-16,908.64,935.38,876.20,928.77,5,False,,True,Yahoo Finance ^GSPC,正式推出後
2002-08-23,2002-08-19,2002-08-25,2002-08-19,2002-08-23,928.77,965.00,927.21,940.86,5,False,,True,Yahoo Finance ^GSPC,正式推出後
2002-08-30,2002-08-26,2002-09-01,2002-08-26,2002-08-30,940.86,955.82,903.33,916.07,5,False,,True,Yahoo Finance ^GSPC,正式推出後
2002-09-06,2002-09-02,2002-09-08,2002-09-03,2002-09-06,916.07,916.07,870.50,893.92,4,False,,True,Yahoo Finance ^GSPC,正式推出後
2002-09-13,2002-09-09,2002-09-15,2002-09-09,2002-09-13,893.92,924.02,877.05,889.81,5,False,,True,Yahoo Finance ^GSPC,正式推出後
2002-09-20,2002-09-16,2002-09-22,2002-09-16,2002-09-20,889.81,902.68,839.09,845.39,5,False,,True,Yahoo Finance ^GSPC,正式推出後
2002-09-27,2002-09-23,2002-09-29,2002-09-23,2002-09-27,845.39,856.60,817.38,827.37,5,False,,True,Yahoo Finance ^GSPC,正式推出後
2002-10-04,2002-09-30,2002-10-06,2002-09-30,2002-10-04,827.37,851.93,794.10,800.58,5,False,,True,Yahoo Finance ^GSPC,正式推出後
2002-10-11,2002-10-07,2002-10-13,2002-10-07,2002-10-11,800.58,843.27,768.63,835.32,5,False,,True,Yahoo Finance ^GSPC,正式推出後
2002-10-18,2002-10-14,2002-10-20,2002-10-14,2002-10-18,835.32,886.68,828.37,884.39,5,False,,True,Yahoo Finance ^GSPC,正式推出後
2002-10-25,2002-10-21,2002-10-27,2002-10-21,2002-10-25,884.39,902.94,873.06,897.65,5,False,,True,Yahoo Finance ^GSPC,正式推出後
2002-11-01,2002-10-28,2002-11-03,2002-10-28,2002-11-01,897.65,907.44,867.91,900.96,5,False,,True,Yahoo Finance ^GSPC,正式推出後
2002-11-08,2002-11-04,2002-11-10,2002-11-04,2002-11-08,900.96,925.66,891.62,894.74,5,False,,True,Yahoo Finance ^GSPC,正式推出後
2002-11-15,2002-11-11,2002-11-17,2002-11-11,2002-11-15,894.74,910.21,872.05,909.83,5,False,,True,Yahoo Finance ^GSPC,正式推出後
2002-11-22,2002-11-18,2002-11-24,2002-11-18,2002-11-22,909.83,937.28,893.09,930.55,5,False,,True,Yahoo Finance ^GSPC,正式推出後
2002-11-29,2002-11-25,2002-12-01,2002-11-25,2002-11-29,930.55,941.82,912.10,936.31,4,False,,True,Yahoo Finance ^GSPC,正式推出後
2002-12-06,2002-12-02,2002-12-08,2002-12-02,2002-12-06,936.31,954.28,895.96,912.23,5,False,,True,Yahoo Finance ^GSPC,正式推出後
2002-12-13,2002-12-09,2002-12-15,2002-12-09,2002-12-13,912.23,912.23,888.48,889.48,5,False,,True,Yahoo Finance ^GSPC,正式推出後
2002-12-20,2002-12-16,2002-12-22,2002-12-16,2002-12-20,889.48,911.22,880.32,895.76,5,False,,True,Yahoo Finance ^GSPC,正式推出後
2002-12-27,2002-12-23,2002-12-29,2002-12-23,2002-12-27,895.74,903.89,873.62,875.40,4,False,,True,Yahoo Finance ^GSPC,正式推出後
2003-01-03,2002-12-30,2003-01-05,2002-12-30,2003-01-03,875.40,911.25,869.45,908.59,4,False,,True,Yahoo Finance ^GSPC,正式推出後
2003-01-10,2003-01-06,2003-01-12,2003-01-06,2003-01-10,908.59,932.89,908.32,927.57,5,False,,True,Yahoo Finance ^GSPC,正式推出後
2003-01-17,2003-01-13,2003-01-19,2003-01-13,2003-01-17,927.57,935.05,899.02,901.78,5,False,,True,Yahoo Finance ^GSPC,正式推出後
2003-01-24,2003-01-20,2003-01-26,2003-01-21,2003-01-24,901.78,906.00,859.71,861.40,4,False,,True,Yahoo Finance ^GSPC,正式推出後
2003-01-31,2003-01-27,2003-02-02,2003-01-27,2003-01-31,861.40,868.72,840.34,855.70,5,False,,True,Yahoo Finance ^GSPC,正式推出後
2003-02-07,2003-02-03,2003-02-09,2003-02-03,2003-02-07,855.70,864.64,826.70,829.69,5,False,,True,Yahoo Finance ^GSPC,正式推出後
2003-02-14,2003-02-10,2003-02-16,2003-02-10,2003-02-14,829.69,843.02,806.29,834.89,5,False,,True,Yahoo Finance ^GSPC,正式推出後
2003-02-21,2003-02-17,2003-02-23,2003-02-18,2003-02-21,834.89,852.87,831.48,848.17,4,False,,True,Yahoo Finance ^GSPC,正式推出後
2003-02-28,2003-02-24,2003-03-02,2003-02-24,2003-02-28,848.17,848.17,818.54,841.15,5,False,,True,Yahoo Finance ^GSPC,正式推出後
2003-03-07,2003-03-03,2003-03-09,2003-03-03,2003-03-07,841.15,852.34,811.23,828.89,5,False,,True,Yahoo Finance ^GSPC,正式推出後
2003-03-14,2003-03-10,2003-03-16,2003-03-10,2003-03-14,828.89,841.39,788.90,833.27,5,False,,True,Yahoo Finance ^GSPC,正式推出後
2003-03-21,2003-03-17,2003-03-23,2003-03-17,2003-03-21,833.27,895.90,827.17,895.79,5,False,,True,Yahoo Finance ^GSPC,正式推出後
2003-03-28,2003-03-24,2003-03-30,2003-03-24,2003-03-28,895.79,895.79,858.09,863.50,5,False,,True,Yahoo Finance ^GSPC,正式推出後
2003-04-04,2003-03-31,2003-04-06,2003-03-31,2003-04-04,863.50,885.89,843.68,878.85,5,False,,True,Yahoo Finance ^GSPC,正式推出後
2003-04-11,2003-04-07,2003-04-13,2003-04-07,2003-04-11,878.85,904.89,862.76,868.30,5,False,,True,Yahoo Finance ^GSPC,正式推出後
2003-04-17,2003-04-14,2003-04-20,2003-04-14,2003-04-17,868.30,896.77,868.30,893.58,4,False,,True,Yahoo Finance ^GSPC,正式推出後
2003-04-25,2003-04-21,2003-04-27,2003-04-21,2003-04-25,893.58,919.74,886.70,898.81,5,False,,True,Yahoo Finance ^GSPC,正式推出後
2003-05-02,2003-04-28,2003-05-04,2003-04-28,2003-05-02,898.81,930.56,898.81,930.08,5,False,,True,Yahoo Finance ^GSPC,正式推出後
2003-05-09,2003-05-05,2003-05-11,2003-05-05,2003-05-09,930.08,939.61,919.72,933.41,5,False,,True,Yahoo Finance ^GSPC,正式推出後
2003-05-16,2003-05-12,2003-05-18,2003-05-12,2003-05-16,933.41,948.65,929.30,944.30,5,False,,True,Yahoo Finance ^GSPC,正式推出後
2003-05-23,2003-05-19,2003-05-25,2003-05-19,2003-05-23,944.30,944.30,912.05,933.22,5,False,,True,Yahoo Finance ^GSPC,正式推出後
2003-05-30,2003-05-26,2003-06-01,2003-05-27,2003-05-30,933.22,965.38,927.33,963.59,4,False,,True,Yahoo Finance ^GSPC,正式推出後
2003-06-06,2003-06-02,2003-06-08,2003-06-02,2003-06-06,963.59,1007.69,963.59,987.76,5,False,,True,Yahoo Finance ^GSPC,正式推出後
2003-06-13,2003-06-09,2003-06-15,2003-06-09,2003-06-13,987.76,1002.74,972.59,988.61,5,False,,True,Yahoo Finance ^GSPC,正式推出後
2003-06-20,2003-06-16,2003-06-22,2003-06-16,2003-06-20,988.61,1015.33,988.61,995.69,5,False,,True,Yahoo Finance ^GSPC,正式推出後
2003-06-27,2003-06-23,2003-06-29,2003-06-23,2003-06-27,995.69,995.69,973.80,976.22,5,False,,True,Yahoo Finance ^GSPC,正式推出後
2003-07-03,2003-06-30,2003-07-06,2003-06-30,2003-07-03,976.22,995.00,962.10,985.70,4,False,,True,Yahoo Finance ^GSPC,正式推出後
2003-07-11,2003-07-07,2003-07-13,2003-07-07,2003-07-11,985.70,1010.43,983.63,998.14,5,False,,True,Yahoo Finance ^GSPC,正式推出後
2003-07-18,2003-07-14,2003-07-20,2003-07-14,2003-07-18,998.14,1015.41,978.60,993.32,5,False,,True,Yahoo Finance ^GSPC,正式推出後
2003-07-25,2003-07-21,2003-07-27,2003-07-21,2003-07-25,993.32,998.89,975.63,998.68,5,False,,True,Yahoo Finance ^GSPC,正式推出後
2003-08-01,2003-07-28,2003-08-03,2003-07-28,2003-08-01,998.68,1004.59,978.86,980.15,5,False,,True,Yahoo Finance ^GSPC,正式推出後
2003-08-08,2003-08-04,2003-08-10,2003-08-04,2003-08-08,980.15,985.75,960.84,977.59,5,False,,True,Yahoo Finance ^GSPC,正式推出後
2003-08-15,2003-08-11,2003-08-17,2003-08-11,2003-08-15,977.59,992.50,974.21,990.67,5,False,,True,Yahoo Finance ^GSPC,正式推出後
2003-08-22,2003-08-18,2003-08-24,2003-08-18,2003-08-22,990.67,1011.01,990.67,993.06,5,False,,True,Yahoo Finance ^GSPC,正式推出後
2003-08-29,2003-08-25,2003-08-31,2003-08-25,2003-08-29,993.06,1008.85,983.57,1008.01,5,False,,True,Yahoo Finance ^GSPC,正式推出後
2003-09-05,2003-09-01,2003-09-07,2003-09-02,2003-09-05,1008.01,1029.34,1005.73,1021.39,4,False,,True,Yahoo Finance ^GSPC,正式推出後
2003-09-12,2003-09-08,2003-09-14,2003-09-08,2003-09-12,1021.39,1032.41,1007.71,1018.63,5,False,,True,Yahoo Finance ^GSPC,正式推出後
2003-09-19,2003-09-15,2003-09-21,2003-09-15,2003-09-19,1018.63,1040.29,1013.59,1036.30,5,False,,True,Yahoo Finance ^GSPC,正式推出後
2003-09-26,2003-09-22,2003-09-28,2003-09-22,2003-09-26,1036.30,1036.30,996.08,996.85,5,False,,True,Yahoo Finance ^GSPC,正式推出後
2003-10-03,2003-09-29,2003-10-05,2003-09-29,2003-10-03,996.85,1039.31,990.36,1029.85,5,False,,True,Yahoo Finance ^GSPC,正式推出後
2003-10-10,2003-10-06,2003-10-12,2003-10-06,2003-10-10,1029.85,1048.28,1026.27,1038.06,5,False,,True,Yahoo Finance ^GSPC,正式推出後
2003-10-17,2003-10-13,2003-10-19,2003-10-13,2003-10-17,1038.06,1053.79,1036.57,1039.32,5,False,,True,Yahoo Finance ^GSPC,正式推出後
2003-10-24,2003-10-20,2003-10-26,2003-10-20,2003-10-24,1039.32,1048.57,1018.32,1028.91,5,False,,True,Yahoo Finance ^GSPC,正式推出後
2003-10-31,2003-10-27,2003-11-02,2003-10-27,2003-10-31,1028.91,1053.09,1028.91,1050.71,5,False,,True,Yahoo Finance ^GSPC,正式推出後
2003-11-07,2003-11-03,2003-11-09,2003-11-03,2003-11-07,1050.71,1062.39,1044.88,1053.21,5,False,,True,Yahoo Finance ^GSPC,正式推出後
2003-11-14,2003-11-10,2003-11-16,2003-11-10,2003-11-14,1053.21,1063.65,1043.46,1050.35,5,False,,True,Yahoo Finance ^GSPC,正式推出後
2003-11-21,2003-11-17,2003-11-23,2003-11-17,2003-11-21,1050.35,1050.35,1031.20,1035.28,5,False,,True,Yahoo Finance ^GSPC,正式推出後
2003-11-28,2003-11-24,2003-11-30,2003-11-24,2003-11-28,1035.28,1060.63,1035.28,1058.20,4,False,,True,Yahoo Finance ^GSPC,正式推出後
2003-12-05,2003-12-01,2003-12-07,2003-12-01,2003-12-05,1058.20,1074.30,1058.20,1061.50,5,False,,True,Yahoo Finance ^GSPC,正式推出後
2003-12-12,2003-12-08,2003-12-14,2003-12-08,2003-12-12,1061.50,1074.76,1053.41,1074.14,5,False,,True,Yahoo Finance ^GSPC,正式推出後
2003-12-19,2003-12-15,2003-12-21,2003-12-15,2003-12-19,1074.14,1091.06,1068.00,1088.66,5,False,,True,Yahoo Finance ^GSPC,正式推出後
2003-12-26,2003-12-22,2003-12-28,2003-12-22,2003-12-26,1088.66,1098.47,1086.14,1095.89,4,False,,True,Yahoo Finance ^GSPC,正式推出後
2004-01-02,2003-12-29,2004-01-04,2003-12-29,2004-01-02,1095.89,1118.85,1095.89,1108.48,4,False,,True,Yahoo Finance ^GSPC,正式推出後
2004-01-09,2004-01-05,2004-01-11,2004-01-05,2004-01-09,1108.48,1131.92,1108.48,1121.86,5,False,,True,Yahoo Finance ^GSPC,正式推出後
2004-01-16,2004-01-12,2004-01-18,2004-01-12,2004-01-16,1121.86,1139.83,1115.19,1139.83,5,False,,True,Yahoo Finance ^GSPC,正式推出後
2004-01-23,2004-01-19,2004-01-25,2004-01-20,2004-01-23,1139.83,1150.51,1134.62,1141.55,4,False,,True,Yahoo Finance ^GSPC,正式推出後
2004-01-30,2004-01-26,2004-02-01,2004-01-26,2004-01-30,1141.55,1155.38,1122.38,1131.13,5,False,,True,Yahoo Finance ^GSPC,正式推出後
2004-02-06,2004-02-02,2004-02-08,2004-02-02,2004-02-06,1131.13,1142.79,1124.44,1142.76,5,False,,True,Yahoo Finance ^GSPC,正式推出後
2004-02-13,2004-02-09,2004-02-15,2004-02-09,2004-02-13,1142.76,1158.89,1138.70,1145.81,5,False,,True,Yahoo Finance ^GSPC,正式推出後
2004-02-20,2004-02-16,2004-02-22,2004-02-17,2004-02-20,1145.81,1158.98,1139.00,1144.11,4,False,,True,Yahoo Finance ^GSPC,正式推出後
2004-02-27,2004-02-23,2004-02-29,2004-02-23,2004-02-27,1144.11,1151.68,1134.43,1144.94,5,False,,True,Yahoo Finance ^GSPC,正式推出後
2004-03-05,2004-03-01,2004-03-07,2004-03-01,2004-03-05,1144.94,1163.23,1143.78,1156.86,5,False,,True,Yahoo Finance ^GSPC,正式推出後
2004-03-12,2004-03-08,2004-03-14,2004-03-08,2004-03-12,1156.86,1159.94,1105.87,1120.57,5,False,,True,Yahoo Finance ^GSPC,正式推出後
2004-03-19,2004-03-15,2004-03-21,2004-03-15,2004-03-19,1120.57,1125.76,1102.61,1109.78,5,False,,True,Yahoo Finance ^GSPC,正式推出後
2004-03-26,2004-03-22,2004-03-28,2004-03-22,2004-03-26,1109.78,1115.27,1087.16,1108.06,5,False,,True,Yahoo Finance ^GSPC,正式推出後
2004-04-02,2004-03-29,2004-04-04,2004-03-29,2004-04-02,1108.06,1144.81,1108.06,1141.81,5,False,,True,Yahoo Finance ^GSPC,正式推出後
2004-04-08,2004-04-05,2004-04-11,2004-04-05,2004-04-08,1141.81,1150.57,1134.52,1139.32,4,False,,True,Yahoo Finance ^GSPC,正式推出後
2004-04-16,2004-04-12,2004-04-18,2004-04-12,2004-04-16,1139.32,1147.78,1120.75,1134.61,5,False,,True,Yahoo Finance ^GSPC,正式推出後
2004-04-23,2004-04-19,2004-04-25,2004-04-19,2004-04-23,1134.56,1142.77,1116.03,1140.60,5,False,,True,Yahoo Finance ^GSPC,正式推出後
2004-04-30,2004-04-26,2004-05-02,2004-04-26,2004-04-30,1140.60,1146.56,1107.23,1107.30,5,False,,True,Yahoo Finance ^GSPC,正式推出後
2004-05-07,2004-05-03,2004-05-09,2004-05-03,2004-05-07,1107.30,1127.74,1098.63,1098.70,5,False,,True,Yahoo Finance ^GSPC,正式推出後
2004-05-14,2004-05-10,2004-05-16,2004-05-10,2004-05-14,1098.70,1102.77,1076.32,1095.70,5,False,,True,Yahoo Finance ^GSPC,正式推出後
2004-05-21,2004-05-17,2004-05-23,2004-05-17,2004-05-21,1095.70,1105.93,1079.36,1093.56,5,False,,True,Yahoo Finance ^GSPC,正式推出後
2004-05-28,2004-05-24,2004-05-30,2004-05-24,2004-05-28,1093.56,1123.95,1090.74,1120.68,5,False,,True,Yahoo Finance ^GSPC,正式推出後
2004-06-04,2004-05-31,2004-06-06,2004-06-01,2004-06-04,1120.68,1129.17,1113.32,1122.50,4,False,,True,Yahoo Finance ^GSPC,正式推出後
2004-06-10,2004-06-07,2004-06-13,2004-06-07,2004-06-10,1122.50,1142.18,1122.50,1136.47,4,False,,True,Yahoo Finance ^GSPC,正式推出後
2004-06-18,2004-06-14,2004-06-20,2004-06-14,2004-06-18,1136.47,1138.96,1122.16,1135.02,5,False,,True,Yahoo Finance ^GSPC,正式推出後
2004-06-25,2004-06-21,2004-06-27,2004-06-21,2004-06-25,1135.02,1146.34,1124.37,1134.43,5,False,,True,Yahoo Finance ^GSPC,正式推出後
2004-07-02,2004-06-28,2004-07-04,2004-06-28,2004-07-02,1134.43,1144.20,1123.06,1125.38,5,False,,True,Yahoo Finance ^GSPC,正式推出後
2004-07-09,2004-07-05,2004-07-11,2004-07-06,2004-07-09,1125.38,1125.38,1108.72,1112.81,4,False,,True,Yahoo Finance ^GSPC,正式推出後
2004-07-16,2004-07-12,2004-07-18,2004-07-12,2004-07-16,1112.81,1119.60,1101.07,1101.39,5,False,,True,Yahoo Finance ^GSPC,正式推出後
2004-07-23,2004-07-19,2004-07-25,2004-07-19,2004-07-23,1101.39,1116.27,1083.56,1086.20,5,False,,True,Yahoo Finance ^GSPC,正式推出後
2004-07-30,2004-07-26,2004-08-01,2004-07-26,2004-07-30,1086.20,1103.73,1078.78,1101.72,5,False,,True,Yahoo Finance ^GSPC,正式推出後
2004-08-06,2004-08-02,2004-08-08,2004-08-02,2004-08-06,1101.72,1108.60,1062.23,1063.97,5,False,,True,Yahoo Finance ^GSPC,正式推出後
2004-08-13,2004-08-09,2004-08-15,2004-08-09,2004-08-13,1063.97,1079.04,1060.72,1064.80,5,False,,True,Yahoo Finance ^GSPC,正式推出後
2004-08-20,2004-08-16,2004-08-22,2004-08-16,2004-08-20,1064.80,1100.26,1064.80,1098.35,5,False,,True,Yahoo Finance ^GSPC,正式推出後
2004-08-27,2004-08-23,2004-08-29,2004-08-23,2004-08-27,1098.35,1109.68,1092.82,1107.77,5,False,,True,Yahoo Finance ^GSPC,正式推出後
2004-09-03,2004-08-30,2004-09-05,2004-08-30,2004-09-03,1107.77,1120.80,1094.72,1113.63,5,False,,True,Yahoo Finance ^GSPC,正式推出後
2004-09-10,2004-09-06,2004-09-12,2004-09-07,2004-09-10,1113.63,1125.26,1113.62,1123.92,4,False,,True,Yahoo Finance ^GSPC,正式推出後
2004-09-17,2004-09-13,2004-09-19,2004-09-13,2004-09-17,1123.92,1130.14,1119.82,1128.55,5,False,,True,Yahoo Finance ^GSPC,正式推出後
2004-09-24,2004-09-20,2004-09-26,2004-09-20,2004-09-24,1128.55,1131.54,1108.05,1110.11,5,False,,True,Yahoo Finance ^GSPC,正式推出後
2004-10-01,2004-09-27,2004-10-03,2004-09-27,2004-10-01,1110.11,1131.64,1101.29,1131.50,5,False,,True,Yahoo Finance ^GSPC,正式推出後
2004-10-08,2004-10-04,2004-10-10,2004-10-04,2004-10-08,1131.50,1142.05,1120.19,1122.14,5,False,,True,Yahoo Finance ^GSPC,正式推出後
2004-10-15,2004-10-11,2004-10-17,2004-10-11,2004-10-15,1122.14,1127.01,1102.06,1108.20,5,False,,True,Yahoo Finance ^GSPC,正式推出後
2004-10-22,2004-10-18,2004-10-24,2004-10-18,2004-10-22,1108.20,1117.96,1094.25,1095.74,5,False,,True,Yahoo Finance ^GSPC,正式推出後
2004-10-29,2004-10-25,2004-10-31,2004-10-25,2004-10-29,1095.74,1131.40,1090.29,1130.20,5,False,,True,Yahoo Finance ^GSPC,正式推出後
2004-11-05,2004-11-01,2004-11-07,2004-11-01,2004-11-05,1130.20,1170.87,1127.60,1166.17,5,False,,True,Yahoo Finance ^GSPC,正式推出後
2004-11-12,2004-11-08,2004-11-14,2004-11-08,2004-11-12,1166.17,1184.17,1162.32,1184.17,5,False,,True,Yahoo Finance ^GSPC,正式推出後
2004-11-19,2004-11-15,2004-11-21,2004-11-15,2004-11-19,1184.17,1188.46,1169.19,1170.34,5,False,,True,Yahoo Finance ^GSPC,正式推出後
2004-11-26,2004-11-22,2004-11-28,2004-11-22,2004-11-26,1170.34,1186.62,1167.89,1182.65,4,False,,True,Yahoo Finance ^GSPC,正式推出後
2004-12-03,2004-11-29,2004-12-05,2004-11-29,2004-12-03,1182.65,1197.46,1172.37,1191.17,5,False,,True,Yahoo Finance ^GSPC,正式推出後
2004-12-10,2004-12-06,2004-12-12,2004-12-06,2004-12-10,1191.17,1192.41,1173.79,1188.00,5,False,,True,Yahoo Finance ^GSPC,正式推出後
2004-12-17,2004-12-13,2004-12-19,2004-12-13,2004-12-17,1188.00,1207.97,1188.00,1194.20,5,False,,True,Yahoo Finance ^GSPC,正式推出後
2004-12-23,2004-12-20,2004-12-26,2004-12-20,2004-12-23,1194.20,1213.66,1193.36,1210.13,4,False,,True,Yahoo Finance ^GSPC,正式推出後
2004-12-31,2004-12-27,2005-01-02,2004-12-27,2004-12-31,1210.13,1217.33,1204.92,1211.92,5,False,,True,Yahoo Finance ^GSPC,正式推出後
2005-01-07,2005-01-03,2005-01-09,2005-01-03,2005-01-07,1211.92,1217.80,1182.16,1186.19,5,False,,True,Yahoo Finance ^GSPC,正式推出後
2005-01-14,2005-01-10,2005-01-16,2005-01-10,2005-01-14,1186.19,1194.78,1175.64,1184.52,5,False,,True,Yahoo Finance ^GSPC,正式推出後
2005-01-21,2005-01-17,2005-01-23,2005-01-18,2005-01-21,1184.52,1195.98,1167.82,1167.87,4,False,,True,Yahoo Finance ^GSPC,正式推出後
2005-01-28,2005-01-24,2005-01-30,2005-01-24,2005-01-28,1167.87,1177.50,1163.75,1171.36,5,False,,True,Yahoo Finance ^GSPC,正式推出後
2005-02-04,2005-01-31,2005-02-06,2005-01-31,2005-02-04,1171.36,1203.47,1171.36,1203.03,5,False,,True,Yahoo Finance ^GSPC,正式推出後
2005-02-11,2005-02-07,2005-02-13,2005-02-07,2005-02-11,1203.03,1208.38,1191.54,1205.30,5,False,,True,Yahoo Finance ^GSPC,正式推出後
2005-02-18,2005-02-14,2005-02-20,2005-02-14,2005-02-18,1205.30,1212.44,1197.35,1201.59,5,False,,True,Yahoo Finance ^GSPC,正式推出後
2005-02-25,2005-02-21,2005-02-27,2005-02-22,2005-02-25,1201.59,1212.15,1184.16,1211.37,4,False,,True,Yahoo Finance ^GSPC,正式推出後
2005-03-04,2005-02-28,2005-03-06,2005-02-28,2005-03-04,1211.37,1224.76,1198.13,1222.12,5,False,,True,Yahoo Finance ^GSPC,正式推出後
2005-03-11,2005-03-07,2005-03-13,2005-03-07,2005-03-11,1222.12,1229.11,1198.15,1200.08,5,False,,True,Yahoo Finance ^GSPC,正式推出後
2005-03-18,2005-03-14,2005-03-20,2005-03-14,2005-03-18,1200.08,1210.54,1182.78,1189.65,5,False,,True,Yahoo Finance ^GSPC,正式推出後
2005-03-24,2005-03-21,2005-03-27,2005-03-21,2005-03-24,1189.65,1189.65,1168.70,1171.42,4,False,,True,Yahoo Finance ^GSPC,正式推出後
2005-04-01,2005-03-28,2005-04-03,2005-03-28,2005-04-01,1171.42,1189.80,1163.69,1172.92,5,False,,True,Yahoo Finance ^GSPC,正式推出後
2005-04-08,2005-04-04,2005-04-10,2005-04-04,2005-04-08,1172.79,1191.88,1167.72,1181.20,5,False,,True,Yahoo Finance ^GSPC,正式推出後
2005-04-15,2005-04-11,2005-04-17,2005-04-11,2005-04-15,1181.20,1190.17,1141.92,1142.62,5,False,,True,Yahoo Finance ^GSPC,正式推出後
2005-04-22,2005-04-18,2005-04-24,2005-04-18,2005-04-22,1142.62,1159.95,1136.15,1152.12,5,False,,True,Yahoo Finance ^GSPC,正式推出後
2005-04-29,2005-04-25,2005-05-01,2005-04-25,2005-04-29,1152.12,1164.80,1139.19,1156.85,5,False,,True,Yahoo Finance ^GSPC,正式推出後
2005-05-06,2005-05-02,2005-05-08,2005-05-02,2005-05-06,1156.85,1178.62,1154.71,1171.35,5,False,,True,Yahoo Finance ^GSPC,正式推出後
2005-05-13,2005-05-09,2005-05-15,2005-05-09,2005-05-13,1171.35,1178.87,1146.18,1154.05,5,False,,True,Yahoo Finance ^GSPC,正式推出後
2005-05-20,2005-05-16,2005-05-22,2005-05-16,2005-05-20,1154.05,1191.22,1153.64,1189.28,5,False,,True,Yahoo Finance ^GSPC,正式推出後
2005-05-27,2005-05-23,2005-05-29,2005-05-23,2005-05-27,1189.28,1199.56,1185.96,1198.78,5,False,,True,Yahoo Finance ^GSPC,正式推出後
2005-06-03,2005-05-30,2005-06-05,2005-05-31,2005-06-03,1198.78,1205.64,1191.03,1196.02,4,False,,True,Yahoo Finance ^GSPC,正式推出後
2005-06-10,2005-06-06,2005-06-12,2005-06-06,2005-06-10,1196.02,1208.85,1191.09,1198.11,5,False,,True,Yahoo Finance ^GSPC,正式推出後
2005-06-17,2005-06-13,2005-06-19,2005-06-13,2005-06-17,1198.11,1219.55,1194.51,1216.96,5,False,,True,Yahoo Finance ^GSPC,正式推出後
2005-06-24,2005-06-20,2005-06-26,2005-06-20,2005-06-24,1216.96,1219.59,1191.45,1191.57,5,False,,True,Yahoo Finance ^GSPC,正式推出後
2005-07-01,2005-06-27,2005-07-03,2005-06-27,2005-07-01,1191.57,1204.07,1188.30,1194.44,5,False,,True,Yahoo Finance ^GSPC,正式推出後
2005-07-08,2005-07-04,2005-07-10,2005-07-05,2005-07-08,1194.44,1212.73,1183.55,1211.86,4,False,,True,Yahoo Finance ^GSPC,正式推出後
2005-07-15,2005-07-11,2005-07-17,2005-07-11,2005-07-15,1211.86,1233.16,1211.86,1227.92,5,False,,True,Yahoo Finance ^GSPC,正式推出後
2005-07-22,2005-07-18,2005-07-24,2005-07-18,2005-07-22,1227.92,1236.56,1221.13,1233.68,5,False,,True,Yahoo Finance ^GSPC,正式推出後
2005-07-29,2005-07-25,2005-07-31,2005-07-25,2005-07-29,1233.68,1245.15,1228.15,1234.18,5,False,,True,Yahoo Finance ^GSPC,正式推出後
2005-08-05,2005-08-01,2005-08-07,2005-08-01,2005-08-05,1234.18,1245.86,1225.62,1226.42,5,False,,True,Yahoo Finance ^GSPC,正式推出後
2005-08-12,2005-08-08,2005-08-14,2005-08-08,2005-08-12,1226.42,1242.69,1222.67,1230.39,5,False,,True,Yahoo Finance ^GSPC,正式推出後
2005-08-19,2005-08-15,2005-08-21,2005-08-15,2005-08-19,1230.40,1236.24,1215.93,1219.71,5,False,,True,Yahoo Finance ^GSPC,正式推出後
2005-08-26,2005-08-22,2005-08-28,2005-08-22,2005-08-26,1219.71,1228.96,1204.23,1205.10,5,False,,True,Yahoo Finance ^GSPC,正式推出後
2005-09-02,2005-08-29,2005-09-04,2005-08-29,2005-09-02,1205.10,1227.29,1201.07,1218.02,5,False,,True,Yahoo Finance ^GSPC,正式推出後
2005-09-09,2005-09-05,2005-09-11,2005-09-06,2005-09-09,1218.02,1243.13,1218.02,1241.48,4,False,,True,Yahoo Finance ^GSPC,正式推出後
2005-09-16,2005-09-12,2005-09-18,2005-09-12,2005-09-16,1241.48,1242.60,1224.85,1237.91,5,False,,True,Yahoo Finance ^GSPC,正式推出後
2005-09-23,2005-09-19,2005-09-25,2005-09-19,2005-09-23,1237.91,1237.91,1205.35,1215.29,5,False,,True,Yahoo Finance ^GSPC,正式推出後
2005-09-30,2005-09-26,2005-10-02,2005-09-26,2005-09-30,1215.29,1229.57,1211.11,1228.81,5,False,,True,Yahoo Finance ^GSPC,正式推出後
2005-10-07,2005-10-03,2005-10-09,2005-10-03,2005-10-07,1228.81,1233.34,1181.92,1195.90,5,False,,True,Yahoo Finance ^GSPC,正式推出後
2005-10-14,2005-10-10,2005-10-16,2005-10-10,2005-10-14,1195.90,1196.52,1168.20,1186.57,5,False,,True,Yahoo Finance ^GSPC,正式推出後
2005-10-21,2005-10-17,2005-10-23,2005-10-17,2005-10-21,1186.57,1197.30,1170.55,1179.59,5,False,,True,Yahoo Finance ^GSPC,正式推出後
2005-10-28,2005-10-24,2005-10-30,2005-10-24,2005-10-28,1179.59,1204.01,1178.89,1198.41,5,False,,True,Yahoo Finance ^GSPC,正式推出後
2005-11-04,2005-10-31,2005-11-06,2005-10-31,2005-11-04,1198.41,1224.70,1198.41,1220.14,5,False,,True,Yahoo Finance ^GSPC,正式推出後
2005-11-11,2005-11-07,2005-11-13,2005-11-07,2005-11-11,1220.14,1235.70,1215.05,1234.72,5,False,,True,Yahoo Finance ^GSPC,正式推出後
2005-11-18,2005-11-14,2005-11-20,2005-11-14,2005-11-18,1234.72,1249.58,1226.41,1248.27,5,False,,True,Yahoo Finance ^GSPC,正式推出後
2005-11-25,2005-11-21,2005-11-27,2005-11-21,2005-11-25,1248.27,1270.64,1246.90,1268.25,4,False,,True,Yahoo Finance ^GSPC,正式推出後
2005-12-02,2005-11-28,2005-12-04,2005-11-28,2005-12-02,1268.25,1268.44,1249.39,1265.08,5,False,,True,Yahoo Finance ^GSPC,正式推出後
2005-12-09,2005-12-05,2005-12-11,2005-12-05,2005-12-09,1265.08,1272.89,1250.91,1259.37,5,False,,True,Yahoo Finance ^GSPC,正式推出後
2005-12-16,2005-12-12,2005-12-18,2005-12-12,2005-12-16,1259.37,1275.80,1255.52,1267.32,5,False,,True,Yahoo Finance ^GSPC,正式推出後
2005-12-23,2005-12-19,2005-12-25,2005-12-19,2005-12-23,1267.32,1270.51,1257.21,1268.66,5,False,,True,Yahoo Finance ^GSPC,正式推出後
2005-12-30,2005-12-26,2006-01-01,2005-12-27,2005-12-30,1268.66,1271.83,1246.59,1248.29,4,False,,True,Yahoo Finance ^GSPC,正式推出後
2006-01-06,2006-01-02,2006-01-08,2006-01-03,2006-01-06,1248.29,1286.09,1245.74,1285.45,4,False,,True,Yahoo Finance ^GSPC,正式推出後
2006-01-13,2006-01-09,2006-01-15,2006-01-09,2006-01-13,1285.45,1294.90,1282.78,1287.61,5,False,,True,Yahoo Finance ^GSPC,正式推出後
2006-01-20,2006-01-16,2006-01-22,2006-01-17,2006-01-20,1287.61,1287.79,1260.92,1261.49,4,False,,True,Yahoo Finance ^GSPC,正式推出後
2006-01-27,2006-01-23,2006-01-29,2006-01-23,2006-01-27,1261.49,1286.38,1259.42,1283.72,5,False,,True,Yahoo Finance ^GSPC,正式推出後
2006-02-03,2006-01-30,2006-02-05,2006-01-30,2006-02-03,1283.72,1287.94,1261.02,1264.03,5,False,,True,Yahoo Finance ^GSPC,正式推出後
2006-02-10,2006-02-06,2006-02-12,2006-02-06,2006-02-10,1264.03,1274.56,1253.61,1266.99,5,False,,True,Yahoo Finance ^GSPC,正式推出後
2006-02-17,2006-02-13,2006-02-19,2006-02-13,2006-02-17,1266.99,1289.47,1258.34,1287.24,5,False,,True,Yahoo Finance ^GSPC,正式推出後
2006-02-24,2006-02-20,2006-02-26,2006-02-21,2006-02-24,1287.24,1294.17,1281.33,1289.43,4,False,,True,Yahoo Finance ^GSPC,正式推出後
2006-03-03,2006-02-27,2006-03-05,2006-02-27,2006-03-03,1289.43,1297.57,1278.66,1287.23,5,False,,True,Yahoo Finance ^GSPC,正式推出後
2006-03-10,2006-03-06,2006-03-12,2006-03-06,2006-03-10,1287.23,1288.23,1268.42,1281.42,5,False,,True,Yahoo Finance ^GSPC,正式推出後
2006-03-17,2006-03-13,2006-03-19,2006-03-13,2006-03-17,1281.58,1310.45,1281.58,1307.25,5,False,,True,Yahoo Finance ^GSPC,正式推出後
2006-03-24,2006-03-20,2006-03-26,2006-03-20,2006-03-24,1307.25,1310.88,1295.81,1302.95,5,False,,True,Yahoo Finance ^GSPC,正式推出後
2006-03-31,2006-03-27,2006-04-02,2006-03-27,2006-03-31,1302.95,1310.15,1291.84,1294.87,5,False,,True,Yahoo Finance ^GSPC,正式推出後
2006-04-07,2006-04-03,2006-04-09,2006-04-03,2006-04-07,1302.88,1314.07,1294.18,1295.50,5,False,,True,Yahoo Finance ^GSPC,正式推出後
2006-04-13,2006-04-10,2006-04-16,2006-04-10,2006-04-13,1295.51,1300.74,1282.96,1289.12,4,False,,True,Yahoo Finance ^GSPC,正式推出後
2006-04-21,2006-04-17,2006-04-23,2006-04-17,2006-04-21,1289.12,1318.16,1280.74,1311.28,5,False,,True,Yahoo Finance ^GSPC,正式推出後
2006-04-28,2006-04-24,2006-04-30,2006-04-24,2006-04-28,1311.28,1316.04,1295.57,1310.61,5,False,,True,Yahoo Finance ^GSPC,正式推出後
2006-05-05,2006-05-01,2006-05-07,2006-05-01,2006-05-05,1310.61,1326.53,1303.46,1325.76,5,False,,True,Yahoo Finance ^GSPC,正式推出後
2006-05-12,2006-05-08,2006-05-14,2006-05-08,2006-05-12,1325.76,1326.70,1290.38,1291.24,5,False,,True,Yahoo Finance ^GSPC,正式推出後
2006-05-19,2006-05-15,2006-05-21,2006-05-15,2006-05-19,1291.19,1297.88,1256.28,1267.03,5,False,,True,Yahoo Finance ^GSPC,正式推出後
2006-05-26,2006-05-22,2006-05-28,2006-05-22,2006-05-26,1267.03,1280.54,1245.34,1280.16,5,False,,True,Yahoo Finance ^GSPC,正式推出後
2006-06-02,2006-05-29,2006-06-04,2006-05-30,2006-06-02,1280.04,1290.68,1259.38,1288.22,4,False,,True,Yahoo Finance ^GSPC,正式推出後
2006-06-09,2006-06-05,2006-06-11,2006-06-05,2006-06-09,1288.16,1288.16,1235.18,1252.30,5,False,,True,Yahoo Finance ^GSPC,正式推出後
2006-06-16,2006-06-12,2006-06-18,2006-06-12,2006-06-16,1252.27,1258.64,1219.29,1251.54,5,False,,True,Yahoo Finance ^GSPC,正式推出後
2006-06-23,2006-06-19,2006-06-25,2006-06-19,2006-06-23,1251.54,1257.96,1237.17,1244.50,5,False,,True,Yahoo Finance ^GSPC,正式推出後
2006-06-30,2006-06-26,2006-07-02,2006-06-26,2006-06-30,1244.50,1276.30,1237.59,1270.20,5,False,,True,Yahoo Finance ^GSPC,正式推出後
2006-07-07,2006-07-03,2006-07-09,2006-07-03,2006-07-07,1270.06,1280.38,1263.13,1265.48,4,False,,True,Yahoo Finance ^GSPC,正式推出後
2006-07-14,2006-07-10,2006-07-16,2006-07-10,2006-07-14,1265.46,1274.06,1228.45,1236.20,5,False,,True,Yahoo Finance ^GSPC,正式推出後
2006-07-21,2006-07-17,2006-07-23,2006-07-17,2006-07-21,1236.20,1262.56,1224.54,1240.29,5,False,,True,Yahoo Finance ^GSPC,正式推出後
2006-07-28,2006-07-24,2006-07-30,2006-07-24,2006-07-28,1240.25,1280.42,1240.25,1278.55,5,False,,True,Yahoo Finance ^GSPC,正式推出後
2006-08-04,2006-07-31,2006-08-06,2006-07-31,2006-08-04,1278.53,1292.92,1265.71,1279.36,5,False,,True,Yahoo Finance ^GSPC,正式推出後
2006-08-11,2006-08-07,2006-08-13,2006-08-07,2006-08-11,1279.31,1283.74,1261.30,1266.74,5,False,,True,Yahoo Finance ^GSPC,正式推出後
2006-08-18,2006-08-14,2006-08-20,2006-08-14,2006-08-18,1266.67,1302.30,1266.67,1302.30,5,False,,True,Yahoo Finance ^GSPC,正式推出後
2006-08-25,2006-08-21,2006-08-27,2006-08-21,2006-08-25,1302.30,1302.49,1289.82,1295.09,5,False,,True,Yahoo Finance ^GSPC,正式推出後
2006-09-01,2006-08-28,2006-09-03,2006-08-28,2006-09-01,1295.09,1312.03,1293.97,1311.01,5,False,,True,Yahoo Finance ^GSPC,正式推出後
2006-09-08,2006-09-04,2006-09-10,2006-09-05,2006-09-08,1310.94,1314.67,1292.13,1298.92,4,False,,True,Yahoo Finance ^GSPC,正式推出後
2006-09-15,2006-09-11,2006-09-17,2006-09-11,2006-09-15,1298.86,1324.65,1290.93,1319.66,5,False,,True,Yahoo Finance ^GSPC,正式推出後
2006-09-22,2006-09-18,2006-09-24,2006-09-18,2006-09-22,1319.85,1328.53,1310.94,1314.78,5,False,,True,Yahoo Finance ^GSPC,正式推出後
2006-09-29,2006-09-25,2006-10-01,2006-09-25,2006-09-29,1314.78,1340.28,1311.58,1335.85,5,False,,True,Yahoo Finance ^GSPC,正式推出後
2006-10-06,2006-10-02,2006-10-08,2006-10-02,2006-10-06,1335.82,1353.79,1327.10,1349.59,5,False,,True,Yahoo Finance ^GSPC,正式推出後
2006-10-13,2006-10-09,2006-10-15,2006-10-09,2006-10-13,1349.58,1366.63,1343.57,1365.62,5,False,,True,Yahoo Finance ^GSPC,正式推出後
2006-10-20,2006-10-16,2006-10-22,2006-10-16,2006-10-20,1365.61,1372.87,1356.87,1368.60,5,False,,True,Yahoo Finance ^GSPC,正式推出後
2006-10-27,2006-10-23,2006-10-29,2006-10-23,2006-10-27,1368.58,1389.45,1363.94,1377.34,5,False,,True,Yahoo Finance ^GSPC,正式推出後
2006-11-03,2006-10-30,2006-11-05,2006-10-30,2006-11-03,1377.30,1381.95,1360.98,1364.30,5,False,,True,Yahoo Finance ^GSPC,正式推出後
2006-11-10,2006-11-06,2006-11-12,2006-11-06,2006-11-10,1364.27,1388.92,1364.27,1380.90,5,False,,True,Yahoo Finance ^GSPC,正式推出後
2006-11-17,2006-11-13,2006-11-19,2006-11-13,2006-11-17,1380.58,1403.76,1378.80,1401.20,5,False,,True,Yahoo Finance ^GSPC,正式推出後
2006-11-24,2006-11-20,2006-11-26,2006-11-20,2006-11-24,1401.17,1407.89,1397.85,1400.95,4,False,,True,Yahoo Finance ^GSPC,正式推出後
2006-12-01,2006-11-27,2006-12-03,2006-11-27,2006-12-01,1400.95,1406.30,1377.83,1396.71,5,False,,True,Yahoo Finance ^GSPC,正式推出後
2006-12-08,2006-12-04,2006-12-10,2006-12-04,2006-12-08,1396.67,1418.27,1396.67,1409.84,5,False,,True,Yahoo Finance ^GSPC,正式推出後
2006-12-15,2006-12-11,2006-12-17,2006-12-11,2006-12-15,1409.81,1431.63,1404.75,1427.09,5,False,,True,Yahoo Finance ^GSPC,正式推出後
2006-12-22,2006-12-18,2006-12-24,2006-12-18,2006-12-22,1427.08,1431.81,1410.28,1410.76,5,False,,True,Yahoo Finance ^GSPC,正式推出後
2006-12-29,2006-12-25,2006-12-31,2006-12-26,2006-12-29,1410.75,1427.72,1410.45,1418.30,4,False,,True,Yahoo Finance ^GSPC,正式推出後
2007-01-05,2007-01-01,2007-01-07,2007-01-03,2007-01-05,1418.03,1429.42,1405.75,1409.71,3,False,,True,Yahoo Finance ^GSPC,正式推出後
2007-01-12,2007-01-08,2007-01-14,2007-01-08,2007-01-12,1409.26,1431.23,1403.97,1430.73,5,False,,True,Yahoo Finance ^GSPC,正式推出後
2007-01-19,2007-01-15,2007-01-21,2007-01-16,2007-01-19,1430.73,1435.27,1424.21,1430.50,4,False,,True,Yahoo Finance ^GSPC,正式推出後
2007-01-26,2007-01-22,2007-01-28,2007-01-22,2007-01-26,1430.47,1440.69,1416.96,1422.18,5,False,,True,Yahoo Finance ^GSPC,正式推出後
2007-02-02,2007-01-29,2007-02-04,2007-01-29,2007-02-02,1422.03,1449.33,1418.46,1448.39,5,False,,True,Yahoo Finance ^GSPC,正式推出後
2007-02-09,2007-02-05,2007-02-11,2007-02-05,2007-02-09,1448.33,1452.99,1433.44,1438.06,5,False,,True,Yahoo Finance ^GSPC,正式推出後
2007-02-16,2007-02-12,2007-02-18,2007-02-12,2007-02-16,1438.00,1457.97,1431.44,1455.54,5,False,,True,Yahoo Finance ^GSPC,正式推出後
2007-02-23,2007-02-19,2007-02-25,2007-02-20,2007-02-23,1455.53,1461.57,1448.36,1451.19,4,False,,True,Yahoo Finance ^GSPC,正式推出後
2007-03-02,2007-02-26,2007-03-04,2007-02-26,2007-03-02,1451.04,1456.95,1380.87,1387.17,5,False,,True,Yahoo Finance ^GSPC,正式推出後
2007-03-09,2007-03-05,2007-03-11,2007-03-05,2007-03-09,1387.11,1410.15,1373.97,1402.84,5,False,,True,Yahoo Finance ^GSPC,正式推出後
2007-03-16,2007-03-12,2007-03-18,2007-03-12,2007-03-16,1402.80,1409.34,1363.98,1386.95,5,False,,True,Yahoo Finance ^GSPC,正式推出後
2007-03-23,2007-03-19,2007-03-25,2007-03-19,2007-03-23,1386.95,1438.89,1386.95,1436.11,5,False,,True,Yahoo Finance ^GSPC,正式推出後
2007-03-30,2007-03-26,2007-04-01,2007-03-26,2007-03-30,1436.11,1437.65,1408.90,1420.86,5,False,,True,Yahoo Finance ^GSPC,正式推出後
2007-04-05,2007-04-02,2007-04-08,2007-04-02,2007-04-05,1420.83,1444.88,1416.37,1443.76,4,False,,True,Yahoo Finance ^GSPC,正式推出後
2007-04-13,2007-04-09,2007-04-15,2007-04-09,2007-04-13,1443.77,1453.11,1433.91,1452.85,5,False,,True,Yahoo Finance ^GSPC,正式推出後
2007-04-20,2007-04-16,2007-04-22,2007-04-16,2007-04-20,1452.84,1484.74,1452.84,1484.35,5,False,,True,Yahoo Finance ^GSPC,正式推出後
2007-04-27,2007-04-23,2007-04-29,2007-04-23,2007-04-27,1484.33,1498.02,1473.74,1494.07,5,False,,True,Yahoo Finance ^GSPC,正式推出後
2007-05-04,2007-04-30,2007-05-06,2007-04-30,2007-05-04,1494.07,1510.34,1476.70,1505.62,5,False,,True,Yahoo Finance ^GSPC,正式推出後
2007-05-11,2007-05-07,2007-05-13,2007-05-07,2007-05-11,1505.57,1513.80,1491.42,1505.85,5,False,,True,Yahoo Finance ^GSPC,正式推出後
2007-05-18,2007-05-14,2007-05-20,2007-05-14,2007-05-18,1505.76,1522.75,1498.34,1522.75,5,False,,True,Yahoo Finance ^GSPC,正式推出後
2007-05-25,2007-05-21,2007-05-27,2007-05-21,2007-05-25,1522.75,1532.43,1505.18,1515.73,5,False,,True,Yahoo Finance ^GSPC,正式推出後
2007-06-01,2007-05-28,2007-06-03,2007-05-29,2007-06-01,1515.55,1540.56,1510.06,1536.34,4,False,,True,Yahoo Finance ^GSPC,正式推出後
2007-06-08,2007-06-04,2007-06-10,2007-06-04,2007-06-08,1536.28,1540.53,1487.41,1507.67,5,False,,True,Yahoo Finance ^GSPC,正式推出後
2007-06-15,2007-06-11,2007-06-17,2007-06-11,2007-06-15,1507.64,1538.71,1492.65,1532.91,5,False,,True,Yahoo Finance ^GSPC,正式推出後
2007-06-22,2007-06-18,2007-06-24,2007-06-18,2007-06-22,1532.90,1537.32,1500.74,1502.56,5,False,,True,Yahoo Finance ^GSPC,正式推出後
2007-06-29,2007-06-25,2007-07-01,2007-06-25,2007-06-29,1502.56,1517.53,1484.18,1503.35,5,False,,True,Yahoo Finance ^GSPC,正式推出後
2007-07-06,2007-07-02,2007-07-08,2007-07-02,2007-07-06,1504.66,1532.40,1504.66,1530.44,4,False,,True,Yahoo Finance ^GSPC,正式推出後
2007-07-13,2007-07-09,2007-07-15,2007-07-09,2007-07-13,1530.43,1555.10,1506.10,1552.50,5,False,,True,Yahoo Finance ^GSPC,正式推出後
2007-07-20,2007-07-16,2007-07-22,2007-07-16,2007-07-20,1552.50,1555.90,1529.20,1534.10,5,False,,True,Yahoo Finance ^GSPC,正式推出後
2007-07-27,2007-07-23,2007-07-29,2007-07-23,2007-07-27,1534.06,1547.23,1458.95,1458.95,5,False,,True,Yahoo Finance ^GSPC,正式推出後
2007-08-03,2007-07-30,2007-08-05,2007-07-30,2007-08-03,1458.93,1488.30,1432.80,1433.06,5,False,,True,Yahoo Finance ^GSPC,正式推出後
2007-08-10,2007-08-06,2007-08-12,2007-08-06,2007-08-10,1433.04,1503.89,1427.39,1453.64,5,False,,True,Yahoo Finance ^GSPC,正式推出後
2007-08-17,2007-08-13,2007-08-19,2007-08-13,2007-08-17,1453.42,1466.29,1370.60,1445.94,5,False,,True,Yahoo Finance ^GSPC,正式推出後
2007-08-24,2007-08-20,2007-08-26,2007-08-20,2007-08-24,1445.94,1479.40,1430.54,1479.37,5,False,,True,Yahoo Finance ^GSPC,正式推出後
2007-08-31,2007-08-27,2007-09-02,2007-08-27,2007-08-31,1479.36,1481.47,1432.01,1473.99,5,False,,True,Yahoo Finance ^GSPC,正式推出後
2007-09-07,2007-09-03,2007-09-09,2007-09-04,2007-09-07,1473.96,1496.40,1449.07,1453.55,4,False,,True,Yahoo Finance ^GSPC,正式推出後
2007-09-14,2007-09-10,2007-09-16,2007-09-10,2007-09-14,1453.50,1489.58,1439.29,1484.25,5,False,,True,Yahoo Finance ^GSPC,正式推出後
2007-09-21,2007-09-17,2007-09-23,2007-09-17,2007-09-21,1484.24,1538.74,1471.82,1525.75,5,False,,True,Yahoo Finance ^GSPC,正式推出後
2007-09-28,2007-09-24,2007-09-30,2007-09-24,2007-09-28,1525.75,1533.74,1507.13,1526.75,5,False,,True,Yahoo Finance ^GSPC,正式推出後
2007-10-05,2007-10-01,2007-10-07,2007-10-01,2007-10-05,1527.29,1561.91,1527.25,1557.59,5,False,,True,Yahoo Finance ^GSPC,正式推出後
2007-10-12,2007-10-08,2007-10-14,2007-10-08,2007-10-12,1556.51,1576.09,1546.72,1561.80,5,False,,True,Yahoo Finance ^GSPC,正式推出後
2007-10-19,2007-10-15,2007-10-21,2007-10-15,2007-10-19,1562.25,1564.74,1500.26,1500.63,5,False,,True,Yahoo Finance ^GSPC,正式推出後
2007-10-26,2007-10-22,2007-10-28,2007-10-22,2007-10-26,1497.79,1535.53,1489.56,1535.28,5,False,,True,Yahoo Finance ^GSPC,正式推出後
2007-11-02,2007-10-29,2007-11-04,2007-10-29,2007-11-02,1536.92,1552.76,1492.53,1509.65,5,False,,True,Yahoo Finance ^GSPC,正式推出後
2007-11-09,2007-11-05,2007-11-11,2007-11-05,2007-11-09,1505.61,1520.77,1448.51,1453.70,5,False,,True,Yahoo Finance ^GSPC,正式推出後
2007-11-16,2007-11-12,2007-11-18,2007-11-12,2007-11-16,1453.66,1492.14,1438.53,1458.74,5,False,,True,Yahoo Finance ^GSPC,正式推出後
2007-11-23,2007-11-19,2007-11-25,2007-11-19,2007-11-23,1456.70,1456.70,1415.64,1440.70,4,False,,True,Yahoo Finance ^GSPC,正式推出後
2007-11-30,2007-11-26,2007-12-02,2007-11-26,2007-11-30,1440.74,1488.94,1406.10,1481.14,5,False,,True,Yahoo Finance ^GSPC,正式推出後
2007-12-07,2007-12-03,2007-12-09,2007-12-03,2007-12-07,1479.63,1510.63,1460.66,1504.66,5,False,,True,Yahoo Finance ^GSPC,正式推出後
2007-12-14,2007-12-10,2007-12-16,2007-12-10,2007-12-14,1505.11,1523.57,1467.78,1467.95,5,False,,True,Yahoo Finance ^GSPC,正式推出後
2007-12-21,2007-12-17,2007-12-23,2007-12-17,2007-12-21,1465.05,1485.40,1435.65,1484.46,5,False,,True,Yahoo Finance ^GSPC,正式推出後
2007-12-28,2007-12-24,2007-12-30,2007-12-24,2007-12-28,1484.55,1498.85,1471.70,1478.49,4,False,,True,Yahoo Finance ^GSPC,正式推出後
2008-01-04,2007-12-31,2008-01-06,2007-12-31,2008-01-04,1475.25,1475.83,1411.19,1411.63,4,False,,True,Yahoo Finance ^GSPC,正式推出後
2008-01-11,2008-01-07,2008-01-13,2008-01-07,2008-01-11,1414.07,1430.28,1378.70,1401.02,5,False,,True,Yahoo Finance ^GSPC,正式推出後
2008-01-18,2008-01-14,2008-01-20,2008-01-14,2008-01-18,1402.91,1417.89,1312.51,1325.19,5,False,,True,Yahoo Finance ^GSPC,正式推出後
2008-01-25,2008-01-21,2008-01-27,2008-01-22,2008-01-25,1312.94,1368.56,1270.05,1330.61,4,False,,True,Yahoo Finance ^GSPC,正式推出後
2008-02-01,2008-01-28,2008-02-03,2008-01-28,2008-02-01,1330.70,1396.02,1322.26,1395.42,5,False,,True,Yahoo Finance ^GSPC,正式推出後
2008-02-08,2008-02-04,2008-02-10,2008-02-04,2008-02-08,1395.38,1395.38,1316.75,1331.29,5,False,,True,Yahoo Finance ^GSPC,正式推出後
2008-02-15,2008-02-11,2008-02-17,2008-02-11,2008-02-15,1331.92,1369.23,1320.32,1349.99,5,False,,True,Yahoo Finance ^GSPC,正式推出後
2008-02-22,2008-02-18,2008-02-24,2008-02-19,2008-02-22,1355.86,1367.94,1327.04,1353.11,4,False,,True,Yahoo Finance ^GSPC,正式推出後
2008-02-29,2008-02-25,2008-03-02,2008-02-25,2008-02-29,1352.75,1388.34,1325.42,1330.63,5,False,,True,Yahoo Finance ^GSPC,正式推出後
2008-03-07,2008-03-03,2008-03-09,2008-03-03,2008-03-07,1330.45,1344.19,1282.43,1293.37,5,False,,True,Yahoo Finance ^GSPC,正式推出後
2008-03-14,2008-03-10,2008-03-16,2008-03-10,2008-03-14,1293.16,1333.26,1272.66,1288.14,5,False,,True,Yahoo Finance ^GSPC,正式推出後
2008-03-20,2008-03-17,2008-03-23,2008-03-17,2008-03-20,1283.21,1341.51,1256.98,1329.51,4,False,,True,Yahoo Finance ^GSPC,正式推出後
2008-03-28,2008-03-24,2008-03-30,2008-03-24,2008-03-28,1330.29,1359.68,1312.95,1315.22,5,False,,True,Yahoo Finance ^GSPC,正式推出後
2008-04-04,2008-03-31,2008-04-06,2008-03-31,2008-04-04,1315.92,1380.91,1312.81,1370.40,5,False,,True,Yahoo Finance ^GSPC,正式推出後
2008-04-11,2008-04-07,2008-04-13,2008-04-07,2008-04-11,1373.69,1386.74,1331.21,1332.83,5,False,,True,Yahoo Finance ^GSPC,正式推出後
2008-04-18,2008-04-14,2008-04-20,2008-04-14,2008-04-18,1332.20,1395.90,1324.35,1390.33,5,False,,True,Yahoo Finance ^GSPC,正式推出後
2008-04-25,2008-04-21,2008-04-27,2008-04-21,2008-04-25,1387.72,1399.11,1369.84,1397.84,5,False,,True,Yahoo Finance ^GSPC,正式推出後
2008-05-02,2008-04-28,2008-05-04,2008-04-28,2008-05-02,1397.96,1422.72,1383.07,1413.90,5,False,,True,Yahoo Finance ^GSPC,正式推出後
2008-05-09,2008-05-05,2008-05-11,2008-05-05,2008-05-09,1415.34,1421.57,1384.11,1388.28,5,False,,True,Yahoo Finance ^GSPC,正式推出後
2008-05-16,2008-05-12,2008-05-18,2008-05-12,2008-05-16,1389.40,1425.82,1386.20,1425.35,5,False,,True,Yahoo Finance ^GSPC,正式推出後
2008-05-23,2008-05-19,2008-05-25,2008-05-19,2008-05-23,1425.28,1440.24,1373.72,1375.93,5,False,,True,Yahoo Finance ^GSPC,正式推出後
2008-05-30,2008-05-26,2008-06-01,2008-05-27,2008-05-30,1375.97,1406.32,1373.07,1400.38,4,False,,True,Yahoo Finance ^GSPC,正式推出後
2008-06-06,2008-06-02,2008-06-08,2008-06-02,2008-06-06,1399.62,1404.05,1359.90,1360.68,5,False,,True,Yahoo Finance ^GSPC,正式推出後
2008-06-13,2008-06-09,2008-06-15,2008-06-09,2008-06-13,1360.83,1370.63,1331.29,1360.03,5,False,,True,Yahoo Finance ^GSPC,正式推出後
2008-06-20,2008-06-16,2008-06-22,2008-06-16,2008-06-20,1358.85,1366.59,1314.46,1317.93,5,False,,True,Yahoo Finance ^GSPC,正式推出後
2008-06-27,2008-06-23,2008-06-29,2008-06-23,2008-06-27,1319.77,1335.63,1272.00,1278.38,5,False,,True,Yahoo Finance ^GSPC,正式推出後
2008-07-03,2008-06-30,2008-07-06,2008-06-30,2008-07-03,1278.06,1292.17,1252.01,1262.90,4,False,,True,Yahoo Finance ^GSPC,正式推出後
2008-07-11,2008-07-07,2008-07-13,2008-07-07,2008-07-11,1262.90,1277.36,1225.35,1239.49,5,False,,True,Yahoo Finance ^GSPC,正式推出後
2008-07-18,2008-07-14,2008-07-20,2008-07-14,2008-07-18,1241.61,1262.31,1200.44,1260.68,5,False,,True,Yahoo Finance ^GSPC,正式推出後
2008-07-25,2008-07-21,2008-07-27,2008-07-21,2008-07-25,1261.82,1291.17,1248.83,1257.76,5,False,,True,Yahoo Finance ^GSPC,正式推出後
2008-08-01,2008-07-28,2008-08-03,2008-07-28,2008-08-01,1257.76,1284.93,1234.37,1260.31,5,False,,True,Yahoo Finance ^GSPC,正式推出後
2008-08-08,2008-08-04,2008-08-10,2008-08-04,2008-08-08,1253.27,1297.85,1247.45,1296.32,5,False,,True,Yahoo Finance ^GSPC,正式推出後
2008-08-15,2008-08-11,2008-08-17,2008-08-11,2008-08-15,1294.42,1313.15,1274.86,1298.20,5,False,,True,Yahoo Finance ^GSPC,正式推出後
2008-08-22,2008-08-18,2008-08-24,2008-08-18,2008-08-22,1298.14,1300.22,1261.16,1292.20,5,False,,True,Yahoo Finance ^GSPC,正式推出後
2008-08-29,2008-08-25,2008-08-31,2008-08-25,2008-08-29,1290.47,1300.68,1263.21,1282.83,5,False,,True,Yahoo Finance ^GSPC,正式推出後
2008-09-05,2008-09-01,2008-09-07,2008-09-02,2008-09-05,1287.83,1303.04,1217.23,1242.31,4,False,,True,Yahoo Finance ^GSPC,正式推出後
2008-09-12,2008-09-08,2008-09-14,2008-09-08,2008-09-12,1249.50,1274.42,1211.54,1251.70,5,False,,True,Yahoo Finance ^GSPC,正式推出後
2008-09-19,2008-09-15,2008-09-21,2008-09-15,2008-09-19,1250.92,1265.12,1133.50,1255.08,5,False,,True,Yahoo Finance ^GSPC,正式推出後
2008-09-26,2008-09-22,2008-09-28,2008-09-22,2008-09-26,1255.37,1255.37,1179.79,1213.27,5,False,,True,Yahoo Finance ^GSPC,正式推出後
2008-10-03,2008-09-29,2008-10-05,2008-09-29,2008-10-03,1209.07,1209.07,1098.14,1099.23,5,False,,True,Yahoo Finance ^GSPC,正式推出後
2008-10-10,2008-10-06,2008-10-12,2008-10-06,2008-10-10,1097.56,1097.56,839.80,899.22,5,False,,True,Yahoo Finance ^GSPC,正式推出後
2008-10-17,2008-10-13,2008-10-19,2008-10-13,2008-10-17,912.75,1044.31,865.83,940.55,5,False,,True,Yahoo Finance ^GSPC,正式推出後
2008-10-24,2008-10-20,2008-10-26,2008-10-20,2008-10-24,943.51,985.44,852.85,876.77,5,False,,True,Yahoo Finance ^GSPC,正式推出後
2008-10-31,2008-10-27,2008-11-02,2008-10-27,2008-10-31,874.28,984.38,845.27,968.75,5,False,,True,Yahoo Finance ^GSPC,正式推出後
2008-11-07,2008-11-03,2008-11-09,2008-11-03,2008-11-07,968.67,1007.51,899.73,930.99,5,False,,True,Yahoo Finance ^GSPC,正式推出後
2008-11-14,2008-11-10,2008-11-16,2008-11-10,2008-11-14,936.75,951.95,818.69,873.29,5,False,,True,Yahoo Finance ^GSPC,正式推出後
2008-11-21,2008-11-17,2008-11-23,2008-11-17,2008-11-21,873.23,882.29,741.02,800.03,5,False,,True,Yahoo Finance ^GSPC,正式推出後
2008-11-28,2008-11-24,2008-11-30,2008-11-24,2008-11-28,801.20,896.25,801.20,896.24,4,False,,True,Yahoo Finance ^GSPC,正式推出後
2008-12-05,2008-12-01,2008-12-07,2008-12-01,2008-12-05,888.61,888.61,815.69,876.07,5,False,,True,Yahoo Finance ^GSPC,正式推出後
2008-12-12,2008-12-08,2008-12-14,2008-12-08,2008-12-12,882.71,918.57,851.35,879.73,5,False,,True,Yahoo Finance ^GSPC,正式推出後
2008-12-19,2008-12-15,2008-12-21,2008-12-15,2008-12-19,881.07,918.85,857.72,887.88,5,False,,True,Yahoo Finance ^GSPC,正式推出後
2008-12-26,2008-12-22,2008-12-28,2008-12-22,2008-12-26,887.20,887.37,857.09,872.80,4,False,,True,Yahoo Finance ^GSPC,正式推出後
2009-01-02,2008-12-29,2009-01-04,2008-12-29,2009-01-02,872.37,934.73,857.07,931.80,4,False,,True,Yahoo Finance ^GSPC,正式推出後
2009-01-09,2009-01-05,2009-01-11,2009-01-05,2009-01-09,929.17,943.85,888.31,890.35,5,False,,True,Yahoo Finance ^GSPC,正式推出後
2009-01-16,2009-01-12,2009-01-18,2009-01-12,2009-01-16,890.40,890.40,817.04,850.12,5,False,,True,Yahoo Finance ^GSPC,正式推出後
2009-01-23,2009-01-19,2009-01-25,2009-01-20,2009-01-23,849.64,849.64,804.30,831.95,4,False,,True,Yahoo Finance ^GSPC,正式推出後
2009-01-30,2009-01-26,2009-02-01,2009-01-26,2009-01-30,832.50,877.86,821.67,825.88,5,False,,True,Yahoo Finance ^GSPC,正式推出後
2009-02-06,2009-02-02,2009-02-08,2009-02-02,2009-02-06,823.09,870.75,812.87,868.60,5,False,,True,Yahoo Finance ^GSPC,正式推出後
2009-02-13,2009-02-09,2009-02-15,2009-02-09,2009-02-13,868.24,875.01,808.06,826.84,5,False,,True,Yahoo Finance ^GSPC,正式推出後
2009-02-20,2009-02-16,2009-02-22,2009-02-17,2009-02-20,818.61,818.61,754.25,770.05,4,False,,True,Yahoo Finance ^GSPC,正式推出後
2009-02-27,2009-02-23,2009-03-01,2009-02-23,2009-02-27,773.25,780.12,734.52,735.09,5,False,,True,Yahoo Finance ^GSPC,正式推出後
2009-03-06,2009-03-02,2009-03-08,2009-03-02,2009-03-06,729.57,729.57,666.79,683.38,5,False,,True,Yahoo Finance ^GSPC,正式推出後
2009-03-13,2009-03-09,2009-03-15,2009-03-09,2009-03-13,680.76,758.29,672.88,756.55,5,False,,True,Yahoo Finance ^GSPC,正式推出後
2009-03-20,2009-03-16,2009-03-22,2009-03-16,2009-03-20,758.84,803.24,749.93,768.54,5,False,,True,Yahoo Finance ^GSPC,正式推出後
2009-03-27,2009-03-23,2009-03-29,2009-03-23,2009-03-27,772.31,832.98,772.31,815.94,5,False,,True,Yahoo Finance ^GSPC,正式推出後
2009-04-03,2009-03-30,2009-04-05,2009-03-30,2009-04-03,809.07,845.61,779.81,842.50,5,False,,True,Yahoo Finance ^GSPC,正式推出後
2009-04-09,2009-04-06,2009-04-12,2009-04-06,2009-04-09,839.75,856.91,814.53,856.56,4,False,,True,Yahoo Finance ^GSPC,正式推出後
2009-04-17,2009-04-13,2009-04-19,2009-04-13,2009-04-17,855.33,875.63,835.58,869.60,5,False,,True,Yahoo Finance ^GSPC,正式推出後
2009-04-24,2009-04-20,2009-04-26,2009-04-20,2009-04-24,868.27,871.80,826.83,866.23,5,False,,True,Yahoo Finance ^GSPC,正式推出後
2009-05-01,2009-04-27,2009-05-03,2009-04-27,2009-05-01,862.82,888.70,847.12,877.52,5,False,,True,Yahoo Finance ^GSPC,正式推出後
2009-05-08,2009-05-04,2009-05-10,2009-05-04,2009-05-08,879.21,930.17,879.21,929.23,5,False,,True,Yahoo Finance ^GSPC,正式推出後
2009-05-15,2009-05-11,2009-05-17,2009-05-11,2009-05-15,922.99,922.99,878.94,882.88,5,False,,True,Yahoo Finance ^GSPC,正式推出後
2009-05-22,2009-05-18,2009-05-24,2009-05-18,2009-05-22,886.07,924.60,879.61,887.00,5,False,,True,Yahoo Finance ^GSPC,正式推出後
2009-05-29,2009-05-25,2009-05-31,2009-05-26,2009-05-29,887.00,920.02,881.46,919.14,4,False,,True,Yahoo Finance ^GSPC,正式推出後
2009-06-05,2009-06-01,2009-06-07,2009-06-01,2009-06-05,923.26,951.69,923.26,940.09,5,False,,True,Yahoo Finance ^GSPC,正式推出後
2009-06-12,2009-06-08,2009-06-14,2009-06-08,2009-06-12,938.12,956.23,926.44,946.21,5,False,,True,Yahoo Finance ^GSPC,正式推出後
2009-06-19,2009-06-15,2009-06-21,2009-06-15,2009-06-19,942.45,942.45,903.78,921.23,5,False,,True,Yahoo Finance ^GSPC,正式推出後
2009-06-26,2009-06-22,2009-06-28,2009-06-22,2009-06-26,918.13,922.00,888.86,918.90,5,False,,True,Yahoo Finance ^GSPC,正式推出後
2009-07-02,2009-06-29,2009-07-05,2009-06-29,2009-07-02,919.86,931.92,896.42,896.42,4,False,,True,Yahoo Finance ^GSPC,正式推出後
2009-07-10,2009-07-06,2009-07-12,2009-07-06,2009-07-10,894.27,898.72,869.32,879.13,5,False,,True,Yahoo Finance ^GSPC,正式推出後
2009-07-17,2009-07-13,2009-07-19,2009-07-13,2009-07-17,879.57,943.96,875.32,940.38,5,False,,True,Yahoo Finance ^GSPC,正式推出後
2009-07-24,2009-07-20,2009-07-26,2009-07-20,2009-07-24,942.07,979.79,940.99,979.26,5,False,,True,Yahoo Finance ^GSPC,正式推出後
2009-07-31,2009-07-27,2009-08-02,2009-07-27,2009-07-31,978.63,996.68,968.65,987.48,5,False,,True,Yahoo Finance ^GSPC,正式推出後
2009-08-07,2009-08-03,2009-08-09,2009-08-03,2009-08-07,990.22,1018.00,990.22,1010.48,5,False,,True,Yahoo Finance ^GSPC,正式推出後
2009-08-14,2009-08-10,2009-08-16,2009-08-10,2009-08-14,1008.89,1013.14,992.40,1004.09,5,False,,True,Yahoo Finance ^GSPC,正式推出後
2009-08-21,2009-08-17,2009-08-23,2009-08-17,2009-08-21,998.18,1027.59,978.51,1026.13,5,False,,True,Yahoo Finance ^GSPC,正式推出後
2009-08-28,2009-08-24,2009-08-30,2009-08-24,2009-08-28,1026.59,1039.47,1016.20,1028.93,5,False,,True,Yahoo Finance ^GSPC,正式推出後
2009-09-04,2009-08-31,2009-09-06,2009-08-31,2009-09-04,1025.21,1028.45,991.97,1016.40,5,False,,True,Yahoo Finance ^GSPC,正式推出後
2009-09-11,2009-09-07,2009-09-13,2009-09-08,2009-09-11,1018.67,1048.18,1018.67,1042.73,4,False,,True,Yahoo Finance ^GSPC,正式推出後
2009-09-18,2009-09-14,2009-09-20,2009-09-14,2009-09-18,1040.15,1074.77,1035.00,1068.30,5,False,,True,Yahoo Finance ^GSPC,正式推出後
2009-09-25,2009-09-21,2009-09-27,2009-09-21,2009-09-25,1067.14,1080.15,1041.17,1044.38,5,False,,True,Yahoo Finance ^GSPC,正式推出後
2009-10-02,2009-09-28,2009-10-04,2009-09-28,2009-10-02,1045.38,1069.62,1019.95,1025.21,5,False,,True,Yahoo Finance ^GSPC,正式推出後
2009-10-09,2009-10-05,2009-10-11,2009-10-05,2009-10-09,1026.87,1071.51,1025.92,1071.49,5,False,,True,Yahoo Finance ^GSPC,正式推出後
2009-10-16,2009-10-12,2009-10-18,2009-10-12,2009-10-16,1071.63,1096.56,1066.71,1087.68,5,False,,True,Yahoo Finance ^GSPC,正式推出後
2009-10-23,2009-10-19,2009-10-25,2009-10-19,2009-10-23,1088.22,1101.36,1074.31,1079.60,5,False,,True,Yahoo Finance ^GSPC,正式推出後
2009-10-30,2009-10-26,2009-11-01,2009-10-26,2009-10-30,1080.36,1091.75,1033.38,1036.19,5,False,,True,Yahoo Finance ^GSPC,正式推出後
2009-11-06,2009-11-02,2009-11-08,2009-11-02,2009-11-06,1036.18,1071.48,1029.38,1069.30,5,False,,True,Yahoo Finance ^GSPC,正式推出後
2009-11-13,2009-11-09,2009-11-15,2009-11-09,2009-11-13,1072.31,1105.37,1072.31,1093.48,5,False,,True,Yahoo Finance ^GSPC,正式推出後
2009-11-20,2009-11-16,2009-11-22,2009-11-16,2009-11-20,1094.13,1113.69,1086.81,1091.38,5,False,,True,Yahoo Finance ^GSPC,正式推出後
2009-11-27,2009-11-23,2009-11-29,2009-11-23,2009-11-27,1094.86,1112.38,1083.74,1091.49,4,False,,True,Yahoo Finance ^GSPC,正式推出後
2009-12-04,2009-11-30,2009-12-06,2009-11-30,2009-12-04,1091.07,1119.13,1086.25,1105.98,5,False,,True,Yahoo Finance ^GSPC,正式推出後
2009-12-11,2009-12-07,2009-12-13,2009-12-07,2009-12-11,1105.52,1110.72,1085.89,1106.41,5,False,,True,Yahoo Finance ^GSPC,正式推出後
2009-12-18,2009-12-14,2009-12-20,2009-12-14,2009-12-18,1107.84,1116.21,1093.88,1102.47,5,False,,True,Yahoo Finance ^GSPC,正式推出後
2009-12-24,2009-12-21,2009-12-27,2009-12-21,2009-12-24,1105.31,1126.48,1105.31,1126.48,4,False,,True,Yahoo Finance ^GSPC,正式推出後
2009-12-31,2009-12-28,2010-01-03,2009-12-28,2009-12-31,1127.53,1130.38,1114.81,1115.10,4,False,,True,Yahoo Finance ^GSPC,正式推出後
2010-01-08,2010-01-04,2010-01-10,2010-01-04,2010-01-08,1116.56,1145.39,1116.56,1144.98,5,False,,True,Yahoo Finance ^GSPC,正式推出後
2010-01-15,2010-01-11,2010-01-17,2010-01-11,2010-01-15,1145.96,1150.41,1131.39,1136.03,5,False,,True,Yahoo Finance ^GSPC,正式推出後
2010-01-22,2010-01-18,2010-01-24,2010-01-19,2010-01-22,1136.03,1150.45,1090.18,1091.76,4,False,,True,Yahoo Finance ^GSPC,正式推出後
2010-01-29,2010-01-25,2010-01-31,2010-01-25,2010-01-29,1092.40,1103.69,1071.59,1073.87,5,False,,True,Yahoo Finance ^GSPC,正式推出後
2010-02-05,2010-02-01,2010-02-07,2010-02-01,2010-02-05,1073.89,1104.73,1044.50,1066.19,5,False,,True,Yahoo Finance ^GSPC,正式推出後
2010-02-12,2010-02-08,2010-02-14,2010-02-08,2010-02-12,1065.51,1080.04,1056.51,1075.51,5,False,,True,Yahoo Finance ^GSPC,正式推出後
2010-02-19,2010-02-15,2010-02-21,2010-02-16,2010-02-19,1079.13,1112.42,1079.13,1109.17,4,False,,True,Yahoo Finance ^GSPC,正式推出後
2010-02-26,2010-02-22,2010-02-28,2010-02-22,2010-02-26,1110.00,1112.29,1086.02,1104.49,5,False,,True,Yahoo Finance ^GSPC,正式推出後
2010-03-05,2010-03-01,2010-03-07,2010-03-01,2010-03-05,1105.36,1139.38,1105.36,1138.70,5,False,,True,Yahoo Finance ^GSPC,正式推出後
2010-03-12,2010-03-08,2010-03-14,2010-03-08,2010-03-12,1138.40,1153.41,1134.90,1149.99,5,False,,True,Yahoo Finance ^GSPC,正式推出後
2010-03-19,2010-03-15,2010-03-21,2010-03-15,2010-03-19,1148.53,1169.84,1141.45,1159.90,5,False,,True,Yahoo Finance ^GSPC,正式推出後
2010-03-26,2010-03-22,2010-03-28,2010-03-22,2010-03-26,1157.25,1180.69,1152.88,1166.59,5,False,,True,Yahoo Finance ^GSPC,正式推出後
2010-04-01,2010-03-29,2010-04-04,2010-03-29,2010-04-01,1167.71,1181.43,1165.77,1178.10,4,False,,True,Yahoo Finance ^GSPC,正式推出後
2010-04-09,2010-04-05,2010-04-11,2010-04-05,2010-04-09,1178.71,1194.66,1175.12,1194.37,5,False,,True,Yahoo Finance ^GSPC,正式推出後
2010-04-16,2010-04-12,2010-04-18,2010-04-12,2010-04-16,1194.94,1213.92,1186.77,1192.13,5,False,,True,Yahoo Finance ^GSPC,正式推出後
2010-04-23,2010-04-19,2010-04-25,2010-04-19,2010-04-23,1192.06,1217.28,1183.68,1217.28,5,False,,True,Yahoo Finance ^GSPC,正式推出後
2010-04-30,2010-04-26,2010-05-02,2010-04-26,2010-04-30,1217.07,1219.80,1181.62,1186.69,5,False,,True,Yahoo Finance ^GSPC,正式推出後
2010-05-07,2010-05-03,2010-05-09,2010-05-03,2010-05-07,1188.58,1205.13,1065.79,1110.88,5,False,,True,Yahoo Finance ^GSPC,正式推出後
2010-05-14,2010-05-10,2010-05-16,2010-05-10,2010-05-14,1122.27,1173.57,1122.27,1135.68,5,False,,True,Yahoo Finance ^GSPC,正式推出後
2010-05-21,2010-05-17,2010-05-23,2010-05-17,2010-05-21,1136.52,1148.66,1055.90,1087.69,5,False,,True,Yahoo Finance ^GSPC,正式推出後
2010-05-28,2010-05-24,2010-05-30,2010-05-24,2010-05-28,1084.78,1103.52,1040.78,1089.41,5,False,,True,Yahoo Finance ^GSPC,正式推出後
2010-06-04,2010-05-31,2010-06-06,2010-06-01,2010-06-04,1087.30,1105.67,1060.50,1064.88,4,False,,True,Yahoo Finance ^GSPC,正式推出後
2010-06-11,2010-06-07,2010-06-13,2010-06-07,2010-06-11,1065.84,1092.25,1042.17,1091.60,5,False,,True,Yahoo Finance ^GSPC,正式推出後
2010-06-18,2010-06-14,2010-06-20,2010-06-14,2010-06-18,1095.00,1121.01,1089.03,1117.51,5,False,,True,Yahoo Finance ^GSPC,正式推出後
2010-06-25,2010-06-21,2010-06-27,2010-06-21,2010-06-25,1122.79,1131.23,1067.89,1076.76,5,False,,True,Yahoo Finance ^GSPC,正式推出後
2010-07-02,2010-06-28,2010-07-04,2010-06-28,2010-07-02,1077.50,1082.60,1010.91,1022.58,5,False,,True,Yahoo Finance ^GSPC,正式推出後
2010-07-09,2010-07-05,2010-07-11,2010-07-06,2010-07-09,1028.09,1078.16,1018.35,1077.96,4,False,,True,Yahoo Finance ^GSPC,正式推出後
2010-07-16,2010-07-12,2010-07-18,2010-07-12,2010-07-16,1077.23,1099.46,1063.32,1064.88,5,False,,True,Yahoo Finance ^GSPC,正式推出後
2010-07-23,2010-07-19,2010-07-25,2010-07-19,2010-07-23,1066.85,1103.73,1056.88,1102.66,5,False,,True,Yahoo Finance ^GSPC,正式推出後
2010-07-30,2010-07-26,2010-08-01,2010-07-26,2010-07-30,1102.89,1120.95,1088.01,1101.60,5,False,,True,Yahoo Finance ^GSPC,正式推出後
2010-08-06,2010-08-02,2010-08-08,2010-08-02,2010-08-06,1107.53,1128.75,1107.17,1121.64,5,False,,True,Yahoo Finance ^GSPC,正式推出後
2010-08-13,2010-08-09,2010-08-15,2010-08-09,2010-08-13,1122.80,1129.24,1076.69,1079.25,5,False,,True,Yahoo Finance ^GSPC,正式推出後
2010-08-20,2010-08-16,2010-08-22,2010-08-16,2010-08-20,1077.49,1100.14,1063.91,1071.69,5,False,,True,Yahoo Finance ^GSPC,正式推出後
2010-08-27,2010-08-23,2010-08-29,2010-08-23,2010-08-27,1073.36,1081.58,1039.70,1064.59,5,False,,True,Yahoo Finance ^GSPC,正式推出後
2010-09-03,2010-08-30,2010-09-05,2010-08-30,2010-09-03,1062.90,1105.10,1040.88,1104.51,5,False,,True,Yahoo Finance ^GSPC,正式推出後
2010-09-10,2010-09-06,2010-09-12,2010-09-07,2010-09-10,1102.60,1110.88,1091.15,1109.55,4,False,,True,Yahoo Finance ^GSPC,正式推出後
2010-09-17,2010-09-13,2010-09-19,2010-09-13,2010-09-17,1113.38,1131.47,1113.38,1125.59,5,False,,True,Yahoo Finance ^GSPC,正式推出後
2010-09-24,2010-09-20,2010-09-26,2010-09-20,2010-09-24,1126.57,1148.90,1122.79,1148.67,5,False,,True,Yahoo Finance ^GSPC,正式推出後
2010-10-01,2010-09-27,2010-10-03,2010-09-27,2010-10-01,1148.64,1157.16,1132.09,1146.24,5,False,,True,Yahoo Finance ^GSPC,正式推出後
2010-10-08,2010-10-04,2010-10-10,2010-10-04,2010-10-08,1144.96,1167.73,1131.87,1165.15,5,False,,True,Yahoo Finance ^GSPC,正式推出後
2010-10-15,2010-10-11,2010-10-17,2010-10-11,2010-10-15,1165.32,1184.38,1155.71,1176.19,5,False,,True,Yahoo Finance ^GSPC,正式推出後
2010-10-22,2010-10-18,2010-10-24,2010-10-18,2010-10-22,1176.83,1189.43,1159.71,1183.08,5,False,,True,Yahoo Finance ^GSPC,正式推出後
2010-10-29,2010-10-25,2010-10-31,2010-10-25,2010-10-29,1184.74,1196.14,1171.70,1183.26,5,False,,True,Yahoo Finance ^GSPC,正式推出後
2010-11-05,2010-11-01,2010-11-07,2010-11-01,2010-11-05,1185.71,1227.08,1177.65,1225.85,5,False,,True,Yahoo Finance ^GSPC,正式推出後
2010-11-12,2010-11-08,2010-11-14,2010-11-08,2010-11-12,1223.24,1226.84,1194.08,1199.21,5,False,,True,Yahoo Finance ^GSPC,正式推出後
2010-11-19,2010-11-15,2010-11-21,2010-11-15,2010-11-19,1200.44,1207.43,1173.00,1199.73,5,False,,True,Yahoo Finance ^GSPC,正式推出後
2010-11-26,2010-11-22,2010-11-28,2010-11-22,2010-11-26,1198.07,1198.94,1176.91,1189.40,4,False,,True,Yahoo Finance ^GSPC,正式推出後
2010-12-03,2010-11-29,2010-12-05,2010-11-29,2010-12-03,1189.08,1225.57,1173.64,1224.71,5,False,,True,Yahoo Finance ^GSPC,正式推出後
2010-12-10,2010-12-06,2010-12-12,2010-12-06,2010-12-10,1223.87,1240.40,1219.50,1240.40,5,False,,True,Yahoo Finance ^GSPC,正式推出後
2010-12-17,2010-12-13,2010-12-19,2010-12-13,2010-12-17,1242.52,1246.73,1232.85,1243.91,5,False,,True,Yahoo Finance ^GSPC,正式推出後
2010-12-23,2010-12-20,2010-12-26,2010-12-20,2010-12-23,1245.76,1259.39,1241.51,1256.77,4,False,,True,Yahoo Finance ^GSPC,正式推出後
2010-12-31,2010-12-27,2011-01-02,2010-12-27,2010-12-31,1254.66,1262.60,1251.48,1257.64,5,False,,True,Yahoo Finance ^GSPC,正式推出後
2011-01-07,2011-01-03,2011-01-09,2011-01-03,2011-01-07,1257.62,1278.17,1257.62,1271.50,5,False,,True,Yahoo Finance ^GSPC,正式推出後
2011-01-14,2011-01-10,2011-01-16,2011-01-10,2011-01-14,1270.84,1293.24,1262.18,1293.24,5,False,,True,Yahoo Finance ^GSPC,正式推出後
2011-01-21,2011-01-17,2011-01-23,2011-01-18,2011-01-21,1293.22,1296.06,1271.26,1283.35,4,False,,True,Yahoo Finance ^GSPC,正式推出後
2011-01-28,2011-01-24,2011-01-30,2011-01-24,2011-01-28,1283.29,1302.67,1275.10,1276.34,5,False,,True,Yahoo Finance ^GSPC,正式推出後
2011-02-04,2011-01-31,2011-02-06,2011-01-31,2011-02-04,1276.50,1311.00,1276.50,1310.87,5,False,,True,Yahoo Finance ^GSPC,正式推出後
2011-02-11,2011-02-07,2011-02-13,2011-02-07,2011-02-11,1311.85,1330.79,1311.74,1329.15,5,False,,True,Yahoo Finance ^GSPC,正式推出後
2011-02-18,2011-02-14,2011-02-20,2011-02-14,2011-02-18,1328.73,1344.07,1324.61,1343.01,5,False,,True,Yahoo Finance ^GSPC,正式推出後
2011-02-25,2011-02-21,2011-02-27,2011-02-22,2011-02-25,1338.91,1338.91,1294.26,1319.88,4,False,,True,Yahoo Finance ^GSPC,正式推出後
2011-03-04,2011-02-28,2011-03-06,2011-02-28,2011-03-04,1321.61,1332.28,1302.58,1321.15,5,False,,True,Yahoo Finance ^GSPC,正式推出後
2011-03-11,2011-03-07,2011-03-13,2011-03-07,2011-03-11,1322.72,1327.68,1291.99,1304.28,5,False,,True,Yahoo Finance ^GSPC,正式推出後
2011-03-18,2011-03-14,2011-03-20,2011-03-14,2011-03-18,1301.19,1301.19,1249.05,1279.21,5,False,,True,Yahoo Finance ^GSPC,正式推出後
2011-03-25,2011-03-21,2011-03-27,2011-03-21,2011-03-25,1281.65,1319.18,1281.65,1313.80,5,False,,True,Yahoo Finance ^GSPC,正式推出後
2011-04-01,2011-03-28,2011-04-03,2011-03-28,2011-04-01,1315.45,1337.85,1305.26,1332.41,5,False,,True,Yahoo Finance ^GSPC,正式推出後
2011-04-08,2011-04-04,2011-04-10,2011-04-04,2011-04-08,1333.56,1339.46,1322.94,1328.17,5,False,,True,Yahoo Finance ^GSPC,正式推出後
2011-04-15,2011-04-11,2011-04-17,2011-04-11,2011-04-15,1329.01,1333.77,1302.42,1319.68,5,False,,True,Yahoo Finance ^GSPC,正式推出後
2011-04-21,2011-04-18,2011-04-24,2011-04-18,2011-04-21,1313.35,1337.49,1294.70,1337.38,4,False,,True,Yahoo Finance ^GSPC,正式推出後
2011-04-29,2011-04-25,2011-05-01,2011-04-25,2011-04-29,1337.14,1364.56,1331.47,1363.61,5,False,,True,Yahoo Finance ^GSPC,正式推出後
2011-05-06,2011-05-02,2011-05-08,2011-05-02,2011-05-06,1365.21,1370.58,1329.17,1340.20,5,False,,True,Yahoo Finance ^GSPC,正式推出後
2011-05-13,2011-05-09,2011-05-15,2011-05-09,2011-05-13,1340.20,1359.44,1332.03,1337.77,5,False,,True,Yahoo Finance ^GSPC,正式推出後
2011-05-20,2011-05-16,2011-05-22,2011-05-16,2011-05-20,1334.77,1346.82,1318.51,1333.27,5,False,,True,Yahoo Finance ^GSPC,正式推出後
2011-05-27,2011-05-23,2011-05-29,2011-05-23,2011-05-27,1333.07,1334.62,1311.80,1331.10,5,False,,True,Yahoo Finance ^GSPC,正式推出後
2011-06-03,2011-05-30,2011-06-05,2011-05-31,2011-06-03,1331.10,1345.20,1297.90,1300.16,4,False,,True,Yahoo Finance ^GSPC,正式推出後
2011-06-10,2011-06-06,2011-06-12,2011-06-06,2011-06-10,1300.26,1300.26,1268.28,1270.98,5,False,,True,Yahoo Finance ^GSPC,正式推出後
2011-06-17,2011-06-13,2011-06-19,2011-06-13,2011-06-17,1271.31,1292.50,1258.07,1271.50,5,False,,True,Yahoo Finance ^GSPC,正式推出後
2011-06-24,2011-06-20,2011-06-26,2011-06-20,2011-06-24,1271.50,1298.61,1262.87,1268.45,5,False,,True,Yahoo Finance ^GSPC,正式推出後
2011-07-01,2011-06-27,2011-07-03,2011-06-27,2011-07-01,1268.44,1341.01,1267.53,1339.67,5,False,,True,Yahoo Finance ^GSPC,正式推出後
2011-07-08,2011-07-04,2011-07-10,2011-07-05,2011-07-08,1339.59,1356.48,1330.92,1343.80,4,False,,True,Yahoo Finance ^GSPC,正式推出後
2011-07-15,2011-07-11,2011-07-17,2011-07-11,2011-07-15,1343.31,1343.31,1306.51,1316.14,5,False,,True,Yahoo Finance ^GSPC,正式推出後
2011-07-22,2011-07-18,2011-07-24,2011-07-18,2011-07-22,1315.94,1347.00,1295.92,1345.02,5,False,,True,Yahoo Finance ^GSPC,正式推出後
2011-07-29,2011-07-25,2011-07-31,2011-07-25,2011-07-29,1344.32,1344.32,1282.86,1292.28,5,False,,True,Yahoo Finance ^GSPC,正式推出後
2011-08-05,2011-08-01,2011-08-07,2011-08-01,2011-08-05,1292.59,1307.38,1168.09,1199.38,5,False,,True,Yahoo Finance ^GSPC,正式推出後
2011-08-12,2011-08-08,2011-08-14,2011-08-08,2011-08-12,1198.48,1198.48,1101.54,1178.81,5,False,,True,Yahoo Finance ^GSPC,正式推出後
2011-08-19,2011-08-15,2011-08-21,2011-08-15,2011-08-19,1178.86,1208.47,1122.05,1123.53,5,False,,True,Yahoo Finance ^GSPC,正式推出後
2011-08-26,2011-08-22,2011-08-28,2011-08-22,2011-08-26,1123.55,1190.68,1121.09,1176.80,5,False,,True,Yahoo Finance ^GSPC,正式推出後
2011-09-02,2011-08-29,2011-09-04,2011-08-29,2011-09-02,1177.91,1230.71,1170.56,1173.97,5,False,,True,Yahoo Finance ^GSPC,正式推出後
2011-09-09,2011-09-05,2011-09-11,2011-09-06,2011-09-09,1173.97,1204.40,1140.13,1154.23,4,False,,True,Yahoo Finance ^GSPC,正式推出後
2011-09-16,2011-09-12,2011-09-18,2011-09-12,2011-09-16,1153.50,1220.06,1136.07,1216.01,5,False,,True,Yahoo Finance ^GSPC,正式推出後
2011-09-23,2011-09-19,2011-09-25,2011-09-19,2011-09-23,1214.99,1220.39,1114.22,1136.43,5,False,,True,Yahoo Finance ^GSPC,正式推出後
2011-09-30,2011-09-26,2011-10-02,2011-09-26,2011-09-30,1136.91,1195.86,1131.07,1131.42,5,False,,True,Yahoo Finance ^GSPC,正式推出後
2011-10-07,2011-10-03,2011-10-09,2011-10-03,2011-10-07,1131.21,1171.40,1074.77,1155.46,5,False,,True,Yahoo Finance ^GSPC,正式推出後
2011-10-14,2011-10-10,2011-10-16,2011-10-10,2011-10-14,1158.15,1224.61,1158.15,1224.58,5,False,,True,Yahoo Finance ^GSPC,正式推出後
2011-10-21,2011-10-17,2011-10-23,2011-10-17,2011-10-21,1224.47,1239.03,1191.48,1238.25,5,False,,True,Yahoo Finance ^GSPC,正式推出後
2011-10-28,2011-10-24,2011-10-30,2011-10-24,2011-10-28,1238.72,1292.66,1221.06,1285.09,5,False,,True,Yahoo Finance ^GSPC,正式推出後
2011-11-04,2011-10-31,2011-11-06,2011-10-31,2011-11-04,1284.96,1284.96,1215.42,1253.23,5,False,,True,Yahoo Finance ^GSPC,正式推出後
2011-11-11,2011-11-07,2011-11-13,2011-11-07,2011-11-11,1253.21,1277.55,1226.64,1263.85,5,False,,True,Yahoo Finance ^GSPC,正式推出後
2011-11-18,2011-11-14,2011-11-20,2011-11-14,2011-11-18,1263.85,1264.25,1209.43,1215.65,5,False,,True,Yahoo Finance ^GSPC,正式推出後
2011-11-25,2011-11-21,2011-11-27,2011-11-21,2011-11-25,1215.62,1215.62,1158.66,1158.67,4,False,,True,Yahoo Finance ^GSPC,正式推出後
2011-12-02,2011-11-28,2011-12-04,2011-11-28,2011-12-02,1158.67,1260.08,1158.67,1244.28,5,False,,True,Yahoo Finance ^GSPC,正式推出後
2011-12-09,2011-12-05,2011-12-11,2011-12-05,2011-12-09,1244.33,1267.06,1231.47,1255.19,5,False,,True,Yahoo Finance ^GSPC,正式推出後
2011-12-16,2011-12-12,2011-12-18,2011-12-12,2011-12-16,1255.05,1255.05,1209.47,1219.66,5,False,,True,Yahoo Finance ^GSPC,正式推出後
2011-12-23,2011-12-19,2011-12-25,2011-12-19,2011-12-23,1219.74,1265.42,1202.37,1265.33,5,False,,True,Yahoo Finance ^GSPC,正式推出後
2011-12-30,2011-12-26,2012-01-01,2011-12-27,2011-12-30,1265.02,1269.37,1248.64,1257.60,4,False,,True,Yahoo Finance ^GSPC,正式推出後
2012-01-06,2012-01-02,2012-01-08,2012-01-03,2012-01-06,1258.86,1284.62,1258.86,1277.81,4,False,,True,Yahoo Finance ^GSPC,正式推出後
2012-01-13,2012-01-09,2012-01-15,2012-01-09,2012-01-13,1277.83,1296.82,1274.55,1289.09,5,False,,True,Yahoo Finance ^GSPC,正式推出後
2012-01-20,2012-01-16,2012-01-22,2012-01-17,2012-01-20,1290.22,1315.49,1290.22,1315.38,4,False,,True,Yahoo Finance ^GSPC,正式推出後
2012-01-27,2012-01-23,2012-01-29,2012-01-23,2012-01-27,1315.29,1333.47,1306.06,1316.33,5,False,,True,Yahoo Finance ^GSPC,正式推出後
2012-02-03,2012-01-30,2012-02-05,2012-01-30,2012-02-03,1316.16,1345.34,1300.49,1344.90,5,False,,True,Yahoo Finance ^GSPC,正式推出後
2012-02-10,2012-02-06,2012-02-12,2012-02-06,2012-02-10,1344.32,1354.32,1335.92,1342.64,5,False,,True,Yahoo Finance ^GSPC,正式推出後
2012-02-17,2012-02-13,2012-02-19,2012-02-13,2012-02-17,1343.06,1363.40,1340.80,1361.23,5,False,,True,Yahoo Finance ^GSPC,正式推出後
2012-02-24,2012-02-20,2012-02-26,2012-02-21,2012-02-24,1361.22,1368.92,1352.28,1365.74,4,False,,True,Yahoo Finance ^GSPC,正式推出後
2012-03-02,2012-02-27,2012-03-04,2012-02-27,2012-03-02,1365.20,1378.04,1354.92,1369.63,5,False,,True,Yahoo Finance ^GSPC,正式推出後
2012-03-09,2012-03-05,2012-03-11,2012-03-05,2012-03-09,1369.59,1374.76,1340.03,1370.87,5,False,,True,Yahoo Finance ^GSPC,正式推出後
2012-03-16,2012-03-12,2012-03-18,2012-03-12,2012-03-16,1370.78,1405.88,1366.69,1404.17,5,False,,True,Yahoo Finance ^GSPC,正式推出後
2012-03-23,2012-03-19,2012-03-25,2012-03-19,2012-03-23,1404.17,1414.00,1386.87,1397.11,5,False,,True,Yahoo Finance ^GSPC,正式推出後
2012-03-30,2012-03-26,2012-04-01,2012-03-26,2012-03-30,1397.11,1419.15,1391.56,1408.47,5,False,,True,Yahoo Finance ^GSPC,正式推出後
2012-04-05,2012-04-02,2012-04-08,2012-04-02,2012-04-05,1408.47,1422.38,1392.92,1398.08,4,False,,True,Yahoo Finance ^GSPC,正式推出後
2012-04-13,2012-04-09,2012-04-15,2012-04-09,2012-04-13,1397.45,1397.45,1357.38,1370.26,5,False,,True,Yahoo Finance ^GSPC,正式推出後
2012-04-20,2012-04-16,2012-04-22,2012-04-16,2012-04-20,1370.27,1392.76,1365.38,1378.53,5,False,,True,Yahoo Finance ^GSPC,正式推出後
2012-04-27,2012-04-23,2012-04-29,2012-04-23,2012-04-27,1378.53,1406.64,1358.79,1403.36,5,False,,True,Yahoo Finance ^GSPC,正式推出後
2012-05-04,2012-04-30,2012-05-06,2012-04-30,2012-05-04,1403.26,1415.32,1367.96,1369.10,5,False,,True,Yahoo Finance ^GSPC,正式推出後
2012-05-11,2012-05-07,2012-05-13,2012-05-07,2012-05-11,1368.79,1373.91,1343.13,1353.39,5,False,,True,Yahoo Finance ^GSPC,正式推出後
2012-05-18,2012-05-14,2012-05-20,2012-05-14,2012-05-18,1351.93,1351.93,1291.98,1295.22,5,False,,True,Yahoo Finance ^GSPC,正式推出後
2012-05-25,2012-05-21,2012-05-27,2012-05-21,2012-05-25,1295.73,1328.49,1295.73,1317.82,5,False,,True,Yahoo Finance ^GSPC,正式推出後
2012-06-01,2012-05-28,2012-06-03,2012-05-29,2012-06-01,1318.90,1334.93,1277.25,1278.04,4,False,,True,Yahoo Finance ^GSPC,正式推出後
2012-06-08,2012-06-04,2012-06-10,2012-06-04,2012-06-08,1278.29,1329.05,1266.74,1325.66,5,False,,True,Yahoo Finance ^GSPC,正式推出後
2012-06-15,2012-06-11,2012-06-17,2012-06-11,2012-06-15,1325.72,1343.32,1306.62,1342.84,5,False,,True,Yahoo Finance ^GSPC,正式推出後
2012-06-22,2012-06-18,2012-06-24,2012-06-18,2012-06-22,1342.42,1363.46,1324.41,1335.02,5,False,,True,Yahoo Finance ^GSPC,正式推出後
2012-06-29,2012-06-25,2012-07-01,2012-06-25,2012-06-29,1334.90,1362.17,1309.27,1362.16,5,False,,True,Yahoo Finance ^GSPC,正式推出後
2012-07-06,2012-07-02,2012-07-08,2012-07-02,2012-07-06,1362.33,1374.81,1348.03,1354.68,4,False,,True,Yahoo Finance ^GSPC,正式推出後
2012-07-13,2012-07-09,2012-07-15,2012-07-09,2012-07-13,1354.66,1361.54,1325.41,1356.78,5,False,,True,Yahoo Finance ^GSPC,正式推出後
2012-07-20,2012-07-16,2012-07-22,2012-07-16,2012-07-20,1356.50,1380.39,1345.07,1362.66,5,False,,True,Yahoo Finance ^GSPC,正式推出後
2012-07-27,2012-07-23,2012-07-29,2012-07-23,2012-07-27,1362.34,1389.19,1329.24,1385.97,5,False,,True,Yahoo Finance ^GSPC,正式推出後
2012-08-03,2012-07-30,2012-08-05,2012-07-30,2012-08-03,1385.94,1394.16,1354.65,1390.99,5,False,,True,Yahoo Finance ^GSPC,正式推出後
2012-08-10,2012-08-06,2012-08-12,2012-08-06,2012-08-10,1391.04,1407.14,1391.04,1405.87,5,False,,True,Yahoo Finance ^GSPC,正式推出後
2012-08-17,2012-08-13,2012-08-19,2012-08-13,2012-08-17,1405.87,1418.71,1397.32,1418.16,5,False,,True,Yahoo Finance ^GSPC,正式推出後
2012-08-24,2012-08-20,2012-08-26,2012-08-20,2012-08-24,1417.85,1426.68,1398.04,1411.13,5,False,,True,Yahoo Finance ^GSPC,正式推出後
2012-08-31,2012-08-27,2012-09-02,2012-08-27,2012-08-31,1411.13,1416.17,1397.01,1406.58,5,False,,True,Yahoo Finance ^GSPC,正式推出後
2012-09-07,2012-09-03,2012-09-09,2012-09-04,2012-09-07,1406.54,1437.92,1396.56,1437.92,4,False,,True,Yahoo Finance ^GSPC,正式推出後
2012-09-14,2012-09-10,2012-09-16,2012-09-10,2012-09-14,1437.92,1474.51,1428.98,1465.77,5,False,,True,Yahoo Finance ^GSPC,正式推出後
2012-09-21,2012-09-17,2012-09-23,2012-09-17,2012-09-21,1465.42,1467.07,1449.98,1460.15,5,False,,True,Yahoo Finance ^GSPC,正式推出後
2012-09-28,2012-09-24,2012-09-30,2012-09-24,2012-09-28,1459.76,1463.24,1430.53,1440.67,5,False,,True,Yahoo Finance ^GSPC,正式推出後
2012-10-05,2012-10-01,2012-10-07,2012-10-01,2012-10-05,1440.90,1470.96,1439.01,1460.93,5,False,,True,Yahoo Finance ^GSPC,正式推出後
2012-10-12,2012-10-08,2012-10-14,2012-10-08,2012-10-12,1460.93,1460.93,1425.53,1428.59,5,False,,True,Yahoo Finance ^GSPC,正式推出後
2012-10-19,2012-10-15,2012-10-21,2012-10-15,2012-10-19,1428.75,1464.02,1427.24,1433.19,5,False,,True,Yahoo Finance ^GSPC,正式推出後
2012-10-26,2012-10-22,2012-10-28,2012-10-22,2012-10-26,1433.21,1435.46,1403.28,1411.94,5,False,,True,Yahoo Finance ^GSPC,正式推出後
2012-11-02,2012-10-29,2012-11-04,2012-10-31,2012-11-02,1410.99,1434.27,1405.95,1414.20,3,False,,True,Yahoo Finance ^GSPC,正式推出後
2012-11-09,2012-11-05,2012-11-11,2012-11-05,2012-11-09,1414.02,1433.38,1373.03,1379.85,5,False,,True,Yahoo Finance ^GSPC,正式推出後
2012-11-16,2012-11-12,2012-11-18,2012-11-12,2012-11-16,1379.86,1388.81,1343.35,1359.88,5,False,,True,Yahoo Finance ^GSPC,正式推出後
2012-11-23,2012-11-19,2012-11-25,2012-11-19,2012-11-23,1359.88,1409.16,1359.88,1409.15,4,False,,True,Yahoo Finance ^GSPC,正式推出後
2012-11-30,2012-11-26,2012-12-02,2012-11-26,2012-11-30,1409.15,1419.70,1385.43,1416.18,5,False,,True,Yahoo Finance ^GSPC,正式推出後
2012-12-07,2012-12-03,2012-12-09,2012-12-03,2012-12-07,1416.34,1423.73,1398.23,1418.07,5,False,,True,Yahoo Finance ^GSPC,正式推出後
2012-12-14,2012-12-10,2012-12-16,2012-12-10,2012-12-14,1418.07,1438.59,1411.88,1413.58,5,False,,True,Yahoo Finance ^GSPC,正式推出後
2012-12-21,2012-12-17,2012-12-23,2012-12-17,2012-12-21,1413.54,1448.00,1413.54,1430.15,5,False,,True,Yahoo Finance ^GSPC,正式推出後
2012-12-28,2012-12-24,2012-12-30,2012-12-24,2012-12-28,1430.15,1430.15,1401.58,1402.43,4,False,,True,Yahoo Finance ^GSPC,正式推出後
2013-01-04,2012-12-31,2013-01-06,2012-12-31,2013-01-04,1402.43,1467.94,1398.11,1466.47,4,False,,True,Yahoo Finance ^GSPC,正式推出後
2013-01-11,2013-01-07,2013-01-13,2013-01-07,2013-01-11,1466.47,1472.75,1451.64,1472.05,5,False,,True,Yahoo Finance ^GSPC,正式推出後
2013-01-18,2013-01-14,2013-01-20,2013-01-14,2013-01-18,1472.05,1485.98,1463.76,1485.98,5,False,,True,Yahoo Finance ^GSPC,正式推出後
2013-01-25,2013-01-21,2013-01-27,2013-01-22,2013-01-25,1485.98,1503.26,1481.16,1502.96,4,False,,True,Yahoo Finance ^GSPC,正式推出後
2013-02-01,2013-01-28,2013-02-03,2013-01-28,2013-02-01,1502.96,1514.41,1496.33,1513.17,5,False,,True,Yahoo Finance ^GSPC,正式推出後
2013-02-08,2013-02-04,2013-02-10,2013-02-04,2013-02-08,1513.17,1518.31,1495.02,1517.93,5,False,,True,Yahoo Finance ^GSPC,正式推出後
2013-02-15,2013-02-11,2013-02-17,2013-02-11,2013-02-15,1517.93,1524.69,1513.61,1519.79,5,False,,True,Yahoo Finance ^GSPC,正式推出後
2013-02-22,2013-02-18,2013-02-24,2013-02-19,2013-02-22,1519.79,1530.94,1497.29,1515.60,4,False,,True,Yahoo Finance ^GSPC,正式推出後
2013-03-01,2013-02-25,2013-03-03,2013-02-25,2013-03-01,1515.60,1525.84,1485.01,1518.20,5,False,,True,Yahoo Finance ^GSPC,正式推出後
2013-03-08,2013-03-04,2013-03-10,2013-03-04,2013-03-08,1518.20,1552.48,1512.29,1551.18,5,False,,True,Yahoo Finance ^GSPC,正式推出後
2013-03-15,2013-03-11,2013-03-17,2013-03-11,2013-03-15,1551.15,1563.62,1547.36,1560.70,5,False,,True,Yahoo Finance ^GSPC,正式推出後
2013-03-22,2013-03-18,2013-03-24,2013-03-18,2013-03-22,1560.70,1561.56,1538.57,1556.89,5,False,,True,Yahoo Finance ^GSPC,正式推出後
2013-03-28,2013-03-25,2013-03-31,2013-03-25,2013-03-28,1556.89,1570.28,1546.22,1569.19,4,False,,True,Yahoo Finance ^GSPC,正式推出後
2013-04-05,2013-04-01,2013-04-07,2013-04-01,2013-04-05,1569.18,1573.66,1539.50,1553.28,5,False,,True,Yahoo Finance ^GSPC,正式推出後
2013-04-12,2013-04-08,2013-04-14,2013-04-08,2013-04-12,1553.26,1597.35,1548.63,1588.85,5,False,,True,Yahoo Finance ^GSPC,正式推出後
2013-04-19,2013-04-15,2013-04-21,2013-04-15,2013-04-19,1588.84,1588.84,1536.03,1555.25,5,False,,True,Yahoo Finance ^GSPC,正式推出後
2013-04-26,2013-04-22,2013-04-28,2013-04-22,2013-04-26,1555.25,1592.64,1548.19,1582.24,5,False,,True,Yahoo Finance ^GSPC,正式推出後
2013-05-03,2013-04-29,2013-05-05,2013-04-29,2013-05-03,1582.34,1618.46,1581.28,1614.42,5,False,,True,Yahoo Finance ^GSPC,正式推出後
2013-05-10,2013-05-06,2013-05-12,2013-05-06,2013-05-10,1614.40,1635.01,1614.21,1633.70,5,False,,True,Yahoo Finance ^GSPC,正式推出後
2013-05-17,2013-05-13,2013-05-19,2013-05-13,2013-05-17,1632.10,1667.47,1626.74,1667.47,5,False,,True,Yahoo Finance ^GSPC,正式推出後
2013-05-24,2013-05-20,2013-05-26,2013-05-20,2013-05-24,1665.71,1687.18,1635.53,1649.60,5,False,,True,Yahoo Finance ^GSPC,正式推出後
2013-05-31,2013-05-27,2013-06-02,2013-05-28,2013-05-31,1652.63,1674.21,1630.74,1630.74,4,False,,True,Yahoo Finance ^GSPC,正式推出後
2013-06-07,2013-06-03,2013-06-09,2013-06-03,2013-06-07,1631.71,1646.53,1598.23,1643.38,5,False,,True,Yahoo Finance ^GSPC,正式推出後
2013-06-14,2013-06-10,2013-06-16,2013-06-10,2013-06-14,1644.67,1648.69,1608.07,1626.73,5,False,,True,Yahoo Finance ^GSPC,正式推出後
2013-06-21,2013-06-17,2013-06-23,2013-06-17,2013-06-21,1630.64,1654.19,1577.70,1592.43,5,False,,True,Yahoo Finance ^GSPC,正式推出後
2013-06-28,2013-06-24,2013-06-30,2013-06-24,2013-06-28,1588.77,1620.07,1560.33,1606.28,5,False,,True,Yahoo Finance ^GSPC,正式推出後
2013-07-05,2013-07-01,2013-07-07,2013-07-01,2013-07-05,1609.78,1632.07,1604.57,1631.89,4,False,,True,Yahoo Finance ^GSPC,正式推出後
2013-07-12,2013-07-08,2013-07-14,2013-07-08,2013-07-12,1634.20,1680.19,1634.20,1680.19,5,False,,True,Yahoo Finance ^GSPC,正式推出後
2013-07-19,2013-07-15,2013-07-21,2013-07-15,2013-07-19,1679.59,1693.12,1671.84,1692.09,5,False,,True,Yahoo Finance ^GSPC,正式推出後
2013-07-26,2013-07-22,2013-07-28,2013-07-22,2013-07-26,1694.41,1698.78,1676.03,1691.65,5,False,,True,Yahoo Finance ^GSPC,正式推出後
2013-08-02,2013-07-29,2013-08-04,2013-07-29,2013-08-02,1690.32,1709.67,1681.86,1709.67,5,False,,True,Yahoo Finance ^GSPC,正式推出後
2013-08-09,2013-08-05,2013-08-11,2013-08-05,2013-08-09,1708.01,1709.24,1684.91,1691.42,5,False,,True,Yahoo Finance ^GSPC,正式推出後
2013-08-16,2013-08-12,2013-08-18,2013-08-12,2013-08-16,1688.37,1696.81,1652.61,1655.83,5,False,,True,Yahoo Finance ^GSPC,正式推出後
2013-08-23,2013-08-19,2013-08-25,2013-08-19,2013-08-23,1655.25,1664.85,1639.43,1663.50,5,False,,True,Yahoo Finance ^GSPC,正式推出後
2013-08-30,2013-08-26,2013-09-01,2013-08-26,2013-08-30,1664.29,1669.51,1627.47,1632.97,5,False,,True,Yahoo Finance ^GSPC,正式推出後
2013-09-06,2013-09-02,2013-09-08,2013-09-03,2013-09-06,1635.95,1664.83,1633.41,1655.17,4,False,,True,Yahoo Finance ^GSPC,正式推出後
2013-09-13,2013-09-09,2013-09-15,2013-09-09,2013-09-13,1656.85,1689.97,1656.85,1687.99,5,False,,True,Yahoo Finance ^GSPC,正式推出後
2013-09-20,2013-09-16,2013-09-22,2013-09-16,2013-09-20,1691.70,1729.86,1691.70,1709.91,5,False,,True,Yahoo Finance ^GSPC,正式推出後
2013-09-27,2013-09-23,2013-09-29,2013-09-23,2013-09-27,1711.44,1711.44,1687.11,1691.75,5,False,,True,Yahoo Finance ^GSPC,正式推出後
2013-10-04,2013-09-30,2013-10-06,2013-09-30,2013-10-04,1687.26,1696.55,1670.36,1690.50,5,False,,True,Yahoo Finance ^GSPC,正式推出後
2013-10-11,2013-10-07,2013-10-13,2013-10-07,2013-10-11,1687.15,1703.44,1646.47,1703.20,5,False,,True,Yahoo Finance ^GSPC,正式推出後
2013-10-18,2013-10-14,2013-10-20,2013-10-14,2013-10-18,1699.86,1745.31,1692.13,1744.50,5,False,,True,Yahoo Finance ^GSPC,正式推出後
2013-10-25,2013-10-21,2013-10-27,2013-10-21,2013-10-25,1745.20,1759.82,1740.50,1759.77,5,False,,True,Yahoo Finance ^GSPC,正式推出後
2013-11-01,2013-10-28,2013-11-03,2013-10-28,2013-11-01,1759.42,1775.22,1752.70,1761.64,5,False,,True,Yahoo Finance ^GSPC,正式推出後
2013-11-08,2013-11-04,2013-11-10,2013-11-04,2013-11-08,1763.40,1774.54,1746.20,1770.61,5,False,,True,Yahoo Finance ^GSPC,正式推出後
2013-11-15,2013-11-11,2013-11-17,2013-11-11,2013-11-15,1769.96,1798.22,1760.64,1798.18,5,False,,True,Yahoo Finance ^GSPC,正式推出後
2013-11-22,2013-11-18,2013-11-24,2013-11-18,2013-11-22,1798.82,1804.84,1777.23,1804.76,5,False,,True,Yahoo Finance ^GSPC,正式推出後
2013-11-29,2013-11-25,2013-12-01,2013-11-25,2013-11-29,1806.33,1813.55,1800.58,1805.81,4,False,,True,Yahoo Finance ^GSPC,正式推出後
2013-12-06,2013-12-02,2013-12-08,2013-12-02,2013-12-06,1806.55,1810.02,1779.09,1805.09,5,False,,True,Yahoo Finance ^GSPC,正式推出後
2013-12-13,2013-12-09,2013-12-15,2013-12-09,2013-12-13,1806.21,1811.52,1772.28,1775.32,5,False,,True,Yahoo Finance ^GSPC,正式推出後
2013-12-20,2013-12-16,2013-12-22,2013-12-16,2013-12-20,1777.48,1823.75,1767.99,1818.32,5,False,,True,Yahoo Finance ^GSPC,正式推出後
2013-12-27,2013-12-23,2013-12-29,2013-12-23,2013-12-27,1822.92,1844.89,1822.92,1841.40,4,False,,True,Yahoo Finance ^GSPC,正式推出後
2014-01-03,2013-12-30,2014-01-05,2013-12-30,2014-01-03,1841.47,1849.44,1827.74,1831.37,4,False,,True,Yahoo Finance ^GSPC,正式推出後
2014-01-10,2014-01-06,2014-01-12,2014-01-06,2014-01-10,1832.31,1843.23,1823.73,1842.37,5,False,,True,Yahoo Finance ^GSPC,正式推出後
2014-01-17,2014-01-13,2014-01-19,2014-01-13,2014-01-17,1841.26,1850.84,1815.52,1838.70,5,False,,True,Yahoo Finance ^GSPC,正式推出後
2014-01-24,2014-01-20,2014-01-26,2014-01-21,2014-01-24,1841.05,1849.31,1790.29,1790.29,4,False,,True,Yahoo Finance ^GSPC,正式推出後
2014-01-31,2014-01-27,2014-02-02,2014-01-27,2014-01-31,1791.03,1798.77,1770.45,1782.59,5,False,,True,Yahoo Finance ^GSPC,正式推出後
2014-02-07,2014-02-03,2014-02-09,2014-02-03,2014-02-07,1782.68,1798.03,1737.92,1797.02,5,False,,True,Yahoo Finance ^GSPC,正式推出後
2014-02-14,2014-02-10,2014-02-16,2014-02-10,2014-02-14,1796.20,1841.65,1791.83,1838.63,5,False,,True,Yahoo Finance ^GSPC,正式推出後
2014-02-21,2014-02-17,2014-02-23,2014-02-18,2014-02-21,1839.03,1847.50,1824.58,1836.25,4,False,,True,Yahoo Finance ^GSPC,正式推出後
2014-02-28,2014-02-24,2014-03-02,2014-02-24,2014-02-28,1836.78,1867.92,1836.78,1859.45,5,False,,True,Yahoo Finance ^GSPC,正式推出後
2014-03-07,2014-03-03,2014-03-09,2014-03-03,2014-03-07,1857.68,1883.57,1834.44,1878.04,5,False,,True,Yahoo Finance ^GSPC,正式推出後
2014-03-14,2014-03-10,2014-03-16,2014-03-10,2014-03-14,1877.86,1882.35,1839.57,1841.13,5,False,,True,Yahoo Finance ^GSPC,正式推出後
2014-03-21,2014-03-17,2014-03-23,2014-03-17,2014-03-21,1842.81,1883.97,1842.81,1866.52,5,False,,True,Yahoo Finance ^GSPC,正式推出後
2014-03-28,2014-03-24,2014-03-30,2014-03-24,2014-03-28,1867.67,1875.92,1842.11,1857.62,5,False,,True,Yahoo Finance ^GSPC,正式推出後
2014-04-04,2014-03-31,2014-04-06,2014-03-31,2014-04-04,1859.16,1897.28,1859.16,1865.09,5,False,,True,Yahoo Finance ^GSPC,正式推出後
2014-04-11,2014-04-07,2014-04-13,2014-04-07,2014-04-11,1863.92,1872.53,1814.36,1815.69,5,False,,True,Yahoo Finance ^GSPC,正式推出後
2014-04-17,2014-04-14,2014-04-20,2014-04-14,2014-04-17,1818.18,1869.63,1815.80,1864.85,4,False,,True,Yahoo Finance ^GSPC,正式推出後
2014-04-25,2014-04-21,2014-04-27,2014-04-21,2014-04-25,1865.79,1884.89,1859.70,1863.40,5,False,,True,Yahoo Finance ^GSPC,正式推出後
2014-05-02,2014-04-28,2014-05-04,2014-04-28,2014-05-02,1865.00,1891.33,1850.61,1881.14,5,False,,True,Yahoo Finance ^GSPC,正式推出後
2014-05-09,2014-05-05,2014-05-11,2014-05-05,2014-05-09,1879.45,1889.07,1859.79,1878.48,5,False,,True,Yahoo Finance ^GSPC,正式推出後
2014-05-16,2014-05-12,2014-05-18,2014-05-12,2014-05-16,1880.03,1902.17,1862.36,1877.86,5,False,,True,Yahoo Finance ^GSPC,正式推出後
2014-05-23,2014-05-19,2014-05-25,2014-05-19,2014-05-23,1876.66,1901.26,1868.14,1900.53,5,False,,True,Yahoo Finance ^GSPC,正式推出後
2014-05-30,2014-05-26,2014-06-01,2014-05-27,2014-05-30,1902.01,1924.03,1902.01,1923.57,4,False,,True,Yahoo Finance ^GSPC,正式推出後
2014-06-06,2014-06-02,2014-06-08,2014-06-02,2014-06-06,1923.87,1949.44,1915.98,1949.44,5,False,,True,Yahoo Finance ^GSPC,正式推出後
2014-06-13,2014-06-09,2014-06-15,2014-06-09,2014-06-13,1948.97,1955.55,1925.78,1936.16,5,False,,True,Yahoo Finance ^GSPC,正式推出後
2014-06-20,2014-06-16,2014-06-22,2014-06-16,2014-06-20,1934.84,1963.91,1930.91,1962.87,5,False,,True,Yahoo Finance ^GSPC,正式推出後
2014-06-27,2014-06-23,2014-06-29,2014-06-23,2014-06-27,1962.92,1968.17,1944.69,1960.96,5,False,,True,Yahoo Finance ^GSPC,正式推出後
2014-07-03,2014-06-30,2014-07-06,2014-06-30,2014-07-03,1960.79,1985.59,1958.22,1985.44,4,False,,True,Yahoo Finance ^GSPC,正式推出後
2014-07-11,2014-07-07,2014-07-13,2014-07-07,2014-07-11,1984.22,1984.22,1952.86,1967.57,5,False,,True,Yahoo Finance ^GSPC,正式推出後
2014-07-18,2014-07-14,2014-07-20,2014-07-14,2014-07-18,1969.86,1983.94,1955.59,1978.22,5,False,,True,Yahoo Finance ^GSPC,正式推出後
2014-07-25,2014-07-21,2014-07-27,2014-07-21,2014-07-25,1976.93,1991.39,1965.77,1978.34,5,False,,True,Yahoo Finance ^GSPC,正式推出後
2014-08-01,2014-07-28,2014-08-03,2014-07-28,2014-08-01,1978.25,1984.85,1916.37,1925.15,5,False,,True,Yahoo Finance ^GSPC,正式推出後
2014-08-08,2014-08-04,2014-08-10,2014-08-04,2014-08-08,1926.62,1942.92,1904.78,1931.59,5,False,,True,Yahoo Finance ^GSPC,正式推出後
2014-08-15,2014-08-11,2014-08-17,2014-08-11,2014-08-15,1933.43,1964.04,1928.29,1955.06,5,False,,True,Yahoo Finance ^GSPC,正式推出後
2014-08-22,2014-08-18,2014-08-24,2014-08-18,2014-08-22,1958.36,1994.76,1958.36,1988.40,5,False,,True,Yahoo Finance ^GSPC,正式推出後
2014-08-29,2014-08-25,2014-08-31,2014-08-25,2014-08-29,1991.74,2005.04,1990.52,2003.37,5,False,,True,Yahoo Finance ^GSPC,正式推出後
2014-09-05,2014-09-01,2014-09-07,2014-09-02,2014-09-05,2004.07,2011.17,1990.10,2007.71,4,False,,True,Yahoo Finance ^GSPC,正式推出後
2014-09-12,2014-09-08,2014-09-14,2014-09-08,2014-09-12,2007.17,2007.17,1980.26,1985.54,5,False,,True,Yahoo Finance ^GSPC,正式推出後
2014-09-19,2014-09-15,2014-09-21,2014-09-15,2014-09-19,1986.04,2019.26,1978.48,2010.40,5,False,,True,Yahoo Finance ^GSPC,正式推出後
2014-09-26,2014-09-22,2014-09-28,2014-09-22,2014-09-26,2009.08,2009.08,1965.99,1982.85,5,False,,True,Yahoo Finance ^GSPC,正式推出後
2014-10-03,2014-09-29,2014-10-05,2014-09-29,2014-10-03,1978.96,1985.17,1926.03,1967.90,5,False,,True,Yahoo Finance ^GSPC,正式推出後
2014-10-10,2014-10-06,2014-10-12,2014-10-06,2014-10-10,1970.01,1977.84,1906.05,1906.13,5,False,,True,Yahoo Finance ^GSPC,正式推出後
2014-10-17,2014-10-13,2014-10-19,2014-10-13,2014-10-17,1905.65,1912.09,1820.66,1886.76,5,False,,True,Yahoo Finance ^GSPC,正式推出後
2014-10-24,2014-10-20,2014-10-26,2014-10-20,2014-10-24,1885.62,1965.27,1882.30,1964.58,5,False,,True,Yahoo Finance ^GSPC,正式推出後
2014-10-31,2014-10-27,2014-11-02,2014-10-27,2014-10-31,1962.97,2018.19,1951.37,2018.05,5,False,,True,Yahoo Finance ^GSPC,正式推出後
2014-11-07,2014-11-03,2014-11-09,2014-11-03,2014-11-07,2018.21,2034.26,2001.01,2031.92,5,False,,True,Yahoo Finance ^GSPC,正式推出後
2014-11-14,2014-11-10,2014-11-16,2014-11-10,2014-11-14,2032.01,2046.18,2030.17,2039.82,5,False,,True,Yahoo Finance ^GSPC,正式推出後
2014-11-21,2014-11-17,2014-11-23,2014-11-17,2014-11-21,2038.29,2071.46,2034.46,2063.50,5,False,,True,Yahoo Finance ^GSPC,正式推出後
2014-11-28,2014-11-24,2014-11-30,2014-11-24,2014-11-28,2065.07,2075.76,2064.75,2067.56,4,False,,True,Yahoo Finance ^GSPC,正式推出後
2014-12-05,2014-12-01,2014-12-07,2014-12-01,2014-12-05,2065.78,2079.47,2049.57,2075.37,5,False,,True,Yahoo Finance ^GSPC,正式推出後
2014-12-12,2014-12-08,2014-12-14,2014-12-08,2014-12-12,2074.84,2075.78,2002.33,2002.33,5,False,,True,Yahoo Finance ^GSPC,正式推出後
2014-12-19,2014-12-15,2014-12-21,2014-12-15,2014-12-19,2005.03,2077.85,1972.56,2070.65,5,False,,True,Yahoo Finance ^GSPC,正式推出後
2014-12-26,2014-12-22,2014-12-28,2014-12-22,2014-12-26,2069.28,2092.70,2069.28,2088.77,4,False,,True,Yahoo Finance ^GSPC,正式推出後
2015-01-02,2014-12-29,2015-01-04,2014-12-29,2015-01-02,2087.63,2093.55,2046.04,2058.20,4,False,,True,Yahoo Finance ^GSPC,正式推出後
2015-01-09,2015-01-05,2015-01-11,2015-01-05,2015-01-09,2054.44,2064.43,1992.44,2044.81,5,False,,True,Yahoo Finance ^GSPC,正式推出後
2015-01-16,2015-01-12,2015-01-18,2015-01-12,2015-01-16,2046.13,2056.93,1988.12,2019.42,5,False,,True,Yahoo Finance ^GSPC,正式推出後
2015-01-23,2015-01-19,2015-01-25,2015-01-20,2015-01-23,2020.76,2064.62,2004.49,2051.82,4,False,,True,Yahoo Finance ^GSPC,正式推出後
2015-01-30,2015-01-26,2015-02-01,2015-01-26,2015-01-30,2050.42,2057.62,1989.18,1994.99,5,False,,True,Yahoo Finance ^GSPC,正式推出後
2015-02-06,2015-02-02,2015-02-08,2015-02-02,2015-02-06,1996.67,2072.40,1980.90,2055.47,5,False,,True,Yahoo Finance ^GSPC,正式推出後
2015-02-13,2015-02-09,2015-02-15,2015-02-09,2015-02-13,2053.47,2097.03,2041.88,2096.99,5,False,,True,Yahoo Finance ^GSPC,正式推出後
2015-02-20,2015-02-16,2015-02-22,2015-02-17,2015-02-20,2096.47,2110.61,2085.44,2110.30,4,False,,True,Yahoo Finance ^GSPC,正式推出後
2015-02-27,2015-02-23,2015-03-01,2015-02-23,2015-02-27,2109.83,2119.59,2103.00,2104.50,5,False,,True,Yahoo Finance ^GSPC,正式推出後
2015-03-06,2015-03-02,2015-03-08,2015-03-02,2015-03-06,2105.23,2117.52,2067.27,2071.26,5,False,,True,Yahoo Finance ^GSPC,正式推出後
2015-03-13,2015-03-09,2015-03-15,2015-03-09,2015-03-13,2072.25,2083.49,2039.69,2053.40,5,False,,True,Yahoo Finance ^GSPC,正式推出後
2015-03-20,2015-03-16,2015-03-22,2015-03-16,2015-03-20,2055.35,2113.92,2055.35,2108.10,5,False,,True,Yahoo Finance ^GSPC,正式推出後
2015-03-27,2015-03-23,2015-03-29,2015-03-23,2015-03-27,2107.99,2114.86,2045.50,2061.02,5,False,,True,Yahoo Finance ^GSPC,正式推出後
2015-04-02,2015-03-30,2015-04-05,2015-03-30,2015-04-02,2064.11,2088.97,2048.38,2066.96,4,False,,True,Yahoo Finance ^GSPC,正式推出後
2015-04-10,2015-04-06,2015-04-12,2015-04-06,2015-04-10,2064.87,2102.61,2056.52,2102.06,5,False,,True,Yahoo Finance ^GSPC,正式推出後
2015-04-17,2015-04-13,2015-04-19,2015-04-13,2015-04-17,2102.03,2111.91,2072.37,2081.18,5,False,,True,Yahoo Finance ^GSPC,正式推出後
2015-04-24,2015-04-20,2015-04-26,2015-04-20,2015-04-24,2084.11,2120.92,2084.11,2117.69,5,False,,True,Yahoo Finance ^GSPC,正式推出後
2015-05-01,2015-04-27,2015-05-03,2015-04-27,2015-05-01,2119.29,2125.92,2077.59,2108.29,5,False,,True,Yahoo Finance ^GSPC,正式推出後
2015-05-08,2015-05-04,2015-05-10,2015-05-04,2015-05-08,2110.23,2120.95,2067.93,2116.10,5,False,,True,Yahoo Finance ^GSPC,正式推出後
2015-05-15,2015-05-11,2015-05-17,2015-05-11,2015-05-15,2115.56,2123.89,2085.57,2122.73,5,False,,True,Yahoo Finance ^GSPC,正式推出後
2015-05-22,2015-05-18,2015-05-24,2015-05-18,2015-05-22,2121.30,2134.72,2120.01,2126.06,5,False,,True,Yahoo Finance ^GSPC,正式推出後
2015-05-29,2015-05-25,2015-05-31,2015-05-26,2015-05-29,2125.34,2126.22,2099.18,2107.39,4,False,,True,Yahoo Finance ^GSPC,正式推出後
2015-06-05,2015-06-01,2015-06-07,2015-06-01,2015-06-05,2108.64,2121.92,2085.67,2092.83,5,False,,True,Yahoo Finance ^GSPC,正式推出後
2015-06-12,2015-06-08,2015-06-14,2015-06-08,2015-06-12,2092.34,2115.02,2072.14,2094.11,5,False,,True,Yahoo Finance ^GSPC,正式推出後
2015-06-19,2015-06-15,2015-06-21,2015-06-15,2015-06-19,2091.34,2126.65,2072.49,2109.99,5,False,,True,Yahoo Finance ^GSPC,正式推出後
2015-06-26,2015-06-22,2015-06-28,2015-06-22,2015-06-26,2112.50,2129.87,2095.38,2101.49,5,False,,True,Yahoo Finance ^GSPC,正式推出後
2015-07-02,2015-06-29,2015-07-05,2015-06-29,2015-07-02,2098.63,2098.63,2056.32,2076.78,4,False,,True,Yahoo Finance ^GSPC,正式推出後
2015-07-10,2015-07-06,2015-07-12,2015-07-06,2015-07-10,2073.95,2083.74,2044.02,2076.62,5,False,,True,Yahoo Finance ^GSPC,正式推出後
2015-07-17,2015-07-13,2015-07-19,2015-07-13,2015-07-17,2080.03,2128.91,2080.03,2126.64,5,False,,True,Yahoo Finance ^GSPC,正式推出後
2015-07-24,2015-07-20,2015-07-26,2015-07-20,2015-07-24,2126.85,2132.82,2077.09,2079.65,5,False,,True,Yahoo Finance ^GSPC,正式推出後
2015-07-31,2015-07-27,2015-08-02,2015-07-27,2015-07-31,2078.19,2114.24,2063.52,2103.84,5,False,,True,Yahoo Finance ^GSPC,正式推出後
2015-08-07,2015-08-03,2015-08-09,2015-08-03,2015-08-07,2104.49,2112.66,2067.91,2077.57,5,False,,True,Yahoo Finance ^GSPC,正式推出後
2015-08-14,2015-08-10,2015-08-16,2015-08-10,2015-08-14,2080.98,2105.35,2052.09,2091.54,5,False,,True,Yahoo Finance ^GSPC,正式推出後
2015-08-21,2015-08-17,2015-08-23,2015-08-17,2015-08-21,2089.70,2103.47,1970.89,1970.89,5,False,,True,Yahoo Finance ^GSPC,正式推出後
2015-08-28,2015-08-24,2015-08-30,2015-08-24,2015-08-28,1965.15,1993.48,1867.01,1988.87,5,False,,True,Yahoo Finance ^GSPC,正式推出後
2015-09-04,2015-08-31,2015-09-06,2015-08-31,2015-09-04,1986.73,1986.73,1903.07,1921.22,5,False,,True,Yahoo Finance ^GSPC,正式推出後
2015-09-11,2015-09-07,2015-09-13,2015-09-08,2015-09-11,1927.30,1988.63,1927.30,1961.05,4,False,,True,Yahoo Finance ^GSPC,正式推出後
2015-09-18,2015-09-14,2015-09-20,2015-09-14,2015-09-18,1963.06,2020.86,1948.27,1958.03,5,False,,True,Yahoo Finance ^GSPC,正式推出後
2015-09-25,2015-09-21,2015-09-27,2015-09-21,2015-09-25,1960.84,1979.64,1908.92,1931.34,5,False,,True,Yahoo Finance ^GSPC,正式推出後
2015-10-02,2015-09-28,2015-10-04,2015-09-28,2015-10-02,1929.18,1951.36,1871.91,1951.36,5,False,,True,Yahoo Finance ^GSPC,正式推出後
2015-10-09,2015-10-05,2015-10-11,2015-10-05,2015-10-09,1954.33,2020.13,1954.33,2014.89,5,False,,True,Yahoo Finance ^GSPC,正式推出後
2015-10-16,2015-10-12,2015-10-18,2015-10-12,2015-10-16,2015.65,2033.54,1990.73,2033.11,5,False,,True,Yahoo Finance ^GSPC,正式推出後
2015-10-23,2015-10-19,2015-10-25,2015-10-19,2015-10-23,2031.73,2079.74,2017.22,2075.15,5,False,,True,Yahoo Finance ^GSPC,正式推出後
2015-10-30,2015-10-26,2015-11-01,2015-10-26,2015-10-30,2075.08,2094.32,2058.84,2079.36,5,False,,True,Yahoo Finance ^GSPC,正式推出後
2015-11-06,2015-11-02,2015-11-08,2015-11-02,2015-11-06,2080.76,2116.48,2080.76,2099.20,5,False,,True,Yahoo Finance ^GSPC,正式推出後
2015-11-13,2015-11-09,2015-11-15,2015-11-09,2015-11-13,2096.56,2096.56,2022.02,2023.04,5,False,,True,Yahoo Finance ^GSPC,正式推出後
2015-11-20,2015-11-16,2015-11-22,2015-11-16,2015-11-20,2022.08,2097.06,2019.39,2089.17,5,False,,True,Yahoo Finance ^GSPC,正式推出後
2015-11-27,2015-11-23,2015-11-29,2015-11-23,2015-11-27,2089.41,2095.61,2070.29,2090.11,4,False,,True,Yahoo Finance ^GSPC,正式推出後
2015-12-04,2015-11-30,2015-12-06,2015-11-30,2015-12-04,2090.95,2104.27,2042.35,2091.69,5,False,,True,Yahoo Finance ^GSPC,正式推出後
2015-12-11,2015-12-07,2015-12-13,2015-12-07,2015-12-11,2090.42,2090.42,2008.80,2012.37,5,False,,True,Yahoo Finance ^GSPC,正式推出後
2015-12-18,2015-12-14,2015-12-20,2015-12-14,2015-12-18,2013.37,2076.72,1993.26,2005.55,5,False,,True,Yahoo Finance ^GSPC,正式推出後
2015-12-24,2015-12-21,2015-12-27,2015-12-21,2015-12-24,2010.27,2067.36,2005.93,2060.99,4,False,,True,Yahoo Finance ^GSPC,正式推出後
2015-12-31,2015-12-28,2016-01-03,2015-12-28,2015-12-31,2057.77,2081.56,2043.62,2043.94,4,False,,True,Yahoo Finance ^GSPC,正式推出後
2016-01-08,2016-01-04,2016-01-10,2016-01-04,2016-01-08,2038.20,2038.20,1918.46,1922.03,5,False,,True,Yahoo Finance ^GSPC,正式推出後
2016-01-15,2016-01-11,2016-01-17,2016-01-11,2016-01-15,1926.12,1950.33,1857.83,1880.33,5,False,,True,Yahoo Finance ^GSPC,正式推出後
2016-01-22,2016-01-18,2016-01-24,2016-01-19,2016-01-22,1888.66,1908.85,1812.29,1906.90,4,False,,True,Yahoo Finance ^GSPC,正式推出後
2016-01-29,2016-01-25,2016-01-31,2016-01-25,2016-01-29,1906.28,1940.24,1872.70,1940.24,5,False,,True,Yahoo Finance ^GSPC,正式推出後
2016-02-05,2016-02-01,2016-02-07,2016-02-01,2016-02-05,1936.94,1947.20,1872.23,1880.05,5,False,,True,Yahoo Finance ^GSPC,正式推出後
2016-02-12,2016-02-08,2016-02-14,2016-02-08,2016-02-12,1873.25,1881.60,1810.10,1864.78,5,False,,True,Yahoo Finance ^GSPC,正式推出後
2016-02-19,2016-02-15,2016-02-21,2016-02-16,2016-02-19,1871.44,1930.68,1871.44,1917.78,4,False,,True,Yahoo Finance ^GSPC,正式推出後
2016-02-26,2016-02-22,2016-02-28,2016-02-22,2016-02-26,1924.44,1962.96,1891.00,1948.05,5,False,,True,Yahoo Finance ^GSPC,正式推出後
2016-03-04,2016-02-29,2016-03-06,2016-02-29,2016-03-04,1947.13,2009.13,1931.81,1999.99,5,False,,True,Yahoo Finance ^GSPC,正式推出後
2016-03-11,2016-03-07,2016-03-13,2016-03-07,2016-03-11,1996.11,2022.37,1969.25,2022.19,5,False,,True,Yahoo Finance ^GSPC,正式推出後
2016-03-18,2016-03-14,2016-03-20,2016-03-14,2016-03-18,2019.27,2052.36,2005.23,2049.58,5,False,,True,Yahoo Finance ^GSPC,正式推出後
2016-03-24,2016-03-21,2016-03-27,2016-03-21,2016-03-24,2047.88,2056.60,2022.49,2035.94,4,False,,True,Yahoo Finance ^GSPC,正式推出後
2016-04-01,2016-03-28,2016-04-03,2016-03-28,2016-04-01,2037.89,2075.07,2028.31,2072.78,5,False,,True,Yahoo Finance ^GSPC,正式推出後
2016-04-08,2016-04-04,2016-04-10,2016-04-04,2016-04-08,2073.19,2074.02,2033.80,2047.60,5,False,,True,Yahoo Finance ^GSPC,正式推出後
2016-04-15,2016-04-11,2016-04-17,2016-04-11,2016-04-15,2050.23,2087.84,2039.74,2080.73,5,False,,True,Yahoo Finance ^GSPC,正式推出後
2016-04-22,2016-04-18,2016-04-24,2016-04-18,2016-04-22,2078.83,2111.05,2073.65,2091.58,5,False,,True,Yahoo Finance ^GSPC,正式推出後
2016-04-29,2016-04-25,2016-05-01,2016-04-25,2016-04-29,2089.37,2099.89,2052.28,2065.30,5,False,,True,Yahoo Finance ^GSPC,正式推出後
2016-05-06,2016-05-02,2016-05-08,2016-05-02,2016-05-06,2067.17,2083.42,2039.45,2057.14,5,False,,True,Yahoo Finance ^GSPC,正式推出後
2016-05-13,2016-05-09,2016-05-15,2016-05-09,2016-05-13,2057.55,2084.87,2043.13,2046.61,5,False,,True,Yahoo Finance ^GSPC,正式推出後
2016-05-20,2016-05-16,2016-05-22,2016-05-16,2016-05-20,2046.53,2071.88,2025.91,2052.32,5,False,,True,Yahoo Finance ^GSPC,正式推出後
2016-05-27,2016-05-23,2016-05-29,2016-05-23,2016-05-27,2052.23,2099.06,2047.26,2099.06,5,False,,True,Yahoo Finance ^GSPC,正式推出後
2016-06-03,2016-05-30,2016-06-05,2016-05-31,2016-06-03,2100.13,2105.26,2085.10,2099.13,4,False,,True,Yahoo Finance ^GSPC,正式推出後
2016-06-10,2016-06-06,2016-06-12,2016-06-06,2016-06-10,2100.83,2120.55,2089.96,2096.07,5,False,,True,Yahoo Finance ^GSPC,正式推出後
2016-06-17,2016-06-13,2016-06-19,2016-06-13,2016-06-17,2091.75,2098.12,2050.37,2071.22,5,False,,True,Yahoo Finance ^GSPC,正式推出後
2016-06-24,2016-06-20,2016-06-26,2016-06-20,2016-06-24,2075.58,2113.32,2032.57,2037.41,5,False,,True,Yahoo Finance ^GSPC,正式推出後
2016-07-01,2016-06-27,2016-07-03,2016-06-27,2016-07-01,2031.45,2108.71,1991.68,2102.95,5,False,,True,Yahoo Finance ^GSPC,正式推出後
2016-07-08,2016-07-04,2016-07-10,2016-07-05,2016-07-08,2095.05,2131.71,2074.02,2129.90,4,False,,True,Yahoo Finance ^GSPC,正式推出後
2016-07-15,2016-07-11,2016-07-17,2016-07-11,2016-07-15,2131.72,2169.05,2131.72,2161.74,5,False,,True,Yahoo Finance ^GSPC,正式推出後
2016-07-22,2016-07-18,2016-07-24,2016-07-18,2016-07-22,2162.04,2175.63,2159.01,2175.03,5,False,,True,Yahoo Finance ^GSPC,正式推出後
2016-07-29,2016-07-25,2016-07-31,2016-07-25,2016-07-29,2173.71,2177.09,2159.07,2173.60,5,False,,True,Yahoo Finance ^GSPC,正式推出後
2016-08-05,2016-08-01,2016-08-07,2016-08-01,2016-08-05,2173.15,2182.87,2147.58,2182.87,5,False,,True,Yahoo Finance ^GSPC,正式推出後
2016-08-12,2016-08-08,2016-08-14,2016-08-08,2016-08-12,2183.76,2188.45,2172.00,2184.05,5,False,,True,Yahoo Finance ^GSPC,正式推出後
2016-08-19,2016-08-15,2016-08-21,2016-08-15,2016-08-19,2186.08,2193.81,2168.50,2183.87,5,False,,True,Yahoo Finance ^GSPC,正式推出後
2016-08-26,2016-08-22,2016-08-28,2016-08-22,2016-08-26,2181.58,2193.42,2160.39,2169.04,5,False,,True,Yahoo Finance ^GSPC,正式推出後
2016-09-02,2016-08-29,2016-09-04,2016-08-29,2016-09-02,2170.19,2184.87,2157.09,2179.98,5,False,,True,Yahoo Finance ^GSPC,正式推出後
2016-09-09,2016-09-05,2016-09-11,2016-09-06,2016-09-09,2181.61,2187.87,2127.81,2127.81,4,False,,True,Yahoo Finance ^GSPC,正式推出後
2016-09-16,2016-09-12,2016-09-18,2016-09-12,2016-09-16,2120.86,2163.30,2119.12,2139.16,5,False,,True,Yahoo Finance ^GSPC,正式推出後
2016-09-23,2016-09-19,2016-09-25,2016-09-19,2016-09-23,2143.99,2179.99,2135.91,2164.69,5,False,,True,Yahoo Finance ^GSPC,正式推出後
2016-09-30,2016-09-26,2016-10-02,2016-09-26,2016-09-30,2158.54,2175.30,2141.55,2168.27,5,False,,True,Yahoo Finance ^GSPC,正式推出後
2016-10-07,2016-10-03,2016-10-09,2016-10-03,2016-10-07,2164.33,2165.86,2144.01,2153.74,5,False,,True,Yahoo Finance ^GSPC,正式推出後
2016-10-14,2016-10-10,2016-10-16,2016-10-10,2016-10-14,2160.39,2169.60,2114.72,2132.98,5,False,,True,Yahoo Finance ^GSPC,正式推出後
2016-10-21,2016-10-17,2016-10-23,2016-10-17,2016-10-21,2132.95,2148.44,2124.43,2141.16,5,False,,True,Yahoo Finance ^GSPC,正式推出後
2016-10-28,2016-10-24,2016-10-30,2016-10-24,2016-10-28,2148.50,2154.79,2119.36,2126.41,5,False,,True,Yahoo Finance ^GSPC,正式推出後
2016-11-04,2016-10-31,2016-11-06,2016-10-31,2016-11-04,2129.78,2133.25,2083.79,2085.18,5,False,,True,Yahoo Finance ^GSPC,正式推出後
2016-11-11,2016-11-07,2016-11-13,2016-11-07,2016-11-11,2100.59,2182.30,2100.59,2164.45,5,False,,True,Yahoo Finance ^GSPC,正式推出後
2016-11-18,2016-11-14,2016-11-20,2016-11-14,2016-11-18,2165.64,2189.89,2156.08,2181.90,5,False,,True,Yahoo Finance ^GSPC,正式推出後
2016-11-25,2016-11-21,2016-11-27,2016-11-21,2016-11-25,2186.43,2213.35,2186.43,2213.35,4,False,,True,Yahoo Finance ^GSPC,正式推出後
2016-12-02,2016-11-28,2016-12-04,2016-11-28,2016-12-02,2210.21,2214.10,2187.44,2191.95,5,False,,True,Yahoo Finance ^GSPC,正式推出後
2016-12-09,2016-12-05,2016-12-11,2016-12-05,2016-12-09,2200.65,2259.80,2199.97,2259.53,5,False,,True,Yahoo Finance ^GSPC,正式推出後
2016-12-16,2016-12-12,2016-12-18,2016-12-12,2016-12-16,2258.83,2277.53,2248.44,2258.07,5,False,,True,Yahoo Finance ^GSPC,正式推出後
2016-12-23,2016-12-19,2016-12-25,2016-12-19,2016-12-23,2259.24,2272.56,2256.08,2263.79,5,False,,True,Yahoo Finance ^GSPC,正式推出後
2016-12-30,2016-12-26,2017-01-01,2016-12-27,2016-12-30,2266.23,2273.82,2233.62,2238.83,4,False,,True,Yahoo Finance ^GSPC,正式推出後
2017-01-06,2017-01-02,2017-01-08,2017-01-03,2017-01-06,2251.57,2282.10,2245.13,2276.98,4,False,,True,Yahoo Finance ^GSPC,正式推出後
2017-01-13,2017-01-09,2017-01-15,2017-01-09,2017-01-13,2273.59,2279.27,2254.25,2274.64,5,False,,True,Yahoo Finance ^GSPC,正式推出後
2017-01-20,2017-01-16,2017-01-22,2017-01-17,2017-01-20,2269.14,2276.96,2258.41,2271.31,4,False,,True,Yahoo Finance ^GSPC,正式推出後
2017-01-27,2017-01-23,2017-01-29,2017-01-23,2017-01-27,2267.78,2300.99,2257.02,2294.69,5,False,,True,Yahoo Finance ^GSPC,正式推出後
2017-02-03,2017-01-30,2017-02-05,2017-01-30,2017-02-03,2286.01,2298.31,2267.21,2297.42,5,False,,True,Yahoo Finance ^GSPC,正式推出後
2017-02-10,2017-02-06,2017-02-12,2017-02-06,2017-02-10,2294.28,2319.23,2285.38,2316.10,5,False,,True,Yahoo Finance ^GSPC,正式推出後
2017-02-17,2017-02-13,2017-02-19,2017-02-13,2017-02-17,2321.72,2351.31,2321.42,2351.16,5,False,,True,Yahoo Finance ^GSPC,正式推出後
2017-02-24,2017-02-20,2017-02-26,2017-02-21,2017-02-24,2354.91,2368.26,2352.87,2367.34,4,False,,True,Yahoo Finance ^GSPC,正式推出後
2017-03-03,2017-02-27,2017-03-05,2017-02-27,2017-03-03,2365.23,2400.98,2358.96,2383.12,5,False,,True,Yahoo Finance ^GSPC,正式推出後
2017-03-10,2017-03-06,2017-03-12,2017-03-06,2017-03-10,2375.23,2378.80,2354.54,2372.60,5,False,,True,Yahoo Finance ^GSPC,正式推出後
2017-03-17,2017-03-13,2017-03-19,2017-03-13,2017-03-17,2371.56,2390.01,2358.18,2378.25,5,False,,True,Yahoo Finance ^GSPC,正式推出後
2017-03-24,2017-03-20,2017-03-26,2017-03-20,2017-03-24,2378.24,2381.93,2335.74,2343.98,5,False,,True,Yahoo Finance ^GSPC,正式推出後
2017-03-31,2017-03-27,2017-04-02,2017-03-27,2017-03-31,2329.11,2370.42,2322.25,2362.72,5,False,,True,Yahoo Finance ^GSPC,正式推出後
2017-04-07,2017-04-03,2017-04-09,2017-04-03,2017-04-07,2362.34,2378.36,2344.73,2355.54,5,False,,True,Yahoo Finance ^GSPC,正式推出後
2017-04-13,2017-04-10,2017-04-16,2017-04-10,2017-04-13,2357.16,2366.37,2328.95,2328.95,4,False,,True,Yahoo Finance ^GSPC,正式推出後
2017-04-21,2017-04-17,2017-04-23,2017-04-17,2017-04-21,2332.62,2361.37,2332.51,2348.69,5,False,,True,Yahoo Finance ^GSPC,正式推出後
2017-04-28,2017-04-24,2017-04-30,2017-04-24,2017-04-28,2370.33,2398.16,2369.19,2384.20,5,False,,True,Yahoo Finance ^GSPC,正式推出後
2017-05-05,2017-05-01,2017-05-07,2017-05-01,2017-05-05,2388.50,2399.29,2379.75,2399.29,5,False,,True,Yahoo Finance ^GSPC,正式推出後
2017-05-12,2017-05-08,2017-05-14,2017-05-08,2017-05-12,2399.94,2403.87,2381.74,2390.90,5,False,,True,Yahoo Finance ^GSPC,正式推出後
2017-05-19,2017-05-15,2017-05-21,2017-05-15,2017-05-19,2393.98,2405.77,2352.72,2381.73,5,False,,True,Yahoo Finance ^GSPC,正式推出後
2017-05-26,2017-05-22,2017-05-28,2017-05-22,2017-05-26,2387.21,2418.71,2386.92,2415.82,5,False,,True,Yahoo Finance ^GSPC,正式推出後
2017-06-02,2017-05-29,2017-06-04,2017-05-30,2017-06-02,2411.67,2440.23,2403.59,2439.07,4,False,,True,Yahoo Finance ^GSPC,正式推出後
2017-06-09,2017-06-05,2017-06-11,2017-06-05,2017-06-09,2437.83,2446.20,2415.70,2431.77,5,False,,True,Yahoo Finance ^GSPC,正式推出後
2017-06-16,2017-06-12,2017-06-18,2017-06-12,2017-06-16,2425.88,2443.75,2418.53,2433.15,5,False,,True,Yahoo Finance ^GSPC,正式推出後
2017-06-23,2017-06-19,2017-06-25,2017-06-19,2017-06-23,2442.55,2453.82,2430.74,2438.30,5,False,,True,Yahoo Finance ^GSPC,正式推出後
2017-06-30,2017-06-26,2017-07-02,2017-06-26,2017-06-30,2443.32,2450.42,2405.70,2423.41,5,False,,True,Yahoo Finance ^GSPC,正式推出後
2017-07-07,2017-07-03,2017-07-09,2017-07-03,2017-07-07,2431.39,2439.17,2407.70,2425.18,4,False,,True,Yahoo Finance ^GSPC,正式推出後
2017-07-14,2017-07-10,2017-07-16,2017-07-10,2017-07-14,2424.51,2463.54,2412.79,2459.27,5,False,,True,Yahoo Finance ^GSPC,正式推出後
2017-07-21,2017-07-17,2017-07-23,2017-07-17,2017-07-21,2459.50,2477.62,2450.34,2472.54,5,False,,True,Yahoo Finance ^GSPC,正式推出後
2017-07-28,2017-07-24,2017-07-30,2017-07-24,2017-07-28,2472.04,2484.04,2459.93,2472.10,5,False,,True,Yahoo Finance ^GSPC,正式推出後
2017-08-04,2017-07-31,2017-08-06,2017-07-31,2017-08-04,2475.94,2480.38,2466.48,2476.83,5,False,,True,Yahoo Finance ^GSPC,正式推出後
2017-08-11,2017-08-07,2017-08-13,2017-08-07,2017-08-11,2477.14,2490.87,2437.75,2441.32,5,False,,True,Yahoo Finance ^GSPC,正式推出後
2017-08-18,2017-08-14,2017-08-20,2017-08-14,2017-08-18,2454.96,2474.93,2420.69,2425.55,5,False,,True,Yahoo Finance ^GSPC,正式推出後
2017-08-25,2017-08-21,2017-08-27,2017-08-21,2017-08-25,2425.50,2454.77,2417.35,2443.05,5,False,,True,Yahoo Finance ^GSPC,正式推出後
2017-09-01,2017-08-28,2017-09-03,2017-08-28,2017-09-01,2447.35,2480.38,2428.20,2476.55,5,False,,True,Yahoo Finance ^GSPC,正式推出後
2017-09-08,2017-09-04,2017-09-10,2017-09-05,2017-09-08,2470.35,2471.97,2446.55,2461.43,4,False,,True,Yahoo Finance ^GSPC,正式推出後
2017-09-15,2017-09-11,2017-09-17,2017-09-11,2017-09-15,2474.52,2500.23,2474.52,2500.23,5,False,,True,Yahoo Finance ^GSPC,正式推出後
2017-09-22,2017-09-18,2017-09-24,2017-09-18,2017-09-22,2502.51,2508.85,2496.54,2502.22,5,False,,True,Yahoo Finance ^GSPC,正式推出後
2017-09-29,2017-09-25,2017-10-01,2017-09-25,2017-09-29,2499.39,2519.44,2488.03,2519.36,5,False,,True,Yahoo Finance ^GSPC,正式推出後
2017-10-06,2017-10-02,2017-10-08,2017-10-02,2017-10-06,2521.20,2552.51,2520.40,2549.33,5,False,,True,Yahoo Finance ^GSPC,正式推出後
2017-10-13,2017-10-09,2017-10-15,2017-10-09,2017-10-13,2551.39,2557.65,2541.60,2553.17,5,False,,True,Yahoo Finance ^GSPC,正式推出後
2017-10-20,2017-10-16,2017-10-22,2017-10-16,2017-10-20,2555.57,2575.44,2547.92,2575.21,5,False,,True,Yahoo Finance ^GSPC,正式推出後
2017-10-27,2017-10-23,2017-10-29,2017-10-23,2017-10-27,2578.08,2582.98,2544.00,2581.07,5,False,,True,Yahoo Finance ^GSPC,正式推出後
2017-11-03,2017-10-30,2017-11-05,2017-10-30,2017-11-03,2577.75,2588.42,2566.17,2587.84,5,False,,True,Yahoo Finance ^GSPC,正式推出後
2017-11-10,2017-11-06,2017-11-12,2017-11-06,2017-11-10,2587.47,2597.02,2566.33,2582.30,5,False,,True,Yahoo Finance ^GSPC,正式推出後
2017-11-17,2017-11-13,2017-11-19,2017-11-13,2017-11-17,2576.53,2590.09,2557.45,2578.85,5,False,,True,Yahoo Finance ^GSPC,正式推出後
2017-11-24,2017-11-20,2017-11-26,2017-11-20,2017-11-24,2579.49,2604.21,2578.24,2602.42,4,False,,True,Yahoo Finance ^GSPC,正式推出後
2017-12-01,2017-11-27,2017-12-03,2017-11-27,2017-12-01,2602.66,2657.74,2598.87,2642.22,5,False,,True,Yahoo Finance ^GSPC,正式推出後
2017-12-08,2017-12-04,2017-12-10,2017-12-04,2017-12-08,2657.19,2665.19,2624.75,2651.50,5,False,,True,Yahoo Finance ^GSPC,正式推出後
2017-12-15,2017-12-11,2017-12-17,2017-12-11,2017-12-15,2652.19,2679.63,2651.47,2675.81,5,False,,True,Yahoo Finance ^GSPC,正式推出後
2017-12-22,2017-12-18,2017-12-24,2017-12-18,2017-12-22,2685.92,2694.97,2676.11,2683.34,5,False,,True,Yahoo Finance ^GSPC,正式推出後
2017-12-29,2017-12-25,2017-12-31,2017-12-26,2017-12-29,2679.09,2692.12,2673.61,2673.61,4,False,,True,Yahoo Finance ^GSPC,正式推出後
2018-01-05,2018-01-01,2018-01-07,2018-01-02,2018-01-05,2683.73,2743.45,2682.36,2743.15,4,False,,True,Yahoo Finance ^GSPC,正式推出後
2018-01-12,2018-01-08,2018-01-14,2018-01-08,2018-01-12,2742.67,2787.85,2736.06,2786.24,5,False,,True,Yahoo Finance ^GSPC,正式推出後
2018-01-19,2018-01-15,2018-01-21,2018-01-16,2018-01-19,2798.96,2810.33,2768.64,2810.30,4,False,,True,Yahoo Finance ^GSPC,正式推出後
2018-01-26,2018-01-22,2018-01-28,2018-01-22,2018-01-26,2809.16,2872.87,2808.12,2872.87,5,False,,True,Yahoo Finance ^GSPC,正式推出後
2018-02-02,2018-01-29,2018-02-04,2018-01-29,2018-02-02,2867.23,2870.62,2759.97,2762.13,5,False,,True,Yahoo Finance ^GSPC,正式推出後
2018-02-09,2018-02-05,2018-02-11,2018-02-05,2018-02-09,2741.06,2763.39,2532.69,2619.55,5,False,,True,Yahoo Finance ^GSPC,正式推出後
2018-02-16,2018-02-12,2018-02-18,2018-02-12,2018-02-16,2636.75,2754.42,2622.45,2732.22,5,False,,True,Yahoo Finance ^GSPC,正式推出後
2018-02-23,2018-02-19,2018-02-25,2018-02-20,2018-02-23,2722.99,2747.76,2697.77,2747.30,4,False,,True,Yahoo Finance ^GSPC,正式推出後
2018-03-02,2018-02-26,2018-03-04,2018-02-26,2018-03-02,2757.37,2789.15,2647.32,2691.25,5,False,,True,Yahoo Finance ^GSPC,正式推出後
2018-03-09,2018-03-05,2018-03-11,2018-03-05,2018-03-09,2681.06,2786.57,2675.75,2786.57,5,False,,True,Yahoo Finance ^GSPC,正式推出後
2018-03-16,2018-03-12,2018-03-18,2018-03-12,2018-03-16,2790.54,2801.90,2741.47,2752.01,5,False,,True,Yahoo Finance ^GSPC,正式推出後
2018-03-23,2018-03-19,2018-03-25,2018-03-19,2018-03-23,2741.38,2741.38,2585.89,2588.26,5,False,,True,Yahoo Finance ^GSPC,正式推出後
2018-03-29,2018-03-26,2018-04-01,2018-03-26,2018-03-29,2619.35,2674.78,2593.06,2640.87,4,False,,True,Yahoo Finance ^GSPC,正式推出後
2018-04-06,2018-04-02,2018-04-08,2018-04-02,2018-04-06,2633.45,2672.08,2553.80,2604.47,5,False,,True,Yahoo Finance ^GSPC,正式推出後
2018-04-13,2018-04-09,2018-04-15,2018-04-09,2018-04-13,2617.18,2680.26,2610.79,2656.30,5,False,,True,Yahoo Finance ^GSPC,正式推出後
2018-04-20,2018-04-16,2018-04-22,2018-04-16,2018-04-20,2670.10,2717.49,2660.61,2670.14,5,False,,True,Yahoo Finance ^GSPC,正式推出後
2018-04-27,2018-04-23,2018-04-29,2018-04-23,2018-04-27,2675.40,2683.55,2612.67,2669.91,5,False,,True,Yahoo Finance ^GSPC,正式推出後
2018-05-04,2018-04-30,2018-05-06,2018-04-30,2018-05-04,2682.51,2682.87,2594.62,2663.42,5,False,,True,Yahoo Finance ^GSPC,正式推出後
2018-05-11,2018-05-07,2018-05-13,2018-05-07,2018-05-11,2680.34,2732.86,2655.20,2727.72,5,False,,True,Yahoo Finance ^GSPC,正式推出後
2018-05-18,2018-05-14,2018-05-20,2018-05-14,2018-05-18,2738.47,2742.10,2701.91,2712.97,5,False,,True,Yahoo Finance ^GSPC,正式推出後
2018-05-25,2018-05-21,2018-05-27,2018-05-21,2018-05-25,2735.39,2742.24,2707.38,2721.33,5,False,,True,Yahoo Finance ^GSPC,正式推出後
2018-06-01,2018-05-28,2018-06-03,2018-05-29,2018-06-01,2705.11,2736.93,2676.81,2734.62,4,False,,True,Yahoo Finance ^GSPC,正式推出後
2018-06-08,2018-06-04,2018-06-10,2018-06-04,2018-06-08,2741.67,2779.90,2739.51,2779.03,5,False,,True,Yahoo Finance ^GSPC,正式推出後
2018-06-15,2018-06-11,2018-06-17,2018-06-11,2018-06-15,2780.18,2791.47,2761.73,2779.66,5,False,,True,Yahoo Finance ^GSPC,正式推出後
2018-06-22,2018-06-18,2018-06-24,2018-06-18,2018-06-22,2765.79,2774.99,2743.19,2754.88,5,False,,True,Yahoo Finance ^GSPC,正式推出後
2018-06-29,2018-06-25,2018-07-01,2018-06-25,2018-06-29,2742.94,2746.09,2691.99,2718.37,5,False,,True,Yahoo Finance ^GSPC,正式推出後
2018-07-06,2018-07-02,2018-07-08,2018-07-02,2018-07-06,2704.95,2764.41,2698.95,2759.82,4,False,,True,Yahoo Finance ^GSPC,正式推出後
2018-07-13,2018-07-09,2018-07-15,2018-07-09,2018-07-13,2775.62,2804.53,2770.73,2801.31,5,False,,True,Yahoo Finance ^GSPC,正式推出後
2018-07-20,2018-07-16,2018-07-22,2018-07-16,2018-07-20,2797.36,2816.76,2789.24,2801.83,5,False,,True,Yahoo Finance ^GSPC,正式推出後
2018-07-27,2018-07-23,2018-07-29,2018-07-23,2018-07-27,2799.17,2848.03,2795.14,2818.82,5,False,,True,Yahoo Finance ^GSPC,正式推出後
2018-08-03,2018-07-30,2018-08-05,2018-07-30,2018-08-03,2819.00,2840.38,2796.34,2840.35,5,False,,True,Yahoo Finance ^GSPC,正式推出後
2018-08-10,2018-08-06,2018-08-12,2018-08-06,2018-08-10,2840.29,2863.43,2825.81,2833.28,5,False,,True,Yahoo Finance ^GSPC,正式推出後
2018-08-17,2018-08-13,2018-08-19,2018-08-13,2018-08-17,2835.46,2855.63,2802.49,2850.13,5,False,,True,Yahoo Finance ^GSPC,正式推出後
2018-08-24,2018-08-20,2018-08-26,2018-08-20,2018-08-24,2853.93,2876.16,2850.62,2874.69,5,False,,True,Yahoo Finance ^GSPC,正式推出後
2018-08-31,2018-08-27,2018-09-02,2018-08-27,2018-08-31,2884.69,2916.50,2884.69,2901.52,5,False,,True,Yahoo Finance ^GSPC,正式推出後
2018-09-07,2018-09-03,2018-09-09,2018-09-04,2018-09-07,2896.96,2900.18,2864.12,2871.68,4,False,,True,Yahoo Finance ^GSPC,正式推出後
2018-09-14,2018-09-10,2018-09-16,2018-09-10,2018-09-14,2881.39,2908.30,2866.78,2904.98,5,False,,True,Yahoo Finance ^GSPC,正式推出後
2018-09-21,2018-09-17,2018-09-23,2018-09-17,2018-09-21,2903.83,2940.91,2886.16,2929.67,5,False,,True,Yahoo Finance ^GSPC,正式推出後
2018-09-28,2018-09-24,2018-09-30,2018-09-24,2018-09-28,2921.83,2931.15,2903.28,2913.98,5,False,,True,Yahoo Finance ^GSPC,正式推出後
2018-10-05,2018-10-01,2018-10-07,2018-10-01,2018-10-05,2926.29,2939.86,2869.29,2885.57,5,False,,True,Yahoo Finance ^GSPC,正式推出後
2018-10-12,2018-10-08,2018-10-14,2018-10-08,2018-10-12,2877.53,2894.83,2710.51,2767.13,5,False,,True,Yahoo Finance ^GSPC,正式推出後
2018-10-19,2018-10-15,2018-10-21,2018-10-15,2018-10-19,2763.83,2816.94,2749.03,2767.78,5,False,,True,Yahoo Finance ^GSPC,正式推出後
2018-10-26,2018-10-22,2018-10-28,2018-10-22,2018-10-26,2773.94,2778.94,2628.16,2658.69,5,False,,True,Yahoo Finance ^GSPC,正式推出後
2018-11-02,2018-10-29,2018-11-04,2018-10-29,2018-11-02,2682.65,2756.55,2603.54,2723.06,5,False,,True,Yahoo Finance ^GSPC,正式推出後
2018-11-09,2018-11-05,2018-11-11,2018-11-05,2018-11-09,2726.37,2815.15,2717.94,2781.01,5,False,,True,Yahoo Finance ^GSPC,正式推出後
2018-11-16,2018-11-12,2018-11-18,2018-11-12,2018-11-16,2773.93,2775.99,2670.75,2736.27,5,False,,True,Yahoo Finance ^GSPC,正式推出後
2018-11-23,2018-11-19,2018-11-25,2018-11-19,2018-11-23,2730.74,2733.16,2631.09,2632.56,4,False,,True,Yahoo Finance ^GSPC,正式推出後
2018-11-30,2018-11-26,2018-12-02,2018-11-26,2018-11-30,2649.97,2760.88,2649.97,2760.17,5,False,,True,Yahoo Finance ^GSPC,正式推出後
2018-12-07,2018-12-03,2018-12-09,2018-12-03,2018-12-07,2790.50,2800.18,2621.53,2633.08,4,False,,True,Yahoo Finance ^GSPC,正式推出後
2018-12-14,2018-12-10,2018-12-16,2018-12-10,2018-12-14,2630.86,2685.44,2583.23,2599.95,5,False,,True,Yahoo Finance ^GSPC,正式推出後
2018-12-21,2018-12-17,2018-12-23,2018-12-17,2018-12-21,2590.75,2601.13,2408.55,2416.62,5,False,,True,Yahoo Finance ^GSPC,正式推出後
2018-12-28,2018-12-24,2018-12-30,2018-12-24,2018-12-28,2400.56,2520.27,2346.58,2485.74,4,False,,True,Yahoo Finance ^GSPC,正式推出後
2019-01-04,2018-12-31,2019-01-06,2018-12-31,2019-01-04,2498.94,2538.07,2443.96,2531.94,4,False,,True,Yahoo Finance ^GSPC,正式推出後
2019-01-11,2019-01-07,2019-01-13,2019-01-07,2019-01-11,2535.61,2597.82,2524.56,2596.26,5,False,,True,Yahoo Finance ^GSPC,正式推出後
2019-01-18,2019-01-14,2019-01-20,2019-01-14,2019-01-18,2580.31,2675.47,2570.41,2670.71,5,False,,True,Yahoo Finance ^GSPC,正式推出後
2019-01-25,2019-01-21,2019-01-27,2019-01-22,2019-01-25,2657.88,2672.38,2612.86,2664.76,4,False,,True,Yahoo Finance ^GSPC,正式推出後
2019-02-01,2019-01-28,2019-02-03,2019-01-28,2019-02-01,2644.97,2716.66,2624.06,2706.53,5,False,,True,Yahoo Finance ^GSPC,正式推出後
2019-02-08,2019-02-04,2019-02-10,2019-02-04,2019-02-08,2706.49,2738.98,2681.83,2707.88,5,False,,True,Yahoo Finance ^GSPC,正式推出後
2019-02-15,2019-02-11,2019-02-17,2019-02-11,2019-02-15,2712.40,2775.66,2703.79,2775.60,5,False,,True,Yahoo Finance ^GSPC,正式推出後
2019-02-22,2019-02-18,2019-02-24,2019-02-19,2019-02-22,2769.28,2794.20,2764.55,2792.67,4,False,,True,Yahoo Finance ^GSPC,正式推出後
2019-03-01,2019-02-25,2019-03-03,2019-02-25,2019-03-01,2804.35,2813.49,2775.13,2803.69,5,False,,True,Yahoo Finance ^GSPC,正式推出後
2019-03-08,2019-03-04,2019-03-10,2019-03-04,2019-03-08,2814.37,2816.88,2722.27,2743.07,5,False,,True,Yahoo Finance ^GSPC,正式推出後
2019-03-15,2019-03-11,2019-03-17,2019-03-11,2019-03-15,2747.61,2830.73,2747.61,2822.48,5,False,,True,Yahoo Finance ^GSPC,正式推出後
2019-03-22,2019-03-18,2019-03-24,2019-03-18,2019-03-22,2822.61,2860.31,2800.47,2800.71,5,False,,True,Yahoo Finance ^GSPC,正式推出後
2019-03-29,2019-03-25,2019-03-31,2019-03-25,2019-03-29,2796.01,2836.03,2785.02,2834.40,5,False,,True,Yahoo Finance ^GSPC,正式推出後
2019-04-05,2019-04-01,2019-04-07,2019-04-01,2019-04-05,2848.63,2893.24,2848.63,2892.74,5,False,,True,Yahoo Finance ^GSPC,正式推出後
2019-04-12,2019-04-08,2019-04-14,2019-04-08,2019-04-12,2888.46,2910.54,2873.33,2907.41,5,False,,True,Yahoo Finance ^GSPC,正式推出後
2019-04-18,2019-04-15,2019-04-21,2019-04-15,2019-04-18,2908.32,2918.00,2891.90,2905.03,4,False,,True,Yahoo Finance ^GSPC,正式推出後
2019-04-26,2019-04-22,2019-04-28,2019-04-22,2019-04-26,2898.78,2939.88,2896.35,2939.88,5,False,,True,Yahoo Finance ^GSPC,正式推出後
2019-05-03,2019-04-29,2019-05-05,2019-04-29,2019-05-03,2940.58,2954.13,2900.50,2945.64,5,False,,True,Yahoo Finance ^GSPC,正式推出後
2019-05-10,2019-05-06,2019-05-12,2019-05-06,2019-05-10,2908.89,2937.32,2825.39,2881.40,5,False,,True,Yahoo Finance ^GSPC,正式推出後
2019-05-17,2019-05-13,2019-05-19,2019-05-13,2019-05-17,2840.19,2892.15,2801.43,2859.53,5,False,,True,Yahoo Finance ^GSPC,正式推出後
2019-05-24,2019-05-20,2019-05-26,2019-05-20,2019-05-24,2841.94,2868.88,2805.49,2826.06,5,False,,True,Yahoo Finance ^GSPC,正式推出後
2019-05-31,2019-05-27,2019-06-02,2019-05-28,2019-05-31,2830.03,2840.51,2750.52,2752.06,4,False,,True,Yahoo Finance ^GSPC,正式推出後
2019-06-07,2019-06-03,2019-06-09,2019-06-03,2019-06-07,2751.53,2884.97,2728.81,2873.34,5,False,,True,Yahoo Finance ^GSPC,正式推出後
2019-06-14,2019-06-10,2019-06-16,2019-06-10,2019-06-14,2885.83,2910.61,2874.68,2886.98,5,False,,True,Yahoo Finance ^GSPC,正式推出後
2019-06-21,2019-06-17,2019-06-23,2019-06-17,2019-06-21,2889.75,2964.15,2887.30,2950.46,5,False,,True,Yahoo Finance ^GSPC,正式推出後
2019-06-28,2019-06-24,2019-06-30,2019-06-24,2019-06-28,2951.42,2954.92,2912.99,2941.76,5,False,,True,Yahoo Finance ^GSPC,正式推出後
2019-07-05,2019-07-01,2019-07-07,2019-07-01,2019-07-05,2971.41,2995.84,2952.22,2990.41,4,False,,True,Yahoo Finance ^GSPC,正式推出後
2019-07-12,2019-07-08,2019-07-14,2019-07-08,2019-07-12,2979.77,3013.92,2963.44,3013.77,5,False,,True,Yahoo Finance ^GSPC,正式推出後
2019-07-19,2019-07-15,2019-07-21,2019-07-15,2019-07-19,3017.80,3017.80,2973.09,2976.61,5,False,,True,Yahoo Finance ^GSPC,正式推出後
2019-07-26,2019-07-22,2019-07-28,2019-07-22,2019-07-26,2981.93,3027.98,2976.65,3025.86,5,False,,True,Yahoo Finance ^GSPC,正式推出後
2019-08-02,2019-07-29,2019-08-04,2019-07-29,2019-08-02,3024.47,3025.61,2914.11,2932.05,5,False,,True,Yahoo Finance ^GSPC,正式推出後
2019-08-09,2019-08-05,2019-08-11,2019-08-05,2019-08-09,2898.07,2938.72,2822.12,2918.65,5,False,,True,Yahoo Finance ^GSPC,正式推出後
2019-08-16,2019-08-12,2019-08-18,2019-08-12,2019-08-16,2907.07,2943.31,2825.51,2888.68,5,False,,True,Yahoo Finance ^GSPC,正式推出後
2019-08-23,2019-08-19,2019-08-25,2019-08-19,2019-08-23,2913.48,2939.08,2834.97,2847.11,5,False,,True,Yahoo Finance ^GSPC,正式推出後
2019-08-30,2019-08-26,2019-09-01,2019-08-26,2019-08-30,2866.70,2940.43,2853.05,2926.46,5,False,,True,Yahoo Finance ^GSPC,正式推出後
2019-09-06,2019-09-02,2019-09-08,2019-09-03,2019-09-06,2909.01,2985.86,2891.85,2978.71,4,False,,True,Yahoo Finance ^GSPC,正式推出後
2019-09-13,2019-09-09,2019-09-15,2019-09-09,2019-09-13,2988.43,3020.74,2957.01,3007.39,5,False,,True,Yahoo Finance ^GSPC,正式推出後
2019-09-20,2019-09-16,2019-09-22,2019-09-16,2019-09-20,2996.41,3021.99,2978.57,2992.07,5,False,,True,Yahoo Finance ^GSPC,正式推出後
2019-09-27,2019-09-23,2019-09-29,2019-09-23,2019-09-27,2983.50,3007.98,2945.53,2961.79,5,False,,True,Yahoo Finance ^GSPC,正式推出後
2019-10-04,2019-09-30,2019-10-06,2019-09-30,2019-10-04,2967.07,2992.53,2855.94,2952.01,5,False,,True,Yahoo Finance ^GSPC,正式推出後
2019-10-11,2019-10-07,2019-10-13,2019-10-07,2019-10-11,2944.23,2993.28,2892.66,2970.27,5,False,,True,Yahoo Finance ^GSPC,正式推出後
2019-10-18,2019-10-14,2019-10-20,2019-10-14,2019-10-18,2965.81,3008.29,2962.94,2986.20,5,False,,True,Yahoo Finance ^GSPC,正式推出後
2019-10-25,2019-10-21,2019-10-27,2019-10-21,2019-10-25,2996.48,3027.39,2991.21,3022.55,5,False,,True,Yahoo Finance ^GSPC,正式推出後
2019-11-01,2019-10-28,2019-11-03,2019-10-28,2019-11-01,3032.12,3066.95,3023.19,3066.91,5,False,,True,Yahoo Finance ^GSPC,正式推出後
2019-11-08,2019-11-04,2019-11-10,2019-11-04,2019-11-08,3078.96,3097.77,3065.89,3093.08,5,False,,True,Yahoo Finance ^GSPC,正式推出後
2019-11-15,2019-11-11,2019-11-17,2019-11-11,2019-11-15,3080.33,3120.46,3075.82,3120.46,5,False,,True,Yahoo Finance ^GSPC,正式推出後
2019-11-22,2019-11-18,2019-11-24,2019-11-18,2019-11-22,3117.91,3127.64,3091.41,3110.29,5,False,,True,Yahoo Finance ^GSPC,正式推出後
2019-11-29,2019-11-25,2019-12-01,2019-11-25,2019-11-29,3117.44,3154.26,3117.44,3140.98,4,False,,True,Yahoo Finance ^GSPC,正式推出後
2019-12-06,2019-12-02,2019-12-08,2019-12-02,2019-12-06,3143.85,3150.60,3070.33,3145.91,5,False,,True,Yahoo Finance ^GSPC,正式推出後
2019-12-13,2019-12-09,2019-12-15,2019-12-09,2019-12-13,3141.86,3182.68,3126.09,3168.80,5,False,,True,Yahoo Finance ^GSPC,正式推出後
2019-12-20,2019-12-16,2019-12-22,2019-12-16,2019-12-20,3183.63,3225.65,3183.63,3221.22,5,False,,True,Yahoo Finance ^GSPC,正式推出後
2019-12-27,2019-12-23,2019-12-29,2019-12-23,2019-12-27,3226.05,3247.93,3220.51,3240.02,4,False,,True,Yahoo Finance ^GSPC,正式推出後
2020-01-03,2019-12-30,2020-01-05,2019-12-30,2020-01-03,3240.09,3258.14,3212.03,3234.85,4,False,,True,Yahoo Finance ^GSPC,正式推出後
2020-01-10,2020-01-06,2020-01-12,2020-01-06,2020-01-10,3217.55,3282.99,3214.64,3265.35,5,False,,True,Yahoo Finance ^GSPC,正式推出後
2020-01-17,2020-01-13,2020-01-19,2020-01-13,2020-01-17,3271.13,3329.88,3268.43,3329.62,5,False,,True,Yahoo Finance ^GSPC,正式推出後
2020-01-24,2020-01-20,2020-01-26,2020-01-21,2020-01-24,3321.03,3337.77,3281.53,3295.47,4,False,,True,Yahoo Finance ^GSPC,正式推出後
2020-01-31,2020-01-27,2020-02-02,2020-01-27,2020-01-31,3247.16,3293.47,3214.68,3225.52,5,False,,True,Yahoo Finance ^GSPC,正式推出後
2020-02-07,2020-02-03,2020-02-09,2020-02-03,2020-02-07,3235.66,3347.96,3235.66,3327.71,5,False,,True,Yahoo Finance ^GSPC,正式推出後
2020-02-14,2020-02-10,2020-02-16,2020-02-10,2020-02-14,3318.28,3385.09,3317.77,3380.16,5,False,,True,Yahoo Finance ^GSPC,正式推出後
2020-02-21,2020-02-17,2020-02-23,2020-02-18,2020-02-21,3369.04,3393.52,3328.45,3337.75,4,False,,True,Yahoo Finance ^GSPC,正式推出後
2020-02-28,2020-02-24,2020-03-01,2020-02-24,2020-02-28,3257.61,3259.81,2855.84,2954.22,5,False,,True,Yahoo Finance ^GSPC,正式推出後
2020-03-06,2020-03-02,2020-03-08,2020-03-02,2020-03-06,2974.28,3136.72,2901.54,2972.37,5,False,,True,Yahoo Finance ^GSPC,正式推出後
2020-03-13,2020-03-09,2020-03-15,2020-03-09,2020-03-13,2863.89,2882.59,2478.86,2711.02,5,False,,True,Yahoo Finance ^GSPC,正式推出後
2020-03-20,2020-03-16,2020-03-22,2020-03-16,2020-03-20,2508.59,2562.98,2280.52,2304.92,5,False,,True,Yahoo Finance ^GSPC,正式推出後
2020-03-27,2020-03-23,2020-03-29,2020-03-23,2020-03-27,2290.71,2637.01,2191.86,2541.47,5,False,,True,Yahoo Finance ^GSPC,正式推出後
2020-04-03,2020-03-30,2020-04-05,2020-03-30,2020-04-03,2558.98,2641.39,2447.49,2488.65,5,False,,True,Yahoo Finance ^GSPC,正式推出後
2020-04-09,2020-04-06,2020-04-12,2020-04-06,2020-04-09,2578.28,2818.57,2574.57,2789.82,4,False,,True,Yahoo Finance ^GSPC,正式推出後
2020-04-17,2020-04-13,2020-04-19,2020-04-13,2020-04-17,2782.46,2879.22,2721.17,2874.56,5,False,,True,Yahoo Finance ^GSPC,正式推出後
2020-04-24,2020-04-20,2020-04-26,2020-04-20,2020-04-24,2845.62,2868.98,2727.10,2836.74,5,False,,True,Yahoo Finance ^GSPC,正式推出後
2020-05-01,2020-04-27,2020-05-03,2020-04-27,2020-05-01,2854.65,2954.86,2821.61,2830.71,5,False,,True,Yahoo Finance ^GSPC,正式推出後
2020-05-08,2020-05-04,2020-05-10,2020-05-04,2020-05-08,2815.01,2932.16,2797.85,2929.80,5,False,,True,Yahoo Finance ^GSPC,正式推出後
2020-05-15,2020-05-11,2020-05-17,2020-05-11,2020-05-15,2915.46,2945.82,2766.64,2863.70,5,False,,True,Yahoo Finance ^GSPC,正式推出後
2020-05-22,2020-05-18,2020-05-24,2020-05-18,2020-05-22,2913.86,2980.29,2913.86,2955.45,5,False,,True,Yahoo Finance ^GSPC,正式推出後
2020-05-29,2020-05-25,2020-05-31,2020-05-26,2020-05-29,3004.08,3068.67,2969.75,3044.31,4,False,,True,Yahoo Finance ^GSPC,正式推出後
2020-06-05,2020-06-01,2020-06-07,2020-06-01,2020-06-05,3038.78,3211.72,3031.54,3193.93,5,False,,True,Yahoo Finance ^GSPC,正式推出後
2020-06-12,2020-06-08,2020-06-14,2020-06-08,2020-06-12,3199.92,3233.13,2984.47,3041.31,5,False,,True,Yahoo Finance ^GSPC,正式推出後
2020-06-19,2020-06-15,2020-06-21,2020-06-15,2020-06-19,2993.76,3155.53,2965.66,3097.74,5,False,,True,Yahoo Finance ^GSPC,正式推出後
2020-06-26,2020-06-22,2020-06-28,2020-06-22,2020-06-26,3094.42,3154.90,3004.63,3009.05,5,False,,True,Yahoo Finance ^GSPC,正式推出後
2020-07-02,2020-06-29,2020-07-05,2020-06-29,2020-07-02,3018.59,3165.81,2999.74,3130.01,4,False,,True,Yahoo Finance ^GSPC,正式推出後
2020-07-10,2020-07-06,2020-07-12,2020-07-06,2020-07-10,3155.29,3186.82,3115.70,3185.04,5,False,,True,Yahoo Finance ^GSPC,正式推出後
2020-07-17,2020-07-13,2020-07-19,2020-07-13,2020-07-17,3205.08,3238.28,3127.66,3224.73,5,False,,True,Yahoo Finance ^GSPC,正式推出後
2020-07-24,2020-07-20,2020-07-26,2020-07-20,2020-07-24,3224.29,3279.99,3200.05,3215.63,5,False,,True,Yahoo Finance ^GSPC,正式推出後
2020-07-31,2020-07-27,2020-08-02,2020-07-27,2020-07-31,3219.84,3272.17,3204.13,3271.12,5,False,,True,Yahoo Finance ^GSPC,正式推出後
2020-08-07,2020-08-03,2020-08-09,2020-08-03,2020-08-07,3288.26,3352.54,3284.53,3351.28,5,False,,True,Yahoo Finance ^GSPC,正式推出後
2020-08-14,2020-08-10,2020-08-16,2020-08-10,2020-08-14,3356.04,3387.89,3326.44,3372.85,5,False,,True,Yahoo Finance ^GSPC,正式推出後
2020-08-21,2020-08-17,2020-08-23,2020-08-17,2020-08-21,3380.86,3399.96,3354.69,3397.16,5,False,,True,Yahoo Finance ^GSPC,正式推出後
2020-08-28,2020-08-24,2020-08-30,2020-08-24,2020-08-28,3418.09,3509.23,3413.13,3508.01,5,False,,True,Yahoo Finance ^GSPC,正式推出後
2020-09-04,2020-08-31,2020-09-06,2020-08-31,2020-09-04,3509.73,3588.11,3349.63,3426.96,5,False,,True,Yahoo Finance ^GSPC,正式推出後
2020-09-11,2020-09-07,2020-09-13,2020-09-08,2020-09-11,3371.88,3425.55,3310.47,3340.97,4,False,,True,Yahoo Finance ^GSPC,正式推出後
2020-09-18,2020-09-14,2020-09-20,2020-09-14,2020-09-18,3363.56,3428.92,3292.40,3319.47,5,False,,True,Yahoo Finance ^GSPC,正式推出後
2020-09-25,2020-09-21,2020-09-27,2020-09-21,2020-09-25,3285.57,3323.35,3209.45,3298.46,5,False,,True,Yahoo Finance ^GSPC,正式推出後
2020-10-02,2020-09-28,2020-10-04,2020-09-28,2020-10-02,3333.90,3397.18,3323.69,3348.42,5,False,,True,Yahoo Finance ^GSPC,正式推出後
2020-10-09,2020-10-05,2020-10-11,2020-10-05,2020-10-09,3367.27,3482.34,3354.54,3477.14,5,False,,True,Yahoo Finance ^GSPC,正式推出後
2020-10-16,2020-10-12,2020-10-18,2020-10-12,2020-10-16,3500.02,3549.85,3440.89,3483.81,5,False,,True,Yahoo Finance ^GSPC,正式推出後
2020-10-23,2020-10-19,2020-10-25,2020-10-19,2020-10-23,3493.66,3502.42,3415.34,3465.39,5,False,,True,Yahoo Finance ^GSPC,正式推出後
2020-10-30,2020-10-26,2020-11-01,2020-10-26,2020-10-30,3441.42,3441.42,3233.94,3269.96,5,False,,True,Yahoo Finance ^GSPC,正式推出後
2020-11-06,2020-11-02,2020-11-08,2020-11-02,2020-11-06,3296.20,3529.05,3279.74,3509.44,5,False,,True,Yahoo Finance ^GSPC,正式推出後
2020-11-13,2020-11-09,2020-11-15,2020-11-09,2020-11-13,3583.04,3645.99,3511.91,3585.15,5,False,,True,Yahoo Finance ^GSPC,正式推出後
2020-11-20,2020-11-16,2020-11-22,2020-11-16,2020-11-20,3600.16,3628.51,3543.84,3557.54,5,False,,True,Yahoo Finance ^GSPC,正式推出後
2020-11-27,2020-11-23,2020-11-29,2020-11-23,2020-11-27,3566.82,3644.31,3552.77,3638.35,4,False,,True,Yahoo Finance ^GSPC,正式推出後
2020-12-04,2020-11-30,2020-12-06,2020-11-30,2020-12-04,3634.18,3699.20,3594.39,3699.12,5,False,,True,Yahoo Finance ^GSPC,正式推出後
2020-12-11,2020-12-07,2020-12-13,2020-12-07,2020-12-11,3694.73,3712.39,3633.40,3663.46,5,False,,True,Yahoo Finance ^GSPC,正式推出後
2020-12-18,2020-12-14,2020-12-20,2020-12-14,2020-12-18,3675.27,3726.70,3645.84,3709.41,5,False,,True,Yahoo Finance ^GSPC,正式推出後
2020-12-24,2020-12-21,2020-12-27,2020-12-21,2020-12-24,3684.28,3711.24,3636.48,3703.06,4,False,,True,Yahoo Finance ^GSPC,正式推出後
2020-12-31,2020-12-28,2021-01-03,2020-12-28,2020-12-31,3723.03,3760.20,3723.03,3756.07,4,False,,True,Yahoo Finance ^GSPC,正式推出後
2021-01-08,2021-01-04,2021-01-10,2021-01-04,2021-01-08,3764.61,3826.69,3662.71,3824.68,5,False,,True,Yahoo Finance ^GSPC,正式推出後
2021-01-15,2021-01-11,2021-01-17,2021-01-11,2021-01-15,3803.14,3823.60,3749.62,3768.25,5,False,,True,Yahoo Finance ^GSPC,正式推出後
2021-01-22,2021-01-18,2021-01-24,2021-01-19,2021-01-22,3781.88,3861.45,3780.37,3841.47,4,False,,True,Yahoo Finance ^GSPC,正式推出後
2021-01-29,2021-01-25,2021-01-31,2021-01-25,2021-01-29,3851.68,3870.90,3694.12,3714.24,5,False,,True,Yahoo Finance ^GSPC,正式推出後
2021-02-05,2021-02-01,2021-02-07,2021-02-01,2021-02-05,3731.17,3894.56,3725.62,3886.83,5,False,,True,Yahoo Finance ^GSPC,正式推出後
2021-02-12,2021-02-08,2021-02-14,2021-02-08,2021-02-12,3892.59,3937.23,3884.94,3934.83,5,False,,True,Yahoo Finance ^GSPC,正式推出後
2021-02-19,2021-02-15,2021-02-21,2021-02-16,2021-02-19,3939.61,3950.43,3885.03,3906.71,4,False,,True,Yahoo Finance ^GSPC,正式推出後
2021-02-26,2021-02-22,2021-02-28,2021-02-22,2021-02-26,3885.55,3928.65,3789.54,3811.15,5,False,,True,Yahoo Finance ^GSPC,正式推出後
2021-03-05,2021-03-01,2021-03-07,2021-03-01,2021-03-05,3842.51,3914.50,3723.34,3841.94,5,False,,True,Yahoo Finance ^GSPC,正式推出後
2021-03-12,2021-03-08,2021-03-14,2021-03-08,2021-03-12,3844.39,3960.27,3819.25,3943.34,5,False,,True,Yahoo Finance ^GSPC,正式推出後
2021-03-19,2021-03-15,2021-03-21,2021-03-15,2021-03-19,3942.96,3983.87,3886.75,3913.10,5,False,,True,Yahoo Finance ^GSPC,正式推出後
2021-03-26,2021-03-22,2021-03-28,2021-03-22,2021-03-26,3916.48,3978.19,3853.50,3974.54,5,False,,True,Yahoo Finance ^GSPC,正式推出後
2021-04-01,2021-03-29,2021-04-04,2021-03-29,2021-04-01,3969.31,4020.63,3943.25,4019.87,4,False,,True,Yahoo Finance ^GSPC,正式推出後
2021-04-09,2021-04-05,2021-04-11,2021-04-05,2021-04-09,4034.44,4129.48,4034.44,4128.80,5,False,,True,Yahoo Finance ^GSPC,正式推出後
2021-04-16,2021-04-12,2021-04-18,2021-04-12,2021-04-16,4124.71,4191.31,4114.82,4185.47,5,False,,True,Yahoo Finance ^GSPC,正式推出後
2021-04-23,2021-04-19,2021-04-25,2021-04-19,2021-04-23,4179.80,4194.17,4118.38,4180.17,5,False,,True,Yahoo Finance ^GSPC,正式推出後
2021-04-30,2021-04-26,2021-05-02,2021-04-26,2021-04-30,4185.03,4218.78,4174.85,4181.17,5,False,,True,Yahoo Finance ^GSPC,正式推出後
2021-05-07,2021-05-03,2021-05-09,2021-05-03,2021-05-07,4191.98,4238.04,4128.59,4232.60,5,False,,True,Yahoo Finance ^GSPC,正式推出後
2021-05-14,2021-05-10,2021-05-16,2021-05-10,2021-05-14,4228.29,4236.39,4056.88,4173.85,5,False,,True,Yahoo Finance ^GSPC,正式推出後
2021-05-21,2021-05-17,2021-05-23,2021-05-17,2021-05-21,4169.92,4188.72,4061.41,4155.86,5,False,,True,Yahoo Finance ^GSPC,正式推出後
2021-05-28,2021-05-24,2021-05-30,2021-05-24,2021-05-28,4170.16,4218.36,4170.16,4204.11,5,False,,True,Yahoo Finance ^GSPC,正式推出後
2021-06-04,2021-05-31,2021-06-06,2021-06-01,2021-06-04,4216.52,4234.12,4167.93,4229.89,4,False,,True,Yahoo Finance ^GSPC,正式推出後
2021-06-11,2021-06-07,2021-06-13,2021-06-07,2021-06-11,4229.34,4249.74,4208.41,4247.44,5,False,,True,Yahoo Finance ^GSPC,正式推出後
2021-06-18,2021-06-14,2021-06-20,2021-06-14,2021-06-18,4248.31,4257.16,4164.40,4166.45,5,False,,True,Yahoo Finance ^GSPC,正式推出後
2021-06-25,2021-06-21,2021-06-27,2021-06-21,2021-06-25,4173.40,4286.12,4173.40,4280.70,5,False,,True,Yahoo Finance ^GSPC,正式推出後
2021-07-02,2021-06-28,2021-07-04,2021-06-28,2021-07-02,4284.90,4355.43,4274.67,4352.34,5,False,,True,Yahoo Finance ^GSPC,正式推出後
2021-07-09,2021-07-05,2021-07-11,2021-07-06,2021-07-09,4356.46,4371.60,4289.37,4369.55,4,False,,True,Yahoo Finance ^GSPC,正式推出後
2021-07-16,2021-07-12,2021-07-18,2021-07-12,2021-07-16,4372.41,4393.68,4322.53,4327.16,5,False,,True,Yahoo Finance ^GSPC,正式推出後
2021-07-23,2021-07-19,2021-07-25,2021-07-19,2021-07-23,4296.40,4415.18,4233.13,4411.79,5,False,,True,Yahoo Finance ^GSPC,正式推出後
2021-07-30,2021-07-26,2021-08-01,2021-07-26,2021-07-30,4409.58,4429.97,4372.51,4395.26,5,False,,True,Yahoo Finance ^GSPC,正式推出後
2021-08-06,2021-08-02,2021-08-08,2021-08-02,2021-08-06,4406.86,4440.82,4373.00,4436.52,5,False,,True,Yahoo Finance ^GSPC,正式推出後
2021-08-13,2021-08-09,2021-08-15,2021-08-09,2021-08-13,4437.77,4468.37,4424.74,4468.00,5,False,,True,Yahoo Finance ^GSPC,正式推出後
2021-08-20,2021-08-16,2021-08-22,2021-08-16,2021-08-20,4461.65,4480.26,4367.73,4441.67,5,False,,True,Yahoo Finance ^GSPC,正式推出後
2021-08-27,2021-08-23,2021-08-29,2021-08-23,2021-08-27,4450.29,4513.33,4450.29,4509.37,5,False,,True,Yahoo Finance ^GSPC,正式推出後
2021-09-03,2021-08-30,2021-09-05,2021-08-30,2021-09-03,4513.76,4545.85,4513.76,4535.43,5,False,,True,Yahoo Finance ^GSPC,正式推出後
2021-09-10,2021-09-06,2021-09-12,2021-09-07,2021-09-10,4535.38,4535.38,4457.66,4458.58,4,False,,True,Yahoo Finance ^GSPC,正式推出後
2021-09-17,2021-09-13,2021-09-19,2021-09-13,2021-09-17,4474.81,4492.99,4427.76,4432.99,5,False,,True,Yahoo Finance ^GSPC,正式推出後
2021-09-24,2021-09-20,2021-09-26,2021-09-20,2021-09-24,4402.95,4465.40,4305.91,4455.48,5,False,,True,Yahoo Finance ^GSPC,正式推出後
2021-10-01,2021-09-27,2021-10-03,2021-09-27,2021-10-01,4442.12,4457.30,4288.52,4357.04,5,False,,True,Yahoo Finance ^GSPC,正式推出後
2021-10-08,2021-10-04,2021-10-10,2021-10-04,2021-10-08,4348.84,4429.97,4278.94,4391.34,5,False,,True,Yahoo Finance ^GSPC,正式推出後
2021-10-15,2021-10-11,2021-10-17,2021-10-11,2021-10-15,4385.44,4475.82,4329.92,4471.37,5,False,,True,Yahoo Finance ^GSPC,正式推出後
2021-10-22,2021-10-18,2021-10-24,2021-10-18,2021-10-22,4463.72,4559.67,4447.47,4544.90,5,False,,True,Yahoo Finance ^GSPC,正式推出後
2021-10-29,2021-10-25,2021-10-31,2021-10-25,2021-10-29,4553.69,4608.08,4537.36,4605.38,5,False,,True,Yahoo Finance ^GSPC,正式推出後
2021-11-05,2021-11-01,2021-11-07,2021-11-01,2021-11-05,4610.62,4718.50,4595.06,4697.53,5,False,,True,Yahoo Finance ^GSPC,正式推出後
2021-11-12,2021-11-08,2021-11-14,2021-11-08,2021-11-12,4701.48,4714.92,4630.86,4682.85,5,False,,True,Yahoo Finance ^GSPC,正式推出後
2021-11-19,2021-11-15,2021-11-21,2021-11-15,2021-11-19,4689.30,4717.75,4672.78,4697.96,5,False,,True,Yahoo Finance ^GSPC,正式推出後
2021-11-26,2021-11-22,2021-11-28,2021-11-22,2021-11-26,4712.00,4743.83,4585.43,4594.62,4,False,,True,Yahoo Finance ^GSPC,正式推出後
2021-12-03,2021-11-29,2021-12-05,2021-11-29,2021-12-03,4628.75,4672.95,4495.12,4538.43,5,False,,True,Yahoo Finance ^GSPC,正式推出後
2021-12-10,2021-12-06,2021-12-12,2021-12-06,2021-12-10,4548.37,4713.57,4540.51,4712.02,5,False,,True,Yahoo Finance ^GSPC,正式推出後
2021-12-17,2021-12-13,2021-12-19,2021-12-13,2021-12-17,4710.30,4731.99,4600.22,4620.64,5,False,,True,Yahoo Finance ^GSPC,正式推出後
2021-12-23,2021-12-20,2021-12-26,2021-12-20,2021-12-23,4587.90,4740.74,4531.10,4725.79,4,False,,True,Yahoo Finance ^GSPC,正式推出後
2021-12-31,2021-12-27,2022-01-02,2021-12-27,2021-12-31,4733.99,4808.93,4733.99,4766.18,5,False,,True,Yahoo Finance ^GSPC,正式推出後
2022-01-07,2022-01-03,2022-01-09,2022-01-03,2022-01-07,4778.14,4818.62,4662.74,4677.03,5,False,,True,Yahoo Finance ^GSPC,正式推出後
2022-01-14,2022-01-10,2022-01-16,2022-01-10,2022-01-14,4655.34,4748.83,4582.24,4662.85,5,False,,True,Yahoo Finance ^GSPC,正式推出後
2022-01-21,2022-01-17,2022-01-23,2022-01-18,2022-01-21,4632.24,4632.24,4395.34,4397.94,4,False,,True,Yahoo Finance ^GSPC,正式推出後
2022-01-28,2022-01-24,2022-01-30,2022-01-24,2022-01-28,4356.32,4453.23,4222.62,4431.85,5,False,,True,Yahoo Finance ^GSPC,正式推出後
2022-02-04,2022-01-31,2022-02-06,2022-01-31,2022-02-04,4431.79,4595.31,4414.02,4500.53,5,False,,True,Yahoo Finance ^GSPC,正式推出後
2022-02-11,2022-02-07,2022-02-13,2022-02-07,2022-02-11,4505.75,4590.03,4401.41,4418.64,5,False,,True,Yahoo Finance ^GSPC,正式推出後
2022-02-18,2022-02-14,2022-02-20,2022-02-14,2022-02-18,4412.61,4489.55,4327.22,4348.87,5,False,,True,Yahoo Finance ^GSPC,正式推出後
2022-02-25,2022-02-21,2022-02-27,2022-02-22,2022-02-25,4332.74,4385.34,4114.65,4384.65,4,False,,True,Yahoo Finance ^GSPC,正式推出後
2022-03-04,2022-02-28,2022-03-06,2022-02-28,2022-03-04,4354.17,4416.78,4279.54,4328.87,5,False,,True,Yahoo Finance ^GSPC,正式推出後
2022-03-11,2022-03-07,2022-03-13,2022-03-07,2022-03-11,4327.01,4327.01,4157.87,4204.31,5,False,,True,Yahoo Finance ^GSPC,正式推出後
2022-03-18,2022-03-14,2022-03-20,2022-03-14,2022-03-18,4202.75,4465.40,4161.72,4463.12,5,False,,True,Yahoo Finance ^GSPC,正式推出後
2022-03-25,2022-03-21,2022-03-27,2022-03-21,2022-03-25,4462.40,4546.03,4424.30,4543.06,5,False,,True,Yahoo Finance ^GSPC,正式推出後
2022-04-01,2022-03-28,2022-04-03,2022-03-28,2022-04-01,4541.09,4637.30,4507.57,4545.86,5,False,,True,Yahoo Finance ^GSPC,正式推出後
2022-04-08,2022-04-04,2022-04-10,2022-04-04,2022-04-08,4547.97,4593.45,4450.04,4488.28,5,False,,True,Yahoo Finance ^GSPC,正式推出後
2022-04-14,2022-04-11,2022-04-17,2022-04-11,2022-04-14,4462.64,4471.00,4381.34,4392.59,4,False,,True,Yahoo Finance ^GSPC,正式推出後
2022-04-22,2022-04-18,2022-04-24,2022-04-18,2022-04-22,4385.63,4512.94,4267.62,4271.78,5,False,,True,Yahoo Finance ^GSPC,正式推出後
2022-04-29,2022-04-25,2022-05-01,2022-04-25,2022-04-29,4255.34,4308.45,4124.28,4131.93,5,False,,True,Yahoo Finance ^GSPC,正式推出後
2022-05-06,2022-05-02,2022-05-08,2022-05-02,2022-05-06,4130.61,4307.66,4062.51,4123.34,5,False,,True,Yahoo Finance ^GSPC,正式推出後
2022-05-13,2022-05-09,2022-05-15,2022-05-09,2022-05-13,4081.27,4081.27,3858.87,4023.89,5,False,,True,Yahoo Finance ^GSPC,正式推出後
2022-05-20,2022-05-16,2022-05-22,2022-05-16,2022-05-20,4013.02,4090.72,3810.32,3901.36,5,False,,True,Yahoo Finance ^GSPC,正式推出後
2022-05-27,2022-05-23,2022-05-29,2022-05-23,2022-05-27,3919.42,4158.49,3875.13,4158.24,5,False,,True,Yahoo Finance ^GSPC,正式推出後
2022-06-03,2022-05-30,2022-06-05,2022-05-31,2022-06-03,4151.09,4177.51,4073.85,4108.54,4,False,,True,Yahoo Finance ^GSPC,正式推出後
2022-06-10,2022-06-06,2022-06-12,2022-06-06,2022-06-10,4134.72,4168.78,3900.16,3900.86,5,False,,True,Yahoo Finance ^GSPC,正式推出後
2022-06-17,2022-06-13,2022-06-19,2022-06-13,2022-06-17,3838.15,3838.15,3636.87,3674.84,5,False,,True,Yahoo Finance ^GSPC,正式推出後
2022-06-24,2022-06-20,2022-06-26,2022-06-21,2022-06-24,3715.31,3913.65,3715.31,3911.74,4,False,,True,Yahoo Finance ^GSPC,正式推出後
2022-07-01,2022-06-27,2022-07-03,2022-06-27,2022-07-01,3920.76,3945.86,3738.67,3825.33,5,False,,True,Yahoo Finance ^GSPC,正式推出後
2022-07-08,2022-07-04,2022-07-10,2022-07-05,2022-07-08,3792.61,3918.50,3742.06,3899.38,4,False,,True,Yahoo Finance ^GSPC,正式推出後
2022-07-15,2022-07-11,2022-07-17,2022-07-11,2022-07-15,3880.94,3880.94,3721.56,3863.16,5,False,,True,Yahoo Finance ^GSPC,正式推出後
2022-07-22,2022-07-18,2022-07-24,2022-07-18,2022-07-22,3883.79,4012.44,3818.63,3961.63,5,False,,True,Yahoo Finance ^GSPC,正式推出後
2022-07-29,2022-07-25,2022-07-31,2022-07-25,2022-07-29,3965.72,4140.15,3910.74,4130.29,5,False,,True,Yahoo Finance ^GSPC,正式推出後
2022-08-05,2022-08-01,2022-08-07,2022-08-01,2022-08-05,4112.38,4167.66,4079.81,4145.19,5,False,,True,Yahoo Finance ^GSPC,正式推出後
2022-08-12,2022-08-08,2022-08-14,2022-08-08,2022-08-12,4155.93,4280.47,4112.09,4280.15,5,False,,True,Yahoo Finance ^GSPC,正式推出後
2022-08-19,2022-08-15,2022-08-21,2022-08-15,2022-08-19,4269.37,4325.28,4218.70,4228.48,5,False,,True,Yahoo Finance ^GSPC,正式推出後
2022-08-26,2022-08-22,2022-08-28,2022-08-22,2022-08-26,4195.08,4203.04,4057.66,4057.66,5,False,,True,Yahoo Finance ^GSPC,正式推出後
2022-09-02,2022-08-29,2022-09-04,2022-08-29,2022-09-02,4034.58,4062.99,3903.65,3924.26,5,False,,True,Yahoo Finance ^GSPC,正式推出後
2022-09-09,2022-09-05,2022-09-11,2022-09-06,2022-09-09,3930.89,4076.81,3886.75,4067.36,4,False,,True,Yahoo Finance ^GSPC,正式推出後
2022-09-16,2022-09-12,2022-09-18,2022-09-12,2022-09-16,4083.67,4119.28,3837.08,3873.33,5,False,,True,Yahoo Finance ^GSPC,正式推出後
2022-09-23,2022-09-19,2022-09-25,2022-09-19,2022-09-23,3849.91,3907.07,3647.47,3693.23,5,False,,True,Yahoo Finance ^GSPC,正式推出後
2022-09-30,2022-09-26,2022-10-02,2022-09-26,2022-09-30,3682.72,3736.74,3584.13,3585.62,5,False,,True,Yahoo Finance ^GSPC,正式推出後
2022-10-07,2022-10-03,2022-10-09,2022-10-03,2022-10-07,3609.78,3806.91,3604.93,3639.66,5,False,,True,Yahoo Finance ^GSPC,正式推出後
2022-10-14,2022-10-10,2022-10-16,2022-10-10,2022-10-14,3647.51,3712.00,3491.58,3583.07,5,False,,True,Yahoo Finance ^GSPC,正式推出後
2022-10-21,2022-10-17,2022-10-23,2022-10-17,2022-10-21,3638.65,3762.79,3638.65,3752.75,5,False,,True,Yahoo Finance ^GSPC,正式推出後
2022-10-28,2022-10-24,2022-10-30,2022-10-24,2022-10-28,3762.01,3905.42,3741.65,3901.06,5,False,,True,Yahoo Finance ^GSPC,正式推出後
2022-11-04,2022-10-31,2022-11-06,2022-10-31,2022-11-04,3881.85,3911.79,3698.15,3770.55,5,False,,True,Yahoo Finance ^GSPC,正式推出後
2022-11-11,2022-11-07,2022-11-13,2022-11-07,2022-11-11,3780.71,4001.48,3744.22,3992.93,5,False,,True,Yahoo Finance ^GSPC,正式推出後
2022-11-18,2022-11-14,2022-11-20,2022-11-14,2022-11-18,3977.97,4028.84,3906.54,3965.34,5,False,,True,Yahoo Finance ^GSPC,正式推出後
2022-11-25,2022-11-21,2022-11-27,2022-11-21,2022-11-25,3956.23,4034.02,3933.34,4026.12,4,False,,True,Yahoo Finance ^GSPC,正式推出後
2022-12-02,2022-11-28,2022-12-04,2022-11-28,2022-12-02,4005.36,4100.51,3937.65,4071.70,5,False,,True,Yahoo Finance ^GSPC,正式推出後
2022-12-09,2022-12-05,2022-12-11,2022-12-05,2022-12-09,4052.02,4052.45,3918.39,3934.38,5,False,,True,Yahoo Finance ^GSPC,正式推出後
2022-12-16,2022-12-12,2022-12-18,2022-12-12,2022-12-16,3939.29,4100.96,3827.91,3852.36,5,False,,True,Yahoo Finance ^GSPC,正式推出後
2022-12-23,2022-12-19,2022-12-25,2022-12-19,2022-12-23,3853.79,3889.82,3764.49,3844.82,5,False,,True,Yahoo Finance ^GSPC,正式推出後
2022-12-30,2022-12-26,2023-01-01,2022-12-27,2022-12-30,3843.34,3858.19,3780.78,3839.50,4,False,,True,Yahoo Finance ^GSPC,正式推出後
2023-01-06,2023-01-02,2023-01-08,2023-01-03,2023-01-06,3853.29,3906.19,3794.33,3895.08,4,False,,True,Yahoo Finance ^GSPC,正式推出後
2023-01-13,2023-01-09,2023-01-15,2023-01-09,2023-01-13,3910.82,4003.95,3877.29,3999.09,5,False,,True,Yahoo Finance ^GSPC,正式推出後
2023-01-20,2023-01-16,2023-01-22,2023-01-17,2023-01-20,3999.28,4015.39,3885.54,3972.61,4,False,,True,Yahoo Finance ^GSPC,正式推出後
2023-01-27,2023-01-23,2023-01-29,2023-01-23,2023-01-27,3978.14,4094.21,3949.06,4070.56,5,False,,True,Yahoo Finance ^GSPC,正式推出後
2023-02-03,2023-01-30,2023-02-05,2023-01-30,2023-02-03,4049.27,4195.44,4015.55,4136.48,5,False,,True,Yahoo Finance ^GSPC,正式推出後
2023-02-10,2023-02-06,2023-02-12,2023-02-06,2023-02-10,4119.57,4176.54,4060.79,4090.46,5,False,,True,Yahoo Finance ^GSPC,正式推出後
2023-02-17,2023-02-13,2023-02-19,2023-02-13,2023-02-17,4096.62,4159.77,4047.95,4079.09,5,False,,True,Yahoo Finance ^GSPC,正式推出後
2023-02-24,2023-02-20,2023-02-26,2023-02-21,2023-02-24,4052.35,4052.35,3943.08,3970.04,4,False,,True,Yahoo Finance ^GSPC,正式推出後
2023-03-03,2023-02-27,2023-03-05,2023-02-27,2023-03-03,3992.36,4048.29,3928.16,4045.64,5,False,,True,Yahoo Finance ^GSPC,正式推出後
2023-03-10,2023-03-06,2023-03-12,2023-03-06,2023-03-10,4055.15,4078.49,3846.32,3861.59,5,False,,True,Yahoo Finance ^GSPC,正式推出後
2023-03-17,2023-03-13,2023-03-19,2023-03-13,2023-03-17,3835.12,3964.46,3808.86,3916.64,5,False,,True,Yahoo Finance ^GSPC,正式推出後
2023-03-24,2023-03-20,2023-03-26,2023-03-20,2023-03-24,3917.47,4039.49,3909.16,3970.99,5,False,,True,Yahoo Finance ^GSPC,正式推出後
2023-03-31,2023-03-27,2023-04-02,2023-03-27,2023-03-31,3982.93,4110.75,3951.53,4109.31,5,False,,True,Yahoo Finance ^GSPC,正式推出後
2023-04-06,2023-04-03,2023-04-09,2023-04-03,2023-04-06,4102.20,4133.13,4069.84,4105.02,4,False,,True,Yahoo Finance ^GSPC,正式推出後
2023-04-14,2023-04-10,2023-04-16,2023-04-10,2023-04-14,4085.20,4163.19,4072.55,4137.64,5,False,,True,Yahoo Finance ^GSPC,正式推出後
2023-04-21,2023-04-17,2023-04-23,2023-04-17,2023-04-21,4137.17,4169.48,4113.86,4133.52,5,False,,True,Yahoo Finance ^GSPC,正式推出後
2023-04-28,2023-04-24,2023-04-30,2023-04-24,2023-04-28,4132.07,4170.06,4049.35,4169.48,5,False,,True,Yahoo Finance ^GSPC,正式推出後
2023-05-05,2023-05-01,2023-05-07,2023-05-01,2023-05-05,4166.79,4186.92,4048.28,4136.25,5,False,,True,Yahoo Finance ^GSPC,正式推出後
2023-05-12,2023-05-08,2023-05-14,2023-05-08,2023-05-12,4136.98,4154.28,4098.92,4124.08,5,False,,True,Yahoo Finance ^GSPC,正式推出後
2023-05-19,2023-05-15,2023-05-21,2023-05-15,2023-05-19,4126.65,4212.91,4109.86,4191.98,5,False,,True,Yahoo Finance ^GSPC,正式推出後
2023-05-26,2023-05-22,2023-05-28,2023-05-22,2023-05-26,4190.78,4212.87,4103.98,4205.45,5,False,,True,Yahoo Finance ^GSPC,正式推出後
2023-06-02,2023-05-29,2023-06-04,2023-05-30,2023-06-02,4226.71,4290.67,4166.15,4282.37,4,False,,True,Yahoo Finance ^GSPC,正式推出後
2023-06-09,2023-06-05,2023-06-11,2023-06-05,2023-06-09,4282.99,4322.62,4261.07,4298.86,5,False,,True,Yahoo Finance ^GSPC,正式推出後
2023-06-16,2023-06-12,2023-06-18,2023-06-12,2023-06-16,4308.32,4448.47,4304.37,4409.59,5,False,,True,Yahoo Finance ^GSPC,正式推出後
2023-06-23,2023-06-19,2023-06-25,2023-06-20,2023-06-23,4396.11,4400.15,4341.34,4348.33,4,False,,True,Yahoo Finance ^GSPC,正式推出後
2023-06-30,2023-06-26,2023-07-02,2023-06-26,2023-06-30,4344.84,4458.48,4328.08,4450.38,5,False,,True,Yahoo Finance ^GSPC,正式推出後
2023-07-07,2023-07-03,2023-07-09,2023-07-03,2023-07-07,4450.48,4456.46,4385.05,4398.95,4,False,,True,Yahoo Finance ^GSPC,正式推出後
2023-07-14,2023-07-10,2023-07-16,2023-07-10,2023-07-14,4394.23,4527.76,4389.92,4505.42,5,False,,True,Yahoo Finance ^GSPC,正式推出後
2023-07-21,2023-07-17,2023-07-23,2023-07-17,2023-07-21,4508.86,4578.43,4504.90,4536.34,5,False,,True,Yahoo Finance ^GSPC,正式推出後
2023-07-28,2023-07-24,2023-07-30,2023-07-24,2023-07-28,4543.39,4607.07,4528.56,4582.23,5,False,,True,Yahoo Finance ^GSPC,正式推出後
2023-08-04,2023-07-31,2023-08-06,2023-07-31,2023-08-04,4584.82,4594.22,4474.55,4478.03,5,False,,True,Yahoo Finance ^GSPC,正式推出後
2023-08-11,2023-08-07,2023-08-13,2023-08-07,2023-08-11,4491.58,4527.37,4443.98,4464.05,5,False,,True,Yahoo Finance ^GSPC,正式推出後
2023-08-18,2023-08-14,2023-08-20,2023-08-14,2023-08-18,4458.13,4490.33,4335.31,4369.71,5,False,,True,Yahoo Finance ^GSPC,正式推出後
2023-08-25,2023-08-21,2023-08-27,2023-08-21,2023-08-25,4380.28,4458.30,4356.29,4405.71,5,False,,True,Yahoo Finance ^GSPC,正式推出後
2023-09-01,2023-08-28,2023-09-03,2023-08-28,2023-09-01,4426.03,4541.25,4414.98,4515.77,5,False,,True,Yahoo Finance ^GSPC,正式推出後
2023-09-08,2023-09-04,2023-09-10,2023-09-05,2023-09-08,4510.06,4514.29,4430.46,4457.49,4,False,,True,Yahoo Finance ^GSPC,正式推出後
2023-09-15,2023-09-11,2023-09-17,2023-09-11,2023-09-15,4480.98,4511.99,4447.21,4450.32,5,False,,True,Yahoo Finance ^GSPC,正式推出後
2023-09-22,2023-09-18,2023-09-24,2023-09-18,2023-09-22,4445.13,4466.36,4316.49,4320.06,5,False,,True,Yahoo Finance ^GSPC,正式推出後
2023-09-29,2023-09-25,2023-10-01,2023-09-25,2023-09-29,4310.62,4338.51,4238.63,4288.05,5,False,,True,Yahoo Finance ^GSPC,正式推出後
2023-10-06,2023-10-02,2023-10-08,2023-10-02,2023-10-06,4284.52,4324.10,4216.45,4308.50,5,False,,True,Yahoo Finance ^GSPC,正式推出後
2023-10-13,2023-10-09,2023-10-15,2023-10-09,2023-10-13,4289.02,4385.85,4283.79,4327.78,5,False,,True,Yahoo Finance ^GSPC,正式推出後
2023-10-20,2023-10-16,2023-10-22,2023-10-16,2023-10-20,4342.37,4393.57,4223.03,4224.16,5,False,,True,Yahoo Finance ^GSPC,正式推出後
2023-10-27,2023-10-23,2023-10-29,2023-10-23,2023-10-27,4210.40,4259.38,4103.78,4117.37,5,False,,True,Yahoo Finance ^GSPC,正式推出後
2023-11-03,2023-10-30,2023-11-05,2023-10-30,2023-11-03,4139.39,4373.62,4132.94,4358.34,5,False,,True,Yahoo Finance ^GSPC,正式推出後
2023-11-10,2023-11-06,2023-11-12,2023-11-06,2023-11-10,4364.27,4418.03,4343.94,4415.24,5,False,,True,Yahoo Finance ^GSPC,正式推出後
2023-11-17,2023-11-13,2023-11-19,2023-11-13,2023-11-17,4406.66,4521.17,4393.82,4514.02,5,False,,True,Yahoo Finance ^GSPC,正式推出後
2023-11-24,2023-11-20,2023-11-26,2023-11-20,2023-11-24,4511.70,4568.43,4510.36,4559.34,4,False,,True,Yahoo Finance ^GSPC,正式推出後
2023-12-01,2023-11-27,2023-12-03,2023-11-27,2023-12-01,4554.86,4599.39,4537.24,4594.63,5,False,,True,Yahoo Finance ^GSPC,正式推出後
2023-12-08,2023-12-04,2023-12-10,2023-12-04,2023-12-08,4564.37,4609.23,4546.50,4604.37,5,False,,True,Yahoo Finance ^GSPC,正式推出後
2023-12-15,2023-12-11,2023-12-17,2023-12-11,2023-12-15,4593.39,4738.57,4593.39,4719.19,5,False,,True,Yahoo Finance ^GSPC,正式推出後
2023-12-22,2023-12-18,2023-12-24,2023-12-18,2023-12-22,4725.58,4778.01,4697.82,4754.63,5,False,,True,Yahoo Finance ^GSPC,正式推出後
2023-12-29,2023-12-25,2023-12-31,2023-12-26,2023-12-29,4758.86,4793.30,4751.99,4769.83,4,False,,True,Yahoo Finance ^GSPC,正式推出後
2024-01-05,2024-01-01,2024-01-07,2024-01-02,2024-01-05,4745.20,4754.33,4682.11,4697.24,4,False,,True,Yahoo Finance ^GSPC,正式推出後
2024-01-12,2024-01-08,2024-01-14,2024-01-08,2024-01-12,4703.70,4802.40,4699.82,4783.83,5,False,,True,Yahoo Finance ^GSPC,正式推出後
2024-01-19,2024-01-15,2024-01-21,2024-01-16,2024-01-19,4772.35,4842.07,4714.82,4839.81,4,False,,True,Yahoo Finance ^GSPC,正式推出後
2024-01-26,2024-01-22,2024-01-28,2024-01-22,2024-01-26,4853.42,4906.69,4844.05,4890.97,5,False,,True,Yahoo Finance ^GSPC,正式推出後
2024-02-02,2024-01-29,2024-02-04,2024-01-29,2024-02-02,4892.95,4975.29,4845.15,4958.61,5,False,,True,Yahoo Finance ^GSPC,正式推出後
2024-02-09,2024-02-05,2024-02-11,2024-02-05,2024-02-09,4957.19,5030.06,4918.09,5026.61,5,False,,True,Yahoo Finance ^GSPC,正式推出後
2024-02-16,2024-02-12,2024-02-18,2024-02-12,2024-02-16,5026.83,5048.39,4920.31,5005.57,5,False,,True,Yahoo Finance ^GSPC,正式推出後
2024-02-23,2024-02-19,2024-02-25,2024-02-20,2024-02-23,4989.32,5111.06,4946.00,5088.80,4,False,,True,Yahoo Finance ^GSPC,正式推出後
2024-03-01,2024-02-26,2024-03-03,2024-02-26,2024-03-01,5093.00,5140.33,5057.29,5137.08,5,False,,True,Yahoo Finance ^GSPC,正式推出後
2024-03-08,2024-03-04,2024-03-10,2024-03-04,2024-03-08,5130.99,5189.26,5056.82,5123.69,5,False,,True,Yahoo Finance ^GSPC,正式推出後
2024-03-15,2024-03-11,2024-03-17,2024-03-11,2024-03-15,5111.96,5179.87,5091.14,5117.09,5,False,,True,Yahoo Finance ^GSPC,正式推出後
2024-03-22,2024-03-18,2024-03-24,2024-03-18,2024-03-22,5154.77,5261.10,5131.59,5234.18,5,False,,True,Yahoo Finance ^GSPC,正式推出後
2024-03-28,2024-03-25,2024-03-31,2024-03-25,2024-03-28,5219.52,5264.85,5203.42,5254.35,4,False,,True,Yahoo Finance ^GSPC,正式推出後
2024-04-05,2024-04-01,2024-04-07,2024-04-01,2024-04-05,5257.97,5263.95,5146.06,5204.34,5,False,,True,Yahoo Finance ^GSPC,正式推出後
2024-04-12,2024-04-08,2024-04-14,2024-04-08,2024-04-12,5211.37,5224.81,5107.94,5123.41,5,False,,True,Yahoo Finance ^GSPC,正式推出後
2024-04-19,2024-04-15,2024-04-21,2024-04-15,2024-04-19,5149.67,5168.43,4953.56,4967.23,5,False,,True,Yahoo Finance ^GSPC,正式推出後
2024-04-26,2024-04-22,2024-04-28,2024-04-22,2024-04-26,4987.33,5114.62,4969.40,5099.96,5,False,,True,Yahoo Finance ^GSPC,正式推出後
2024-05-03,2024-04-29,2024-05-05,2024-04-29,2024-05-03,5114.13,5139.12,5011.05,5127.79,5,False,,True,Yahoo Finance ^GSPC,正式推出後
2024-05-10,2024-05-06,2024-05-12,2024-05-06,2024-05-10,5142.42,5239.66,5142.42,5222.68,5,False,,True,Yahoo Finance ^GSPC,正式推出後
2024-05-17,2024-05-13,2024-05-19,2024-05-13,2024-05-17,5233.08,5325.49,5211.16,5303.27,5,False,,True,Yahoo Finance ^GSPC,正式推出後
2024-05-24,2024-05-20,2024-05-26,2024-05-20,2024-05-24,5305.35,5341.88,5256.93,5304.72,5,False,,True,Yahoo Finance ^GSPC,正式推出後
2024-05-31,2024-05-27,2024-06-02,2024-05-28,2024-05-31,5315.91,5315.91,5191.68,5277.51,4,False,,True,Yahoo Finance ^GSPC,正式推出後
2024-06-07,2024-06-03,2024-06-09,2024-06-03,2024-06-07,5297.15,5375.08,5234.32,5346.99,5,False,,True,Yahoo Finance ^GSPC,正式推出後
2024-06-14,2024-06-10,2024-06-16,2024-06-10,2024-06-14,5341.22,5447.25,5327.25,5431.60,5,False,,True,Yahoo Finance ^GSPC,正式推出後
2024-06-21,2024-06-17,2024-06-23,2024-06-17,2024-06-21,5431.11,5505.53,5420.40,5464.62,4,False,,True,Yahoo Finance ^GSPC,正式推出後
2024-06-28,2024-06-24,2024-06-30,2024-06-24,2024-06-28,5459.58,5523.64,5446.56,5460.48,5,False,,True,Yahoo Finance ^GSPC,正式推出後
2024-07-05,2024-07-01,2024-07-07,2024-07-01,2024-07-05,5471.08,5570.33,5446.53,5567.19,4,False,,True,Yahoo Finance ^GSPC,正式推出後
2024-07-12,2024-07-08,2024-07-14,2024-07-08,2024-07-12,5572.75,5655.56,5562.51,5615.35,5,False,,True,Yahoo Finance ^GSPC,正式推出後
2024-07-19,2024-07-15,2024-07-21,2024-07-15,2024-07-19,5638.16,5669.67,5497.04,5505.00,5,False,,True,Yahoo Finance ^GSPC,正式推出後
2024-07-26,2024-07-22,2024-07-28,2024-07-22,2024-07-26,5544.54,5585.34,5390.95,5459.10,5,False,,True,Yahoo Finance ^GSPC,正式推出後
2024-08-02,2024-07-29,2024-08-04,2024-07-29,2024-08-02,5476.55,5566.16,5302.03,5346.56,5,False,,True,Yahoo Finance ^GSPC,正式推出後
2024-08-09,2024-08-05,2024-08-11,2024-08-05,2024-08-09,5151.14,5358.67,5119.26,5344.16,5,False,,True,Yahoo Finance ^GSPC,正式推出後
2024-08-16,2024-08-12,2024-08-18,2024-08-12,2024-08-16,5351.88,5561.98,5324.37,5554.25,5,False,,True,Yahoo Finance ^GSPC,正式推出後
2024-08-23,2024-08-19,2024-08-25,2024-08-19,2024-08-23,5557.23,5643.22,5550.74,5634.61,5,False,,True,Yahoo Finance ^GSPC,正式推出後
2024-08-30,2024-08-26,2024-09-01,2024-08-26,2024-08-30,5639.66,5651.62,5560.95,5648.40,5,False,,True,Yahoo Finance ^GSPC,正式推出後
2024-09-06,2024-09-02,2024-09-08,2024-09-03,2024-09-06,5623.89,5623.89,5402.62,5408.42,4,False,,True,Yahoo Finance ^GSPC,正式推出後
2024-09-13,2024-09-09,2024-09-15,2024-09-09,2024-09-13,5442.07,5636.27,5406.96,5626.02,5,False,,True,Yahoo Finance ^GSPC,正式推出後
2024-09-20,2024-09-16,2024-09-22,2024-09-16,2024-09-20,5615.21,5733.57,5604.53,5702.55,5,False,,True,Yahoo Finance ^GSPC,正式推出後
2024-09-27,2024-09-23,2024-09-29,2024-09-23,2024-09-27,5711.90,5767.37,5698.99,5738.17,5,False,,True,Yahoo Finance ^GSPC,正式推出後
2024-10-04,2024-09-30,2024-10-06,2024-09-30,2024-10-04,5726.52,5765.14,5674.00,5751.07,5,False,,True,Yahoo Finance ^GSPC,正式推出後
2024-10-11,2024-10-07,2024-10-13,2024-10-07,2024-10-11,5737.80,5822.13,5686.85,5815.03,5,False,,True,Yahoo Finance ^GSPC,正式推出後
2024-10-18,2024-10-14,2024-10-20,2024-10-14,2024-10-18,5829.81,5878.46,5804.48,5864.67,5,False,,True,Yahoo Finance ^GSPC,正式推出後
2024-10-25,2024-10-21,2024-10-27,2024-10-21,2024-10-25,5857.82,5866.92,5762.41,5808.12,5,False,,True,Yahoo Finance ^GSPC,正式推出後
2024-11-01,2024-10-28,2024-11-03,2024-10-28,2024-11-01,5833.93,5850.94,5702.86,5728.80,5,False,,True,Yahoo Finance ^GSPC,正式推出後
2024-11-08,2024-11-04,2024-11-10,2024-11-04,2024-11-08,5725.15,6012.45,5696.51,5995.54,5,False,,True,Yahoo Finance ^GSPC,正式推出後
2024-11-15,2024-11-11,2024-11-17,2024-11-11,2024-11-15,6008.86,6017.31,5853.01,5870.62,5,False,,True,Yahoo Finance ^GSPC,正式推出後
2024-11-22,2024-11-18,2024-11-24,2024-11-18,2024-11-22,5874.17,5972.90,5855.29,5969.34,5,False,,True,Yahoo Finance ^GSPC,正式推出後
2024-11-29,2024-11-25,2024-12-01,2024-11-25,2024-11-29,5992.28,6044.17,5963.91,6032.38,4,False,,True,Yahoo Finance ^GSPC,正式推出後
2024-12-06,2024-12-02,2024-12-08,2024-12-02,2024-12-06,6040.11,6099.97,6033.39,6090.27,5,False,,True,Yahoo Finance ^GSPC,正式推出後
2024-12-13,2024-12-09,2024-12-15,2024-12-09,2024-12-13,6083.01,6092.59,6029.89,6051.09,5,False,,True,Yahoo Finance ^GSPC,正式推出後
2024-12-20,2024-12-16,2024-12-22,2024-12-16,2024-12-20,6063.79,6085.19,5832.30,5930.85,5,False,,True,Yahoo Finance ^GSPC,正式推出後
2024-12-27,2024-12-23,2024-12-29,2024-12-23,2024-12-27,5940.25,6049.75,5902.57,5970.84,4,False,,True,Yahoo Finance ^GSPC,正式推出後
2025-01-03,2024-12-30,2025-01-05,2024-12-30,2025-01-03,5920.67,5949.34,5829.53,5942.47,4,False,,True,Yahoo Finance ^GSPC,正式推出後
2025-01-10,2025-01-06,2025-01-12,2025-01-06,2025-01-10,5982.81,6021.04,5807.78,5827.04,4,False,,True,Yahoo Finance ^GSPC,正式推出後
2025-01-17,2025-01-13,2025-01-19,2025-01-13,2025-01-17,5782.02,6014.96,5773.31,5996.66,5,False,,True,Yahoo Finance ^GSPC,正式推出後
2025-01-24,2025-01-20,2025-01-26,2025-01-21,2025-01-24,6014.12,6128.18,6006.88,6101.24,4,False,,True,Yahoo Finance ^GSPC,正式推出後
2025-01-31,2025-01-27,2025-02-02,2025-01-27,2025-01-31,5969.04,6120.91,5962.92,6040.53,5,False,,True,Yahoo Finance ^GSPC,正式推出後
2025-02-07,2025-02-03,2025-02-09,2025-02-03,2025-02-07,5969.65,6101.28,5923.93,6025.99,5,False,,True,Yahoo Finance ^GSPC,正式推出後
2025-02-14,2025-02-10,2025-02-16,2025-02-10,2025-02-14,6046.40,6127.47,6003.00,6114.63,5,False,,True,Yahoo Finance ^GSPC,正式推出後
2025-02-21,2025-02-17,2025-02-23,2025-02-18,2025-02-21,6121.60,6147.43,6008.56,6013.13,4,False,,True,Yahoo Finance ^GSPC,正式推出後
2025-02-28,2025-02-24,2025-03-02,2025-02-24,2025-02-28,6026.69,6043.65,5837.66,5954.50,5,False,,True,Yahoo Finance ^GSPC,正式推出後
2025-03-07,2025-03-03,2025-03-09,2025-03-03,2025-03-07,5968.33,5986.09,5666.29,5770.20,5,False,,True,Yahoo Finance ^GSPC,正式推出後
2025-03-14,2025-03-10,2025-03-16,2025-03-10,2025-03-14,5705.37,5705.37,5504.65,5638.94,5,False,,True,Yahoo Finance ^GSPC,正式推出後
2025-03-21,2025-03-17,2025-03-23,2025-03-17,2025-03-21,5635.60,5715.33,5597.76,5667.56,5,False,,True,Yahoo Finance ^GSPC,正式推出後
2025-03-28,2025-03-24,2025-03-30,2025-03-24,2025-03-28,5718.08,5786.95,5572.42,5580.94,5,False,,True,Yahoo Finance ^GSPC,正式推出後
2025-04-04,2025-03-31,2025-04-06,2025-03-31,2025-04-04,5527.91,5695.31,5069.90,5074.08,5,False,,True,Yahoo Finance ^GSPC,正式推出後
2025-04-11,2025-04-07,2025-04-13,2025-04-07,2025-04-11,4953.79,5481.34,4835.04,5363.36,5,False,,True,Yahoo Finance ^GSPC,正式推出後
2025-04-17,2025-04-14,2025-04-20,2025-04-14,2025-04-17,5441.96,5459.46,5220.79,5282.70,4,False,,True,Yahoo Finance ^GSPC,正式推出後
2025-04-25,2025-04-21,2025-04-27,2025-04-21,2025-04-25,5232.94,5528.11,5101.63,5525.21,5,False,,True,Yahoo Finance ^GSPC,正式推出後
2025-05-02,2025-04-28,2025-05-04,2025-04-28,2025-05-02,5529.22,5700.70,5433.24,5686.67,5,False,,True,Yahoo Finance ^GSPC,正式推出後
2025-05-09,2025-05-05,2025-05-11,2025-05-05,2025-05-09,5655.32,5720.10,5578.64,5659.91,5,False,,True,Yahoo Finance ^GSPC,正式推出後
2025-05-16,2025-05-12,2025-05-18,2025-05-12,2025-05-16,5807.20,5958.62,5786.08,5958.38,5,False,,True,Yahoo Finance ^GSPC,正式推出後
2025-05-23,2025-05-19,2025-05-25,2025-05-19,2025-05-23,5902.88,5968.61,5767.41,5802.82,5,False,,True,Yahoo Finance ^GSPC,正式推出後
2025-05-30,2025-05-26,2025-06-01,2025-05-27,2025-05-30,5854.07,5943.13,5843.66,5911.69,4,False,,True,Yahoo Finance ^GSPC,正式推出後
2025-06-06,2025-06-02,2025-06-08,2025-06-02,2025-06-06,5896.68,6016.87,5861.43,6000.36,5,False,,True,Yahoo Finance ^GSPC,正式推出後
2025-06-13,2025-06-09,2025-06-15,2025-06-09,2025-06-13,6004.63,6059.40,5963.21,5976.97,5,False,,True,Yahoo Finance ^GSPC,正式推出後
2025-06-20,2025-06-16,2025-06-22,2025-06-16,2025-06-20,6004.00,6050.83,5952.56,5967.84,4,False,,True,Yahoo Finance ^GSPC,正式推出後
2025-06-27,2025-06-23,2025-06-29,2025-06-23,2025-06-27,5969.67,6187.68,5943.23,6173.07,5,False,,True,Yahoo Finance ^GSPC,正式推出後
2025-07-03,2025-06-30,2025-07-06,2025-06-30,2025-07-03,6193.36,6284.65,6174.97,6279.35,4,False,,True,Yahoo Finance ^GSPC,正式推出後
2025-07-11,2025-07-07,2025-07-13,2025-07-07,2025-07-11,6259.04,6290.22,6201.00,6259.75,5,False,,True,Yahoo Finance ^GSPC,正式推出後
2025-07-18,2025-07-14,2025-07-20,2025-07-14,2025-07-18,6255.15,6315.61,6201.59,6296.79,5,False,,True,Yahoo Finance ^GSPC,正式推出後
2025-07-25,2025-07-21,2025-07-27,2025-07-21,2025-07-25,6304.74,6395.82,6281.71,6388.64,5,False,,True,Yahoo Finance ^GSPC,正式推出後
2025-08-01,2025-07-28,2025-08-03,2025-07-28,2025-08-01,6397.69,6427.02,6212.69,6238.01,5,False,,True,Yahoo Finance ^GSPC,正式推出後
2025-08-08,2025-08-04,2025-08-10,2025-08-04,2025-08-08,6271.71,6395.16,6271.71,6389.45,5,False,,True,Yahoo Finance ^GSPC,正式推出後
2025-08-15,2025-08-11,2025-08-17,2025-08-11,2025-08-15,6389.67,6481.34,6364.06,6449.80,5,False,,True,Yahoo Finance ^GSPC,正式推出後
2025-08-22,2025-08-18,2025-08-24,2025-08-18,2025-08-22,6445.02,6478.89,6343.86,6466.91,5,False,,True,Yahoo Finance ^GSPC,正式推出後
2025-08-29,2025-08-25,2025-08-31,2025-08-25,2025-08-29,6457.67,6508.23,6429.21,6460.26,5,False,,True,Yahoo Finance ^GSPC,正式推出後
2025-09-05,2025-09-01,2025-09-07,2025-09-02,2025-09-05,6401.51,6532.65,6360.58,6481.50,4,False,,True,Yahoo Finance ^GSPC,正式推出後
2025-09-12,2025-09-08,2025-09-14,2025-09-08,2025-09-12,6498.09,6600.21,6483.08,6584.29,5,False,,True,Yahoo Finance ^GSPC,正式推出後
2025-09-19,2025-09-15,2025-09-21,2025-09-15,2025-09-19,6603.49,6671.82,6551.15,6664.36,5,False,,True,Yahoo Finance ^GSPC,正式推出後
2025-09-26,2025-09-22,2025-09-28,2025-09-22,2025-09-26,6654.28,6699.52,6569.22,6643.70,5,False,,True,Yahoo Finance ^GSPC,正式推出後
2025-10-03,2025-09-29,2025-10-05,2025-09-29,2025-10-03,6661.58,6750.87,6641.00,6715.79,5,False,,True,Yahoo Finance ^GSPC,正式推出後
2025-10-10,2025-10-06,2025-10-12,2025-10-06,2025-10-10,6733.86,6764.58,6550.78,6552.51,5,False,,True,Yahoo Finance ^GSPC,正式推出後
2025-10-17,2025-10-13,2025-10-19,2025-10-13,2025-10-17,6622.53,6724.12,6555.07,6664.01,5,False,,True,Yahoo Finance ^GSPC,正式推出後
2025-10-24,2025-10-20,2025-10-26,2025-10-20,2025-10-24,6690.05,6807.11,6655.69,6791.69,5,False,,True,Yahoo Finance ^GSPC,正式推出後
2025-10-31,2025-10-27,2025-11-02,2025-10-27,2025-10-31,6845.46,6920.34,6814.26,6840.20,5,False,,True,Yahoo Finance ^GSPC,正式推出後
2025-11-07,2025-11-03,2025-11-09,2025-11-03,2025-11-07,6882.32,6882.32,6631.44,6728.80,5,False,,True,Yahoo Finance ^GSPC,正式推出後
2025-11-14,2025-11-10,2025-11-16,2025-11-10,2025-11-14,6785.36,6869.91,6646.87,6734.11,5,False,,True,Yahoo Finance ^GSPC,正式推出後
2025-11-21,2025-11-17,2025-11-23,2025-11-17,2025-11-21,6713.61,6770.35,6521.92,6602.99,5,False,,True,Yahoo Finance ^GSPC,正式推出後
2025-11-28,2025-11-24,2025-11-30,2025-11-24,2025-11-28,6636.54,6850.86,6630.70,6849.09,4,False,,True,Yahoo Finance ^GSPC,正式推出後
2025-12-05,2025-12-01,2025-12-07,2025-12-01,2025-12-05,6812.30,6895.78,6799.94,6870.40,5,False,,True,Yahoo Finance ^GSPC,正式推出後
2025-12-12,2025-12-08,2025-12-14,2025-12-08,2025-12-12,6875.20,6903.46,6801.79,6827.41,5,False,,True,Yahoo Finance ^GSPC,正式推出後
2025-12-19,2025-12-15,2025-12-21,2025-12-15,2025-12-19,6860.19,6861.59,6720.43,6834.50,5,False,,True,Yahoo Finance ^GSPC,正式推出後
2025-12-26,2025-12-22,2025-12-28,2025-12-22,2025-12-26,6865.21,6945.77,6855.74,6929.94,4,False,,True,Yahoo Finance ^GSPC,正式推出後
2026-01-02,2025-12-29,2026-01-04,2025-12-29,2026-01-02,6903.60,6920.21,6824.31,6858.47,4,False,,True,Yahoo Finance ^GSPC,正式推出後
2026-01-09,2026-01-05,2026-01-11,2026-01-05,2026-01-09,6892.19,6978.36,6891.56,6966.28,5,False,,True,Yahoo Finance ^GSPC,正式推出後
2026-01-16,2026-01-12,2026-01-18,2026-01-12,2026-01-16,6944.12,6986.33,6885.74,6940.01,5,False,,True,Yahoo Finance ^GSPC,正式推出後
2026-01-23,2026-01-19,2026-01-25,2026-01-20,2026-01-23,6865.24,6934.75,6789.05,6915.61,4,False,,True,Yahoo Finance ^GSPC,正式推出後
2026-01-30,2026-01-26,2026-02-01,2026-01-26,2026-01-30,6923.23,7002.28,6870.80,6939.03,5,False,,True,Yahoo Finance ^GSPC,正式推出後
2026-02-06,2026-02-02,2026-02-08,2026-02-02,2026-02-06,6916.64,6993.08,6780.13,6932.30,5,False,,True,Yahoo Finance ^GSPC,正式推出後
2026-02-13,2026-02-09,2026-02-15,2026-02-09,2026-02-13,6917.26,6993.48,6794.55,6836.17,5,False,,True,Yahoo Finance ^GSPC,正式推出後
2026-02-20,2026-02-16,2026-02-22,2026-02-17,2026-02-20,6819.86,6915.86,6775.50,6909.51,4,False,,True,Yahoo Finance ^GSPC,正式推出後
2026-02-27,2026-02-23,2026-03-01,2026-02-23,2026-02-27,6901.25,6952.51,6815.43,6878.88,5,False,,True,Yahoo Finance ^GSPC,正式推出後
2026-03-06,2026-03-02,2026-03-08,2026-03-02,2026-03-06,6824.36,6901.01,6710.42,6740.02,5,False,,True,Yahoo Finance ^GSPC,正式推出後
2026-03-13,2026-03-09,2026-03-15,2026-03-09,2026-03-13,6699.80,6845.08,6623.92,6632.19,5,False,,True,Yahoo Finance ^GSPC,正式推出後
2026-03-20,2026-03-16,2026-03-22,2026-03-16,2026-03-20,6674.37,6754.30,6473.52,6506.48,5,False,,True,Yahoo Finance ^GSPC,正式推出後
2026-03-27,2026-03-23,2026-03-29,2026-03-23,2026-03-27,6574.96,6651.62,6356.08,6368.85,5,False,,True,Yahoo Finance ^GSPC,正式推出後
2026-04-02,2026-03-30,2026-04-05,2026-03-30,2026-04-02,6403.37,6609.67,6316.91,6582.69,4,False,,True,Yahoo Finance ^GSPC,正式推出後
2026-04-10,2026-04-06,2026-04-12,2026-04-06,2026-04-10,6587.66,6845.77,6534.55,6816.89,5,False,,True,Yahoo Finance ^GSPC,正式推出後
2026-04-17,2026-04-13,2026-04-19,2026-04-13,2026-04-17,6806.47,7147.52,6790.02,7126.06,5,False,,True,Yahoo Finance ^GSPC,正式推出後
2026-04-24,2026-04-20,2026-04-26,2026-04-20,2026-04-24,7117.05,7168.59,7046.55,7165.08,5,False,,True,Yahoo Finance ^GSPC,正式推出後
2026-05-01,2026-04-27,2026-05-03,2026-04-27,2026-05-01,7152.72,7272.52,7107.86,7230.12,5,False,,True,Yahoo Finance ^GSPC,正式推出後
2026-05-08,2026-05-04,2026-05-10,2026-05-04,2026-05-08,7228.38,7401.50,7174.12,7398.93,5,False,,True,Yahoo Finance ^GSPC,正式推出後
2026-05-15,2026-05-11,2026-05-17,2026-05-11,2026-05-15,7385.31,7517.12,7338.54,7408.50,5,False,,True,Yahoo Finance ^GSPC,正式推出後
2026-05-22,2026-05-18,2026-05-24,2026-05-18,2026-05-22,7415.07,7506.32,7333.68,7473.47,5,False,,True,Yahoo Finance ^GSPC,正式推出後
2026-05-29,2026-05-25,2026-05-31,2026-05-26,2026-05-29,7511.79,7599.38,7499.72,7580.06,4,False,,True,Yahoo Finance ^GSPC,正式推出後
2026-06-05,2026-06-01,2026-06-07,2026-06-01,2026-06-05,7582.29,7620.90,7368.63,7383.74,5,False,,True,Yahoo Finance ^GSPC,正式推出後
2026-06-12,2026-06-08,2026-06-14,2026-06-08,2026-06-12,7440.57,7483.15,7237.85,7431.46,5,False,,True,Yahoo Finance ^GSPC,正式推出後
2026-06-18,2026-06-15,2026-06-21,2026-06-15,2026-06-18,7516.75,7577.92,7402.61,7500.58,4,False,,True,Yahoo Finance ^GSPC,正式推出後
2026-06-26,2026-06-22,2026-06-28,2026-06-22,2026-06-26,7500.44,7530.01,7294.18,7354.02,5,False,,True,Yahoo Finance ^GSPC,正式推出後
2026-07-02,2026-06-29,2026-07-05,2026-06-29,2026-07-02,7391.88,7540.75,7348.88,7483.24,4,False,,True,Yahoo Finance ^GSPC,正式推出後
2026-07-10,2026-07-06,2026-07-12,2026-07-06,2026-07-10,7506.96,7579.93,7421.82,7575.39,5,False,,True,Yahoo Finance ^GSPC,正式推出後
2026-07-17,2026-07-13,2026-07-19,2026-07-13,2026-07-17,7547.53,7581.50,7431.26,7457.69,5,False,,True,Yahoo Finance ^GSPC,正式推出後
2026-07-24,2026-07-20,2026-07-26,2026-07-20,2026-07-24,7489.18,7525.94,7376.00,7411.98,5,False,,True,Yahoo Finance ^GSPC,正式推出後
2026-07-31,2026-07-27,2026-08-02,2026-07-27,2026-07-31,7464.20,7512.04,7313.92,7489.72,5,False,,True,Yahoo Finance ^GSPC,正式推出後
2026-08-07,2026-08-03,2026-08-09,2026-08-03,2026-08-07,7504.78,7793.68,7504.78,7757.64,5,False,,True,Yahoo Finance ^GSPC,正式推出後
2026-08-14,2026-08-10,2026-08-16,2026-08-10,2026-08-14,7751.74,7816.70,7717.25,7785.76,5,False,,True,Yahoo Finance ^GSPC,正式推出後
2026-08-21,2026-08-17,2026-08-23,2026-08-17,2026-08-21,7790.68,7790.68,7639.01,7674.37,5,False,,True,Yahoo Finance ^GSPC,正式推出後
2026-08-28,2026-08-24,2026-08-30,2026-08-24,2026-08-28,7663.38,7771.48,7638.17,7711.76,5,False,,True,Yahoo Finance ^GSPC,正式推出後
2026-09-04,2026-08-31,2026-09-06,2026-08-31,2026-09-04,7697.52,7756.76,7611.20,7718.60,5,False,,True,Yahoo Finance ^GSPC,正式推出後
2026-09-08,2026-09-07,2026-09-13,2026-09-08,2026-09-08,7717.81,7717.81,7666.99,7673.52,1,True,期間尚未結束／已截斷,True,Yahoo Finance ^GSPC,正式推出後
