date,period_start,period_end,first_trade_date,last_trade_date,open,high,low,close,trading_days,is_partial,partial_reason,has_ohlc,source,history_kind
1927-12-30,1927-12-01,1927-12-31,1927-12-30,1927-12-30,,,,17.66,1,True,來源起點不足整期,False,Yahoo Finance ^GSPC,供應商期初值
1928-01-31,1928-01-01,1928-01-31,1928-01-03,1928-01-31,,,,17.57,21,False,,False,Yahoo Finance ^GSPC,推出前回溯
1928-02-29,1928-02-01,1928-02-29,1928-02-01,1928-02-29,,,,17.26,19,False,,False,Yahoo Finance ^GSPC,推出前回溯
1928-03-30,1928-03-01,1928-03-31,1928-03-01,1928-03-30,,,,19.28,22,False,,False,Yahoo Finance ^GSPC,推出前回溯
1928-04-30,1928-04-01,1928-04-30,1928-04-02,1928-04-30,,,,19.75,20,False,,False,Yahoo Finance ^GSPC,推出前回溯
1928-05-31,1928-05-01,1928-05-31,1928-05-01,1928-05-31,,,,20.00,22,False,,False,Yahoo Finance ^GSPC,推出前回溯
1928-06-29,1928-06-01,1928-06-30,1928-06-01,1928-06-29,,,,19.14,21,False,,False,Yahoo Finance ^GSPC,推出前回溯
1928-07-31,1928-07-01,1928-07-31,1928-07-02,1928-07-31,,,,19.43,21,False,,False,Yahoo Finance ^GSPC,推出前回溯
1928-08-31,1928-08-01,1928-08-31,1928-08-01,1928-08-31,,,,20.87,23,False,,False,Yahoo Finance ^GSPC,推出前回溯
1928-09-28,1928-09-01,1928-09-30,1928-09-04,1928-09-28,,,,21.14,19,False,,False,Yahoo Finance ^GSPC,推出前回溯
1928-10-31,1928-10-01,1928-10-31,1928-10-01,1928-10-31,,,,21.68,22,False,,False,Yahoo Finance ^GSPC,推出前回溯
1928-11-30,1928-11-01,1928-11-30,1928-11-01,1928-11-30,,,,24.28,20,False,,False,Yahoo Finance ^GSPC,推出前回溯
1928-12-31,1928-12-01,1928-12-31,1928-12-03,1928-12-31,,,,24.35,20,False,,False,Yahoo Finance ^GSPC,推出前回溯
1929-01-31,1929-01-01,1929-01-31,1929-01-02,1929-01-31,,,,25.74,22,False,,False,Yahoo Finance ^GSPC,推出前回溯
1929-02-28,1929-02-01,1929-02-28,1929-02-01,1929-02-28,,,,25.59,18,False,,False,Yahoo Finance ^GSPC,推出前回溯
1929-03-28,1929-03-01,1929-03-31,1929-03-01,1929-03-28,,,,25.53,20,False,,False,Yahoo Finance ^GSPC,推出前回溯
1929-04-30,1929-04-01,1929-04-30,1929-04-01,1929-04-30,,,,25.94,22,False,,False,Yahoo Finance ^GSPC,推出前回溯
1929-05-31,1929-05-01,1929-05-31,1929-05-01,1929-05-31,,,,24.83,22,False,,False,Yahoo Finance ^GSPC,推出前回溯
1929-06-28,1929-06-01,1929-06-30,1929-06-03,1929-06-28,,,,27.41,20,False,,False,Yahoo Finance ^GSPC,推出前回溯
1929-07-31,1929-07-01,1929-07-31,1929-07-01,1929-07-31,,,,28.88,22,False,,False,Yahoo Finance ^GSPC,推出前回溯
1929-08-30,1929-08-01,1929-08-31,1929-08-01,1929-08-30,,,,31.71,22,False,,False,Yahoo Finance ^GSPC,推出前回溯
1929-09-30,1929-09-01,1929-09-30,1929-09-03,1929-09-30,,,,30.16,20,False,,False,Yahoo Finance ^GSPC,推出前回溯
1929-10-31,1929-10-01,1929-10-31,1929-10-01,1929-10-31,,,,24.15,23,False,,False,Yahoo Finance ^GSPC,推出前回溯
1929-11-27,1929-11-01,1929-11-30,1929-11-04,1929-11-27,,,,20.92,17,False,,False,Yahoo Finance ^GSPC,推出前回溯
1929-12-31,1929-12-01,1929-12-31,1929-12-02,1929-12-31,,,,21.45,21,False,,False,Yahoo Finance ^GSPC,推出前回溯
1930-01-31,1930-01-01,1930-01-31,1930-01-02,1930-01-31,,,,22.79,22,False,,False,Yahoo Finance ^GSPC,推出前回溯
1930-02-28,1930-02-01,1930-02-28,1930-02-03,1930-02-28,,,,23.28,19,False,,False,Yahoo Finance ^GSPC,推出前回溯
1930-03-31,1930-03-01,1930-03-31,1930-03-03,1930-03-31,,,,24.15,21,False,,False,Yahoo Finance ^GSPC,推出前回溯
1930-04-30,1930-04-01,1930-04-30,1930-04-01,1930-04-30,,,,24.90,21,False,,False,Yahoo Finance ^GSPC,推出前回溯
1930-05-29,1930-05-01,1930-05-31,1930-05-01,1930-05-29,,,,24.49,21,False,,False,Yahoo Finance ^GSPC,推出前回溯
1930-06-30,1930-06-01,1930-06-30,1930-06-02,1930-06-30,,,,20.46,21,False,,False,Yahoo Finance ^GSPC,推出前回溯
1930-07-31,1930-07-01,1930-07-31,1930-07-01,1930-07-31,,,,21.21,22,False,,False,Yahoo Finance ^GSPC,推出前回溯
1930-08-29,1930-08-01,1930-08-31,1930-08-01,1930-08-29,,,,21.37,21,False,,False,Yahoo Finance ^GSPC,推出前回溯
1930-09-30,1930-09-01,1930-09-30,1930-09-02,1930-09-30,,,,18.59,21,False,,False,Yahoo Finance ^GSPC,推出前回溯
1930-10-31,1930-10-01,1930-10-31,1930-10-01,1930-10-31,,,,16.94,22,False,,False,Yahoo Finance ^GSPC,推出前回溯
1930-11-28,1930-11-01,1930-11-30,1930-11-03,1930-11-28,,,,16.38,18,False,,False,Yahoo Finance ^GSPC,推出前回溯
1930-12-31,1930-12-01,1930-12-31,1930-12-01,1930-12-31,,,,15.34,22,False,,False,Yahoo Finance ^GSPC,推出前回溯
1931-01-30,1931-01-01,1931-01-31,1931-01-02,1931-01-30,,,,16.19,21,False,,False,Yahoo Finance ^GSPC,推出前回溯
1931-02-27,1931-02-01,1931-02-28,1931-02-02,1931-02-27,,,,18.03,18,False,,False,Yahoo Finance ^GSPC,推出前回溯
1931-03-31,1931-03-01,1931-03-31,1931-03-02,1931-03-31,,,,16.69,22,False,,False,Yahoo Finance ^GSPC,推出前回溯
1931-04-30,1931-04-01,1931-04-30,1931-04-01,1931-04-30,,,,15.09,21,False,,False,Yahoo Finance ^GSPC,推出前回溯
1931-05-29,1931-05-01,1931-05-31,1931-05-01,1931-05-29,,,,13.02,21,False,,False,Yahoo Finance ^GSPC,推出前回溯
1931-06-30,1931-06-01,1931-06-30,1931-06-01,1931-06-30,,,,14.83,22,False,,False,Yahoo Finance ^GSPC,推出前回溯
1931-07-31,1931-07-01,1931-07-31,1931-07-01,1931-07-31,,,,13.73,23,False,,False,Yahoo Finance ^GSPC,推出前回溯
1931-08-31,1931-08-01,1931-08-31,1931-08-03,1931-08-31,,,,13.86,21,False,,False,Yahoo Finance ^GSPC,推出前回溯
1931-09-30,1931-09-01,1931-09-30,1931-09-01,1931-09-30,,,,9.71,21,False,,False,Yahoo Finance ^GSPC,推出前回溯
1931-10-30,1931-10-01,1931-10-31,1931-10-01,1931-10-30,,,,10.43,21,False,,False,Yahoo Finance ^GSPC,推出前回溯
1931-11-30,1931-11-01,1931-11-30,1931-11-02,1931-11-30,,,,9.50,19,False,,False,Yahoo Finance ^GSPC,推出前回溯
1931-12-31,1931-12-01,1931-12-31,1931-12-01,1931-12-31,,,,8.12,22,False,,False,Yahoo Finance ^GSPC,推出前回溯
1932-01-29,1932-01-01,1932-01-31,1932-01-04,1932-01-29,,,,7.94,20,False,,False,Yahoo Finance ^GSPC,推出前回溯
1932-02-29,1932-02-01,1932-02-29,1932-02-01,1932-02-29,,,,8.29,19,False,,False,Yahoo Finance ^GSPC,推出前回溯
1932-03-31,1932-03-01,1932-03-31,1932-03-01,1932-03-31,,,,7.31,22,False,,False,Yahoo Finance ^GSPC,推出前回溯
1932-04-29,1932-04-01,1932-04-30,1932-04-01,1932-04-29,,,,5.83,21,False,,False,Yahoo Finance ^GSPC,推出前回溯
1932-05-31,1932-05-01,1932-05-31,1932-05-02,1932-05-31,,,,4.47,21,False,,False,Yahoo Finance ^GSPC,推出前回溯
1932-06-30,1932-06-01,1932-06-30,1932-06-01,1932-06-30,,,,4.43,22,False,,False,Yahoo Finance ^GSPC,推出前回溯
1932-07-29,1932-07-01,1932-07-31,1932-07-01,1932-07-29,,,,6.03,20,False,,False,Yahoo Finance ^GSPC,推出前回溯
1932-08-31,1932-08-01,1932-08-31,1932-08-01,1932-08-31,,,,8.39,23,False,,False,Yahoo Finance ^GSPC,推出前回溯
1932-09-30,1932-09-01,1932-09-30,1932-09-01,1932-09-30,,,,8.08,21,False,,False,Yahoo Finance ^GSPC,推出前回溯
1932-10-31,1932-10-01,1932-10-31,1932-10-03,1932-10-31,,,,6.96,20,False,,False,Yahoo Finance ^GSPC,推出前回溯
1932-11-30,1932-11-01,1932-11-30,1932-11-01,1932-11-30,,,,6.55,20,False,,False,Yahoo Finance ^GSPC,推出前回溯
1932-12-30,1932-12-01,1932-12-31,1932-12-01,1932-12-30,,,,6.92,21,False,,False,Yahoo Finance ^GSPC,推出前回溯
1933-01-31,1933-01-01,1933-01-31,1933-01-03,1933-01-31,,,,6.94,21,False,,False,Yahoo Finance ^GSPC,推出前回溯
1933-02-28,1933-02-01,1933-02-28,1933-02-01,1933-02-28,,,,5.66,18,False,,False,Yahoo Finance ^GSPC,推出前回溯
1933-03-31,1933-03-01,1933-03-31,1933-03-01,1933-03-31,,,,5.85,16,False,,False,Yahoo Finance ^GSPC,推出前回溯
1933-04-28,1933-04-01,1933-04-30,1933-04-03,1933-04-28,,,,7.83,19,False,,False,Yahoo Finance ^GSPC,推出前回溯
1933-05-31,1933-05-01,1933-05-31,1933-05-01,1933-05-31,,,,9.64,22,False,,False,Yahoo Finance ^GSPC,推出前回溯
1933-06-30,1933-06-01,1933-06-30,1933-06-01,1933-06-30,,,,10.91,22,False,,False,Yahoo Finance ^GSPC,推出前回溯
1933-07-31,1933-07-01,1933-07-31,1933-07-03,1933-07-31,,,,9.95,20,False,,False,Yahoo Finance ^GSPC,推出前回溯
1933-08-31,1933-08-01,1933-08-31,1933-08-01,1933-08-31,,,,11.09,23,False,,False,Yahoo Finance ^GSPC,推出前回溯
1933-09-29,1933-09-01,1933-09-30,1933-09-01,1933-09-29,,,,9.72,20,False,,False,Yahoo Finance ^GSPC,推出前回溯
1933-10-31,1933-10-01,1933-10-31,1933-10-02,1933-10-31,,,,8.96,21,False,,False,Yahoo Finance ^GSPC,推出前回溯
1933-11-29,1933-11-01,1933-11-30,1933-11-01,1933-11-29,,,,9.88,20,False,,False,Yahoo Finance ^GSPC,推出前回溯
1933-12-29,1933-12-01,1933-12-31,1933-12-01,1933-12-29,,,,9.97,20,False,,False,Yahoo Finance ^GSPC,推出前回溯
1934-01-31,1934-01-01,1934-01-31,1934-01-02,1934-01-31,,,,11.17,22,False,,False,Yahoo Finance ^GSPC,推出前回溯
1934-02-28,1934-02-01,1934-02-28,1934-02-01,1934-02-28,,,,10.76,18,False,,False,Yahoo Finance ^GSPC,推出前回溯
1934-03-29,1934-03-01,1934-03-31,1934-03-01,1934-03-29,,,,10.62,21,False,,False,Yahoo Finance ^GSPC,推出前回溯
1934-04-30,1934-04-01,1934-04-30,1934-04-02,1934-04-30,,,,10.46,21,False,,False,Yahoo Finance ^GSPC,推出前回溯
1934-05-31,1934-05-01,1934-05-31,1934-05-01,1934-05-31,,,,9.61,22,False,,False,Yahoo Finance ^GSPC,推出前回溯
1934-06-29,1934-06-01,1934-06-30,1934-06-01,1934-06-29,,,,9.81,21,False,,False,Yahoo Finance ^GSPC,推出前回溯
1934-07-31,1934-07-01,1934-07-31,1934-07-02,1934-07-31,,,,8.68,21,False,,False,Yahoo Finance ^GSPC,推出前回溯
1934-08-31,1934-08-01,1934-08-31,1934-08-01,1934-08-31,,,,9.15,23,False,,False,Yahoo Finance ^GSPC,推出前回溯
1934-09-28,1934-09-01,1934-09-30,1934-09-04,1934-09-28,,,,9.08,19,False,,False,Yahoo Finance ^GSPC,推出前回溯
1934-10-31,1934-10-01,1934-10-31,1934-10-01,1934-10-31,,,,8.81,22,False,,False,Yahoo Finance ^GSPC,推出前回溯
1934-11-30,1934-11-01,1934-11-30,1934-11-01,1934-11-30,,,,9.54,19,False,,False,Yahoo Finance ^GSPC,推出前回溯
1934-12-31,1934-12-01,1934-12-31,1934-12-03,1934-12-31,,,,9.50,20,False,,False,Yahoo Finance ^GSPC,推出前回溯
1935-01-31,1935-01-01,1935-01-31,1935-01-02,1935-01-31,,,,9.10,22,False,,False,Yahoo Finance ^GSPC,推出前回溯
1935-02-28,1935-02-01,1935-02-28,1935-02-01,1935-02-28,,,,8.74,18,False,,False,Yahoo Finance ^GSPC,推出前回溯
1935-03-29,1935-03-01,1935-03-31,1935-03-01,1935-03-29,,,,8.45,21,False,,False,Yahoo Finance ^GSPC,推出前回溯
1935-04-30,1935-04-01,1935-04-30,1935-04-01,1935-04-30,,,,9.28,21,False,,False,Yahoo Finance ^GSPC,推出前回溯
1935-05-31,1935-05-01,1935-05-31,1935-05-01,1935-05-31,,,,9.58,22,False,,False,Yahoo Finance ^GSPC,推出前回溯
1935-06-28,1935-06-01,1935-06-30,1935-06-03,1935-06-28,,,,10.24,20,False,,False,Yahoo Finance ^GSPC,推出前回溯
1935-07-31,1935-07-01,1935-07-31,1935-07-01,1935-07-31,,,,11.08,22,False,,False,Yahoo Finance ^GSPC,推出前回溯
1935-08-30,1935-08-01,1935-08-31,1935-08-01,1935-08-30,,,,11.24,22,False,,False,Yahoo Finance ^GSPC,推出前回溯
1935-09-30,1935-09-01,1935-09-30,1935-09-03,1935-09-30,,,,11.59,20,False,,False,Yahoo Finance ^GSPC,推出前回溯
1935-10-31,1935-10-01,1935-10-31,1935-10-01,1935-10-31,,,,12.46,23,False,,False,Yahoo Finance ^GSPC,推出前回溯
1935-11-29,1935-11-01,1935-11-30,1935-11-01,1935-11-29,,,,12.94,18,False,,False,Yahoo Finance ^GSPC,推出前回溯
1935-12-31,1935-12-01,1935-12-31,1935-12-02,1935-12-31,,,,13.43,21,False,,False,Yahoo Finance ^GSPC,推出前回溯
1936-01-31,1936-01-01,1936-01-31,1936-01-02,1936-01-31,,,,14.31,22,False,,False,Yahoo Finance ^GSPC,推出前回溯
1936-02-28,1936-02-01,1936-02-29,1936-02-03,1936-02-28,,,,14.60,19,False,,False,Yahoo Finance ^GSPC,推出前回溯
1936-03-31,1936-03-01,1936-03-31,1936-03-02,1936-03-31,,,,14.92,22,False,,False,Yahoo Finance ^GSPC,推出前回溯
1936-04-30,1936-04-01,1936-04-30,1936-04-01,1936-04-30,,,,13.77,21,False,,False,Yahoo Finance ^GSPC,推出前回溯
1936-05-29,1936-05-01,1936-05-31,1936-05-01,1936-05-29,,,,14.40,21,False,,False,Yahoo Finance ^GSPC,推出前回溯
1936-06-30,1936-06-01,1936-06-30,1936-06-01,1936-06-30,,,,14.84,22,False,,False,Yahoo Finance ^GSPC,推出前回溯
1936-07-31,1936-07-01,1936-07-31,1936-07-01,1936-07-31,,,,15.85,23,False,,False,Yahoo Finance ^GSPC,推出前回溯
1936-08-31,1936-08-01,1936-08-31,1936-08-03,1936-08-31,,,,15.99,21,False,,False,Yahoo Finance ^GSPC,推出前回溯
1936-09-30,1936-09-01,1936-09-30,1936-09-01,1936-09-30,,,,16.01,21,False,,False,Yahoo Finance ^GSPC,推出前回溯
1936-10-30,1936-10-01,1936-10-31,1936-10-01,1936-10-30,,,,17.23,21,False,,False,Yahoo Finance ^GSPC,推出前回溯
1936-11-30,1936-11-01,1936-11-30,1936-11-02,1936-11-30,,,,17.28,18,False,,False,Yahoo Finance ^GSPC,推出前回溯
1936-12-31,1936-12-01,1936-12-31,1936-12-01,1936-12-31,,,,17.18,22,False,,False,Yahoo Finance ^GSPC,推出前回溯
1937-01-29,1937-01-01,1937-01-31,1937-01-04,1937-01-29,,,,17.77,20,False,,False,Yahoo Finance ^GSPC,推出前回溯
1937-02-26,1937-02-01,1937-02-28,1937-02-01,1937-02-26,,,,18.06,18,False,,False,Yahoo Finance ^GSPC,推出前回溯
1937-03-31,1937-03-01,1937-03-31,1937-03-01,1937-03-31,,,,17.92,22,False,,False,Yahoo Finance ^GSPC,推出前回溯
1937-04-30,1937-04-01,1937-04-30,1937-04-01,1937-04-30,,,,16.43,22,False,,False,Yahoo Finance ^GSPC,推出前回溯
1937-05-28,1937-05-01,1937-05-31,1937-05-03,1937-05-28,,,,16.26,20,False,,False,Yahoo Finance ^GSPC,推出前回溯
1937-06-30,1937-06-01,1937-06-30,1937-06-01,1937-06-30,,,,15.40,22,False,,False,Yahoo Finance ^GSPC,推出前回溯
1937-07-30,1937-07-01,1937-07-31,1937-07-01,1937-07-30,,,,16.77,21,False,,False,Yahoo Finance ^GSPC,推出前回溯
1937-08-31,1937-08-01,1937-08-31,1937-08-02,1937-08-31,,,,16.04,22,False,,False,Yahoo Finance ^GSPC,推出前回溯
1937-09-30,1937-09-01,1937-09-30,1937-09-01,1937-09-30,,,,13.76,21,False,,False,Yahoo Finance ^GSPC,推出前回溯
1937-10-29,1937-10-01,1937-10-31,1937-10-01,1937-10-29,,,,12.35,20,False,,False,Yahoo Finance ^GSPC,推出前回溯
1937-11-30,1937-11-01,1937-11-30,1937-11-01,1937-11-30,,,,11.11,19,False,,False,Yahoo Finance ^GSPC,推出前回溯
1937-12-31,1937-12-01,1937-12-31,1937-12-01,1937-12-31,,,,10.55,23,False,,False,Yahoo Finance ^GSPC,推出前回溯
1938-01-31,1938-01-01,1938-01-31,1938-01-03,1938-01-31,,,,10.69,21,False,,False,Yahoo Finance ^GSPC,推出前回溯
1938-02-28,1938-02-01,1938-02-28,1938-02-01,1938-02-28,,,,11.34,19,False,,False,Yahoo Finance ^GSPC,推出前回溯
1938-03-31,1938-03-01,1938-03-31,1938-03-01,1938-03-31,,,,8.50,23,False,,False,Yahoo Finance ^GSPC,推出前回溯
1938-04-29,1938-04-01,1938-04-30,1938-04-01,1938-04-29,,,,9.78,20,False,,False,Yahoo Finance ^GSPC,推出前回溯
1938-05-31,1938-05-01,1938-05-31,1938-05-02,1938-05-31,,,,9.27,21,False,,False,Yahoo Finance ^GSPC,推出前回溯
1938-06-30,1938-06-01,1938-06-30,1938-06-01,1938-06-30,,,,11.56,22,False,,False,Yahoo Finance ^GSPC,推出前回溯
1938-07-29,1938-07-01,1938-07-31,1938-07-01,1938-07-29,,,,12.33,20,False,,False,Yahoo Finance ^GSPC,推出前回溯
1938-08-31,1938-08-01,1938-08-31,1938-08-01,1938-08-31,,,,12.06,23,False,,False,Yahoo Finance ^GSPC,推出前回溯
1938-09-30,1938-09-01,1938-09-30,1938-09-01,1938-09-30,,,,12.24,21,False,,False,Yahoo Finance ^GSPC,推出前回溯
1938-10-31,1938-10-01,1938-10-31,1938-10-03,1938-10-31,,,,13.17,20,False,,False,Yahoo Finance ^GSPC,推出前回溯
1938-11-30,1938-11-01,1938-11-30,1938-11-01,1938-11-30,,,,12.73,19,False,,False,Yahoo Finance ^GSPC,推出前回溯
1938-12-30,1938-12-01,1938-12-31,1938-12-01,1938-12-30,,,,13.14,21,False,,False,Yahoo Finance ^GSPC,推出前回溯
1939-01-31,1939-01-01,1939-01-31,1939-01-03,1939-01-31,,,,12.30,21,False,,False,Yahoo Finance ^GSPC,推出前回溯
1939-02-28,1939-02-01,1939-02-28,1939-02-01,1939-02-28,,,,12.70,18,False,,False,Yahoo Finance ^GSPC,推出前回溯
1939-03-31,1939-03-01,1939-03-31,1939-03-01,1939-03-31,,,,10.98,23,False,,False,Yahoo Finance ^GSPC,推出前回溯
1939-04-28,1939-04-01,1939-04-30,1939-04-03,1939-04-28,,,,10.93,19,False,,False,Yahoo Finance ^GSPC,推出前回溯
1939-05-31,1939-05-01,1939-05-31,1939-05-01,1939-05-31,,,,11.60,22,False,,False,Yahoo Finance ^GSPC,推出前回溯
1939-06-30,1939-06-01,1939-06-30,1939-06-01,1939-06-30,,,,10.86,22,False,,False,Yahoo Finance ^GSPC,推出前回溯
1939-07-31,1939-07-01,1939-07-31,1939-07-03,1939-07-31,,,,12.04,20,False,,False,Yahoo Finance ^GSPC,推出前回溯
1939-08-31,1939-08-01,1939-08-31,1939-08-01,1939-08-31,,,,11.18,23,False,,False,Yahoo Finance ^GSPC,推出前回溯
1939-09-29,1939-09-01,1939-09-30,1939-09-01,1939-09-29,,,,12.79,20,False,,False,Yahoo Finance ^GSPC,推出前回溯
1939-10-31,1939-10-01,1939-10-31,1939-10-02,1939-10-31,,,,12.83,21,False,,False,Yahoo Finance ^GSPC,推出前回溯
1939-11-30,1939-11-01,1939-11-30,1939-11-01,1939-11-30,,,,12.20,20,False,,False,Yahoo Finance ^GSPC,推出前回溯
1939-12-29,1939-12-01,1939-12-31,1939-12-01,1939-12-29,,,,12.46,20,False,,False,Yahoo Finance ^GSPC,推出前回溯
1940-01-31,1940-01-01,1940-01-31,1940-01-02,1940-01-31,,,,12.05,22,False,,False,Yahoo Finance ^GSPC,推出前回溯
1940-02-29,1940-02-01,1940-02-29,1940-02-01,1940-02-29,,,,12.13,19,False,,False,Yahoo Finance ^GSPC,推出前回溯
1940-03-29,1940-03-01,1940-03-31,1940-03-01,1940-03-29,,,,12.18,20,False,,False,Yahoo Finance ^GSPC,推出前回溯
1940-04-30,1940-04-01,1940-04-30,1940-04-01,1940-04-30,,,,12.19,22,False,,False,Yahoo Finance ^GSPC,推出前回溯
1940-05-31,1940-05-01,1940-05-31,1940-05-01,1940-05-31,,,,9.27,22,False,,False,Yahoo Finance ^GSPC,推出前回溯
1940-06-28,1940-06-01,1940-06-30,1940-06-03,1940-06-28,,,,9.98,20,False,,False,Yahoo Finance ^GSPC,推出前回溯
1940-07-31,1940-07-01,1940-07-31,1940-07-01,1940-07-31,,,,10.29,22,False,,False,Yahoo Finance ^GSPC,推出前回溯
1940-08-30,1940-08-01,1940-08-31,1940-08-01,1940-08-30,,,,10.50,22,False,,False,Yahoo Finance ^GSPC,推出前回溯
1940-09-30,1940-09-01,1940-09-30,1940-09-03,1940-09-30,,,,10.66,20,False,,False,Yahoo Finance ^GSPC,推出前回溯
1940-10-31,1940-10-01,1940-10-31,1940-10-01,1940-10-31,,,,11.08,23,False,,False,Yahoo Finance ^GSPC,推出前回溯
1940-11-29,1940-11-01,1940-11-30,1940-11-01,1940-11-29,,,,10.57,18,False,,False,Yahoo Finance ^GSPC,推出前回溯
1940-12-31,1940-12-01,1940-12-31,1940-12-02,1940-12-31,,,,10.58,21,False,,False,Yahoo Finance ^GSPC,推出前回溯
1941-01-31,1941-01-01,1941-01-31,1941-01-02,1941-01-31,,,,10.07,22,False,,False,Yahoo Finance ^GSPC,推出前回溯
1941-02-28,1941-02-01,1941-02-28,1941-02-03,1941-02-28,,,,9.92,19,False,,False,Yahoo Finance ^GSPC,推出前回溯
1941-03-31,1941-03-01,1941-03-31,1941-03-03,1941-03-31,,,,9.96,21,False,,False,Yahoo Finance ^GSPC,推出前回溯
1941-04-30,1941-04-01,1941-04-30,1941-04-01,1941-04-30,,,,9.31,21,False,,False,Yahoo Finance ^GSPC,推出前回溯
1941-05-29,1941-05-01,1941-05-31,1941-05-01,1941-05-29,,,,9.38,21,False,,False,Yahoo Finance ^GSPC,推出前回溯
1941-06-30,1941-06-01,1941-06-30,1941-06-02,1941-06-30,,,,9.85,21,False,,False,Yahoo Finance ^GSPC,推出前回溯
1941-07-31,1941-07-01,1941-07-31,1941-07-01,1941-07-31,,,,10.39,22,False,,False,Yahoo Finance ^GSPC,推出前回溯
1941-08-29,1941-08-01,1941-08-31,1941-08-01,1941-08-29,,,,10.28,21,False,,False,Yahoo Finance ^GSPC,推出前回溯
1941-09-30,1941-09-01,1941-09-30,1941-09-02,1941-09-30,,,,10.20,21,False,,False,Yahoo Finance ^GSPC,推出前回溯
1941-10-31,1941-10-01,1941-10-31,1941-10-01,1941-10-31,,,,9.50,22,False,,False,Yahoo Finance ^GSPC,推出前回溯
1941-11-28,1941-11-01,1941-11-30,1941-11-03,1941-11-28,,,,9.12,17,False,,False,Yahoo Finance ^GSPC,推出前回溯
1941-12-31,1941-12-01,1941-12-31,1941-12-01,1941-12-31,,,,8.69,22,False,,False,Yahoo Finance ^GSPC,推出前回溯
1942-01-30,1942-01-01,1942-01-31,1942-01-02,1942-01-30,,,,8.85,21,False,,False,Yahoo Finance ^GSPC,推出前回溯
1942-02-27,1942-02-01,1942-02-28,1942-02-02,1942-02-27,,,,8.59,18,False,,False,Yahoo Finance ^GSPC,推出前回溯
1942-03-31,1942-03-01,1942-03-31,1942-03-02,1942-03-31,,,,8.01,22,False,,False,Yahoo Finance ^GSPC,推出前回溯
1942-04-30,1942-04-01,1942-04-30,1942-04-01,1942-04-30,,,,7.66,21,False,,False,Yahoo Finance ^GSPC,推出前回溯
1942-05-29,1942-05-01,1942-05-31,1942-05-01,1942-05-29,,,,8.15,21,False,,False,Yahoo Finance ^GSPC,推出前回溯
1942-06-30,1942-06-01,1942-06-30,1942-06-01,1942-06-30,,,,8.30,22,False,,False,Yahoo Finance ^GSPC,推出前回溯
1942-07-31,1942-07-01,1942-07-31,1942-07-01,1942-07-31,,,,8.56,23,False,,False,Yahoo Finance ^GSPC,推出前回溯
1942-08-31,1942-08-01,1942-08-31,1942-08-03,1942-08-31,,,,8.62,21,False,,False,Yahoo Finance ^GSPC,推出前回溯
1942-09-30,1942-09-01,1942-09-30,1942-09-01,1942-09-30,,,,8.85,21,False,,False,Yahoo Finance ^GSPC,推出前回溯
1942-10-30,1942-10-01,1942-10-31,1942-10-01,1942-10-30,,,,9.36,21,False,,False,Yahoo Finance ^GSPC,推出前回溯
1942-11-30,1942-11-01,1942-11-30,1942-11-02,1942-11-30,,,,9.29,18,False,,False,Yahoo Finance ^GSPC,推出前回溯
1942-12-31,1942-12-01,1942-12-31,1942-12-01,1942-12-31,,,,9.77,22,False,,False,Yahoo Finance ^GSPC,推出前回溯
1943-01-29,1943-01-01,1943-01-31,1943-01-04,1943-01-29,,,,10.44,20,False,,False,Yahoo Finance ^GSPC,推出前回溯
1943-02-26,1943-02-01,1943-02-28,1943-02-01,1943-02-26,,,,10.97,18,False,,False,Yahoo Finance ^GSPC,推出前回溯
1943-03-31,1943-03-01,1943-03-31,1943-03-01,1943-03-31,,,,11.58,23,False,,False,Yahoo Finance ^GSPC,推出前回溯
1943-04-30,1943-04-01,1943-04-30,1943-04-01,1943-04-30,,,,11.59,21,False,,False,Yahoo Finance ^GSPC,推出前回溯
1943-05-28,1943-05-01,1943-05-31,1943-05-03,1943-05-28,,,,12.05,20,False,,False,Yahoo Finance ^GSPC,推出前回溯
1943-06-30,1943-06-01,1943-06-30,1943-06-01,1943-06-30,,,,12.35,22,False,,False,Yahoo Finance ^GSPC,推出前回溯
1943-07-30,1943-07-01,1943-07-31,1943-07-01,1943-07-30,,,,11.85,21,False,,False,Yahoo Finance ^GSPC,推出前回溯
1943-08-31,1943-08-01,1943-08-31,1943-08-02,1943-08-31,,,,11.80,22,False,,False,Yahoo Finance ^GSPC,推出前回溯
1943-09-30,1943-09-01,1943-09-30,1943-09-01,1943-09-30,,,,12.08,21,False,,False,Yahoo Finance ^GSPC,推出前回溯
1943-10-29,1943-10-01,1943-10-31,1943-10-01,1943-10-29,,,,11.91,20,False,,False,Yahoo Finance ^GSPC,推出前回溯
1943-11-30,1943-11-01,1943-11-30,1943-11-01,1943-11-30,,,,11.02,19,False,,False,Yahoo Finance ^GSPC,推出前回溯
1943-12-31,1943-12-01,1943-12-31,1943-12-01,1943-12-31,,,,11.67,23,False,,False,Yahoo Finance ^GSPC,推出前回溯
1944-01-31,1944-01-01,1944-01-31,1944-01-03,1944-01-31,,,,11.85,21,False,,False,Yahoo Finance ^GSPC,推出前回溯
1944-02-29,1944-02-01,1944-02-29,1944-02-01,1944-02-29,,,,11.82,20,False,,False,Yahoo Finance ^GSPC,推出前回溯
1944-03-31,1944-03-01,1944-03-31,1944-03-01,1944-03-31,,,,12.02,23,False,,False,Yahoo Finance ^GSPC,推出前回溯
1944-04-28,1944-04-01,1944-04-30,1944-04-03,1944-04-28,,,,11.87,19,False,,False,Yahoo Finance ^GSPC,推出前回溯
1944-05-31,1944-05-01,1944-05-31,1944-05-01,1944-05-31,,,,12.35,22,False,,False,Yahoo Finance ^GSPC,推出前回溯
1944-06-30,1944-06-01,1944-06-30,1944-06-01,1944-06-30,,,,12.98,22,False,,False,Yahoo Finance ^GSPC,推出前回溯
1944-07-31,1944-07-01,1944-07-31,1944-07-03,1944-07-31,,,,12.71,20,False,,False,Yahoo Finance ^GSPC,推出前回溯
1944-08-31,1944-08-01,1944-08-31,1944-08-01,1944-08-31,,,,12.82,23,False,,False,Yahoo Finance ^GSPC,推出前回溯
1944-09-29,1944-09-01,1944-09-30,1944-09-01,1944-09-29,,,,12.74,20,False,,False,Yahoo Finance ^GSPC,推出前回溯
1944-10-31,1944-10-01,1944-10-31,1944-10-02,1944-10-31,,,,12.78,21,False,,False,Yahoo Finance ^GSPC,推出前回溯
1944-11-30,1944-11-01,1944-11-30,1944-11-01,1944-11-30,,,,12.83,20,False,,False,Yahoo Finance ^GSPC,推出前回溯
1944-12-29,1944-12-01,1944-12-31,1944-12-01,1944-12-29,,,,13.28,20,False,,False,Yahoo Finance ^GSPC,推出前回溯
1945-01-31,1945-01-01,1945-01-31,1945-01-02,1945-01-31,,,,13.47,22,False,,False,Yahoo Finance ^GSPC,推出前回溯
1945-02-28,1945-02-01,1945-02-28,1945-02-01,1945-02-28,,,,14.30,18,False,,False,Yahoo Finance ^GSPC,推出前回溯
1945-03-29,1945-03-01,1945-03-31,1945-03-01,1945-03-29,,,,13.61,21,False,,False,Yahoo Finance ^GSPC,推出前回溯
1945-04-30,1945-04-01,1945-04-30,1945-04-02,1945-04-30,,,,14.84,21,False,,False,Yahoo Finance ^GSPC,推出前回溯
1945-05-31,1945-05-01,1945-05-31,1945-05-01,1945-05-31,,,,15.01,22,False,,False,Yahoo Finance ^GSPC,推出前回溯
1945-06-29,1945-06-01,1945-06-30,1945-06-01,1945-06-29,,,,14.87,21,False,,False,Yahoo Finance ^GSPC,推出前回溯
1945-07-31,1945-07-01,1945-07-31,1945-07-02,1945-07-31,,,,14.66,21,False,,False,Yahoo Finance ^GSPC,推出前回溯
1945-08-31,1945-08-01,1945-08-31,1945-08-01,1945-08-31,,,,15.51,21,False,,False,Yahoo Finance ^GSPC,推出前回溯
1945-09-28,1945-09-01,1945-09-30,1945-09-04,1945-09-28,,,,16.05,19,False,,False,Yahoo Finance ^GSPC,推出前回溯
1945-10-31,1945-10-01,1945-10-31,1945-10-01,1945-10-31,,,,16.65,22,False,,False,Yahoo Finance ^GSPC,推出前回溯
1945-11-30,1945-11-01,1945-11-30,1945-11-01,1945-11-30,,,,17.19,19,False,,False,Yahoo Finance ^GSPC,推出前回溯
1945-12-31,1945-12-01,1945-12-31,1945-12-03,1945-12-31,,,,17.36,19,False,,False,Yahoo Finance ^GSPC,推出前回溯
1946-01-31,1946-01-01,1946-01-31,1946-01-02,1946-01-31,,,,18.57,22,False,,False,Yahoo Finance ^GSPC,推出前回溯
1946-02-28,1946-02-01,1946-02-28,1946-02-01,1946-02-28,,,,17.28,18,False,,False,Yahoo Finance ^GSPC,推出前回溯
1946-03-29,1946-03-01,1946-03-31,1946-03-01,1946-03-29,,,,18.04,21,False,,False,Yahoo Finance ^GSPC,推出前回溯
1946-04-30,1946-04-01,1946-04-30,1946-04-01,1946-04-30,,,,18.76,21,False,,False,Yahoo Finance ^GSPC,推出前回溯
1946-05-31,1946-05-01,1946-05-31,1946-05-01,1946-05-31,,,,19.18,22,False,,False,Yahoo Finance ^GSPC,推出前回溯
1946-06-28,1946-06-01,1946-06-30,1946-06-03,1946-06-28,,,,18.43,20,False,,False,Yahoo Finance ^GSPC,推出前回溯
1946-07-31,1946-07-01,1946-07-31,1946-07-01,1946-07-31,,,,17.96,22,False,,False,Yahoo Finance ^GSPC,推出前回溯
1946-08-30,1946-08-01,1946-08-31,1946-08-01,1946-08-30,,,,16.65,22,False,,False,Yahoo Finance ^GSPC,推出前回溯
1946-09-30,1946-09-01,1946-09-30,1946-09-03,1946-09-30,,,,14.96,20,False,,False,Yahoo Finance ^GSPC,推出前回溯
1946-10-31,1946-10-01,1946-10-31,1946-10-01,1946-10-31,,,,14.84,23,False,,False,Yahoo Finance ^GSPC,推出前回溯
1946-11-29,1946-11-01,1946-11-30,1946-11-01,1946-11-29,,,,14.68,18,False,,False,Yahoo Finance ^GSPC,推出前回溯
1946-12-31,1946-12-01,1946-12-31,1946-12-02,1946-12-31,,,,15.30,21,False,,False,Yahoo Finance ^GSPC,推出前回溯
1947-01-31,1947-01-01,1947-01-31,1947-01-02,1947-01-31,,,,15.66,22,False,,False,Yahoo Finance ^GSPC,推出前回溯
1947-02-28,1947-02-01,1947-02-28,1947-02-03,1947-02-28,,,,15.43,19,False,,False,Yahoo Finance ^GSPC,推出前回溯
1947-03-31,1947-03-01,1947-03-31,1947-03-03,1947-03-31,,,,15.17,21,False,,False,Yahoo Finance ^GSPC,推出前回溯
1947-04-30,1947-04-01,1947-04-30,1947-04-01,1947-04-30,,,,14.58,21,False,,False,Yahoo Finance ^GSPC,推出前回溯
1947-05-29,1947-05-01,1947-05-31,1947-05-01,1947-05-29,,,,14.45,21,False,,False,Yahoo Finance ^GSPC,推出前回溯
1947-06-30,1947-06-01,1947-06-30,1947-06-02,1947-06-30,,,,15.21,21,False,,False,Yahoo Finance ^GSPC,推出前回溯
1947-07-31,1947-07-01,1947-07-31,1947-07-01,1947-07-31,,,,15.76,22,False,,False,Yahoo Finance ^GSPC,推出前回溯
1947-08-29,1947-08-01,1947-08-31,1947-08-01,1947-08-29,,,,15.32,21,False,,False,Yahoo Finance ^GSPC,推出前回溯
1947-09-30,1947-09-01,1947-09-30,1947-09-02,1947-09-30,,,,15.11,21,False,,False,Yahoo Finance ^GSPC,推出前回溯
1947-10-31,1947-10-01,1947-10-31,1947-10-01,1947-10-31,,,,15.43,22,False,,False,Yahoo Finance ^GSPC,推出前回溯
1947-11-28,1947-11-01,1947-11-30,1947-11-03,1947-11-28,,,,14.98,17,False,,False,Yahoo Finance ^GSPC,推出前回溯
1947-12-31,1947-12-01,1947-12-31,1947-12-01,1947-12-31,,,,15.30,22,False,,False,Yahoo Finance ^GSPC,推出前回溯
1948-01-30,1948-01-01,1948-01-31,1948-01-02,1948-01-30,,,,14.68,21,False,,False,Yahoo Finance ^GSPC,推出前回溯
1948-02-27,1948-02-01,1948-02-29,1948-02-02,1948-02-27,,,,13.93,18,False,,False,Yahoo Finance ^GSPC,推出前回溯
1948-03-31,1948-03-01,1948-03-31,1948-03-01,1948-03-31,,,,15.08,22,False,,False,Yahoo Finance ^GSPC,推出前回溯
1948-04-30,1948-04-01,1948-04-30,1948-04-01,1948-04-30,,,,15.48,22,False,,False,Yahoo Finance ^GSPC,推出前回溯
1948-05-28,1948-05-01,1948-05-31,1948-05-03,1948-05-28,,,,16.69,20,False,,False,Yahoo Finance ^GSPC,推出前回溯
1948-06-30,1948-06-01,1948-06-30,1948-06-01,1948-06-30,,,,16.74,22,False,,False,Yahoo Finance ^GSPC,推出前回溯
1948-07-30,1948-07-01,1948-07-31,1948-07-01,1948-07-30,,,,15.85,21,False,,False,Yahoo Finance ^GSPC,推出前回溯
1948-08-31,1948-08-01,1948-08-31,1948-08-02,1948-08-31,,,,15.97,22,False,,False,Yahoo Finance ^GSPC,推出前回溯
1948-09-30,1948-09-01,1948-09-30,1948-09-01,1948-09-30,,,,15.49,21,False,,False,Yahoo Finance ^GSPC,推出前回溯
1948-10-29,1948-10-01,1948-10-31,1948-10-01,1948-10-29,,,,16.50,20,False,,False,Yahoo Finance ^GSPC,推出前回溯
1948-11-30,1948-11-01,1948-11-30,1948-11-01,1948-11-30,,,,14.75,19,False,,False,Yahoo Finance ^GSPC,推出前回溯
1948-12-31,1948-12-01,1948-12-31,1948-12-01,1948-12-31,,,,15.20,23,False,,False,Yahoo Finance ^GSPC,推出前回溯
1949-01-31,1949-01-01,1949-01-31,1949-01-03,1949-01-31,,,,15.22,21,False,,False,Yahoo Finance ^GSPC,推出前回溯
1949-02-28,1949-02-01,1949-02-28,1949-02-01,1949-02-28,,,,14.62,19,False,,False,Yahoo Finance ^GSPC,推出前回溯
1949-03-31,1949-03-01,1949-03-31,1949-03-01,1949-03-31,,,,15.06,23,False,,False,Yahoo Finance ^GSPC,推出前回溯
1949-04-29,1949-04-01,1949-04-30,1949-04-01,1949-04-29,,,,14.71,20,False,,False,Yahoo Finance ^GSPC,推出前回溯
1949-05-31,1949-05-01,1949-05-31,1949-05-02,1949-05-31,,,,14.19,21,False,,False,Yahoo Finance ^GSPC,推出前回溯
1949-06-30,1949-06-01,1949-06-30,1949-06-01,1949-06-30,,,,14.16,22,False,,False,Yahoo Finance ^GSPC,推出前回溯
1949-07-29,1949-07-01,1949-07-31,1949-07-01,1949-07-29,,,,15.04,20,False,,False,Yahoo Finance ^GSPC,推出前回溯
1949-08-31,1949-08-01,1949-08-31,1949-08-01,1949-08-31,,,,15.22,23,False,,False,Yahoo Finance ^GSPC,推出前回溯
1949-09-30,1949-09-01,1949-09-30,1949-09-01,1949-09-30,,,,15.58,21,False,,False,Yahoo Finance ^GSPC,推出前回溯
1949-10-31,1949-10-01,1949-10-31,1949-10-03,1949-10-31,,,,16.04,20,False,,False,Yahoo Finance ^GSPC,推出前回溯
1949-11-30,1949-11-01,1949-11-30,1949-11-01,1949-11-30,,,,16.06,19,False,,False,Yahoo Finance ^GSPC,推出前回溯
1949-12-30,1949-12-01,1949-12-31,1949-12-01,1949-12-30,,,,16.79,21,False,,False,Yahoo Finance ^GSPC,推出前回溯
1950-01-31,1950-01-01,1950-01-31,1950-01-03,1950-01-31,,,,17.05,21,False,,False,Yahoo Finance ^GSPC,推出前回溯
1950-02-28,1950-02-01,1950-02-28,1950-02-01,1950-02-28,,,,17.22,18,False,,False,Yahoo Finance ^GSPC,推出前回溯
1950-03-31,1950-03-01,1950-03-31,1950-03-01,1950-03-31,,,,17.29,23,False,,False,Yahoo Finance ^GSPC,推出前回溯
1950-04-28,1950-04-01,1950-04-30,1950-04-03,1950-04-28,,,,17.96,19,False,,False,Yahoo Finance ^GSPC,推出前回溯
1950-05-31,1950-05-01,1950-05-31,1950-05-01,1950-05-31,,,,18.78,22,False,,False,Yahoo Finance ^GSPC,推出前回溯
1950-06-30,1950-06-01,1950-06-30,1950-06-01,1950-06-30,,,,17.69,22,False,,False,Yahoo Finance ^GSPC,推出前回溯
1950-07-31,1950-07-01,1950-07-31,1950-07-03,1950-07-31,,,,17.84,20,False,,False,Yahoo Finance ^GSPC,推出前回溯
1950-08-31,1950-08-01,1950-08-31,1950-08-01,1950-08-31,,,,18.42,23,False,,False,Yahoo Finance ^GSPC,推出前回溯
1950-09-29,1950-09-01,1950-09-30,1950-09-01,1950-09-29,,,,19.45,20,False,,False,Yahoo Finance ^GSPC,推出前回溯
1950-10-31,1950-10-01,1950-10-31,1950-10-02,1950-10-31,,,,19.53,21,False,,False,Yahoo Finance ^GSPC,推出前回溯
1950-11-30,1950-11-01,1950-11-30,1950-11-01,1950-11-30,,,,19.51,20,False,,False,Yahoo Finance ^GSPC,推出前回溯
1950-12-29,1950-12-01,1950-12-31,1950-12-01,1950-12-29,,,,20.43,20,False,,False,Yahoo Finance ^GSPC,推出前回溯
1951-01-31,1951-01-01,1951-01-31,1951-01-02,1951-01-31,,,,21.66,22,False,,False,Yahoo Finance ^GSPC,推出前回溯
1951-02-28,1951-02-01,1951-02-28,1951-02-01,1951-02-28,,,,21.80,18,False,,False,Yahoo Finance ^GSPC,推出前回溯
1951-03-30,1951-03-01,1951-03-31,1951-03-01,1951-03-30,,,,21.48,21,False,,False,Yahoo Finance ^GSPC,推出前回溯
1951-04-30,1951-04-01,1951-04-30,1951-04-02,1951-04-30,,,,22.43,21,False,,False,Yahoo Finance ^GSPC,推出前回溯
1951-05-31,1951-05-01,1951-05-31,1951-05-01,1951-05-31,,,,21.52,22,False,,False,Yahoo Finance ^GSPC,推出前回溯
1951-06-29,1951-06-01,1951-06-30,1951-06-01,1951-06-29,,,,20.96,21,False,,False,Yahoo Finance ^GSPC,推出前回溯
1951-07-31,1951-07-01,1951-07-31,1951-07-02,1951-07-31,,,,22.40,21,False,,False,Yahoo Finance ^GSPC,推出前回溯
1951-08-31,1951-08-01,1951-08-31,1951-08-01,1951-08-31,,,,23.28,23,False,,False,Yahoo Finance ^GSPC,推出前回溯
1951-09-28,1951-09-01,1951-09-30,1951-09-04,1951-09-28,,,,23.26,19,False,,False,Yahoo Finance ^GSPC,推出前回溯
1951-10-31,1951-10-01,1951-10-31,1951-10-01,1951-10-31,,,,22.94,22,False,,False,Yahoo Finance ^GSPC,推出前回溯
1951-11-30,1951-11-01,1951-11-30,1951-11-01,1951-11-30,,,,22.88,19,False,,False,Yahoo Finance ^GSPC,推出前回溯
1951-12-31,1951-12-01,1951-12-31,1951-12-03,1951-12-31,,,,23.77,20,False,,False,Yahoo Finance ^GSPC,推出前回溯
1952-01-31,1952-01-01,1952-01-31,1952-01-02,1952-01-31,,,,24.14,22,False,,False,Yahoo Finance ^GSPC,推出前回溯
1952-02-29,1952-02-01,1952-02-29,1952-02-01,1952-02-29,,,,23.26,19,False,,False,Yahoo Finance ^GSPC,推出前回溯
1952-03-31,1952-03-01,1952-03-31,1952-03-03,1952-03-31,,,,24.37,21,False,,False,Yahoo Finance ^GSPC,推出前回溯
1952-04-30,1952-04-01,1952-04-30,1952-04-01,1952-04-30,,,,23.32,21,False,,False,Yahoo Finance ^GSPC,推出前回溯
1952-05-29,1952-05-01,1952-05-31,1952-05-01,1952-05-29,,,,23.86,21,False,,False,Yahoo Finance ^GSPC,推出前回溯
1952-06-30,1952-06-01,1952-06-30,1952-06-02,1952-06-30,,,,24.96,21,False,,False,Yahoo Finance ^GSPC,推出前回溯
1952-07-31,1952-07-01,1952-07-31,1952-07-01,1952-07-31,,,,25.40,22,False,,False,Yahoo Finance ^GSPC,推出前回溯
1952-08-29,1952-08-01,1952-08-31,1952-08-01,1952-08-29,,,,25.03,21,False,,False,Yahoo Finance ^GSPC,推出前回溯
1952-09-30,1952-09-01,1952-09-30,1952-09-02,1952-09-30,,,,24.54,21,False,,False,Yahoo Finance ^GSPC,推出前回溯
1952-10-31,1952-10-01,1952-10-31,1952-10-01,1952-10-31,,,,24.52,22,False,,False,Yahoo Finance ^GSPC,推出前回溯
1952-11-28,1952-11-01,1952-11-30,1952-11-03,1952-11-28,,,,25.66,17,False,,False,Yahoo Finance ^GSPC,推出前回溯
1952-12-31,1952-12-01,1952-12-31,1952-12-01,1952-12-31,,,,26.57,22,False,,False,Yahoo Finance ^GSPC,推出前回溯
1953-01-30,1953-01-01,1953-01-31,1953-01-02,1953-01-30,,,,26.38,21,False,,False,Yahoo Finance ^GSPC,推出前回溯
1953-02-27,1953-02-01,1953-02-28,1953-02-02,1953-02-27,,,,25.90,18,False,,False,Yahoo Finance ^GSPC,推出前回溯
1953-03-31,1953-03-01,1953-03-31,1953-03-02,1953-03-31,,,,25.29,22,False,,False,Yahoo Finance ^GSPC,推出前回溯
1953-04-30,1953-04-01,1953-04-30,1953-04-01,1953-04-30,,,,24.62,21,False,,False,Yahoo Finance ^GSPC,推出前回溯
1953-05-29,1953-05-01,1953-05-31,1953-05-01,1953-05-29,,,,24.54,21,False,,False,Yahoo Finance ^GSPC,推出前回溯
1953-06-30,1953-06-01,1953-06-30,1953-06-01,1953-06-30,,,,24.14,22,False,,False,Yahoo Finance ^GSPC,推出前回溯
1953-07-31,1953-07-01,1953-07-31,1953-07-01,1953-07-31,,,,24.75,23,False,,False,Yahoo Finance ^GSPC,推出前回溯
1953-08-31,1953-08-01,1953-08-31,1953-08-03,1953-08-31,,,,23.32,21,False,,False,Yahoo Finance ^GSPC,推出前回溯
1953-09-30,1953-09-01,1953-09-30,1953-09-01,1953-09-30,,,,23.35,21,False,,False,Yahoo Finance ^GSPC,推出前回溯
1953-10-30,1953-10-01,1953-10-31,1953-10-01,1953-10-30,,,,24.54,21,False,,False,Yahoo Finance ^GSPC,推出前回溯
1953-11-30,1953-11-01,1953-11-30,1953-11-02,1953-11-30,,,,24.76,18,False,,False,Yahoo Finance ^GSPC,推出前回溯
1953-12-31,1953-12-01,1953-12-31,1953-12-01,1953-12-31,,,,24.81,22,False,,False,Yahoo Finance ^GSPC,推出前回溯
1954-01-29,1954-01-01,1954-01-31,1954-01-04,1954-01-29,,,,26.08,20,False,,False,Yahoo Finance ^GSPC,推出前回溯
1954-02-26,1954-02-01,1954-02-28,1954-02-01,1954-02-26,,,,26.15,19,False,,False,Yahoo Finance ^GSPC,推出前回溯
1954-03-31,1954-03-01,1954-03-31,1954-03-01,1954-03-31,,,,26.94,23,False,,False,Yahoo Finance ^GSPC,推出前回溯
1954-04-30,1954-04-01,1954-04-30,1954-04-01,1954-04-30,,,,28.26,21,False,,False,Yahoo Finance ^GSPC,推出前回溯
1954-05-28,1954-05-01,1954-05-31,1954-05-03,1954-05-28,,,,29.19,20,False,,False,Yahoo Finance ^GSPC,推出前回溯
1954-06-30,1954-06-01,1954-06-30,1954-06-01,1954-06-30,,,,29.21,22,False,,False,Yahoo Finance ^GSPC,推出前回溯
1954-07-30,1954-07-01,1954-07-31,1954-07-01,1954-07-30,,,,30.88,21,False,,False,Yahoo Finance ^GSPC,推出前回溯
1954-08-31,1954-08-01,1954-08-31,1954-08-02,1954-08-31,,,,29.83,22,False,,False,Yahoo Finance ^GSPC,推出前回溯
1954-09-30,1954-09-01,1954-09-30,1954-09-01,1954-09-30,,,,32.31,21,False,,False,Yahoo Finance ^GSPC,推出前回溯
1954-10-29,1954-10-01,1954-10-31,1954-10-01,1954-10-29,,,,31.68,21,False,,False,Yahoo Finance ^GSPC,推出前回溯
1954-11-30,1954-11-01,1954-11-30,1954-11-01,1954-11-30,,,,34.24,20,False,,False,Yahoo Finance ^GSPC,推出前回溯
1954-12-31,1954-12-01,1954-12-31,1954-12-01,1954-12-31,,,,35.98,22,False,,False,Yahoo Finance ^GSPC,推出前回溯
1955-01-31,1955-01-01,1955-01-31,1955-01-03,1955-01-31,,,,36.63,21,False,,False,Yahoo Finance ^GSPC,推出前回溯
1955-02-28,1955-02-01,1955-02-28,1955-02-01,1955-02-28,,,,36.76,19,False,,False,Yahoo Finance ^GSPC,推出前回溯
1955-03-31,1955-03-01,1955-03-31,1955-03-01,1955-03-31,,,,36.58,23,False,,False,Yahoo Finance ^GSPC,推出前回溯
1955-04-29,1955-04-01,1955-04-30,1955-04-01,1955-04-29,,,,37.96,20,False,,False,Yahoo Finance ^GSPC,推出前回溯
1955-05-31,1955-05-01,1955-05-31,1955-05-02,1955-05-31,,,,37.91,21,False,,False,Yahoo Finance ^GSPC,推出前回溯
1955-06-30,1955-06-01,1955-06-30,1955-06-01,1955-06-30,,,,41.03,22,False,,False,Yahoo Finance ^GSPC,推出前回溯
1955-07-29,1955-07-01,1955-07-31,1955-07-01,1955-07-29,,,,43.52,20,False,,False,Yahoo Finance ^GSPC,推出前回溯
1955-08-31,1955-08-01,1955-08-31,1955-08-01,1955-08-31,,,,43.18,23,False,,False,Yahoo Finance ^GSPC,推出前回溯
1955-09-30,1955-09-01,1955-09-30,1955-09-01,1955-09-30,,,,43.67,21,False,,False,Yahoo Finance ^GSPC,推出前回溯
1955-10-31,1955-10-01,1955-10-31,1955-10-03,1955-10-31,,,,42.34,21,False,,False,Yahoo Finance ^GSPC,推出前回溯
1955-11-30,1955-11-01,1955-11-30,1955-11-01,1955-11-30,,,,45.51,20,False,,False,Yahoo Finance ^GSPC,推出前回溯
1955-12-30,1955-12-01,1955-12-31,1955-12-01,1955-12-30,,,,45.48,21,False,,False,Yahoo Finance ^GSPC,推出前回溯
1956-01-31,1956-01-01,1956-01-31,1956-01-03,1956-01-31,,,,43.82,21,False,,False,Yahoo Finance ^GSPC,推出前回溯
1956-02-29,1956-02-01,1956-02-29,1956-02-01,1956-02-29,,,,45.34,20,False,,False,Yahoo Finance ^GSPC,推出前回溯
1956-03-29,1956-03-01,1956-03-31,1956-03-01,1956-03-29,,,,48.48,21,False,,False,Yahoo Finance ^GSPC,推出前回溯
1956-04-30,1956-04-01,1956-04-30,1956-04-02,1956-04-30,,,,48.38,21,False,,False,Yahoo Finance ^GSPC,推出前回溯
1956-05-31,1956-05-01,1956-05-31,1956-05-01,1956-05-31,,,,45.20,22,False,,False,Yahoo Finance ^GSPC,推出前回溯
1956-06-29,1956-06-01,1956-06-30,1956-06-01,1956-06-29,,,,46.97,21,False,,False,Yahoo Finance ^GSPC,推出前回溯
1956-07-31,1956-07-01,1956-07-31,1956-07-02,1956-07-31,,,,49.39,21,False,,False,Yahoo Finance ^GSPC,推出前回溯
1956-08-31,1956-08-01,1956-08-31,1956-08-01,1956-08-31,,,,47.51,23,False,,False,Yahoo Finance ^GSPC,推出前回溯
1956-09-28,1956-09-01,1956-09-30,1956-09-04,1956-09-28,,,,45.35,19,False,,False,Yahoo Finance ^GSPC,推出前回溯
1956-10-31,1956-10-01,1956-10-31,1956-10-01,1956-10-31,,,,45.58,23,False,,False,Yahoo Finance ^GSPC,推出前回溯
1956-11-30,1956-11-01,1956-11-30,1956-11-01,1956-11-30,,,,45.08,20,False,,False,Yahoo Finance ^GSPC,推出前回溯
1956-12-31,1956-12-01,1956-12-31,1956-12-03,1956-12-31,,,,46.67,19,False,,False,Yahoo Finance ^GSPC,推出前回溯
1957-01-31,1957-01-01,1957-01-31,1957-01-02,1957-01-31,,,,44.72,22,False,,False,Yahoo Finance ^GSPC,推出前回溯
1957-02-28,1957-02-01,1957-02-28,1957-02-01,1957-02-28,,,,43.26,19,False,,False,Yahoo Finance ^GSPC,推出前回溯
1957-03-29,1957-03-01,1957-03-31,1957-03-01,1957-03-29,,,,44.11,21,False,,False,Yahoo Finance ^GSPC,推出前回溯 / 正式推出後
1957-04-30,1957-04-01,1957-04-30,1957-04-01,1957-04-30,,,,45.74,21,False,,False,Yahoo Finance ^GSPC,正式推出後
1957-05-31,1957-05-01,1957-05-31,1957-05-01,1957-05-31,,,,47.43,22,False,,False,Yahoo Finance ^GSPC,正式推出後
1957-06-28,1957-06-01,1957-06-30,1957-06-03,1957-06-28,,,,47.37,20,False,,False,Yahoo Finance ^GSPC,正式推出後
1957-07-31,1957-07-01,1957-07-31,1957-07-01,1957-07-31,,,,47.91,22,False,,False,Yahoo Finance ^GSPC,正式推出後
1957-08-30,1957-08-01,1957-08-31,1957-08-01,1957-08-30,,,,45.22,22,False,,False,Yahoo Finance ^GSPC,正式推出後
1957-09-30,1957-09-01,1957-09-30,1957-09-03,1957-09-30,,,,42.42,20,False,,False,Yahoo Finance ^GSPC,正式推出後
1957-10-31,1957-10-01,1957-10-31,1957-10-01,1957-10-31,,,,41.06,23,False,,False,Yahoo Finance ^GSPC,正式推出後
1957-11-29,1957-11-01,1957-11-30,1957-11-01,1957-11-29,,,,41.72,19,False,,False,Yahoo Finance ^GSPC,正式推出後
1957-12-31,1957-12-01,1957-12-31,1957-12-02,1957-12-31,,,,39.99,21,False,,False,Yahoo Finance ^GSPC,正式推出後
1958-01-31,1958-01-01,1958-01-31,1958-01-02,1958-01-31,,,,41.70,22,False,,False,Yahoo Finance ^GSPC,正式推出後
1958-02-28,1958-02-01,1958-02-28,1958-02-03,1958-02-28,,,,40.84,20,False,,False,Yahoo Finance ^GSPC,正式推出後
1958-03-31,1958-03-01,1958-03-31,1958-03-03,1958-03-31,,,,42.10,21,False,,False,Yahoo Finance ^GSPC,正式推出後
1958-04-30,1958-04-01,1958-04-30,1958-04-01,1958-04-30,,,,43.44,21,False,,False,Yahoo Finance ^GSPC,正式推出後
1958-05-29,1958-05-01,1958-05-31,1958-05-01,1958-05-29,,,,44.09,21,False,,False,Yahoo Finance ^GSPC,正式推出後
1958-06-30,1958-06-01,1958-06-30,1958-06-02,1958-06-30,,,,45.24,21,False,,False,Yahoo Finance ^GSPC,正式推出後
1958-07-31,1958-07-01,1958-07-31,1958-07-01,1958-07-31,,,,47.19,22,False,,False,Yahoo Finance ^GSPC,正式推出後
1958-08-29,1958-08-01,1958-08-31,1958-08-01,1958-08-29,,,,47.75,21,False,,False,Yahoo Finance ^GSPC,正式推出後
1958-09-30,1958-09-01,1958-09-30,1958-09-02,1958-09-30,,,,50.06,21,False,,False,Yahoo Finance ^GSPC,正式推出後
1958-10-31,1958-10-01,1958-10-31,1958-10-01,1958-10-31,,,,51.33,23,False,,False,Yahoo Finance ^GSPC,正式推出後
1958-11-28,1958-11-01,1958-11-30,1958-11-03,1958-11-28,,,,52.48,18,False,,False,Yahoo Finance ^GSPC,正式推出後
1958-12-31,1958-12-01,1958-12-31,1958-12-01,1958-12-31,,,,55.21,21,False,,False,Yahoo Finance ^GSPC,正式推出後
1959-01-30,1959-01-01,1959-01-31,1959-01-02,1959-01-30,,,,55.45,21,False,,False,Yahoo Finance ^GSPC,正式推出後
1959-02-27,1959-02-01,1959-02-28,1959-02-02,1959-02-27,,,,55.41,19,False,,False,Yahoo Finance ^GSPC,正式推出後
1959-03-31,1959-03-01,1959-03-31,1959-03-02,1959-03-31,,,,55.44,21,False,,False,Yahoo Finance ^GSPC,正式推出後
1959-04-30,1959-04-01,1959-04-30,1959-04-01,1959-04-30,,,,57.59,22,False,,False,Yahoo Finance ^GSPC,正式推出後
1959-05-29,1959-05-01,1959-05-31,1959-05-01,1959-05-29,,,,58.68,21,False,,False,Yahoo Finance ^GSPC,正式推出後
1959-06-30,1959-06-01,1959-06-30,1959-06-01,1959-06-30,,,,58.47,22,False,,False,Yahoo Finance ^GSPC,正式推出後
1959-07-31,1959-07-01,1959-07-31,1959-07-01,1959-07-31,,,,60.51,22,False,,False,Yahoo Finance ^GSPC,正式推出後
1959-08-31,1959-08-01,1959-08-31,1959-08-03,1959-08-31,,,,59.60,21,False,,False,Yahoo Finance ^GSPC,正式推出後
1959-09-30,1959-09-01,1959-09-30,1959-09-01,1959-09-30,,,,56.88,21,False,,False,Yahoo Finance ^GSPC,正式推出後
1959-10-30,1959-10-01,1959-10-31,1959-10-01,1959-10-30,,,,57.52,22,False,,False,Yahoo Finance ^GSPC,正式推出後
1959-11-30,1959-11-01,1959-11-30,1959-11-02,1959-11-30,,,,58.28,19,False,,False,Yahoo Finance ^GSPC,正式推出後
1959-12-31,1959-12-01,1959-12-31,1959-12-01,1959-12-31,,,,59.89,22,False,,False,Yahoo Finance ^GSPC,正式推出後
1960-01-29,1960-01-01,1960-01-31,1960-01-04,1960-01-29,,,,55.61,20,False,,False,Yahoo Finance ^GSPC,正式推出後
1960-02-29,1960-02-01,1960-02-29,1960-02-01,1960-02-29,,,,56.12,20,False,,False,Yahoo Finance ^GSPC,正式推出後
1960-03-31,1960-03-01,1960-03-31,1960-03-01,1960-03-31,,,,55.34,23,False,,False,Yahoo Finance ^GSPC,正式推出後
1960-04-29,1960-04-01,1960-04-30,1960-04-01,1960-04-29,,,,54.37,20,False,,False,Yahoo Finance ^GSPC,正式推出後
1960-05-31,1960-05-01,1960-05-31,1960-05-02,1960-05-31,,,,55.83,21,False,,False,Yahoo Finance ^GSPC,正式推出後
1960-06-30,1960-06-01,1960-06-30,1960-06-01,1960-06-30,,,,56.92,22,False,,False,Yahoo Finance ^GSPC,正式推出後
1960-07-29,1960-07-01,1960-07-31,1960-07-01,1960-07-29,,,,55.51,20,False,,False,Yahoo Finance ^GSPC,正式推出後
1960-08-31,1960-08-01,1960-08-31,1960-08-01,1960-08-31,,,,56.96,23,False,,False,Yahoo Finance ^GSPC,正式推出後
1960-09-30,1960-09-01,1960-09-30,1960-09-01,1960-09-30,,,,53.52,21,False,,False,Yahoo Finance ^GSPC,正式推出後
1960-10-31,1960-10-01,1960-10-31,1960-10-03,1960-10-31,,,,53.39,21,False,,False,Yahoo Finance ^GSPC,正式推出後
1960-11-30,1960-11-01,1960-11-30,1960-11-01,1960-11-30,,,,55.54,20,False,,False,Yahoo Finance ^GSPC,正式推出後
1960-12-30,1960-12-01,1960-12-31,1960-12-01,1960-12-30,,,,58.11,21,False,,False,Yahoo Finance ^GSPC,正式推出後
1961-01-31,1961-01-01,1961-01-31,1961-01-03,1961-01-31,,,,61.78,21,False,,False,Yahoo Finance ^GSPC,正式推出後
1961-02-28,1961-02-01,1961-02-28,1961-02-01,1961-02-28,,,,63.44,19,False,,False,Yahoo Finance ^GSPC,正式推出後
1961-03-30,1961-03-01,1961-03-31,1961-03-01,1961-03-30,,,,65.06,22,False,,False,Yahoo Finance ^GSPC,正式推出後
1961-04-28,1961-04-01,1961-04-30,1961-04-03,1961-04-28,,,,65.31,20,False,,False,Yahoo Finance ^GSPC,正式推出後
1961-05-31,1961-05-01,1961-05-31,1961-05-01,1961-05-31,,,,66.56,21,False,,False,Yahoo Finance ^GSPC,正式推出後
1961-06-30,1961-06-01,1961-06-30,1961-06-01,1961-06-30,,,,64.64,22,False,,False,Yahoo Finance ^GSPC,正式推出後
1961-07-31,1961-07-01,1961-07-31,1961-07-03,1961-07-31,,,,66.76,20,False,,False,Yahoo Finance ^GSPC,正式推出後
1961-08-31,1961-08-01,1961-08-31,1961-08-01,1961-08-31,,,,68.07,23,False,,False,Yahoo Finance ^GSPC,正式推出後
1961-09-29,1961-09-01,1961-09-30,1961-09-01,1961-09-29,,,,66.73,20,False,,False,Yahoo Finance ^GSPC,正式推出後
1961-10-31,1961-10-01,1961-10-31,1961-10-02,1961-10-31,,,,68.62,22,False,,False,Yahoo Finance ^GSPC,正式推出後
1961-11-30,1961-11-01,1961-11-30,1961-11-01,1961-11-30,,,,71.32,20,False,,False,Yahoo Finance ^GSPC,正式推出後
1961-12-29,1961-12-01,1961-12-31,1961-12-01,1961-12-29,,,,71.55,20,False,,False,Yahoo Finance ^GSPC,正式推出後
1962-01-31,1962-01-01,1962-01-31,1962-01-02,1962-01-31,71.55,71.96,67.55,68.84,22,False,,True,Yahoo Finance ^GSPC,正式推出後
1962-02-28,1962-02-01,1962-02-28,1962-02-01,1962-02-28,68.84,71.13,68.56,69.96,19,False,,True,Yahoo Finance ^GSPC,正式推出後
1962-03-30,1962-03-01,1962-03-31,1962-03-01,1962-03-30,69.96,71.44,69.16,69.55,22,False,,True,Yahoo Finance ^GSPC,正式推出後
1962-04-30,1962-04-01,1962-04-30,1962-04-02,1962-04-30,69.55,69.82,64.95,65.24,20,False,,True,Yahoo Finance ^GSPC,正式推出後
1962-05-31,1962-05-01,1962-05-31,1962-05-01,1962-05-31,65.24,66.93,53.13,59.63,22,False,,True,Yahoo Finance ^GSPC,正式推出後
1962-06-29,1962-06-01,1962-06-30,1962-06-01,1962-06-29,59.63,59.96,51.35,54.75,21,False,,True,Yahoo Finance ^GSPC,正式推出後
1962-07-31,1962-07-01,1962-07-31,1962-07-02,1962-07-31,54.75,58.67,54.47,58.23,21,False,,True,Yahoo Finance ^GSPC,正式推出後
1962-08-31,1962-08-01,1962-08-31,1962-08-01,1962-08-31,58.23,60.33,56.76,59.12,23,False,,True,Yahoo Finance ^GSPC,正式推出後
1962-09-28,1962-09-01,1962-09-30,1962-09-04,1962-09-28,59.12,59.54,55.53,56.27,19,False,,True,Yahoo Finance ^GSPC,正式推出後
1962-10-31,1962-10-01,1962-10-31,1962-10-01,1962-10-31,56.27,57.83,52.55,56.52,23,False,,True,Yahoo Finance ^GSPC,正式推出後
1962-11-30,1962-11-01,1962-11-30,1962-11-01,1962-11-30,56.52,62.78,55.90,62.26,20,False,,True,Yahoo Finance ^GSPC,正式推出後
1962-12-31,1962-12-01,1962-12-31,1962-12-03,1962-12-31,62.26,63.50,61.28,63.10,20,False,,True,Yahoo Finance ^GSPC,正式推出後
1963-01-31,1963-01-01,1963-01-31,1963-01-02,1963-01-31,63.10,66.59,62.32,66.20,22,False,,True,Yahoo Finance ^GSPC,正式推出後
1963-02-28,1963-02-01,1963-02-28,1963-02-01,1963-02-28,,,,64.29,19,False,,False,Yahoo Finance ^GSPC,正式推出後
1963-03-29,1963-03-01,1963-03-31,1963-03-01,1963-03-29,64.29,67.01,63.80,66.57,21,False,,True,Yahoo Finance ^GSPC,正式推出後
1963-04-30,1963-04-01,1963-04-30,1963-04-01,1963-04-30,66.57,70.18,66.23,69.80,21,False,,True,Yahoo Finance ^GSPC,正式推出後
1963-05-31,1963-05-01,1963-05-31,1963-05-01,1963-05-31,69.80,71.14,69.03,70.80,22,False,,True,Yahoo Finance ^GSPC,正式推出後
1963-06-28,1963-06-01,1963-06-30,1963-06-03,1963-06-28,,,,69.37,20,False,,False,Yahoo Finance ^GSPC,正式推出後
1963-07-31,1963-07-01,1963-07-31,1963-07-01,1963-07-31,69.37,70.48,67.54,69.13,22,False,,True,Yahoo Finance ^GSPC,正式推出後
1963-08-30,1963-08-01,1963-08-31,1963-08-01,1963-08-30,69.13,72.71,68.64,72.50,22,False,,True,Yahoo Finance ^GSPC,正式推出後
1963-09-30,1963-09-01,1963-09-30,1963-09-03,1963-09-30,72.50,73.87,71.28,71.70,20,False,,True,Yahoo Finance ^GSPC,正式推出後
1963-10-31,1963-10-01,1963-10-31,1963-10-01,1963-10-31,71.70,75.18,71.57,74.01,23,False,,True,Yahoo Finance ^GSPC,正式推出後
1963-11-29,1963-11-01,1963-11-30,1963-11-01,1963-11-29,,,,73.23,18,False,,False,Yahoo Finance ^GSPC,正式推出後
1963-12-31,1963-12-01,1963-12-31,1963-12-02,1963-12-31,73.23,75.36,73.02,75.02,21,False,,True,Yahoo Finance ^GSPC,正式推出後
1964-01-31,1964-01-01,1964-01-31,1964-01-02,1964-01-31,75.02,77.78,74.82,77.04,22,False,,True,Yahoo Finance ^GSPC,正式推出後
1964-02-28,1964-02-01,1964-02-29,1964-02-03,1964-02-28,77.04,78.31,76.36,77.80,19,False,,True,Yahoo Finance ^GSPC,正式推出後
1964-03-31,1964-03-01,1964-03-31,1964-03-02,1964-03-31,77.80,79.89,77.50,78.98,21,False,,True,Yahoo Finance ^GSPC,正式推出後
1964-04-30,1964-04-01,1964-04-30,1964-04-01,1964-04-30,78.98,81.20,78.67,79.46,22,False,,True,Yahoo Finance ^GSPC,正式推出後
1964-05-28,1964-05-01,1964-05-31,1964-05-01,1964-05-28,,,,80.37,20,False,,False,Yahoo Finance ^GSPC,正式推出後
1964-06-30,1964-06-01,1964-06-30,1964-06-01,1964-06-30,80.37,82.10,78.15,81.69,22,False,,True,Yahoo Finance ^GSPC,正式推出後
1964-07-31,1964-07-01,1964-07-31,1964-07-01,1964-07-31,81.69,84.33,81.46,83.18,22,False,,True,Yahoo Finance ^GSPC,正式推出後
1964-08-31,1964-08-01,1964-08-31,1964-08-03,1964-08-31,83.18,83.49,80.80,81.83,21,False,,True,Yahoo Finance ^GSPC,正式推出後
1964-09-30,1964-09-01,1964-09-30,1964-09-01,1964-09-30,81.83,84.80,81.57,84.18,21,False,,True,Yahoo Finance ^GSPC,正式推出後
1964-10-30,1964-10-01,1964-10-31,1964-10-01,1964-10-30,84.18,85.70,83.65,84.86,22,False,,True,Yahoo Finance ^GSPC,正式推出後
1964-11-30,1964-11-01,1964-11-30,1964-11-02,1964-11-30,84.86,86.80,84.10,84.42,19,False,,True,Yahoo Finance ^GSPC,正式推出後
1964-12-31,1964-12-01,1964-12-31,1964-12-01,1964-12-31,,,,84.75,22,False,,False,Yahoo Finance ^GSPC,正式推出後
1965-01-29,1965-01-01,1965-01-31,1965-01-04,1965-01-29,84.75,88.19,83.77,87.56,20,False,,True,Yahoo Finance ^GSPC,正式推出後
1965-02-26,1965-02-01,1965-02-28,1965-02-01,1965-02-26,87.56,88.06,85.25,87.43,19,False,,True,Yahoo Finance ^GSPC,正式推出後
1965-03-31,1965-03-01,1965-03-31,1965-03-01,1965-03-31,87.43,87.93,85.65,86.16,23,False,,True,Yahoo Finance ^GSPC,正式推出後
1965-04-30,1965-04-01,1965-04-30,1965-04-01,1965-04-30,86.16,89.64,85.87,89.11,21,False,,True,Yahoo Finance ^GSPC,正式推出後
1965-05-28,1965-05-01,1965-05-31,1965-05-03,1965-05-28,89.11,90.68,87.24,88.42,20,False,,True,Yahoo Finance ^GSPC,正式推出後
1965-06-30,1965-06-01,1965-06-30,1965-06-01,1965-06-30,88.42,88.80,80.73,84.12,22,False,,True,Yahoo Finance ^GSPC,正式推出後
1965-07-30,1965-07-01,1965-07-31,1965-07-01,1965-07-30,84.12,86.47,83.30,85.25,21,False,,True,Yahoo Finance ^GSPC,正式推出後
1965-08-31,1965-08-01,1965-08-31,1965-08-02,1965-08-31,85.25,87.79,84.80,87.17,22,False,,True,Yahoo Finance ^GSPC,正式推出後
1965-09-30,1965-09-01,1965-09-30,1965-09-01,1965-09-30,,,,89.96,21,False,,False,Yahoo Finance ^GSPC,正式推出後
1965-10-29,1965-10-01,1965-10-31,1965-10-01,1965-10-29,89.96,93.19,89.30,92.42,21,False,,True,Yahoo Finance ^GSPC,正式推出後
1965-11-30,1965-11-01,1965-11-30,1965-11-01,1965-11-30,92.42,93.30,90.81,91.61,20,False,,True,Yahoo Finance ^GSPC,正式推出後
1965-12-31,1965-12-01,1965-12-31,1965-12-01,1965-12-31,91.61,93.07,89.20,92.43,22,False,,True,Yahoo Finance ^GSPC,正式推出後
1966-01-31,1966-01-01,1966-01-31,1966-01-03,1966-01-31,92.43,94.64,91.63,92.88,21,False,,True,Yahoo Finance ^GSPC,正式推出後
1966-02-28,1966-02-01,1966-02-28,1966-02-01,1966-02-28,92.88,94.72,90.43,91.22,19,False,,True,Yahoo Finance ^GSPC,正式推出後
1966-03-31,1966-03-01,1966-03-31,1966-03-01,1966-03-31,91.22,91.65,86.69,89.23,23,False,,True,Yahoo Finance ^GSPC,正式推出後
1966-04-29,1966-04-01,1966-04-30,1966-04-01,1966-04-29,89.23,93.02,88.96,91.06,20,False,,True,Yahoo Finance ^GSPC,正式推出後
1966-05-31,1966-05-01,1966-05-31,1966-05-02,1966-05-31,91.06,91.75,83.18,86.13,21,False,,True,Yahoo Finance ^GSPC,正式推出後
1966-06-30,1966-06-01,1966-06-30,1966-06-01,1966-06-30,86.13,87.74,83.75,84.74,22,False,,True,Yahoo Finance ^GSPC,正式推出後
1966-07-29,1966-07-01,1966-07-31,1966-07-01,1966-07-29,84.74,88.19,83.05,83.60,20,False,,True,Yahoo Finance ^GSPC,正式推出後
1966-08-31,1966-08-01,1966-08-31,1966-08-01,1966-08-31,83.50,84.70,73.91,77.10,23,False,,True,Yahoo Finance ^GSPC,正式推出後
1966-09-30,1966-09-01,1966-09-30,1966-09-01,1966-09-30,77.10,80.81,75.03,76.56,21,False,,True,Yahoo Finance ^GSPC,正式推出後
1966-10-31,1966-10-01,1966-10-31,1966-10-03,1966-10-31,76.56,80.91,72.28,80.20,21,False,,True,Yahoo Finance ^GSPC,正式推出後
1966-11-30,1966-11-01,1966-11-30,1966-11-01,1966-11-30,80.20,83.01,78.89,80.45,20,False,,True,Yahoo Finance ^GSPC,正式推出後
1966-12-30,1966-12-01,1966-12-31,1966-12-01,1966-12-30,80.45,83.88,79.49,80.33,21,False,,True,Yahoo Finance ^GSPC,正式推出後
1967-01-31,1967-01-01,1967-01-31,1967-01-03,1967-01-31,80.33,88.17,79.43,86.61,21,False,,True,Yahoo Finance ^GSPC,正式推出後
1967-02-28,1967-02-01,1967-02-28,1967-02-01,1967-02-28,86.61,89.00,85.61,86.78,19,False,,True,Yahoo Finance ^GSPC,正式推出後
1967-03-31,1967-03-01,1967-03-31,1967-03-01,1967-03-31,86.78,91.72,86.67,90.20,22,False,,True,Yahoo Finance ^GSPC,正式推出後
1967-04-28,1967-04-01,1967-04-30,1967-04-03,1967-04-28,90.20,94.77,87.86,94.01,20,False,,True,Yahoo Finance ^GSPC,正式推出後
1967-05-31,1967-05-01,1967-05-31,1967-05-01,1967-05-31,94.01,95.25,88.71,89.08,22,False,,True,Yahoo Finance ^GSPC,正式推出後
1967-06-30,1967-06-01,1967-06-30,1967-06-01,1967-06-30,,,,90.64,22,False,,False,Yahoo Finance ^GSPC,正式推出後
1967-07-31,1967-07-01,1967-07-31,1967-07-03,1967-07-31,90.64,95.51,90.12,94.75,20,False,,True,Yahoo Finance ^GSPC,正式推出後
1967-08-31,1967-08-01,1967-08-31,1967-08-01,1967-08-31,94.75,96.67,92.01,93.64,23,False,,True,Yahoo Finance ^GSPC,正式推出後
1967-09-29,1967-09-01,1967-09-30,1967-09-01,1967-09-29,93.64,98.31,93.00,96.71,20,False,,True,Yahoo Finance ^GSPC,正式推出後
1967-10-31,1967-10-01,1967-10-31,1967-10-02,1967-10-31,96.71,98.25,93.29,93.30,22,False,,True,Yahoo Finance ^GSPC,正式推出後
1967-11-30,1967-11-01,1967-11-30,1967-11-01,1967-11-30,93.30,95.51,90.09,94.00,20,False,,True,Yahoo Finance ^GSPC,正式推出後
1967-12-29,1967-12-01,1967-12-31,1967-12-01,1967-12-29,94.00,96.90,93.41,96.47,20,False,,True,Yahoo Finance ^GSPC,正式推出後
1968-01-31,1968-01-01,1968-01-31,1968-01-02,1968-01-31,96.47,97.84,91.27,92.24,22,False,,True,Yahoo Finance ^GSPC,正式推出後
1968-02-29,1968-02-01,1968-02-29,1968-02-01,1968-02-29,,,,89.36,19,False,,False,Yahoo Finance ^GSPC,正式推出後
1968-03-29,1968-03-01,1968-03-31,1968-03-01,1968-03-29,89.36,91.09,86.99,90.20,21,False,,True,Yahoo Finance ^GSPC,正式推出後
1968-04-30,1968-04-01,1968-04-30,1968-04-01,1968-04-30,91.11,98.61,91.11,97.46,20,False,,True,Yahoo Finance ^GSPC,正式推出後
1968-05-31,1968-05-01,1968-05-31,1968-05-01,1968-05-31,97.46,100.19,95.80,98.68,22,False,,True,Yahoo Finance ^GSPC,正式推出後
1968-06-28,1968-06-01,1968-06-30,1968-06-03,1968-06-28,98.72,102.84,98.72,99.58,17,False,,True,Yahoo Finance ^GSPC,正式推出後
1968-07-30,1968-07-01,1968-07-31,1968-07-01,1968-07-30,99.58,103.67,96.84,97.74,17,False,,True,Yahoo Finance ^GSPC,正式推出後
1968-08-30,1968-08-01,1968-08-31,1968-08-01,1968-08-30,97.74,99.67,95.79,98.86,18,False,,True,Yahoo Finance ^GSPC,正式推出後
1968-09-30,1968-09-01,1968-09-30,1968-09-03,1968-09-30,98.86,103.63,98.31,102.67,17,False,,True,Yahoo Finance ^GSPC,正式推出後
1968-10-31,1968-10-01,1968-10-31,1968-10-01,1968-10-31,102.67,105.78,101.80,103.41,18,False,,True,Yahoo Finance ^GSPC,正式推出後
1968-11-29,1968-11-01,1968-11-30,1968-11-01,1968-11-29,103.41,109.09,101.85,108.37,17,False,,True,Yahoo Finance ^GSPC,正式推出後
1968-12-31,1968-12-01,1968-12-31,1968-12-02,1968-12-31,108.37,109.37,102.98,103.86,18,False,,True,Yahoo Finance ^GSPC,正式推出後
1969-01-31,1969-01-01,1969-01-31,1969-01-02,1969-01-31,103.86,104.87,96.63,103.01,22,False,,True,Yahoo Finance ^GSPC,正式推出後
1969-02-28,1969-02-01,1969-02-28,1969-02-03,1969-02-28,103.01,104.61,97.36,98.13,18,False,,True,Yahoo Finance ^GSPC,正式推出後
1969-03-28,1969-03-01,1969-03-31,1969-03-03,1969-03-28,98.13,102.35,97.06,101.51,20,False,,True,Yahoo Finance ^GSPC,正式推出後
1969-04-30,1969-04-01,1969-04-30,1969-04-01,1969-04-30,101.51,104.56,99.08,103.69,21,False,,True,Yahoo Finance ^GSPC,正式推出後
1969-05-29,1969-05-01,1969-05-31,1969-05-01,1969-05-29,103.69,106.74,102.29,103.46,21,False,,True,Yahoo Finance ^GSPC,正式推出後
1969-06-30,1969-06-01,1969-06-30,1969-06-02,1969-06-30,103.46,103.75,95.21,97.71,21,False,,True,Yahoo Finance ^GSPC,正式推出後
1969-07-31,1969-07-01,1969-07-31,1969-07-01,1969-07-31,97.71,100.33,88.04,91.83,21,False,,True,Yahoo Finance ^GSPC,正式推出後
1969-08-29,1969-08-01,1969-08-31,1969-08-01,1969-08-29,91.92,96.43,91.48,95.51,21,False,,True,Yahoo Finance ^GSPC,正式推出後
1969-09-30,1969-09-01,1969-09-30,1969-09-02,1969-09-30,95.51,96.62,91.77,93.12,21,False,,True,Yahoo Finance ^GSPC,正式推出後
1969-10-31,1969-10-01,1969-10-31,1969-10-01,1969-10-31,93.12,98.83,91.66,97.12,23,False,,True,Yahoo Finance ^GSPC,正式推出後
1969-11-28,1969-11-01,1969-11-30,1969-11-03,1969-11-28,97.12,99.23,92.24,93.81,19,False,,True,Yahoo Finance ^GSPC,正式推出後
1969-12-31,1969-12-01,1969-12-31,1969-12-01,1969-12-31,93.81,94.47,88.62,92.06,22,False,,True,Yahoo Finance ^GSPC,正式推出後
1970-01-30,1970-01-01,1970-01-31,1970-01-02,1970-01-30,92.06,94.25,84.42,85.02,21,False,,True,Yahoo Finance ^GSPC,正式推出後
1970-02-27,1970-02-01,1970-02-28,1970-02-02,1970-02-27,85.02,90.33,84.64,89.50,19,False,,True,Yahoo Finance ^GSPC,正式推出後
1970-03-31,1970-03-01,1970-03-31,1970-03-02,1970-03-31,89.50,91.07,86.19,89.63,21,False,,True,Yahoo Finance ^GSPC,正式推出後
1970-04-30,1970-04-01,1970-04-30,1970-04-01,1970-04-30,89.63,90.70,79.31,81.52,22,False,,True,Yahoo Finance ^GSPC,正式推出後
1970-05-29,1970-05-01,1970-05-31,1970-05-01,1970-05-29,81.52,82.32,68.61,76.55,21,False,,True,Yahoo Finance ^GSPC,正式推出後
1970-06-30,1970-06-01,1970-06-30,1970-06-01,1970-06-30,76.55,79.96,72.25,72.72,22,False,,True,Yahoo Finance ^GSPC,正式推出後
1970-07-31,1970-07-01,1970-07-31,1970-07-01,1970-07-31,72.72,79.03,70.69,78.05,22,False,,True,Yahoo Finance ^GSPC,正式推出後
1970-08-31,1970-08-01,1970-08-31,1970-08-03,1970-08-31,78.05,82.47,74.13,81.52,21,False,,True,Yahoo Finance ^GSPC,正式推出後
1970-09-30,1970-09-01,1970-09-30,1970-09-01,1970-09-30,81.52,84.99,79.95,84.30,21,False,,True,Yahoo Finance ^GSPC,正式推出後
1970-10-30,1970-10-01,1970-10-31,1970-10-01,1970-10-30,84.30,87.75,82.29,83.25,22,False,,True,Yahoo Finance ^GSPC,正式推出後
1970-11-30,1970-11-01,1970-11-30,1970-11-02,1970-11-30,83.25,87.60,82.23,87.20,20,False,,True,Yahoo Finance ^GSPC,正式推出後
1970-12-31,1970-12-01,1970-12-31,1970-12-01,1970-12-31,87.20,92.99,86.11,92.15,22,False,,True,Yahoo Finance ^GSPC,正式推出後
1971-01-29,1971-01-01,1971-01-31,1971-01-04,1971-01-29,92.15,96.49,90.64,95.88,20,False,,True,Yahoo Finance ^GSPC,正式推出後
1971-02-26,1971-02-01,1971-02-28,1971-02-01,1971-02-26,95.88,99.59,94.92,96.75,19,False,,True,Yahoo Finance ^GSPC,正式推出後
1971-03-31,1971-03-01,1971-03-31,1971-03-01,1971-03-31,96.75,102.03,96.11,100.31,23,False,,True,Yahoo Finance ^GSPC,正式推出後
1971-04-30,1971-04-01,1971-04-30,1971-04-01,1971-04-30,100.31,105.60,99.63,103.95,21,False,,True,Yahoo Finance ^GSPC,正式推出後
1971-05-28,1971-05-01,1971-05-31,1971-05-03,1971-05-28,103.95,104.42,98.68,99.63,20,False,,True,Yahoo Finance ^GSPC,正式推出後
1971-06-30,1971-06-01,1971-06-30,1971-06-01,1971-06-30,99.63,102.07,96.92,98.70,22,False,,True,Yahoo Finance ^GSPC,正式推出後
1971-07-30,1971-07-01,1971-07-31,1971-07-01,1971-07-30,99.16,101.52,95.08,95.58,21,False,,True,Yahoo Finance ^GSPC,正式推出後
1971-08-31,1971-08-01,1971-08-31,1971-08-02,1971-08-31,95.58,101.51,92.81,99.03,22,False,,True,Yahoo Finance ^GSPC,正式推出後
1971-09-30,1971-09-01,1971-09-30,1971-09-01,1971-09-30,99.03,102.25,96.97,98.34,21,False,,True,Yahoo Finance ^GSPC,正式推出後
1971-10-29,1971-10-01,1971-10-31,1971-10-01,1971-10-29,98.34,100.96,92.96,94.23,21,False,,True,Yahoo Finance ^GSPC,正式推出後
1971-11-30,1971-11-01,1971-11-30,1971-11-01,1971-11-30,94.23,96.08,89.34,93.99,21,False,,True,Yahoo Finance ^GSPC,正式推出後
1971-12-31,1971-12-01,1971-12-31,1971-12-01,1971-12-31,,,,102.09,22,False,,False,Yahoo Finance ^GSPC,正式推出後
1972-01-31,1972-01-01,1972-01-31,1972-01-03,1972-01-31,102.09,105.00,100.87,103.94,21,False,,True,Yahoo Finance ^GSPC,正式推出後
1972-02-29,1972-02-01,1972-02-29,1972-02-01,1972-02-29,103.94,107.16,103.10,106.57,20,False,,True,Yahoo Finance ^GSPC,正式推出後
1972-03-30,1972-03-01,1972-03-31,1972-03-01,1972-03-30,106.57,109.75,105.86,107.20,22,False,,True,Yahoo Finance ^GSPC,正式推出後
1972-04-28,1972-04-01,1972-04-30,1972-04-03,1972-04-28,107.20,111.11,106.18,107.67,20,False,,True,Yahoo Finance ^GSPC,正式推出後
1972-05-31,1972-05-01,1972-05-31,1972-05-01,1972-05-31,107.67,111.48,103.83,109.53,22,False,,True,Yahoo Finance ^GSPC,正式推出後
1972-06-30,1972-06-01,1972-06-30,1972-06-01,1972-06-30,109.53,110.51,105.94,107.14,22,False,,True,Yahoo Finance ^GSPC,正式推出後
1972-07-31,1972-07-01,1972-07-31,1972-07-03,1972-07-31,107.14,110.27,104.43,107.39,20,False,,True,Yahoo Finance ^GSPC,正式推出後
1972-08-31,1972-08-01,1972-08-31,1972-08-01,1972-08-31,107.39,113.45,107.06,111.09,23,False,,True,Yahoo Finance ^GSPC,正式推出後
1972-09-29,1972-09-01,1972-09-30,1972-09-01,1972-09-29,111.09,112.12,107.35,110.55,20,False,,True,Yahoo Finance ^GSPC,正式推出後
1972-10-31,1972-10-01,1972-10-31,1972-10-02,1972-10-31,110.55,112.26,106.27,111.58,22,False,,True,Yahoo Finance ^GSPC,正式推出後
1972-11-30,1972-11-01,1972-11-30,1972-11-01,1972-11-30,111.58,117.91,111.32,116.67,20,False,,True,Yahoo Finance ^GSPC,正式推出後
1972-12-29,1972-12-01,1972-12-31,1972-12-01,1972-12-29,116.67,119.79,114.63,118.05,19,False,,True,Yahoo Finance ^GSPC,正式推出後
1973-01-31,1973-01-01,1973-01-31,1973-01-02,1973-01-31,118.06,121.74,114.97,116.03,21,False,,True,Yahoo Finance ^GSPC,正式推出後
1973-02-28,1973-02-01,1973-02-28,1973-02-01,1973-02-28,116.03,118.98,109.80,111.68,19,False,,True,Yahoo Finance ^GSPC,正式推出後
1973-03-30,1973-03-01,1973-03-31,1973-03-01,1973-03-30,111.68,115.61,107.41,111.52,22,False,,True,Yahoo Finance ^GSPC,正式推出後
1973-04-30,1973-04-01,1973-04-30,1973-04-02,1973-04-30,111.52,113.65,105.44,106.97,20,False,,True,Yahoo Finance ^GSPC,正式推出後
1973-05-31,1973-05-01,1973-05-31,1973-05-01,1973-05-31,106.97,112.25,101.36,104.95,22,False,,True,Yahoo Finance ^GSPC,正式推出後
1973-06-29,1973-06-01,1973-06-30,1973-06-01,1973-06-29,104.95,109.52,101.45,104.26,21,False,,True,Yahoo Finance ^GSPC,正式推出後
1973-07-31,1973-07-01,1973-07-31,1973-07-02,1973-07-31,104.10,111.04,100.44,108.22,21,False,,True,Yahoo Finance ^GSPC,正式推出後
1973-08-31,1973-08-01,1973-08-31,1973-08-01,1973-08-31,108.17,108.17,99.74,104.25,23,False,,True,Yahoo Finance ^GSPC,正式推出後
1973-09-28,1973-09-01,1973-09-30,1973-09-04,1973-09-28,104.25,110.45,102.13,108.43,19,False,,True,Yahoo Finance ^GSPC,正式推出後
1973-10-31,1973-10-01,1973-10-31,1973-10-01,1973-10-31,108.43,112.82,107.08,108.29,23,False,,True,Yahoo Finance ^GSPC,正式推出後
1973-11-30,1973-11-01,1973-11-30,1973-11-01,1973-11-30,108.29,109.20,94.88,95.96,21,False,,True,Yahoo Finance ^GSPC,正式推出後
1973-12-31,1973-12-01,1973-12-31,1973-12-03,1973-12-31,95.83,99.09,91.05,97.55,20,False,,True,Yahoo Finance ^GSPC,正式推出後
1974-01-31,1974-01-01,1974-01-31,1974-01-02,1974-01-31,97.55,100.94,91.62,96.57,22,False,,True,Yahoo Finance ^GSPC,正式推出後
1974-02-28,1974-02-01,1974-02-28,1974-02-01,1974-02-28,96.57,97.43,89.53,96.22,19,False,,True,Yahoo Finance ^GSPC,正式推出後
1974-03-29,1974-03-01,1974-03-31,1974-03-01,1974-03-29,96.22,101.05,93.44,93.98,21,False,,True,Yahoo Finance ^GSPC,正式推出後
1974-04-30,1974-04-01,1974-04-30,1974-04-01,1974-04-30,93.98,95.42,88.62,90.31,21,False,,True,Yahoo Finance ^GSPC,正式推出後
1974-05-31,1974-05-01,1974-05-31,1974-05-01,1974-05-31,90.31,93.59,85.87,87.28,22,False,,True,Yahoo Finance ^GSPC,正式推出後
1974-06-28,1974-06-01,1974-06-30,1974-06-03,1974-06-28,87.28,93.76,85.13,86.00,20,False,,True,Yahoo Finance ^GSPC,正式推出後
1974-07-31,1974-07-01,1974-07-31,1974-07-01,1974-07-31,86.00,86.89,78.96,79.31,22,False,,True,Yahoo Finance ^GSPC,正式推出後
1974-08-30,1974-08-01,1974-08-31,1974-08-01,1974-08-30,,,,72.15,22,False,,False,Yahoo Finance ^GSPC,正式推出後
1974-09-30,1974-09-01,1974-09-30,1974-09-03,1974-09-30,72.15,73.01,62.52,63.54,20,False,,True,Yahoo Finance ^GSPC,正式推出後
1974-10-31,1974-10-01,1974-10-31,1974-10-01,1974-10-31,63.54,75.90,60.96,73.90,23,False,,True,Yahoo Finance ^GSPC,正式推出後
1974-11-29,1974-11-01,1974-11-30,1974-11-01,1974-11-29,73.90,77.41,66.85,69.97,20,False,,True,Yahoo Finance ^GSPC,正式推出後
1974-12-31,1974-12-01,1974-12-31,1974-12-02,1974-12-31,69.80,69.80,64.13,68.56,21,False,,True,Yahoo Finance ^GSPC,正式推出後
1975-01-31,1975-01-01,1975-01-31,1975-01-02,1975-01-31,68.65,78.69,68.65,76.98,22,False,,True,Yahoo Finance ^GSPC,正式推出後
1975-02-28,1975-02-01,1975-02-28,1975-02-03,1975-02-28,76.98,83.56,76.00,81.59,19,False,,True,Yahoo Finance ^GSPC,正式推出後
1975-03-31,1975-03-01,1975-03-31,1975-03-03,1975-03-31,81.59,87.08,80.08,83.36,20,False,,True,Yahoo Finance ^GSPC,正式推出後
1975-04-30,1975-04-01,1975-04-30,1975-04-01,1975-04-30,83.36,88.79,79.66,87.30,22,False,,True,Yahoo Finance ^GSPC,正式推出後
1975-05-30,1975-05-01,1975-05-31,1975-05-01,1975-05-30,87.30,93.51,86.94,91.15,21,False,,True,Yahoo Finance ^GSPC,正式推出後
1975-06-30,1975-06-01,1975-06-30,1975-06-02,1975-06-30,91.32,95.85,89.30,95.19,21,False,,True,Yahoo Finance ^GSPC,正式推出後
1975-07-31,1975-07-01,1975-07-31,1975-07-01,1975-07-31,95.19,96.58,87.68,88.75,22,False,,True,Yahoo Finance ^GSPC,正式推出後
1975-08-29,1975-08-01,1975-08-31,1975-08-01,1975-08-29,88.75,89.04,82.21,86.88,21,False,,True,Yahoo Finance ^GSPC,正式推出後
1975-09-30,1975-09-01,1975-09-30,1975-09-02,1975-09-30,86.88,87.42,81.57,83.87,21,False,,True,Yahoo Finance ^GSPC,正式推出後
1975-10-31,1975-10-01,1975-10-31,1975-10-01,1975-10-31,83.87,91.75,82.57,89.04,23,False,,True,Yahoo Finance ^GSPC,正式推出後
1975-11-28,1975-11-01,1975-11-30,1975-11-03,1975-11-28,89.04,92.33,87.63,91.24,19,False,,True,Yahoo Finance ^GSPC,正式推出後
1975-12-31,1975-12-01,1975-12-31,1975-12-01,1975-12-31,91.24,91.90,86.15,90.19,22,False,,True,Yahoo Finance ^GSPC,正式推出後
1976-01-30,1976-01-01,1976-01-31,1976-01-02,1976-01-30,90.19,101.99,89.81,100.86,21,False,,True,Yahoo Finance ^GSPC,正式推出後
1976-02-27,1976-02-01,1976-02-29,1976-02-02,1976-02-27,100.86,103.07,98.50,99.71,19,False,,True,Yahoo Finance ^GSPC,正式推出後
1976-03-31,1976-03-01,1976-03-31,1976-03-01,1976-03-31,99.71,104.39,98.23,102.77,23,False,,True,Yahoo Finance ^GSPC,正式推出後
1976-04-30,1976-04-01,1976-04-30,1976-04-01,1976-04-30,102.77,104.63,99.57,101.64,21,False,,True,Yahoo Finance ^GSPC,正式推出後
1976-05-28,1976-05-01,1976-05-31,1976-05-03,1976-05-28,101.64,103.99,98.26,100.18,20,False,,True,Yahoo Finance ^GSPC,正式推出後
1976-06-30,1976-06-01,1976-06-30,1976-06-01,1976-06-30,100.18,105.07,97.97,104.28,22,False,,True,Yahoo Finance ^GSPC,正式推出後
1976-07-30,1976-07-01,1976-07-31,1976-07-01,1976-07-30,104.28,106.78,102.31,103.44,21,False,,True,Yahoo Finance ^GSPC,正式推出後
1976-08-31,1976-08-01,1976-08-31,1976-08-02,1976-08-31,103.44,105.41,100.43,102.91,22,False,,True,Yahoo Finance ^GSPC,正式推出後
1976-09-30,1976-09-01,1976-09-30,1976-09-01,1976-09-30,102.91,108.72,102.60,105.24,21,False,,True,Yahoo Finance ^GSPC,正式推出後
1976-10-29,1976-10-01,1976-10-31,1976-10-01,1976-10-29,105.24,105.75,99.21,102.90,21,False,,True,Yahoo Finance ^GSPC,正式推出後
1976-11-30,1976-11-01,1976-11-30,1976-11-01,1976-11-30,102.90,103.78,98.18,102.10,20,False,,True,Yahoo Finance ^GSPC,正式推出後
1976-12-31,1976-12-01,1976-12-31,1976-12-01,1976-12-31,102.10,107.82,101.62,107.46,22,False,,True,Yahoo Finance ^GSPC,正式推出後
1977-01-31,1977-01-01,1977-01-31,1977-01-03,1977-01-31,107.46,107.97,100.91,102.03,21,False,,True,Yahoo Finance ^GSPC,正式推出後
1977-02-28,1977-02-01,1977-02-28,1977-02-01,1977-02-28,102.03,103.32,98.82,99.82,19,False,,True,Yahoo Finance ^GSPC,正式推出後
1977-03-31,1977-03-01,1977-03-31,1977-03-01,1977-03-31,99.82,102.70,97.80,98.42,23,False,,True,Yahoo Finance ^GSPC,正式推出後
1977-04-29,1977-04-01,1977-04-30,1977-04-01,1977-04-29,98.42,102.07,96.53,98.44,20,False,,True,Yahoo Finance ^GSPC,正式推出後
1977-05-31,1977-05-01,1977-05-31,1977-05-02,1977-05-31,98.44,100.93,95.52,96.12,21,False,,True,Yahoo Finance ^GSPC,正式推出後
1977-06-30,1977-06-01,1977-06-30,1977-06-01,1977-06-30,96.12,101.65,95.89,100.48,22,False,,True,Yahoo Finance ^GSPC,正式推出後
1977-07-29,1977-07-01,1977-07-31,1977-07-01,1977-07-29,100.48,102.57,97.71,98.85,19,False,,True,Yahoo Finance ^GSPC,正式推出後
1977-08-31,1977-08-01,1977-08-31,1977-08-01,1977-08-31,98.85,99.84,95.04,96.77,23,False,,True,Yahoo Finance ^GSPC,正式推出後
1977-09-30,1977-09-01,1977-09-30,1977-09-01,1977-09-30,96.77,98.43,94.44,96.53,21,False,,True,Yahoo Finance ^GSPC,正式推出後
1977-10-31,1977-10-01,1977-10-31,1977-10-03,1977-10-31,96.53,97.27,90.20,92.34,21,False,,True,Yahoo Finance ^GSPC,正式推出後
1977-11-30,1977-11-01,1977-11-30,1977-11-01,1977-11-30,92.19,97.11,90.01,94.83,21,False,,True,Yahoo Finance ^GSPC,正式推出後
1977-12-30,1977-12-01,1977-12-31,1977-12-01,1977-12-30,94.83,95.67,91.76,95.10,21,False,,True,Yahoo Finance ^GSPC,正式推出後
1978-01-31,1978-01-01,1978-01-31,1978-01-03,1978-01-31,95.10,95.15,88.02,89.25,21,False,,True,Yahoo Finance ^GSPC,正式推出後
1978-02-28,1978-02-01,1978-02-28,1978-02-01,1978-02-28,89.25,91.32,86.58,87.04,19,False,,True,Yahoo Finance ^GSPC,正式推出後
1978-03-31,1978-03-01,1978-03-31,1978-03-01,1978-03-31,87.04,91.35,86.45,89.21,22,False,,True,Yahoo Finance ^GSPC,正式推出後
1978-04-28,1978-04-01,1978-04-30,1978-04-03,1978-04-28,89.20,97.91,88.07,96.83,20,False,,True,Yahoo Finance ^GSPC,正式推出後
1978-05-31,1978-05-01,1978-05-31,1978-05-01,1978-05-31,96.83,100.32,94.57,97.24,22,False,,True,Yahoo Finance ^GSPC,正式推出後
1978-06-30,1978-06-01,1978-06-30,1978-06-01,1978-06-30,97.24,101.84,93.99,95.53,22,False,,True,Yahoo Finance ^GSPC,正式推出後
1978-07-31,1978-07-01,1978-07-31,1978-07-03,1978-07-31,,,,100.68,20,False,,False,Yahoo Finance ^GSPC,正式推出後
1978-08-31,1978-08-01,1978-08-31,1978-08-01,1978-08-31,100.68,106.27,99.95,103.29,23,False,,True,Yahoo Finance ^GSPC,正式推出後
1978-09-29,1978-09-01,1978-09-30,1978-09-01,1978-09-29,103.29,108.05,100.66,102.54,20,False,,True,Yahoo Finance ^GSPC,正式推出後
1978-10-31,1978-10-01,1978-10-31,1978-10-02,1978-10-31,102.54,106.23,91.65,93.15,22,False,,True,Yahoo Finance ^GSPC,正式推出後
1978-11-30,1978-11-01,1978-11-30,1978-11-01,1978-11-30,94.13,97.41,91.77,94.70,21,False,,True,Yahoo Finance ^GSPC,正式推出後
1978-12-29,1978-12-01,1978-12-31,1978-12-01,1978-12-29,95.01,98.58,92.64,96.11,20,False,,True,Yahoo Finance ^GSPC,正式推出後
1979-01-31,1979-01-01,1979-01-31,1979-01-02,1979-01-31,96.11,102.59,95.22,99.93,22,False,,True,Yahoo Finance ^GSPC,正式推出後
1979-02-28,1979-02-01,1979-02-28,1979-02-01,1979-02-28,99.93,100.52,95.38,96.28,19,False,,True,Yahoo Finance ^GSPC,正式推出後
1979-03-30,1979-03-01,1979-03-31,1979-03-01,1979-03-30,96.28,103.31,95.98,101.59,22,False,,True,Yahoo Finance ^GSPC,正式推出後
1979-04-30,1979-04-01,1979-04-30,1979-04-02,1979-04-30,101.56,103.95,100.14,101.76,20,False,,True,Yahoo Finance ^GSPC,正式推出後
1979-05-31,1979-05-01,1979-05-31,1979-05-01,1979-05-31,101.76,102.57,97.49,99.08,22,False,,True,Yahoo Finance ^GSPC,正式推出後
1979-06-29,1979-06-01,1979-06-30,1979-06-01,1979-06-29,99.08,103.67,98.57,102.91,21,False,,True,Yahoo Finance ^GSPC,正式推出後
1979-07-31,1979-07-01,1979-07-31,1979-07-02,1979-07-31,102.91,105.17,100.35,103.81,21,False,,True,Yahoo Finance ^GSPC,正式推出後
1979-08-31,1979-08-01,1979-08-31,1979-08-01,1979-08-31,103.81,109.84,103.14,109.32,23,False,,True,Yahoo Finance ^GSPC,正式推出後
1979-09-28,1979-09-01,1979-09-30,1979-09-04,1979-09-28,109.32,111.58,105.38,109.32,19,False,,True,Yahoo Finance ^GSPC,正式推出後
1979-10-31,1979-10-01,1979-10-31,1979-10-01,1979-10-31,109.19,112.16,99.06,101.82,23,False,,True,Yahoo Finance ^GSPC,正式推出後
1979-11-30,1979-11-01,1979-11-30,1979-11-01,1979-11-30,101.82,107.89,99.42,106.16,21,False,,True,Yahoo Finance ^GSPC,正式推出後
1979-12-31,1979-12-01,1979-12-31,1979-12-03,1979-12-31,106.16,110.33,105.07,107.94,20,False,,True,Yahoo Finance ^GSPC,正式推出後
1980-01-31,1980-01-01,1980-01-31,1980-01-02,1980-01-31,107.94,117.17,103.26,114.16,22,False,,True,Yahoo Finance ^GSPC,正式推出後
1980-02-29,1980-02-01,1980-02-29,1980-02-01,1980-02-29,114.16,120.22,111.33,113.66,20,False,,True,Yahoo Finance ^GSPC,正式推出後
1980-03-31,1980-03-01,1980-03-31,1980-03-03,1980-03-31,113.66,114.34,94.23,102.09,21,False,,True,Yahoo Finance ^GSPC,正式推出後
1980-04-30,1980-04-01,1980-04-30,1980-04-01,1980-04-30,102.09,106.79,98.95,106.29,21,False,,True,Yahoo Finance ^GSPC,正式推出後
1980-05-30,1980-05-01,1980-05-31,1980-05-01,1980-05-30,106.29,112.72,103.50,111.24,21,False,,True,Yahoo Finance ^GSPC,正式推出後
1980-06-30,1980-06-01,1980-06-30,1980-06-02,1980-06-30,111.24,117.98,109.77,114.24,21,False,,True,Yahoo Finance ^GSPC,正式推出後
1980-07-31,1980-07-01,1980-07-31,1980-07-01,1980-07-31,114.24,123.93,113.54,121.67,22,False,,True,Yahoo Finance ^GSPC,正式推出後
1980-08-29,1980-08-01,1980-08-31,1980-08-01,1980-08-29,121.67,127.78,119.42,122.38,21,False,,True,Yahoo Finance ^GSPC,正式推出後
1980-09-30,1980-09-01,1980-09-30,1980-09-02,1980-09-30,122.38,132.17,121.79,125.46,21,False,,True,Yahoo Finance ^GSPC,正式推出後
1980-10-31,1980-10-01,1980-10-31,1980-10-01,1980-10-31,125.46,135.88,124.66,127.47,23,False,,True,Yahoo Finance ^GSPC,正式推出後
1980-11-28,1980-11-01,1980-11-30,1980-11-03,1980-11-28,127.47,141.96,127.23,140.52,18,False,,True,Yahoo Finance ^GSPC,正式推出後
1980-12-31,1980-12-01,1980-12-31,1980-12-01,1980-12-31,140.52,140.66,125.32,135.76,22,False,,True,Yahoo Finance ^GSPC,正式推出後
1981-01-30,1981-01-01,1981-01-31,1981-01-02,1981-01-30,135.76,140.32,128.57,129.55,21,False,,True,Yahoo Finance ^GSPC,正式推出後
1981-02-27,1981-02-01,1981-02-28,1981-02-02,1981-02-27,129.48,132.02,124.66,131.27,19,False,,True,Yahoo Finance ^GSPC,正式推出後
1981-03-31,1981-03-01,1981-03-31,1981-03-02,1981-03-31,131.27,138.38,128.56,136.00,22,False,,True,Yahoo Finance ^GSPC,正式推出後
1981-04-30,1981-04-01,1981-04-30,1981-04-01,1981-04-30,136.00,137.72,131.58,132.81,21,False,,True,Yahoo Finance ^GSPC,正式推出後
1981-05-29,1981-05-01,1981-05-31,1981-05-01,1981-05-29,132.81,134.92,128.78,132.59,20,False,,True,Yahoo Finance ^GSPC,正式推出後
1981-06-30,1981-06-01,1981-06-30,1981-06-01,1981-06-30,132.59,135.67,128.77,131.21,22,False,,True,Yahoo Finance ^GSPC,正式推出後
1981-07-31,1981-07-01,1981-07-31,1981-07-01,1981-07-31,131.21,131.78,125.96,130.92,22,False,,True,Yahoo Finance ^GSPC,正式推出後
1981-08-31,1981-08-01,1981-08-31,1981-08-03,1981-08-31,130.92,135.18,122.29,122.79,21,False,,True,Yahoo Finance ^GSPC,正式推出後
1981-09-30,1981-09-01,1981-09-30,1981-09-01,1981-09-30,122.79,124.58,110.19,116.18,21,False,,True,Yahoo Finance ^GSPC,正式推出後
1981-10-30,1981-10-01,1981-10-31,1981-10-01,1981-10-30,116.18,123.28,115.00,121.89,22,False,,True,Yahoo Finance ^GSPC,正式推出後
1981-11-30,1981-11-01,1981-11-30,1981-11-02,1981-11-30,122.35,126.97,119.13,126.35,20,False,,True,Yahoo Finance ^GSPC,正式推出後
1981-12-31,1981-12-01,1981-12-31,1981-12-01,1981-12-31,126.35,127.32,121.04,122.55,22,False,,True,Yahoo Finance ^GSPC,正式推出後
1982-01-29,1982-01-01,1982-01-31,1982-01-04,1982-01-29,122.55,123.72,113.63,120.40,20,False,,True,Yahoo Finance ^GSPC,正式推出後
1982-02-26,1982-02-01,1982-02-28,1982-02-01,1982-02-26,119.81,119.81,110.03,113.11,19,False,,True,Yahoo Finance ^GSPC,正式推出後
1982-03-31,1982-03-01,1982-03-31,1982-03-01,1982-03-31,113.11,114.80,104.46,111.96,23,False,,True,Yahoo Finance ^GSPC,正式推出後
1982-04-30,1982-04-01,1982-04-30,1982-04-01,1982-04-30,111.96,119.33,111.48,116.44,21,False,,True,Yahoo Finance ^GSPC,正式推出後
1982-05-28,1982-05-01,1982-05-31,1982-05-03,1982-05-28,115.96,119.92,111.66,111.88,20,False,,True,Yahoo Finance ^GSPC,正式推出後
1982-06-30,1982-06-01,1982-06-30,1982-06-01,1982-06-30,111.97,112.48,107.01,109.61,22,False,,True,Yahoo Finance ^GSPC,正式推出後
1982-07-30,1982-07-01,1982-07-31,1982-07-01,1982-07-30,109.52,112.39,105.57,107.09,21,False,,True,Yahoo Finance ^GSPC,正式推出後
1982-08-31,1982-08-01,1982-08-31,1982-08-02,1982-08-31,107.71,120.26,102.20,119.51,22,False,,True,Yahoo Finance ^GSPC,正式推出後
1982-09-30,1982-09-01,1982-09-30,1982-09-01,1982-09-30,119.52,126.43,117.84,120.42,21,False,,True,Yahoo Finance ^GSPC,正式推出後
1982-10-29,1982-10-01,1982-10-31,1982-10-01,1982-10-29,120.40,140.40,120.15,133.72,21,False,,True,Yahoo Finance ^GSPC,正式推出後
1982-11-30,1982-11-01,1982-11-30,1982-11-01,1982-11-30,133.72,144.36,132.89,138.53,21,False,,True,Yahoo Finance ^GSPC,正式推出後
1982-12-31,1982-12-01,1982-12-31,1982-12-01,1982-12-31,138.56,143.68,134.79,140.64,22,False,,True,Yahoo Finance ^GSPC,正式推出後
1983-01-31,1983-01-01,1983-01-31,1983-01-03,1983-01-31,140.65,148.36,138.08,145.30,21,False,,True,Yahoo Finance ^GSPC,正式推出後
1983-02-28,1983-02-01,1983-02-28,1983-02-01,1983-02-28,145.29,150.88,141.90,148.06,19,False,,True,Yahoo Finance ^GSPC,正式推出後
1983-03-31,1983-03-01,1983-03-31,1983-03-01,1983-03-31,148.07,155.02,148.07,152.96,23,False,,True,Yahoo Finance ^GSPC,正式推出後
1983-04-29,1983-04-01,1983-04-30,1983-04-04,1983-04-29,152.92,164.43,150.17,164.43,20,False,,True,Yahoo Finance ^GSPC,正式推出後
1983-05-31,1983-05-01,1983-05-31,1983-05-02,1983-05-31,164.41,166.99,160.29,162.39,21,False,,True,Yahoo Finance ^GSPC,正式推出後
1983-06-30,1983-06-01,1983-06-30,1983-06-01,1983-06-30,,,,167.64,22,False,,False,Yahoo Finance ^GSPC,正式推出後
1983-07-29,1983-07-01,1983-07-31,1983-07-01,1983-07-29,168.11,170.72,161.50,162.56,20,False,,True,Yahoo Finance ^GSPC,正式推出後
1983-08-31,1983-08-01,1983-08-31,1983-08-01,1983-08-31,162.34,165.91,158.50,164.40,23,False,,True,Yahoo Finance ^GSPC,正式推出後
1983-09-30,1983-09-01,1983-09-30,1983-09-01,1983-09-30,164.40,170.41,163.95,166.07,21,False,,True,Yahoo Finance ^GSPC,正式推出後
1983-10-31,1983-10-01,1983-10-31,1983-10-03,1983-10-31,165.99,172.65,162.86,163.55,21,False,,True,Yahoo Finance ^GSPC,正式推出後
1983-11-30,1983-11-01,1983-11-30,1983-11-01,1983-11-30,163.55,168.07,161.63,166.40,21,False,,True,Yahoo Finance ^GSPC,正式推出後
1983-12-30,1983-12-01,1983-12-31,1983-12-01,1983-12-30,166.37,166.77,161.58,164.93,21,False,,True,Yahoo Finance ^GSPC,正式推出後
1984-01-31,1984-01-01,1984-01-31,1984-01-03,1984-01-31,164.93,169.54,162.03,163.41,21,False,,True,Yahoo Finance ^GSPC,正式推出後
1984-02-29,1984-02-01,1984-02-29,1984-02-01,1984-02-29,163.41,164.00,152.13,157.06,20,False,,True,Yahoo Finance ^GSPC,正式推出後
1984-03-30,1984-03-01,1984-03-31,1984-03-01,1984-03-30,157.06,160.46,153.77,159.18,22,False,,True,Yahoo Finance ^GSPC,正式推出後
1984-04-30,1984-04-01,1984-04-30,1984-04-02,1984-04-30,159.18,160.69,154.12,160.05,20,False,,True,Yahoo Finance ^GSPC,正式推出後
1984-05-31,1984-05-01,1984-05-31,1984-05-01,1984-05-31,160.05,162.11,148.68,150.55,22,False,,True,Yahoo Finance ^GSPC,正式推出後
1984-06-29,1984-06-01,1984-06-30,1984-06-01,1984-06-29,150.55,155.64,148.53,153.18,21,False,,True,Yahoo Finance ^GSPC,正式推出後
1984-07-31,1984-07-01,1984-07-31,1984-07-02,1984-07-31,153.16,153.87,147.26,150.66,21,False,,True,Yahoo Finance ^GSPC,正式推出後
1984-08-31,1984-08-01,1984-08-31,1984-08-01,1984-08-31,150.66,168.80,150.66,166.68,23,False,,True,Yahoo Finance ^GSPC,正式推出後
1984-09-28,1984-09-01,1984-09-30,1984-09-04,1984-09-28,166.68,169.65,163.06,166.10,19,False,,True,Yahoo Finance ^GSPC,正式推出後
1984-10-31,1984-10-01,1984-10-31,1984-10-01,1984-10-31,166.10,169.62,160.02,166.09,23,False,,True,Yahoo Finance ^GSPC,正式推出後
1984-11-30,1984-11-01,1984-11-30,1984-11-01,1984-11-30,166.09,170.41,162.99,163.58,21,False,,True,Yahoo Finance ^GSPC,正式推出後
1984-12-31,1984-12-01,1984-12-31,1984-12-03,1984-12-31,163.58,169.03,161.54,167.24,20,False,,True,Yahoo Finance ^GSPC,正式推出後
1985-01-31,1985-01-01,1985-01-31,1985-01-02,1985-01-31,167.20,180.27,163.36,179.63,22,False,,True,Yahoo Finance ^GSPC,正式推出後
1985-02-28,1985-02-01,1985-02-28,1985-02-01,1985-02-28,179.63,183.95,177.75,181.18,19,False,,True,Yahoo Finance ^GSPC,正式推出後
1985-03-29,1985-03-01,1985-03-31,1985-03-01,1985-03-29,181.18,183.89,176.53,180.66,21,False,,True,Yahoo Finance ^GSPC,正式推出後
1985-04-30,1985-04-01,1985-04-30,1985-04-01,1985-04-30,180.66,183.61,177.86,179.83,21,False,,True,Yahoo Finance ^GSPC,正式推出後
1985-05-31,1985-05-01,1985-05-31,1985-05-01,1985-05-31,179.83,189.98,178.35,189.55,22,False,,True,Yahoo Finance ^GSPC,正式推出後
1985-06-28,1985-06-01,1985-06-30,1985-06-03,1985-06-28,189.55,191.85,185.03,191.85,20,False,,True,Yahoo Finance ^GSPC,正式推出後
1985-07-31,1985-07-01,1985-07-31,1985-07-01,1985-07-31,191.85,196.07,189.30,190.92,22,False,,True,Yahoo Finance ^GSPC,正式推出後
1985-08-30,1985-08-01,1985-08-31,1985-08-01,1985-08-30,190.92,192.17,186.10,188.63,22,False,,True,Yahoo Finance ^GSPC,正式推出後
1985-09-30,1985-09-01,1985-09-30,1985-09-03,1985-09-30,188.63,188.80,179.45,182.08,19,False,,True,Yahoo Finance ^GSPC,正式推出後
1985-10-31,1985-10-01,1985-10-31,1985-10-01,1985-10-31,182.06,190.15,181.16,189.82,23,False,,True,Yahoo Finance ^GSPC,正式推出後
1985-11-29,1985-11-01,1985-11-30,1985-11-01,1985-11-29,189.82,203.40,189.37,202.17,20,False,,True,Yahoo Finance ^GSPC,正式推出後
1985-12-31,1985-12-01,1985-12-31,1985-12-02,1985-12-31,202.17,213.08,200.10,211.28,21,False,,True,Yahoo Finance ^GSPC,正式推出後
1986-01-31,1986-01-01,1986-01-31,1986-01-02,1986-01-31,211.28,214.57,202.60,211.78,22,False,,True,Yahoo Finance ^GSPC,正式推出後
1986-02-28,1986-02-01,1986-02-28,1986-02-03,1986-02-28,211.78,227.92,210.82,226.92,19,False,,True,Yahoo Finance ^GSPC,正式推出後
1986-03-31,1986-03-01,1986-03-31,1986-03-03,1986-03-31,226.92,240.11,222.18,238.90,20,False,,True,Yahoo Finance ^GSPC,正式推出後
1986-04-30,1986-04-01,1986-04-30,1986-04-01,1986-04-30,238.90,245.47,226.30,235.52,22,False,,True,Yahoo Finance ^GSPC,正式推出後
1986-05-30,1986-05-01,1986-05-31,1986-05-01,1986-05-30,235.52,249.19,232.26,247.35,21,False,,True,Yahoo Finance ^GSPC,正式推出後
1986-06-30,1986-06-01,1986-06-30,1986-06-02,1986-06-30,246.04,251.81,238.23,250.84,21,False,,True,Yahoo Finance ^GSPC,正式推出後
1986-07-31,1986-07-01,1986-07-31,1986-07-01,1986-07-31,250.67,253.20,233.07,236.12,22,False,,True,Yahoo Finance ^GSPC,正式推出後
1986-08-29,1986-08-01,1986-08-31,1986-08-01,1986-08-29,236.12,254.24,231.92,252.93,21,False,,True,Yahoo Finance ^GSPC,正式推出後
1986-09-30,1986-09-01,1986-09-30,1986-09-02,1986-09-30,252.93,254.13,228.08,231.32,21,False,,True,Yahoo Finance ^GSPC,正式推出後
1986-10-31,1986-10-01,1986-10-31,1986-10-01,1986-10-31,231.32,244.51,231.32,243.98,23,False,,True,Yahoo Finance ^GSPC,正式推出後
1986-11-28,1986-11-01,1986-11-30,1986-11-03,1986-11-28,243.97,249.22,235.51,249.22,19,False,,True,Yahoo Finance ^GSPC,正式推出後
1986-12-31,1986-12-01,1986-12-31,1986-12-01,1986-12-31,249.22,254.87,241.28,242.17,22,False,,True,Yahoo Finance ^GSPC,正式推出後
1987-01-30,1987-01-01,1987-01-31,1987-01-02,1987-01-30,242.17,280.96,242.17,274.08,21,False,,True,Yahoo Finance ^GSPC,正式推出後
1987-02-27,1987-02-01,1987-02-28,1987-02-02,1987-02-27,274.08,287.55,273.16,284.20,19,False,,True,Yahoo Finance ^GSPC,正式推出後
1987-03-31,1987-03-01,1987-03-31,1987-03-02,1987-03-31,284.17,302.72,282.30,291.70,22,False,,True,Yahoo Finance ^GSPC,正式推出後
1987-04-30,1987-04-01,1987-04-30,1987-04-01,1987-04-30,291.59,303.65,275.67,288.36,21,False,,True,Yahoo Finance ^GSPC,正式推出後
1987-05-29,1987-05-01,1987-05-31,1987-05-01,1987-05-29,286.99,298.69,277.01,290.10,20,False,,True,Yahoo Finance ^GSPC,正式推出後
1987-06-30,1987-06-01,1987-06-30,1987-06-01,1987-06-30,290.12,310.27,286.93,304.00,22,False,,True,Yahoo Finance ^GSPC,正式推出後
1987-07-31,1987-07-01,1987-07-31,1987-07-01,1987-07-31,303.99,318.85,302.53,318.66,22,False,,True,Yahoo Finance ^GSPC,正式推出後
1987-08-31,1987-08-01,1987-08-31,1987-08-03,1987-08-31,318.62,337.89,314.51,329.80,21,False,,True,Yahoo Finance ^GSPC,正式推出後
1987-09-30,1987-09-01,1987-09-30,1987-09-01,1987-09-30,329.81,332.18,308.56,321.83,21,False,,True,Yahoo Finance ^GSPC,正式推出後
1987-10-30,1987-10-01,1987-10-31,1987-10-01,1987-10-30,321.83,328.94,216.46,251.79,22,False,,True,Yahoo Finance ^GSPC,正式推出後
1987-11-30,1987-11-01,1987-11-30,1987-11-02,1987-11-30,251.73,257.21,225.75,230.30,20,False,,True,Yahoo Finance ^GSPC,正式推出後
1987-12-31,1987-12-01,1987-12-31,1987-12-01,1987-12-31,230.32,253.35,221.24,247.08,22,False,,True,Yahoo Finance ^GSPC,正式推出後
1988-01-29,1988-01-01,1988-01-31,1988-01-04,1988-01-29,247.10,261.78,240.17,257.07,20,False,,True,Yahoo Finance ^GSPC,正式推出後
1988-02-29,1988-02-01,1988-02-29,1988-02-01,1988-02-29,257.05,267.82,247.82,267.82,20,False,,True,Yahoo Finance ^GSPC,正式推出後
1988-03-31,1988-03-01,1988-03-31,1988-03-01,1988-03-31,267.82,272.64,256.07,258.89,23,False,,True,Yahoo Finance ^GSPC,正式推出後
1988-04-29,1988-04-01,1988-04-30,1988-04-04,1988-04-29,258.89,272.05,254.71,261.33,20,False,,True,Yahoo Finance ^GSPC,正式推出後
1988-05-31,1988-05-01,1988-05-31,1988-05-02,1988-05-31,261.36,263.70,248.85,262.16,21,False,,True,Yahoo Finance ^GSPC,正式推出後
1988-06-30,1988-06-01,1988-06-30,1988-06-01,1988-06-30,262.16,276.88,262.10,273.50,22,False,,True,Yahoo Finance ^GSPC,正式推出後
1988-07-29,1988-07-01,1988-07-31,1988-07-01,1988-07-29,273.50,276.36,262.48,272.02,20,False,,True,Yahoo Finance ^GSPC,正式推出後
1988-08-31,1988-08-01,1988-08-31,1988-08-01,1988-08-31,272.03,274.20,256.53,261.52,23,False,,True,Yahoo Finance ^GSPC,正式推出後
1988-09-30,1988-09-01,1988-09-30,1988-09-01,1988-09-30,261.52,274.87,256.98,271.91,21,False,,True,Yahoo Finance ^GSPC,正式推出後
1988-10-31,1988-10-01,1988-10-31,1988-10-03,1988-10-31,271.89,283.95,268.84,278.97,21,False,,True,Yahoo Finance ^GSPC,正式推出後
1988-11-30,1988-11-01,1988-11-30,1988-11-01,1988-11-30,278.97,280.37,262.85,273.70,21,False,,True,Yahoo Finance ^GSPC,正式推出後
1988-12-30,1988-12-01,1988-12-31,1988-12-01,1988-12-30,273.68,280.45,270.47,277.72,21,False,,True,Yahoo Finance ^GSPC,正式推出後
1989-01-31,1989-01-01,1989-01-31,1989-01-03,1989-01-31,277.72,297.51,273.81,297.47,21,False,,True,Yahoo Finance ^GSPC,正式推出後
1989-02-28,1989-02-01,1989-02-28,1989-02-01,1989-02-28,297.47,300.57,286.26,288.86,19,False,,True,Yahoo Finance ^GSPC,正式推出後
1989-03-31,1989-03-01,1989-03-31,1989-03-01,1989-03-31,288.86,299.99,286.46,294.87,22,False,,True,Yahoo Finance ^GSPC,正式推出後
1989-04-28,1989-04-01,1989-04-30,1989-04-03,1989-04-28,294.87,310.45,294.35,309.64,20,False,,True,Yahoo Finance ^GSPC,正式推出後
1989-05-31,1989-05-01,1989-05-31,1989-05-01,1989-05-31,309.64,323.06,304.06,320.52,22,False,,True,Yahoo Finance ^GSPC,正式推出後
1989-06-30,1989-06-01,1989-06-30,1989-06-01,1989-06-30,320.51,329.19,314.38,317.98,22,False,,True,Yahoo Finance ^GSPC,正式推出後
1989-07-31,1989-07-01,1989-07-31,1989-07-03,1989-07-31,317.98,346.08,317.26,346.08,20,False,,True,Yahoo Finance ^GSPC,正式推出後
1989-08-31,1989-08-01,1989-08-31,1989-08-01,1989-08-31,346.08,352.73,339.00,351.45,23,False,,True,Yahoo Finance ^GSPC,正式推出後
1989-09-29,1989-09-01,1989-09-30,1989-09-01,1989-09-29,351.45,354.13,341.37,349.15,20,False,,True,Yahoo Finance ^GSPC,正式推出後
1989-10-31,1989-10-01,1989-10-31,1989-10-02,1989-10-31,349.15,360.44,327.12,340.36,22,False,,True,Yahoo Finance ^GSPC,正式推出後
1989-11-30,1989-11-01,1989-11-30,1989-11-01,1989-11-30,340.36,346.50,330.91,345.99,21,False,,True,Yahoo Finance ^GSPC,正式推出後
1989-12-29,1989-12-01,1989-12-31,1989-12-01,1989-12-29,346.01,354.10,339.63,353.40,20,False,,True,Yahoo Finance ^GSPC,正式推出後
1990-01-31,1990-01-01,1990-01-31,1990-01-02,1990-01-31,353.40,360.59,319.83,329.08,22,False,,True,Yahoo Finance ^GSPC,正式推出後
1990-02-28,1990-02-01,1990-02-28,1990-02-01,1990-02-28,329.08,336.09,322.10,331.89,19,False,,True,Yahoo Finance ^GSPC,正式推出後
1990-03-30,1990-03-01,1990-03-31,1990-03-01,1990-03-30,331.89,344.49,331.08,339.94,22,False,,True,Yahoo Finance ^GSPC,正式推出後
1990-04-30,1990-04-01,1990-04-30,1990-04-02,1990-04-30,339.94,347.30,327.76,330.80,20,False,,True,Yahoo Finance ^GSPC,正式推出後
1990-05-31,1990-05-01,1990-05-31,1990-05-01,1990-05-31,330.80,362.26,330.80,361.23,22,False,,True,Yahoo Finance ^GSPC,正式推出後
1990-06-29,1990-06-01,1990-06-30,1990-06-01,1990-06-29,361.26,368.78,351.23,358.02,21,False,,True,Yahoo Finance ^GSPC,正式推出後
1990-07-31,1990-07-01,1990-07-31,1990-07-02,1990-07-31,358.02,369.78,350.09,356.15,21,False,,True,Yahoo Finance ^GSPC,正式推出後
1990-08-31,1990-08-01,1990-08-31,1990-08-01,1990-08-31,356.15,357.35,306.18,322.56,23,False,,True,Yahoo Finance ^GSPC,正式推出後
1990-09-28,1990-09-01,1990-09-30,1990-09-04,1990-09-28,322.56,326.53,295.98,306.05,19,False,,True,Yahoo Finance ^GSPC,正式推出後
1990-10-31,1990-10-01,1990-10-31,1990-10-01,1990-10-31,306.10,319.69,294.51,304.00,23,False,,True,Yahoo Finance ^GSPC,正式推出後
1990-11-30,1990-11-01,1990-11-30,1990-11-01,1990-11-30,303.99,323.02,301.61,322.22,21,False,,True,Yahoo Finance ^GSPC,正式推出後
1990-12-31,1990-12-01,1990-12-31,1990-12-03,1990-12-31,322.23,333.98,321.97,330.22,20,False,,True,Yahoo Finance ^GSPC,正式推出後
1991-01-31,1991-01-01,1991-01-31,1991-01-02,1991-01-31,330.20,343.93,309.35,343.93,22,False,,True,Yahoo Finance ^GSPC,正式推出後
1991-02-28,1991-02-01,1991-02-28,1991-02-01,1991-02-28,343.91,370.96,340.37,367.07,19,False,,True,Yahoo Finance ^GSPC,正式推出後
1991-03-28,1991-03-01,1991-03-31,1991-03-01,1991-03-28,367.07,379.66,363.73,375.22,20,False,,True,Yahoo Finance ^GSPC,正式推出後
1991-04-30,1991-04-01,1991-04-30,1991-04-01,1991-04-30,375.22,391.26,370.27,375.34,22,False,,True,Yahoo Finance ^GSPC,正式推出後
1991-05-31,1991-05-01,1991-05-31,1991-05-01,1991-05-31,375.35,389.85,365.83,389.83,22,False,,True,Yahoo Finance ^GSPC,正式推出後
1991-06-28,1991-06-01,1991-06-30,1991-06-03,1991-06-28,389.81,389.81,367.98,371.16,20,False,,True,Yahoo Finance ^GSPC,正式推出後
1991-07-31,1991-07-01,1991-07-31,1991-07-01,1991-07-31,371.18,387.81,370.92,387.81,22,False,,True,Yahoo Finance ^GSPC,正式推出後
1991-08-30,1991-08-01,1991-08-31,1991-08-01,1991-08-30,387.81,396.82,374.09,395.43,22,False,,True,Yahoo Finance ^GSPC,正式推出後
1991-09-30,1991-09-01,1991-09-30,1991-09-03,1991-09-30,395.43,397.62,382.77,387.86,20,False,,True,Yahoo Finance ^GSPC,正式推出後
1991-10-31,1991-10-01,1991-10-31,1991-10-01,1991-10-31,387.86,393.81,376.11,392.45,23,False,,True,Yahoo Finance ^GSPC,正式推出後
1991-11-29,1991-11-01,1991-11-30,1991-11-01,1991-11-29,392.46,398.22,371.63,375.22,20,False,,True,Yahoo Finance ^GSPC,正式推出後
1991-12-31,1991-12-01,1991-12-31,1991-12-02,1991-12-31,375.11,418.32,371.36,417.09,21,False,,True,Yahoo Finance ^GSPC,正式推出後
1992-01-31,1992-01-01,1992-01-31,1992-01-02,1992-01-31,417.03,421.18,408.64,408.78,22,False,,True,Yahoo Finance ^GSPC,正式推出後
1992-02-28,1992-02-01,1992-02-29,1992-02-03,1992-02-28,408.79,418.08,406.34,412.70,19,False,,True,Yahoo Finance ^GSPC,正式推出後
1992-03-31,1992-03-01,1992-03-31,1992-03-02,1992-03-31,412.68,413.78,401.94,403.69,22,False,,True,Yahoo Finance ^GSPC,正式推出後
1992-04-30,1992-04-01,1992-04-30,1992-04-01,1992-04-30,403.67,416.28,392.41,414.95,21,False,,True,Yahoo Finance ^GSPC,正式推出後
1992-05-29,1992-05-01,1992-05-31,1992-05-01,1992-05-29,414.95,418.75,409.85,415.35,20,False,,True,Yahoo Finance ^GSPC,正式推出後
1992-06-30,1992-06-01,1992-06-30,1992-06-01,1992-06-30,415.35,417.30,399.92,408.14,22,False,,True,Yahoo Finance ^GSPC,正式推出後
1992-07-31,1992-07-01,1992-07-31,1992-07-01,1992-07-31,408.20,424.80,407.20,424.21,22,False,,True,Yahoo Finance ^GSPC,正式推出後
1992-08-31,1992-08-01,1992-08-31,1992-08-03,1992-08-31,424.19,425.14,408.30,414.03,21,False,,True,Yahoo Finance ^GSPC,正式推出後
1992-09-30,1992-09-01,1992-09-30,1992-09-01,1992-09-30,414.03,425.27,412.71,417.80,21,False,,True,Yahoo Finance ^GSPC,正式推出後
1992-10-30,1992-10-01,1992-10-31,1992-10-01,1992-10-30,417.80,421.16,396.80,418.68,22,False,,True,Yahoo Finance ^GSPC,正式推出後
1992-11-30,1992-11-01,1992-11-30,1992-11-02,1992-11-30,418.66,431.93,415.58,431.35,20,False,,True,Yahoo Finance ^GSPC,正式推出後
1992-12-31,1992-12-01,1992-12-31,1992-12-01,1992-12-31,431.35,442.65,428.61,435.71,22,False,,True,Yahoo Finance ^GSPC,正式推出後
1993-01-29,1993-01-01,1993-01-31,1993-01-04,1993-01-29,435.70,442.66,426.88,438.78,20,False,,True,Yahoo Finance ^GSPC,正式推出後
1993-02-26,1993-02-01,1993-02-28,1993-02-01,1993-02-26,438.78,450.04,428.25,443.38,19,False,,True,Yahoo Finance ^GSPC,正式推出後
1993-03-31,1993-03-01,1993-03-31,1993-03-01,1993-03-31,443.38,456.76,441.07,451.67,23,False,,True,Yahoo Finance ^GSPC,正式推出後
1993-04-30,1993-04-01,1993-04-30,1993-04-01,1993-04-30,451.67,452.63,432.30,440.19,21,False,,True,Yahoo Finance ^GSPC,正式推出後
1993-05-28,1993-05-01,1993-05-31,1993-05-03,1993-05-28,440.19,454.55,436.86,450.19,20,False,,True,Yahoo Finance ^GSPC,正式推出後
1993-06-30,1993-06-01,1993-06-30,1993-06-01,1993-06-30,450.23,455.63,442.50,450.53,22,False,,True,Yahoo Finance ^GSPC,正式推出後
1993-07-30,1993-07-01,1993-07-31,1993-07-01,1993-07-30,450.54,451.15,441.40,448.13,21,False,,True,Yahoo Finance ^GSPC,正式推出後
1993-08-31,1993-08-01,1993-08-31,1993-08-02,1993-08-31,448.13,463.56,446.94,463.56,22,False,,True,Yahoo Finance ^GSPC,正式推出後
1993-09-30,1993-09-01,1993-09-30,1993-09-01,1993-09-30,463.55,463.80,449.64,458.93,21,False,,True,Yahoo Finance ^GSPC,正式推出後
1993-10-29,1993-10-01,1993-10-31,1993-10-01,1993-10-29,458.93,471.10,456.40,467.83,21,False,,True,Yahoo Finance ^GSPC,正式推出後
1993-11-30,1993-11-01,1993-11-30,1993-11-01,1993-11-30,467.83,469.11,454.36,461.79,21,False,,True,Yahoo Finance ^GSPC,正式推出後
1993-12-31,1993-12-01,1993-12-31,1993-12-01,1993-12-31,461.93,471.29,461.45,466.45,22,False,,True,Yahoo Finance ^GSPC,正式推出後
1994-01-31,1994-01-01,1994-01-31,1994-01-03,1994-01-31,466.51,482.85,464.36,481.61,21,False,,True,Yahoo Finance ^GSPC,正式推出後
1994-02-28,1994-02-01,1994-02-28,1994-02-01,1994-02-28,481.60,482.23,464.26,467.14,19,False,,True,Yahoo Finance ^GSPC,正式推出後
1994-03-31,1994-03-01,1994-03-31,1994-03-01,1994-03-31,467.19,471.09,436.16,445.77,23,False,,True,Yahoo Finance ^GSPC,正式推出後
1994-04-29,1994-04-01,1994-04-30,1994-04-04,1994-04-29,445.66,452.79,435.86,450.91,19,False,,True,Yahoo Finance ^GSPC,正式推出後
1994-05-31,1994-05-01,1994-05-31,1994-05-02,1994-05-31,450.91,457.77,440.78,456.50,21,False,,True,Yahoo Finance ^GSPC,正式推出後
1994-06-30,1994-06-01,1994-06-30,1994-06-01,1994-06-30,456.50,463.23,439.83,444.27,22,False,,True,Yahoo Finance ^GSPC,正式推出後
1994-07-29,1994-07-01,1994-07-31,1994-07-01,1994-07-29,444.27,459.33,443.58,458.26,20,False,,True,Yahoo Finance ^GSPC,正式推出後
1994-08-31,1994-08-01,1994-08-31,1994-08-01,1994-08-31,458.28,477.59,456.08,475.49,23,False,,True,Yahoo Finance ^GSPC,正式推出後
1994-09-30,1994-09-01,1994-09-30,1994-09-01,1994-09-30,475.49,475.49,458.47,462.71,21,False,,True,Yahoo Finance ^GSPC,正式推出後
1994-10-31,1994-10-01,1994-10-31,1994-10-03,1994-10-31,462.69,474.74,449.27,472.35,21,False,,True,Yahoo Finance ^GSPC,正式推出後
1994-11-30,1994-11-01,1994-11-30,1994-11-01,1994-11-30,472.26,472.26,444.18,453.69,21,False,,True,Yahoo Finance ^GSPC,正式推出後
1994-12-30,1994-12-01,1994-12-31,1994-12-01,1994-12-30,453.55,462.73,442.88,459.27,21,False,,True,Yahoo Finance ^GSPC,正式推出後
1995-01-31,1995-01-01,1995-01-31,1995-01-03,1995-01-31,459.21,471.36,457.20,470.42,21,False,,True,Yahoo Finance ^GSPC,正式推出後
1995-02-28,1995-02-01,1995-02-28,1995-02-01,1995-02-28,470.42,489.19,469.29,487.39,19,False,,True,Yahoo Finance ^GSPC,正式推出後
1995-03-31,1995-03-01,1995-03-31,1995-03-01,1995-03-31,487.39,508.15,479.70,500.71,23,False,,True,Yahoo Finance ^GSPC,正式推出後
1995-04-28,1995-04-01,1995-04-30,1995-04-03,1995-04-28,500.70,515.29,500.20,514.71,19,False,,True,Yahoo Finance ^GSPC,正式推出後
1995-05-31,1995-05-01,1995-05-31,1995-05-01,1995-05-31,514.76,533.41,513.03,533.40,22,False,,True,Yahoo Finance ^GSPC,正式推出後
1995-06-30,1995-06-01,1995-06-30,1995-06-01,1995-06-30,533.40,551.07,526.00,544.75,22,False,,True,Yahoo Finance ^GSPC,正式推出後
1995-07-31,1995-07-01,1995-07-31,1995-07-03,1995-07-31,544.75,565.40,542.51,562.06,20,False,,True,Yahoo Finance ^GSPC,正式推出後
1995-08-31,1995-08-01,1995-08-31,1995-08-01,1995-08-31,562.06,565.62,553.04,561.88,23,False,,True,Yahoo Finance ^GSPC,正式推出後
1995-09-29,1995-09-01,1995-09-30,1995-09-01,1995-09-29,561.88,587.61,561.01,584.41,20,False,,True,Yahoo Finance ^GSPC,正式推出後
1995-10-31,1995-10-01,1995-10-31,1995-10-02,1995-10-31,584.41,590.66,571.55,581.50,22,False,,True,Yahoo Finance ^GSPC,正式推出後
1995-11-30,1995-11-01,1995-11-30,1995-11-01,1995-11-30,581.50,608.69,581.04,605.37,21,False,,True,Yahoo Finance ^GSPC,正式推出後
1995-12-29,1995-12-01,1995-12-31,1995-12-01,1995-12-29,605.37,622.88,605.05,615.93,20,False,,True,Yahoo Finance ^GSPC,正式推出後
1996-01-31,1996-01-01,1996-01-31,1996-01-02,1996-01-31,615.93,636.18,597.29,636.02,22,False,,True,Yahoo Finance ^GSPC,正式推出後
1996-02-29,1996-02-01,1996-02-29,1996-02-01,1996-02-29,636.02,664.23,633.71,640.43,20,False,,True,Yahoo Finance ^GSPC,正式推出後
1996-03-29,1996-03-01,1996-03-31,1996-03-01,1996-03-29,640.43,656.97,627.63,645.50,21,False,,True,Yahoo Finance ^GSPC,正式推出後
1996-04-30,1996-04-01,1996-04-30,1996-04-01,1996-04-30,645.50,656.68,624.14,654.17,21,False,,True,Yahoo Finance ^GSPC,正式推出後
1996-05-31,1996-05-01,1996-05-31,1996-05-01,1996-05-31,654.17,681.10,630.07,669.12,22,False,,True,Yahoo Finance ^GSPC,正式推出後
1996-06-28,1996-06-01,1996-06-30,1996-06-03,1996-06-28,669.12,680.32,658.75,670.63,20,False,,True,Yahoo Finance ^GSPC,正式推出後
1996-07-31,1996-07-01,1996-07-31,1996-07-01,1996-07-31,670.63,675.88,605.88,639.95,22,False,,True,Yahoo Finance ^GSPC,正式推出後
1996-08-30,1996-08-01,1996-08-31,1996-08-01,1996-08-30,639.95,670.68,639.49,651.99,22,False,,True,Yahoo Finance ^GSPC,正式推出後
1996-09-30,1996-09-01,1996-09-30,1996-09-03,1996-09-30,651.99,690.88,643.97,687.33,20,False,,True,Yahoo Finance ^GSPC,正式推出後
1996-10-31,1996-10-01,1996-10-31,1996-10-01,1996-10-31,687.31,714.10,684.44,705.27,23,False,,True,Yahoo Finance ^GSPC,正式推出後
1996-11-29,1996-11-01,1996-11-30,1996-11-01,1996-11-29,705.27,762.12,701.30,757.02,20,False,,True,Yahoo Finance ^GSPC,正式推出後
1996-12-31,1996-12-01,1996-12-31,1996-12-02,1996-12-31,757.02,761.75,716.69,740.74,21,False,,True,Yahoo Finance ^GSPC,正式推出後
1997-01-31,1997-01-01,1997-01-31,1997-01-02,1997-01-31,740.74,794.67,729.55,786.16,22,False,,True,Yahoo Finance ^GSPC,正式推出後
1997-02-28,1997-02-01,1997-02-28,1997-02-03,1997-02-28,786.16,817.68,773.43,790.82,19,False,,True,Yahoo Finance ^GSPC,正式推出後
1997-03-31,1997-03-01,1997-03-31,1997-03-03,1997-03-31,790.82,814.90,756.13,757.12,20,False,,True,Yahoo Finance ^GSPC,正式推出後
1997-04-30,1997-04-01,1997-04-30,1997-04-01,1997-04-30,757.12,804.13,733.54,801.34,22,False,,True,Yahoo Finance ^GSPC,正式推出後
1997-05-30,1997-05-01,1997-05-31,1997-05-01,1997-05-30,801.34,851.87,793.21,848.28,21,False,,True,Yahoo Finance ^GSPC,正式推出後
1997-06-30,1997-06-01,1997-06-30,1997-06-02,1997-06-30,848.28,902.09,838.82,885.14,21,False,,True,Yahoo Finance ^GSPC,正式推出後
1997-07-31,1997-07-01,1997-07-31,1997-07-01,1997-07-31,885.14,957.73,884.54,954.31,22,False,,True,Yahoo Finance ^GSPC,正式推出後
1997-08-29,1997-08-01,1997-08-31,1997-08-01,1997-08-29,954.29,964.17,893.34,899.47,21,False,,True,Yahoo Finance ^GSPC,正式推出後
1997-09-30,1997-09-01,1997-09-30,1997-09-02,1997-09-30,899.47,960.59,899.47,947.28,21,False,,True,Yahoo Finance ^GSPC,正式推出後
1997-10-31,1997-10-01,1997-10-31,1997-10-01,1997-10-31,947.28,983.12,855.27,914.62,23,False,,True,Yahoo Finance ^GSPC,正式推出後
1997-11-28,1997-11-01,1997-11-30,1997-11-03,1997-11-28,914.62,964.55,900.61,955.40,19,False,,True,Yahoo Finance ^GSPC,正式推出後
1997-12-31,1997-12-01,1997-12-31,1997-12-01,1997-12-31,955.40,986.25,924.92,970.43,22,False,,True,Yahoo Finance ^GSPC,正式推出後
1998-01-30,1998-01-01,1998-01-31,1998-01-02,1998-01-30,970.43,992.65,912.83,980.28,20,False,,True,Yahoo Finance ^GSPC,正式推出後
1998-02-27,1998-02-01,1998-02-28,1998-02-02,1998-02-27,980.28,1051.66,980.28,1049.34,19,False,,True,Yahoo Finance ^GSPC,正式推出後
1998-03-31,1998-03-01,1998-03-31,1998-03-02,1998-03-31,1049.34,1113.07,1030.87,1101.75,22,False,,True,Yahoo Finance ^GSPC,正式推出後
1998-04-30,1998-04-01,1998-04-30,1998-04-01,1998-04-30,1101.75,1132.98,1076.70,1111.75,21,False,,True,Yahoo Finance ^GSPC,正式推出後
1998-05-29,1998-05-01,1998-05-31,1998-05-01,1998-05-29,1111.75,1130.52,1074.39,1090.82,20,False,,True,Yahoo Finance ^GSPC,正式推出後
1998-06-30,1998-06-01,1998-06-30,1998-06-01,1998-06-30,1090.82,1145.15,1074.67,1133.84,22,False,,True,Yahoo Finance ^GSPC,正式推出後
1998-07-31,1998-07-01,1998-07-31,1998-07-01,1998-07-31,1133.84,1190.58,1114.30,1120.67,22,False,,True,Yahoo Finance ^GSPC,正式推出後
1998-08-31,1998-08-01,1998-08-31,1998-08-03,1998-08-31,1120.67,1121.79,957.28,957.28,21,False,,True,Yahoo Finance ^GSPC,正式推出後
1998-09-30,1998-09-01,1998-09-30,1998-09-01,1998-09-30,957.28,1066.11,939.98,1017.01,21,False,,True,Yahoo Finance ^GSPC,正式推出後
1998-10-30,1998-10-01,1998-10-31,1998-10-01,1998-10-30,1017.01,1103.78,923.32,1098.67,22,False,,True,Yahoo Finance ^GSPC,正式推出後
1998-11-30,1998-11-01,1998-11-30,1998-11-02,1998-11-30,1098.67,1192.97,1098.67,1163.63,20,False,,True,Yahoo Finance ^GSPC,正式推出後
1998-12-31,1998-12-01,1998-12-31,1998-12-01,1998-12-31,1163.63,1244.93,1136.89,1229.23,22,False,,True,Yahoo Finance ^GSPC,正式推出後
1999-01-29,1999-01-01,1999-01-31,1999-01-04,1999-01-29,1229.23,1280.37,1205.46,1279.64,19,False,,True,Yahoo Finance ^GSPC,正式推出後
1999-02-26,1999-02-01,1999-02-28,1999-02-01,1999-02-26,1279.64,1283.84,1211.89,1238.33,19,False,,True,Yahoo Finance ^GSPC,正式推出後
1999-03-31,1999-03-01,1999-03-31,1999-03-01,1999-03-31,1238.33,1323.82,1216.03,1286.37,23,False,,True,Yahoo Finance ^GSPC,正式推出後
1999-04-30,1999-04-01,1999-04-30,1999-04-01,1999-04-30,1286.37,1371.56,1282.56,1335.18,21,False,,True,Yahoo Finance ^GSPC,正式推出後
1999-05-28,1999-05-01,1999-05-31,1999-05-03,1999-05-28,1335.18,1375.98,1277.31,1301.84,20,False,,True,Yahoo Finance ^GSPC,正式推出後
1999-06-30,1999-06-01,1999-06-30,1999-06-01,1999-06-30,1301.84,1372.93,1277.47,1372.71,22,False,,True,Yahoo Finance ^GSPC,正式推出後
1999-07-30,1999-07-01,1999-07-31,1999-07-01,1999-07-30,1372.71,1420.33,1328.49,1328.72,21,False,,True,Yahoo Finance ^GSPC,正式推出後
1999-08-31,1999-08-01,1999-08-31,1999-08-02,1999-08-31,1328.72,1382.84,1267.73,1320.41,22,False,,True,Yahoo Finance ^GSPC,正式推出後
1999-09-30,1999-09-01,1999-09-30,1999-09-01,1999-09-30,1320.41,1361.39,1256.26,1282.71,21,False,,True,Yahoo Finance ^GSPC,正式推出後
1999-10-29,1999-10-01,1999-10-31,1999-10-01,1999-10-29,1282.71,1373.17,1233.70,1362.93,21,False,,True,Yahoo Finance ^GSPC,正式推出後
1999-11-30,1999-11-01,1999-11-30,1999-11-01,1999-11-30,1362.93,1425.31,1346.41,1388.91,21,False,,True,Yahoo Finance ^GSPC,正式推出後
1999-12-31,1999-12-01,1999-12-31,1999-12-01,1999-12-31,1388.91,1473.10,1387.38,1469.25,22,False,,True,Yahoo Finance ^GSPC,正式推出後
2000-01-31,2000-01-01,2000-01-31,2000-01-03,2000-01-31,1469.25,1478.00,1350.14,1394.46,20,False,,True,Yahoo Finance ^GSPC,正式推出後
2000-02-29,2000-02-01,2000-02-29,2000-02-01,2000-02-29,1394.46,1444.55,1325.07,1366.42,20,False,,True,Yahoo Finance ^GSPC,正式推出後
2000-03-31,2000-03-01,2000-03-31,2000-03-01,2000-03-31,1366.42,1552.87,1346.62,1498.58,23,False,,True,Yahoo Finance ^GSPC,正式推出後
2000-04-28,2000-04-01,2000-04-30,2000-04-03,2000-04-28,1498.58,1527.19,1339.40,1452.43,19,False,,True,Yahoo Finance ^GSPC,正式推出後
2000-05-31,2000-05-01,2000-05-31,2000-05-01,2000-05-31,1452.43,1481.51,1361.09,1420.60,22,False,,True,Yahoo Finance ^GSPC,正式推出後
2000-06-30,2000-06-01,2000-06-30,2000-06-01,2000-06-30,1420.60,1488.93,1420.60,1454.60,22,False,,True,Yahoo Finance ^GSPC,正式推出後
2000-07-31,2000-07-01,2000-07-31,2000-07-03,2000-07-31,1454.60,1517.32,1413.89,1430.83,20,False,,True,Yahoo Finance ^GSPC,正式推出後
2000-08-31,2000-08-01,2000-08-31,2000-08-01,2000-08-31,1430.83,1525.21,1425.43,1517.68,23,False,,True,Yahoo Finance ^GSPC,正式推出後
2000-09-29,2000-09-01,2000-09-30,2000-09-01,2000-09-29,1517.68,1530.09,1419.44,1436.51,20,False,,True,Yahoo Finance ^GSPC,正式推出後
2000-10-31,2000-10-01,2000-10-31,2000-10-02,2000-10-31,1436.52,1454.82,1305.79,1429.40,22,False,,True,Yahoo Finance ^GSPC,正式推出後
2000-11-30,2000-11-01,2000-11-30,2000-11-01,2000-11-30,1429.40,1438.46,1294.90,1314.95,21,False,,True,Yahoo Finance ^GSPC,正式推出後
2000-12-29,2000-12-01,2000-12-31,2000-12-01,2000-12-29,1314.95,1389.05,1254.07,1320.28,20,False,,True,Yahoo Finance ^GSPC,正式推出後
2001-01-31,2001-01-01,2001-01-31,2001-01-02,2001-01-31,1320.28,1383.37,1274.62,1366.01,21,False,,True,Yahoo Finance ^GSPC,正式推出後
2001-02-28,2001-02-01,2001-02-28,2001-02-01,2001-02-28,1366.01,1376.38,1215.44,1239.94,19,False,,True,Yahoo Finance ^GSPC,正式推出後
2001-03-30,2001-03-01,2001-03-31,2001-03-01,2001-03-30,1239.94,1267.42,1081.19,1160.33,22,False,,True,Yahoo Finance ^GSPC,正式推出後
2001-04-30,2001-04-01,2001-04-30,2001-04-02,2001-04-30,1160.33,1269.30,1091.99,1249.46,20,False,,True,Yahoo Finance ^GSPC,正式推出後
2001-05-31,2001-05-01,2001-05-31,2001-05-01,2001-05-31,1249.46,1315.93,1232.00,1255.82,22,False,,True,Yahoo Finance ^GSPC,正式推出後
2001-06-29,2001-06-01,2001-06-30,2001-06-01,2001-06-29,1255.82,1286.62,1203.03,1224.38,21,False,,True,Yahoo Finance ^GSPC,正式推出後
2001-07-31,2001-07-01,2001-07-31,2001-07-02,2001-07-31,1224.42,1239.78,1165.54,1211.23,21,False,,True,Yahoo Finance ^GSPC,正式推出後
2001-08-31,2001-08-01,2001-08-31,2001-08-01,2001-08-31,1211.23,1226.27,1124.87,1133.58,23,False,,True,Yahoo Finance ^GSPC,正式推出後
2001-09-28,2001-09-01,2001-09-30,2001-09-04,2001-09-28,1133.58,1155.40,944.75,1040.94,15,False,,True,Yahoo Finance ^GSPC,正式推出後
2001-10-31,2001-10-01,2001-10-31,2001-10-01,2001-10-31,1040.94,1110.61,1026.76,1059.78,23,False,,True,Yahoo Finance ^GSPC,正式推出後
2001-11-30,2001-11-01,2001-11-30,2001-11-01,2001-11-30,1059.78,1163.38,1054.31,1139.45,21,False,,True,Yahoo Finance ^GSPC,正式推出後
2001-12-31,2001-12-01,2001-12-31,2001-12-03,2001-12-31,1139.45,1173.62,1114.53,1148.08,20,False,,True,Yahoo Finance ^GSPC,正式推出後
2002-01-31,2002-01-01,2002-01-31,2002-01-02,2002-01-31,1148.08,1176.97,1081.66,1130.20,21,False,,True,Yahoo Finance ^GSPC,正式推出後
2002-02-28,2002-02-01,2002-02-28,2002-02-01,2002-02-28,1130.20,1130.20,1074.36,1106.73,19,False,,True,Yahoo Finance ^GSPC,正式推出後
2002-03-28,2002-03-01,2002-03-31,2002-03-01,2002-03-28,1106.73,1173.94,1106.73,1147.39,20,False,,True,Yahoo Finance ^GSPC,正式推出後
2002-04-30,2002-04-01,2002-04-30,2002-04-01,2002-04-30,1147.39,1147.84,1063.46,1076.92,22,False,,True,Yahoo Finance ^GSPC,正式推出後
2002-05-31,2002-05-01,2002-05-31,2002-05-01,2002-05-31,1076.92,1106.59,1048.96,1067.14,22,False,,True,Yahoo Finance ^GSPC,正式推出後
2002-06-28,2002-06-01,2002-06-30,2002-06-03,2002-06-28,1067.14,1070.74,952.92,989.82,20,False,,True,Yahoo Finance ^GSPC,正式推出後
2002-07-31,2002-07-01,2002-07-31,2002-07-01,2002-07-31,989.82,994.46,775.68,911.62,22,False,,True,Yahoo Finance ^GSPC,正式推出後
2002-08-30,2002-08-01,2002-08-31,2002-08-01,2002-08-30,911.62,965.00,833.44,916.07,22,False,,True,Yahoo Finance ^GSPC,正式推出後
2002-09-30,2002-09-01,2002-09-30,2002-09-03,2002-09-30,916.07,924.02,800.20,815.28,20,False,,True,Yahoo Finance ^GSPC,正式推出後
2002-10-31,2002-10-01,2002-10-31,2002-10-01,2002-10-31,815.28,907.44,768.63,885.76,23,False,,True,Yahoo Finance ^GSPC,正式推出後
2002-11-29,2002-11-01,2002-11-30,2002-11-01,2002-11-29,885.76,941.82,872.05,936.31,20,False,,True,Yahoo Finance ^GSPC,正式推出後
2002-12-31,2002-12-01,2002-12-31,2002-12-02,2002-12-31,936.31,954.28,869.45,879.82,21,False,,True,Yahoo Finance ^GSPC,正式推出後
2003-01-31,2003-01-01,2003-01-31,2003-01-02,2003-01-31,879.82,935.05,840.34,855.70,21,False,,True,Yahoo Finance ^GSPC,正式推出後
2003-02-28,2003-02-01,2003-02-28,2003-02-03,2003-02-28,855.70,864.64,806.29,841.15,19,False,,True,Yahoo Finance ^GSPC,正式推出後
2003-03-31,2003-03-01,2003-03-31,2003-03-03,2003-03-31,841.15,895.90,788.90,848.18,21,False,,True,Yahoo Finance ^GSPC,正式推出後
2003-04-30,2003-04-01,2003-04-30,2003-04-01,2003-04-30,848.18,924.24,847.85,916.92,21,False,,True,Yahoo Finance ^GSPC,正式推出後
2003-05-30,2003-05-01,2003-05-31,2003-05-01,2003-05-30,916.92,965.38,902.83,963.59,21,False,,True,Yahoo Finance ^GSPC,正式推出後
2003-06-30,2003-06-01,2003-06-30,2003-06-02,2003-06-30,963.59,1015.33,963.59,974.50,21,False,,True,Yahoo Finance ^GSPC,正式推出後
2003-07-31,2003-07-01,2003-07-31,2003-07-01,2003-07-31,974.50,1015.41,962.10,990.31,22,False,,True,Yahoo Finance ^GSPC,正式推出後
2003-08-29,2003-08-01,2003-08-31,2003-08-01,2003-08-29,990.31,1011.01,960.84,1008.01,21,False,,True,Yahoo Finance ^GSPC,正式推出後
2003-09-30,2003-09-01,2003-09-30,2003-09-02,2003-09-30,1008.01,1040.29,990.36,995.97,21,False,,True,Yahoo Finance ^GSPC,正式推出後
2003-10-31,2003-10-01,2003-10-31,2003-10-01,2003-10-31,995.97,1053.79,995.97,1050.71,23,False,,True,Yahoo Finance ^GSPC,正式推出後
2003-11-28,2003-11-01,2003-11-30,2003-11-03,2003-11-28,1050.71,1063.65,1031.20,1058.20,19,False,,True,Yahoo Finance ^GSPC,正式推出後
2003-12-31,2003-12-01,2003-12-31,2003-12-01,2003-12-31,1058.20,1112.56,1053.41,1111.92,22,False,,True,Yahoo Finance ^GSPC,正式推出後
2004-01-30,2004-01-01,2004-01-31,2004-01-02,2004-01-30,1111.92,1155.38,1105.08,1131.13,20,False,,True,Yahoo Finance ^GSPC,正式推出後
2004-02-27,2004-02-01,2004-02-29,2004-02-02,2004-02-27,1131.13,1158.98,1124.44,1144.94,19,False,,True,Yahoo Finance ^GSPC,正式推出後
2004-03-31,2004-03-01,2004-03-31,2004-03-01,2004-03-31,1144.94,1163.23,1087.16,1126.21,23,False,,True,Yahoo Finance ^GSPC,正式推出後
2004-04-30,2004-04-01,2004-04-30,2004-04-01,2004-04-30,1126.21,1150.57,1107.23,1107.30,21,False,,True,Yahoo Finance ^GSPC,正式推出後
2004-05-28,2004-05-01,2004-05-31,2004-05-03,2004-05-28,1107.30,1127.74,1076.32,1120.68,20,False,,True,Yahoo Finance ^GSPC,正式推出後
2004-06-30,2004-06-01,2004-06-30,2004-06-01,2004-06-30,1120.68,1146.34,1113.32,1140.84,21,False,,True,Yahoo Finance ^GSPC,正式推出後
2004-07-30,2004-07-01,2004-07-31,2004-07-01,2004-07-30,1140.84,1140.84,1078.78,1101.72,21,False,,True,Yahoo Finance ^GSPC,正式推出後
2004-08-31,2004-08-01,2004-08-31,2004-08-02,2004-08-31,1101.72,1109.68,1060.72,1104.24,22,False,,True,Yahoo Finance ^GSPC,正式推出後
2004-09-30,2004-09-01,2004-09-30,2004-09-01,2004-09-30,1104.24,1131.54,1099.18,1114.58,21,False,,True,Yahoo Finance ^GSPC,正式推出後
2004-10-29,2004-10-01,2004-10-31,2004-10-01,2004-10-29,1114.58,1142.05,1090.29,1130.20,21,False,,True,Yahoo Finance ^GSPC,正式推出後
2004-11-30,2004-11-01,2004-11-30,2004-11-01,2004-11-30,1130.20,1188.46,1127.60,1173.82,21,False,,True,Yahoo Finance ^GSPC,正式推出後
2004-12-31,2004-12-01,2004-12-31,2004-12-01,2004-12-31,1173.78,1217.33,1173.78,1211.92,22,False,,True,Yahoo Finance ^GSPC,正式推出後
2005-01-31,2005-01-01,2005-01-31,2005-01-03,2005-01-31,1211.92,1217.80,1163.75,1181.27,20,False,,True,Yahoo Finance ^GSPC,正式推出後
2005-02-28,2005-02-01,2005-02-28,2005-02-01,2005-02-28,1181.27,1212.44,1180.95,1203.60,19,False,,True,Yahoo Finance ^GSPC,正式推出後
2005-03-31,2005-03-01,2005-03-31,2005-03-01,2005-03-31,1203.60,1229.11,1163.69,1180.59,22,False,,True,Yahoo Finance ^GSPC,正式推出後
2005-04-29,2005-04-01,2005-04-30,2005-04-01,2005-04-29,1180.59,1191.88,1136.15,1156.85,21,False,,True,Yahoo Finance ^GSPC,正式推出後
2005-05-31,2005-05-01,2005-05-31,2005-05-02,2005-05-31,1156.85,1199.56,1146.18,1191.50,21,False,,True,Yahoo Finance ^GSPC,正式推出後
2005-06-30,2005-06-01,2005-06-30,2005-06-01,2005-06-30,1191.50,1219.59,1188.30,1191.33,22,False,,True,Yahoo Finance ^GSPC,正式推出後
2005-07-29,2005-07-01,2005-07-31,2005-07-01,2005-07-29,1191.33,1245.15,1183.55,1234.18,20,False,,True,Yahoo Finance ^GSPC,正式推出後
2005-08-31,2005-08-01,2005-08-31,2005-08-01,2005-08-31,1234.18,1245.86,1201.07,1220.33,23,False,,True,Yahoo Finance ^GSPC,正式推出後
2005-09-30,2005-09-01,2005-09-30,2005-09-01,2005-09-30,1220.33,1243.13,1205.35,1228.81,21,False,,True,Yahoo Finance ^GSPC,正式推出後
2005-10-31,2005-10-01,2005-10-31,2005-10-03,2005-10-31,1228.81,1233.34,1168.20,1207.01,21,False,,True,Yahoo Finance ^GSPC,正式推出後
2005-11-30,2005-11-01,2005-11-30,2005-11-01,2005-11-30,1207.01,1270.64,1201.07,1249.48,21,False,,True,Yahoo Finance ^GSPC,正式推出後
2005-12-30,2005-12-01,2005-12-31,2005-12-01,2005-12-30,1249.48,1275.80,1246.59,1248.29,21,False,,True,Yahoo Finance ^GSPC,正式推出後
2006-01-31,2006-01-01,2006-01-31,2006-01-03,2006-01-31,1248.29,1294.90,1245.74,1280.08,20,False,,True,Yahoo Finance ^GSPC,正式推出後
2006-02-28,2006-02-01,2006-02-28,2006-02-01,2006-02-28,1280.08,1297.57,1253.61,1280.66,19,False,,True,Yahoo Finance ^GSPC,正式推出後
2006-03-31,2006-03-01,2006-03-31,2006-03-01,2006-03-31,1280.66,1310.88,1268.42,1294.87,23,False,,True,Yahoo Finance ^GSPC,正式推出後
2006-04-28,2006-04-01,2006-04-30,2006-04-03,2006-04-28,1302.88,1318.16,1280.74,1310.61,19,False,,True,Yahoo Finance ^GSPC,正式推出後
2006-05-31,2006-05-01,2006-05-31,2006-05-01,2006-05-31,1310.61,1326.70,1245.34,1270.09,22,False,,True,Yahoo Finance ^GSPC,正式推出後
2006-06-30,2006-06-01,2006-06-30,2006-06-01,2006-06-30,1270.05,1290.68,1219.29,1270.20,22,False,,True,Yahoo Finance ^GSPC,正式推出後
2006-07-31,2006-07-01,2006-07-31,2006-07-03,2006-07-31,1270.06,1280.42,1224.54,1276.66,20,False,,True,Yahoo Finance ^GSPC,正式推出後
2006-08-31,2006-08-01,2006-08-31,2006-08-01,2006-08-31,1278.53,1306.74,1261.30,1303.82,23,False,,True,Yahoo Finance ^GSPC,正式推出後
2006-09-29,2006-09-01,2006-09-30,2006-09-01,2006-09-29,1303.80,1340.28,1290.93,1335.85,20,False,,True,Yahoo Finance ^GSPC,正式推出後
2006-10-31,2006-10-01,2006-10-31,2006-10-02,2006-10-31,1335.82,1389.45,1327.10,1377.94,22,False,,True,Yahoo Finance ^GSPC,正式推出後
2006-11-30,2006-11-01,2006-11-30,2006-11-01,2006-11-30,1377.76,1407.89,1360.98,1400.63,21,False,,True,Yahoo Finance ^GSPC,正式推出後
2006-12-29,2006-12-01,2006-12-31,2006-12-01,2006-12-29,1400.63,1431.81,1385.93,1418.30,20,False,,True,Yahoo Finance ^GSPC,正式推出後
2007-01-31,2007-01-01,2007-01-31,2007-01-03,2007-01-31,1418.03,1441.61,1403.97,1438.24,20,False,,True,Yahoo Finance ^GSPC,正式推出後
2007-02-28,2007-02-01,2007-02-28,2007-02-01,2007-02-28,1437.90,1461.57,1389.42,1406.82,19,False,,True,Yahoo Finance ^GSPC,正式推出後
2007-03-30,2007-03-01,2007-03-31,2007-03-01,2007-03-30,1406.80,1438.89,1363.98,1420.86,22,False,,True,Yahoo Finance ^GSPC,正式推出後
2007-04-30,2007-04-01,2007-04-30,2007-04-02,2007-04-30,1420.83,1498.02,1416.37,1482.37,20,False,,True,Yahoo Finance ^GSPC,正式推出後
2007-05-31,2007-05-01,2007-05-31,2007-05-01,2007-05-31,1482.37,1535.56,1476.70,1530.62,22,False,,True,Yahoo Finance ^GSPC,正式推出後
2007-06-29,2007-06-01,2007-06-30,2007-06-01,2007-06-29,1530.62,1540.56,1484.18,1503.35,21,False,,True,Yahoo Finance ^GSPC,正式推出後
2007-07-31,2007-07-01,2007-07-31,2007-07-02,2007-07-31,1504.66,1555.90,1454.25,1455.27,21,False,,True,Yahoo Finance ^GSPC,正式推出後
2007-08-31,2007-08-01,2007-08-31,2007-08-01,2007-08-31,1455.18,1503.89,1370.60,1473.99,23,False,,True,Yahoo Finance ^GSPC,正式推出後
2007-09-28,2007-09-01,2007-09-30,2007-09-04,2007-09-28,1473.96,1538.74,1439.29,1526.75,19,False,,True,Yahoo Finance ^GSPC,正式推出後
2007-10-31,2007-10-01,2007-10-31,2007-10-01,2007-10-31,1527.29,1576.09,1489.56,1549.38,23,False,,True,Yahoo Finance ^GSPC,正式推出後
2007-11-30,2007-11-01,2007-11-30,2007-11-01,2007-11-30,1545.79,1545.79,1406.10,1481.14,21,False,,True,Yahoo Finance ^GSPC,正式推出後
2007-12-31,2007-12-01,2007-12-31,2007-12-03,2007-12-31,1479.63,1523.57,1435.65,1468.36,20,False,,True,Yahoo Finance ^GSPC,正式推出後
2008-01-31,2008-01-01,2008-01-31,2008-01-02,2008-01-31,1467.97,1471.77,1270.05,1378.55,21,False,,True,Yahoo Finance ^GSPC,正式推出後
2008-02-29,2008-02-01,2008-02-29,2008-02-01,2008-02-29,1378.60,1396.02,1316.75,1330.63,20,False,,True,Yahoo Finance ^GSPC,正式推出後
2008-03-31,2008-03-01,2008-03-31,2008-03-03,2008-03-31,1330.45,1359.68,1256.98,1322.70,20,False,,True,Yahoo Finance ^GSPC,正式推出後
2008-04-30,2008-04-01,2008-04-30,2008-04-01,2008-04-30,1326.41,1404.57,1324.35,1385.59,22,False,,True,Yahoo Finance ^GSPC,正式推出後
2008-05-30,2008-05-01,2008-05-31,2008-05-01,2008-05-30,1385.97,1440.24,1373.07,1400.38,21,False,,True,Yahoo Finance ^GSPC,正式推出後
2008-06-30,2008-06-01,2008-06-30,2008-06-02,2008-06-30,1399.62,1404.05,1272.00,1280.00,21,False,,True,Yahoo Finance ^GSPC,正式推出後
2008-07-31,2008-07-01,2008-07-31,2008-07-01,2008-07-31,1276.69,1292.17,1200.44,1267.38,22,False,,True,Yahoo Finance ^GSPC,正式推出後
2008-08-29,2008-08-01,2008-08-31,2008-08-01,2008-08-29,1269.42,1313.15,1247.45,1282.83,21,False,,True,Yahoo Finance ^GSPC,正式推出後
2008-09-30,2008-09-01,2008-09-30,2008-09-02,2008-09-30,1287.83,1303.04,1106.42,1166.36,21,False,,True,Yahoo Finance ^GSPC,正式推出後
2008-10-31,2008-10-01,2008-10-31,2008-10-01,2008-10-31,1164.17,1167.03,839.80,968.75,23,False,,True,Yahoo Finance ^GSPC,正式推出後
2008-11-28,2008-11-01,2008-11-30,2008-11-03,2008-11-28,968.67,1007.51,741.02,896.24,19,False,,True,Yahoo Finance ^GSPC,正式推出後
2008-12-31,2008-12-01,2008-12-31,2008-12-01,2008-12-31,888.61,918.85,815.69,903.25,22,False,,True,Yahoo Finance ^GSPC,正式推出後
2009-01-30,2009-01-01,2009-01-31,2009-01-02,2009-01-30,902.99,943.85,804.30,825.88,20,False,,True,Yahoo Finance ^GSPC,正式推出後
2009-02-27,2009-02-01,2009-02-28,2009-02-02,2009-02-27,823.09,875.01,734.52,735.09,19,False,,True,Yahoo Finance ^GSPC,正式推出後
2009-03-31,2009-03-01,2009-03-31,2009-03-02,2009-03-31,729.57,832.98,666.79,797.87,22,False,,True,Yahoo Finance ^GSPC,正式推出後
2009-04-30,2009-04-01,2009-04-30,2009-04-01,2009-04-30,793.59,888.70,783.32,872.81,21,False,,True,Yahoo Finance ^GSPC,正式推出後
2009-05-29,2009-05-01,2009-05-31,2009-05-01,2009-05-29,872.74,930.17,866.10,919.14,20,False,,True,Yahoo Finance ^GSPC,正式推出後
2009-06-30,2009-06-01,2009-06-30,2009-06-01,2009-06-30,923.26,956.23,888.86,919.32,22,False,,True,Yahoo Finance ^GSPC,正式推出後
2009-07-31,2009-07-01,2009-07-31,2009-07-01,2009-07-31,920.82,996.68,869.32,987.48,22,False,,True,Yahoo Finance ^GSPC,正式推出後
2009-08-31,2009-08-01,2009-08-31,2009-08-03,2009-08-31,990.22,1039.47,978.51,1020.62,21,False,,True,Yahoo Finance ^GSPC,正式推出後
2009-09-30,2009-09-01,2009-09-30,2009-09-01,2009-09-30,1019.52,1080.15,991.97,1057.08,21,False,,True,Yahoo Finance ^GSPC,正式推出後
2009-10-30,2009-10-01,2009-10-31,2009-10-01,2009-10-30,1054.91,1101.36,1019.95,1036.19,22,False,,True,Yahoo Finance ^GSPC,正式推出後
2009-11-30,2009-11-01,2009-11-30,2009-11-02,2009-11-30,1036.18,1113.69,1029.38,1095.63,20,False,,True,Yahoo Finance ^GSPC,正式推出後
2009-12-31,2009-12-01,2009-12-31,2009-12-01,2009-12-31,1098.89,1130.38,1085.89,1115.10,22,False,,True,Yahoo Finance ^GSPC,正式推出後
2010-01-29,2010-01-01,2010-01-31,2010-01-04,2010-01-29,1116.56,1150.45,1071.59,1073.87,19,False,,True,Yahoo Finance ^GSPC,正式推出後
2010-02-26,2010-02-01,2010-02-28,2010-02-01,2010-02-26,1073.89,1112.42,1044.50,1104.49,19,False,,True,Yahoo Finance ^GSPC,正式推出後
2010-03-31,2010-03-01,2010-03-31,2010-03-01,2010-03-31,1105.36,1180.69,1105.36,1169.43,23,False,,True,Yahoo Finance ^GSPC,正式推出後
2010-04-30,2010-04-01,2010-04-30,2010-04-01,2010-04-30,1171.23,1219.80,1170.69,1186.69,21,False,,True,Yahoo Finance ^GSPC,正式推出後
2010-05-28,2010-05-01,2010-05-31,2010-05-03,2010-05-28,1188.58,1205.13,1040.78,1089.41,20,False,,True,Yahoo Finance ^GSPC,正式推出後
2010-06-30,2010-06-01,2010-06-30,2010-06-01,2010-06-30,1087.30,1131.23,1028.33,1030.71,22,False,,True,Yahoo Finance ^GSPC,正式推出後
2010-07-30,2010-07-01,2010-07-31,2010-07-01,2010-07-30,1031.10,1120.95,1010.91,1101.60,21,False,,True,Yahoo Finance ^GSPC,正式推出後
2010-08-31,2010-08-01,2010-08-31,2010-08-02,2010-08-31,1107.53,1129.24,1039.70,1049.33,22,False,,True,Yahoo Finance ^GSPC,正式推出後
2010-09-30,2010-09-01,2010-09-30,2010-09-01,2010-09-30,1049.72,1157.16,1049.72,1141.20,21,False,,True,Yahoo Finance ^GSPC,正式推出後
2010-10-29,2010-10-01,2010-10-31,2010-10-01,2010-10-29,1143.49,1196.14,1131.87,1183.26,21,False,,True,Yahoo Finance ^GSPC,正式推出後
2010-11-30,2010-11-01,2010-11-30,2010-11-01,2010-11-30,1185.71,1227.08,1173.00,1180.55,21,False,,True,Yahoo Finance ^GSPC,正式推出後
2010-12-31,2010-12-01,2010-12-31,2010-12-01,2010-12-31,1186.60,1262.60,1186.60,1257.64,22,False,,True,Yahoo Finance ^GSPC,正式推出後
2011-01-31,2011-01-01,2011-01-31,2011-01-03,2011-01-31,1257.62,1302.67,1257.62,1286.12,20,False,,True,Yahoo Finance ^GSPC,正式推出後
2011-02-28,2011-02-01,2011-02-28,2011-02-01,2011-02-28,1289.14,1344.07,1289.14,1327.22,19,False,,True,Yahoo Finance ^GSPC,正式推出後
2011-03-31,2011-03-01,2011-03-31,2011-03-01,2011-03-31,1328.64,1332.28,1249.05,1325.83,23,False,,True,Yahoo Finance ^GSPC,正式推出後
2011-04-29,2011-04-01,2011-04-30,2011-04-01,2011-04-29,1329.48,1364.56,1294.70,1363.61,20,False,,True,Yahoo Finance ^GSPC,正式推出後
2011-05-31,2011-05-01,2011-05-31,2011-05-02,2011-05-31,1365.21,1370.58,1311.80,1345.20,21,False,,True,Yahoo Finance ^GSPC,正式推出後
2011-06-30,2011-06-01,2011-06-30,2011-06-01,2011-06-30,1345.20,1345.20,1258.07,1320.64,22,False,,True,Yahoo Finance ^GSPC,正式推出後
2011-07-29,2011-07-01,2011-07-31,2011-07-01,2011-07-29,1320.64,1356.48,1282.86,1292.28,20,False,,True,Yahoo Finance ^GSPC,正式推出後
2011-08-31,2011-08-01,2011-08-31,2011-08-01,2011-08-31,1292.59,1307.38,1101.54,1218.89,23,False,,True,Yahoo Finance ^GSPC,正式推出後
2011-09-30,2011-09-01,2011-09-30,2011-09-01,2011-09-30,1219.12,1229.29,1114.22,1131.42,21,False,,True,Yahoo Finance ^GSPC,正式推出後
2011-10-31,2011-10-01,2011-10-31,2011-10-03,2011-10-31,1131.21,1292.66,1074.77,1253.30,21,False,,True,Yahoo Finance ^GSPC,正式推出後
2011-11-30,2011-11-01,2011-11-30,2011-11-01,2011-11-30,1251.00,1277.55,1158.66,1246.96,21,False,,True,Yahoo Finance ^GSPC,正式推出後
2011-12-30,2011-12-01,2011-12-31,2011-12-01,2011-12-30,1246.91,1269.37,1202.37,1257.60,21,False,,True,Yahoo Finance ^GSPC,正式推出後
2012-01-31,2012-01-01,2012-01-31,2012-01-03,2012-01-31,1258.86,1333.47,1258.86,1312.41,20,False,,True,Yahoo Finance ^GSPC,正式推出後
2012-02-29,2012-02-01,2012-02-29,2012-02-01,2012-02-29,1312.45,1378.04,1312.45,1365.68,20,False,,True,Yahoo Finance ^GSPC,正式推出後
2012-03-30,2012-03-01,2012-03-31,2012-03-01,2012-03-30,1365.90,1419.15,1340.03,1408.47,22,False,,True,Yahoo Finance ^GSPC,正式推出後
2012-04-30,2012-04-01,2012-04-30,2012-04-02,2012-04-30,1408.47,1422.38,1357.38,1397.91,20,False,,True,Yahoo Finance ^GSPC,正式推出後
2012-05-31,2012-05-01,2012-05-31,2012-05-01,2012-05-31,1397.86,1415.32,1291.98,1310.33,22,False,,True,Yahoo Finance ^GSPC,正式推出後
2012-06-29,2012-06-01,2012-06-30,2012-06-01,2012-06-29,1309.87,1363.46,1266.74,1362.16,21,False,,True,Yahoo Finance ^GSPC,正式推出後
2012-07-31,2012-07-01,2012-07-31,2012-07-02,2012-07-31,1362.33,1391.74,1325.41,1379.32,21,False,,True,Yahoo Finance ^GSPC,正式推出後
2012-08-31,2012-08-01,2012-08-31,2012-08-01,2012-08-31,1379.32,1426.68,1354.65,1406.58,23,False,,True,Yahoo Finance ^GSPC,正式推出後
2012-09-28,2012-09-01,2012-09-30,2012-09-04,2012-09-28,1406.54,1474.51,1396.56,1440.67,19,False,,True,Yahoo Finance ^GSPC,正式推出後
2012-10-31,2012-10-01,2012-10-31,2012-10-01,2012-10-31,1440.90,1470.96,1403.28,1412.16,21,False,,True,Yahoo Finance ^GSPC,正式推出後
2012-11-30,2012-11-01,2012-11-30,2012-11-01,2012-11-30,1412.20,1434.27,1343.35,1416.18,21,False,,True,Yahoo Finance ^GSPC,正式推出後
2012-12-31,2012-12-01,2012-12-31,2012-12-03,2012-12-31,1416.34,1448.00,1398.11,1426.19,20,False,,True,Yahoo Finance ^GSPC,正式推出後
2013-01-31,2013-01-01,2013-01-31,2013-01-02,2013-01-31,1426.19,1509.94,1426.19,1498.11,21,False,,True,Yahoo Finance ^GSPC,正式推出後
2013-02-28,2013-02-01,2013-02-28,2013-02-01,2013-02-28,1498.11,1530.94,1485.01,1514.68,19,False,,True,Yahoo Finance ^GSPC,正式推出後
2013-03-28,2013-03-01,2013-03-31,2013-03-01,2013-03-28,1514.68,1570.28,1501.48,1569.19,20,False,,True,Yahoo Finance ^GSPC,正式推出後
2013-04-30,2013-04-01,2013-04-30,2013-04-01,2013-04-30,1569.18,1597.57,1536.03,1597.57,22,False,,True,Yahoo Finance ^GSPC,正式推出後
2013-05-31,2013-05-01,2013-05-31,2013-05-01,2013-05-31,1597.55,1687.18,1581.28,1630.74,22,False,,True,Yahoo Finance ^GSPC,正式推出後
2013-06-28,2013-06-01,2013-06-30,2013-06-03,2013-06-28,1631.71,1654.19,1560.33,1606.28,20,False,,True,Yahoo Finance ^GSPC,正式推出後
2013-07-31,2013-07-01,2013-07-31,2013-07-01,2013-07-31,1609.78,1698.78,1604.57,1685.73,22,False,,True,Yahoo Finance ^GSPC,正式推出後
2013-08-30,2013-08-01,2013-08-31,2013-08-01,2013-08-30,1689.42,1709.67,1627.47,1632.97,22,False,,True,Yahoo Finance ^GSPC,正式推出後
2013-09-30,2013-09-01,2013-09-30,2013-09-03,2013-09-30,1635.95,1729.86,1633.41,1681.55,20,False,,True,Yahoo Finance ^GSPC,正式推出後
2013-10-31,2013-10-01,2013-10-31,2013-10-01,2013-10-31,1682.41,1775.22,1646.47,1756.54,23,False,,True,Yahoo Finance ^GSPC,正式推出後
2013-11-29,2013-11-01,2013-11-30,2013-11-01,2013-11-29,1758.70,1813.55,1746.20,1805.81,20,False,,True,Yahoo Finance ^GSPC,正式推出後
2013-12-31,2013-12-01,2013-12-31,2013-12-02,2013-12-31,1806.55,1849.44,1767.99,1848.36,21,False,,True,Yahoo Finance ^GSPC,正式推出後
2014-01-31,2014-01-01,2014-01-31,2014-01-02,2014-01-31,1845.86,1850.84,1770.45,1782.59,21,False,,True,Yahoo Finance ^GSPC,正式推出後
2014-02-28,2014-02-01,2014-02-28,2014-02-03,2014-02-28,1782.68,1867.92,1737.92,1859.45,19,False,,True,Yahoo Finance ^GSPC,正式推出後
2014-03-31,2014-03-01,2014-03-31,2014-03-03,2014-03-31,1857.68,1883.97,1834.44,1872.34,21,False,,True,Yahoo Finance ^GSPC,正式推出後
2014-04-30,2014-04-01,2014-04-30,2014-04-01,2014-04-30,1873.96,1897.28,1814.36,1883.95,21,False,,True,Yahoo Finance ^GSPC,正式推出後
2014-05-30,2014-05-01,2014-05-31,2014-05-01,2014-05-30,1884.39,1924.03,1859.79,1923.57,21,False,,True,Yahoo Finance ^GSPC,正式推出後
2014-06-30,2014-06-01,2014-06-30,2014-06-02,2014-06-30,1923.87,1968.17,1915.98,1960.23,21,False,,True,Yahoo Finance ^GSPC,正式推出後
2014-07-31,2014-07-01,2014-07-31,2014-07-01,2014-07-31,1962.29,1991.39,1930.67,1930.67,22,False,,True,Yahoo Finance ^GSPC,正式推出後
2014-08-29,2014-08-01,2014-08-31,2014-08-01,2014-08-29,1929.80,2005.04,1904.78,2003.37,21,False,,True,Yahoo Finance ^GSPC,正式推出後
2014-09-30,2014-09-01,2014-09-30,2014-09-02,2014-09-30,2004.07,2019.26,1964.04,1972.29,21,False,,True,Yahoo Finance ^GSPC,正式推出後
2014-10-31,2014-10-01,2014-10-31,2014-10-01,2014-10-31,1971.44,2018.19,1820.66,2018.05,23,False,,True,Yahoo Finance ^GSPC,正式推出後
2014-11-28,2014-11-01,2014-11-30,2014-11-03,2014-11-28,2018.21,2075.76,2001.01,2067.56,19,False,,True,Yahoo Finance ^GSPC,正式推出後
2014-12-31,2014-12-01,2014-12-31,2014-12-01,2014-12-31,2065.78,2093.55,1972.56,2058.90,22,False,,True,Yahoo Finance ^GSPC,正式推出後
2015-01-30,2015-01-01,2015-01-31,2015-01-02,2015-01-30,2058.90,2072.36,1988.12,1994.99,20,False,,True,Yahoo Finance ^GSPC,正式推出後
2015-02-27,2015-02-01,2015-02-28,2015-02-02,2015-02-27,1996.67,2119.59,1980.90,2104.50,19,False,,True,Yahoo Finance ^GSPC,正式推出後
2015-03-31,2015-03-01,2015-03-31,2015-03-02,2015-03-31,2105.23,2117.52,2039.69,2067.89,22,False,,True,Yahoo Finance ^GSPC,正式推出後
2015-04-30,2015-04-01,2015-04-30,2015-04-01,2015-04-30,2067.63,2125.92,2048.38,2085.51,21,False,,True,Yahoo Finance ^GSPC,正式推出後
2015-05-29,2015-05-01,2015-05-31,2015-05-01,2015-05-29,2087.38,2134.72,2067.93,2107.39,20,False,,True,Yahoo Finance ^GSPC,正式推出後
2015-06-30,2015-06-01,2015-06-30,2015-06-01,2015-06-30,2108.64,2129.87,2056.32,2063.11,22,False,,True,Yahoo Finance ^GSPC,正式推出後
2015-07-31,2015-07-01,2015-07-31,2015-07-01,2015-07-31,2067.00,2132.82,2044.02,2103.84,22,False,,True,Yahoo Finance ^GSPC,正式推出後
2015-08-31,2015-08-01,2015-08-31,2015-08-03,2015-08-31,2104.49,2112.66,1867.01,1972.18,21,False,,True,Yahoo Finance ^GSPC,正式推出後
2015-09-30,2015-09-01,2015-09-30,2015-09-01,2015-09-30,1970.09,2020.86,1871.91,1920.03,21,False,,True,Yahoo Finance ^GSPC,正式推出後
2015-10-30,2015-10-01,2015-10-31,2015-10-01,2015-10-30,1919.65,2094.32,1893.70,2079.36,22,False,,True,Yahoo Finance ^GSPC,正式推出後
2015-11-30,2015-11-01,2015-11-30,2015-11-02,2015-11-30,2080.76,2116.48,2019.39,2080.41,20,False,,True,Yahoo Finance ^GSPC,正式推出後
2015-12-31,2015-12-01,2015-12-31,2015-12-01,2015-12-31,2082.93,2104.27,1993.26,2043.94,22,False,,True,Yahoo Finance ^GSPC,正式推出後
2016-01-29,2016-01-01,2016-01-31,2016-01-04,2016-01-29,2038.20,2038.20,1812.29,1940.24,19,False,,True,Yahoo Finance ^GSPC,正式推出後
2016-02-29,2016-02-01,2016-02-29,2016-02-01,2016-02-29,1936.94,1962.96,1810.10,1932.23,20,False,,True,Yahoo Finance ^GSPC,正式推出後
2016-03-31,2016-03-01,2016-03-31,2016-03-01,2016-03-31,1937.09,2072.21,1937.09,2059.74,22,False,,True,Yahoo Finance ^GSPC,正式推出後
2016-04-29,2016-04-01,2016-04-30,2016-04-01,2016-04-29,2056.62,2111.05,2033.80,2065.30,21,False,,True,Yahoo Finance ^GSPC,正式推出後
2016-05-31,2016-05-01,2016-05-31,2016-05-02,2016-05-31,2067.17,2103.48,2025.91,2096.95,21,False,,True,Yahoo Finance ^GSPC,正式推出後
2016-06-30,2016-06-01,2016-06-30,2016-06-01,2016-06-30,2093.94,2120.55,1991.68,2098.86,22,False,,True,Yahoo Finance ^GSPC,正式推出後
2016-07-29,2016-07-01,2016-07-31,2016-07-01,2016-07-29,2099.34,2177.09,2074.02,2173.60,20,False,,True,Yahoo Finance ^GSPC,正式推出後
2016-08-31,2016-08-01,2016-08-31,2016-08-01,2016-08-31,2173.15,2193.81,2147.58,2170.95,23,False,,True,Yahoo Finance ^GSPC,正式推出後
2016-09-30,2016-09-01,2016-09-30,2016-09-01,2016-09-30,2171.33,2187.87,2119.12,2168.27,21,False,,True,Yahoo Finance ^GSPC,正式推出後
2016-10-31,2016-10-01,2016-10-31,2016-10-03,2016-10-31,2164.33,2169.60,2114.72,2126.15,21,False,,True,Yahoo Finance ^GSPC,正式推出後
2016-11-30,2016-11-01,2016-11-30,2016-11-01,2016-11-30,2128.68,2214.10,2083.79,2198.81,21,False,,True,Yahoo Finance ^GSPC,正式推出後
2016-12-30,2016-12-01,2016-12-31,2016-12-01,2016-12-30,2200.17,2277.53,2187.44,2238.83,21,False,,True,Yahoo Finance ^GSPC,正式推出後
2017-01-31,2017-01-01,2017-01-31,2017-01-03,2017-01-31,2251.57,2300.99,2245.13,2278.87,20,False,,True,Yahoo Finance ^GSPC,正式推出後
2017-02-28,2017-02-01,2017-02-28,2017-02-01,2017-02-28,2285.59,2371.54,2271.65,2363.64,19,False,,True,Yahoo Finance ^GSPC,正式推出後
2017-03-31,2017-03-01,2017-03-31,2017-03-01,2017-03-31,2380.13,2400.98,2322.25,2362.72,23,False,,True,Yahoo Finance ^GSPC,正式推出後
2017-04-28,2017-04-01,2017-04-30,2017-04-03,2017-04-28,2362.34,2398.16,2328.95,2384.20,19,False,,True,Yahoo Finance ^GSPC,正式推出後
2017-05-31,2017-05-01,2017-05-31,2017-05-01,2017-05-31,2388.50,2418.71,2352.72,2411.80,22,False,,True,Yahoo Finance ^GSPC,正式推出後
2017-06-30,2017-06-01,2017-06-30,2017-06-01,2017-06-30,2415.65,2453.82,2405.70,2423.41,22,False,,True,Yahoo Finance ^GSPC,正式推出後
2017-07-31,2017-07-01,2017-07-31,2017-07-03,2017-07-31,2431.39,2484.04,2407.70,2470.30,20,False,,True,Yahoo Finance ^GSPC,正式推出後
2017-08-31,2017-08-01,2017-08-31,2017-08-01,2017-08-31,2477.10,2490.87,2417.35,2471.65,23,False,,True,Yahoo Finance ^GSPC,正式推出後
2017-09-29,2017-09-01,2017-09-30,2017-09-01,2017-09-29,2474.42,2519.44,2446.55,2519.36,20,False,,True,Yahoo Finance ^GSPC,正式推出後
2017-10-31,2017-10-01,2017-10-31,2017-10-02,2017-10-31,2521.20,2582.98,2520.40,2575.26,22,False,,True,Yahoo Finance ^GSPC,正式推出後
2017-11-30,2017-11-01,2017-11-30,2017-11-01,2017-11-30,2583.21,2657.74,2557.45,2647.58,21,False,,True,Yahoo Finance ^GSPC,正式推出後
2017-12-29,2017-12-01,2017-12-31,2017-12-01,2017-12-29,2645.10,2694.97,2605.52,2673.61,20,False,,True,Yahoo Finance ^GSPC,正式推出後
2018-01-31,2018-01-01,2018-01-31,2018-01-02,2018-01-31,2683.73,2872.87,2682.36,2823.81,21,False,,True,Yahoo Finance ^GSPC,正式推出後
2018-02-28,2018-02-01,2018-02-28,2018-02-01,2018-02-28,2816.45,2835.96,2532.69,2713.83,19,False,,True,Yahoo Finance ^GSPC,正式推出後
2018-03-29,2018-03-01,2018-03-31,2018-03-01,2018-03-29,2715.22,2801.90,2585.89,2640.87,21,False,,True,Yahoo Finance ^GSPC,正式推出後
2018-04-30,2018-04-01,2018-04-30,2018-04-02,2018-04-30,2633.45,2717.49,2553.80,2648.05,21,False,,True,Yahoo Finance ^GSPC,正式推出後
2018-05-31,2018-05-01,2018-05-31,2018-05-01,2018-05-31,2642.96,2742.24,2594.62,2705.27,22,False,,True,Yahoo Finance ^GSPC,正式推出後
2018-06-29,2018-06-01,2018-06-30,2018-06-01,2018-06-29,2718.70,2791.47,2691.99,2718.37,21,False,,True,Yahoo Finance ^GSPC,正式推出後
2018-07-31,2018-07-01,2018-07-31,2018-07-02,2018-07-31,2704.95,2848.03,2698.95,2816.29,21,False,,True,Yahoo Finance ^GSPC,正式推出後
2018-08-31,2018-08-01,2018-08-31,2018-08-01,2018-08-31,2821.17,2916.50,2796.34,2901.52,23,False,,True,Yahoo Finance ^GSPC,正式推出後
2018-09-28,2018-09-01,2018-09-30,2018-09-04,2018-09-28,2896.96,2940.91,2864.12,2913.98,19,False,,True,Yahoo Finance ^GSPC,正式推出後
2018-10-31,2018-10-01,2018-10-31,2018-10-01,2018-10-31,2926.29,2939.86,2603.54,2711.74,23,False,,True,Yahoo Finance ^GSPC,正式推出後
2018-11-30,2018-11-01,2018-11-30,2018-11-01,2018-11-30,2717.58,2815.15,2631.09,2760.17,21,False,,True,Yahoo Finance ^GSPC,正式推出後
2018-12-31,2018-12-01,2018-12-31,2018-12-03,2018-12-31,2790.50,2800.18,2346.58,2506.85,19,False,,True,Yahoo Finance ^GSPC,正式推出後
2019-01-31,2019-01-01,2019-01-31,2019-01-02,2019-01-31,2476.96,2708.95,2443.96,2704.10,21,False,,True,Yahoo Finance ^GSPC,正式推出後
2019-02-28,2019-02-01,2019-02-28,2019-02-01,2019-02-28,2702.32,2813.49,2681.83,2784.49,19,False,,True,Yahoo Finance ^GSPC,正式推出後
2019-03-29,2019-03-01,2019-03-31,2019-03-01,2019-03-29,2798.22,2860.31,2722.27,2834.40,21,False,,True,Yahoo Finance ^GSPC,正式推出後
2019-04-30,2019-04-01,2019-04-30,2019-04-01,2019-04-30,2848.63,2949.52,2848.63,2945.83,21,False,,True,Yahoo Finance ^GSPC,正式推出後
2019-05-31,2019-05-01,2019-05-31,2019-05-01,2019-05-31,2952.33,2954.13,2750.52,2752.06,22,False,,True,Yahoo Finance ^GSPC,正式推出後
2019-06-28,2019-06-01,2019-06-30,2019-06-03,2019-06-28,2751.53,2964.15,2728.81,2941.76,20,False,,True,Yahoo Finance ^GSPC,正式推出後
2019-07-31,2019-07-01,2019-07-31,2019-07-01,2019-07-31,2971.41,3027.98,2952.22,2980.38,22,False,,True,Yahoo Finance ^GSPC,正式推出後
2019-08-30,2019-08-01,2019-08-31,2019-08-01,2019-08-30,2980.32,3013.59,2822.12,2926.46,22,False,,True,Yahoo Finance ^GSPC,正式推出後
2019-09-30,2019-09-01,2019-09-30,2019-09-03,2019-09-30,2909.01,3021.99,2891.85,2976.74,20,False,,True,Yahoo Finance ^GSPC,正式推出後
2019-10-31,2019-10-01,2019-10-31,2019-10-01,2019-10-31,2983.69,3050.10,2855.94,3037.56,23,False,,True,Yahoo Finance ^GSPC,正式推出後
2019-11-29,2019-11-01,2019-11-30,2019-11-01,2019-11-29,3050.72,3154.26,3050.72,3140.98,20,False,,True,Yahoo Finance ^GSPC,正式推出後
2019-12-31,2019-12-01,2019-12-31,2019-12-02,2019-12-31,3143.85,3247.93,3070.33,3230.78,21,False,,True,Yahoo Finance ^GSPC,正式推出後
2020-01-31,2020-01-01,2020-01-31,2020-01-02,2020-01-31,3244.67,3337.77,3214.64,3225.52,21,False,,True,Yahoo Finance ^GSPC,正式推出後
2020-02-28,2020-02-01,2020-02-29,2020-02-03,2020-02-28,3235.66,3393.52,2855.84,2954.22,19,False,,True,Yahoo Finance ^GSPC,正式推出後
2020-03-31,2020-03-01,2020-03-31,2020-03-02,2020-03-31,2974.28,3136.72,2191.86,2584.59,22,False,,True,Yahoo Finance ^GSPC,正式推出後
2020-04-30,2020-04-01,2020-04-30,2020-04-01,2020-04-30,2498.08,2954.86,2447.49,2912.43,21,False,,True,Yahoo Finance ^GSPC,正式推出後
2020-05-29,2020-05-01,2020-05-31,2020-05-01,2020-05-29,2869.09,3068.67,2766.64,3044.31,20,False,,True,Yahoo Finance ^GSPC,正式推出後
2020-06-30,2020-06-01,2020-06-30,2020-06-01,2020-06-30,3038.78,3233.13,2965.66,3100.29,22,False,,True,Yahoo Finance ^GSPC,正式推出後
2020-07-31,2020-07-01,2020-07-31,2020-07-01,2020-07-31,3105.92,3279.99,3101.17,3271.12,22,False,,True,Yahoo Finance ^GSPC,正式推出後
2020-08-31,2020-08-01,2020-08-31,2020-08-03,2020-08-31,3288.26,3514.77,3284.53,3500.31,21,False,,True,Yahoo Finance ^GSPC,正式推出後
2020-09-30,2020-09-01,2020-09-30,2020-09-01,2020-09-30,3507.44,3588.11,3209.45,3363.00,21,False,,True,Yahoo Finance ^GSPC,正式推出後
2020-10-30,2020-10-01,2020-10-31,2020-10-01,2020-10-30,3385.87,3549.85,3233.94,3269.96,22,False,,True,Yahoo Finance ^GSPC,正式推出後
2020-11-30,2020-11-01,2020-11-30,2020-11-02,2020-11-30,3296.20,3645.99,3279.74,3621.63,20,False,,True,Yahoo Finance ^GSPC,正式推出後
2020-12-31,2020-12-01,2020-12-31,2020-12-01,2020-12-31,3645.87,3760.20,3633.40,3756.07,22,False,,True,Yahoo Finance ^GSPC,正式推出後
2021-01-29,2021-01-01,2021-01-31,2021-01-04,2021-01-29,3764.61,3870.90,3662.71,3714.24,19,False,,True,Yahoo Finance ^GSPC,正式推出後
2021-02-26,2021-02-01,2021-02-28,2021-02-01,2021-02-26,3731.17,3950.43,3725.62,3811.15,19,False,,True,Yahoo Finance ^GSPC,正式推出後
2021-03-31,2021-03-01,2021-03-31,2021-03-01,2021-03-31,3842.51,3994.41,3723.34,3972.89,23,False,,True,Yahoo Finance ^GSPC,正式推出後
2021-04-30,2021-04-01,2021-04-30,2021-04-01,2021-04-30,3992.78,4218.78,3992.78,4181.17,21,False,,True,Yahoo Finance ^GSPC,正式推出後
2021-05-28,2021-05-01,2021-05-31,2021-05-03,2021-05-28,4191.98,4238.04,4056.88,4204.11,20,False,,True,Yahoo Finance ^GSPC,正式推出後
2021-06-30,2021-06-01,2021-06-30,2021-06-01,2021-06-30,4216.52,4302.43,4164.40,4297.50,22,False,,True,Yahoo Finance ^GSPC,正式推出後
2021-07-30,2021-07-01,2021-07-31,2021-07-01,2021-07-30,4300.73,4429.97,4233.13,4395.26,21,False,,True,Yahoo Finance ^GSPC,正式推出後
2021-08-31,2021-08-01,2021-08-31,2021-08-02,2021-08-31,4406.86,4537.36,4367.73,4522.68,22,False,,True,Yahoo Finance ^GSPC,正式推出後
2021-09-30,2021-09-01,2021-09-30,2021-09-01,2021-09-30,4528.80,4545.85,4305.91,4307.54,21,False,,True,Yahoo Finance ^GSPC,正式推出後
2021-10-29,2021-10-01,2021-10-31,2021-10-01,2021-10-29,4317.16,4608.08,4278.94,4605.38,21,False,,True,Yahoo Finance ^GSPC,正式推出後
2021-11-30,2021-11-01,2021-11-30,2021-11-01,2021-11-30,4610.62,4743.83,4560.00,4567.00,21,False,,True,Yahoo Finance ^GSPC,正式推出後
2021-12-31,2021-12-01,2021-12-31,2021-12-01,2021-12-31,4602.82,4808.93,4495.12,4766.18,22,False,,True,Yahoo Finance ^GSPC,正式推出後
2022-01-31,2022-01-01,2022-01-31,2022-01-03,2022-01-31,4778.14,4818.62,4222.62,4515.55,20,False,,True,Yahoo Finance ^GSPC,正式推出後
2022-02-28,2022-02-01,2022-02-28,2022-02-01,2022-02-28,4519.57,4595.31,4114.65,4373.94,19,False,,True,Yahoo Finance ^GSPC,正式推出後
2022-03-31,2022-03-01,2022-03-31,2022-03-01,2022-03-31,4363.14,4637.30,4157.87,4530.41,23,False,,True,Yahoo Finance ^GSPC,正式推出後
2022-04-29,2022-04-01,2022-04-30,2022-04-01,2022-04-29,4540.32,4593.45,4124.28,4131.93,20,False,,True,Yahoo Finance ^GSPC,正式推出後
2022-05-31,2022-05-01,2022-05-31,2022-05-02,2022-05-31,4130.61,4307.66,3810.32,4132.15,21,False,,True,Yahoo Finance ^GSPC,正式推出後
2022-06-30,2022-06-01,2022-06-30,2022-06-01,2022-06-30,4149.78,4177.51,3636.87,3785.38,21,False,,True,Yahoo Finance ^GSPC,正式推出後
2022-07-29,2022-07-01,2022-07-31,2022-07-01,2022-07-29,3781.00,4140.15,3721.56,4130.29,20,False,,True,Yahoo Finance ^GSPC,正式推出後
2022-08-31,2022-08-01,2022-08-31,2022-08-01,2022-08-31,4112.38,4325.28,3954.53,3955.00,23,False,,True,Yahoo Finance ^GSPC,正式推出後
2022-09-30,2022-09-01,2022-09-30,2022-09-01,2022-09-30,3936.73,4119.28,3584.13,3585.62,21,False,,True,Yahoo Finance ^GSPC,正式推出後
2022-10-31,2022-10-01,2022-10-31,2022-10-03,2022-10-31,3609.78,3905.42,3491.58,3871.98,21,False,,True,Yahoo Finance ^GSPC,正式推出後
2022-11-30,2022-11-01,2022-11-30,2022-11-01,2022-11-30,3901.79,4080.11,3698.15,4080.11,21,False,,True,Yahoo Finance ^GSPC,正式推出後
2022-12-30,2022-12-01,2022-12-31,2022-12-01,2022-12-30,4087.14,4100.96,3764.49,3839.50,21,False,,True,Yahoo Finance ^GSPC,正式推出後
2023-01-31,2023-01-01,2023-01-31,2023-01-03,2023-01-31,3853.29,4094.21,3794.33,4076.60,20,False,,True,Yahoo Finance ^GSPC,正式推出後
2023-02-28,2023-02-01,2023-02-28,2023-02-01,2023-02-28,4070.07,4195.44,3943.08,3970.15,19,False,,True,Yahoo Finance ^GSPC,正式推出後
2023-03-31,2023-03-01,2023-03-31,2023-03-01,2023-03-31,3963.34,4110.75,3808.86,4109.31,23,False,,True,Yahoo Finance ^GSPC,正式推出後
2023-04-28,2023-04-01,2023-04-30,2023-04-03,2023-04-28,4102.20,4170.06,4049.35,4169.48,19,False,,True,Yahoo Finance ^GSPC,正式推出後
2023-05-31,2023-05-01,2023-05-31,2023-05-01,2023-05-31,4166.79,4231.10,4048.28,4179.83,22,False,,True,Yahoo Finance ^GSPC,正式推出後
2023-06-30,2023-06-01,2023-06-30,2023-06-01,2023-06-30,4183.03,4458.48,4171.64,4450.38,21,False,,True,Yahoo Finance ^GSPC,正式推出後
2023-07-31,2023-07-01,2023-07-31,2023-07-03,2023-07-31,4450.48,4607.07,4385.05,4588.96,20,False,,True,Yahoo Finance ^GSPC,正式推出後
2023-08-31,2023-08-01,2023-08-31,2023-08-01,2023-08-31,4578.83,4584.62,4335.31,4507.66,23,False,,True,Yahoo Finance ^GSPC,正式推出後
2023-09-29,2023-09-01,2023-09-30,2023-09-01,2023-09-29,4530.60,4541.25,4238.63,4288.05,20,False,,True,Yahoo Finance ^GSPC,正式推出後
2023-10-31,2023-10-01,2023-10-31,2023-10-02,2023-10-31,4284.52,4393.57,4103.78,4193.80,22,False,,True,Yahoo Finance ^GSPC,正式推出後
2023-11-30,2023-11-01,2023-11-30,2023-11-01,2023-11-30,4201.27,4587.64,4197.74,4567.80,21,False,,True,Yahoo Finance ^GSPC,正式推出後
2023-12-29,2023-12-01,2023-12-31,2023-12-01,2023-12-29,4559.43,4793.30,4546.50,4769.83,20,False,,True,Yahoo Finance ^GSPC,正式推出後
2024-01-31,2024-01-01,2024-01-31,2024-01-02,2024-01-31,4745.20,4931.09,4682.11,4845.65,21,False,,True,Yahoo Finance ^GSPC,正式推出後
2024-02-29,2024-02-01,2024-02-29,2024-02-01,2024-02-29,4861.11,5111.06,4853.52,5096.27,20,False,,True,Yahoo Finance ^GSPC,正式推出後
2024-03-28,2024-03-01,2024-03-31,2024-03-01,2024-03-28,5098.51,5264.85,5056.82,5254.35,20,False,,True,Yahoo Finance ^GSPC,正式推出後
2024-04-30,2024-04-01,2024-04-30,2024-04-01,2024-04-30,5257.97,5263.95,4953.56,5035.69,22,False,,True,Yahoo Finance ^GSPC,正式推出後
2024-05-31,2024-05-01,2024-05-31,2024-05-01,2024-05-31,5029.03,5341.88,5011.05,5277.51,22,False,,True,Yahoo Finance ^GSPC,正式推出後
2024-06-28,2024-06-01,2024-06-30,2024-06-03,2024-06-28,5297.15,5523.64,5234.32,5460.48,19,False,,True,Yahoo Finance ^GSPC,正式推出後
2024-07-31,2024-07-01,2024-07-31,2024-07-01,2024-07-31,5471.08,5669.67,5390.95,5522.30,22,False,,True,Yahoo Finance ^GSPC,正式推出後
2024-08-30,2024-08-01,2024-08-31,2024-08-01,2024-08-30,5537.84,5651.62,5119.26,5648.40,22,False,,True,Yahoo Finance ^GSPC,正式推出後
2024-09-30,2024-09-01,2024-09-30,2024-09-03,2024-09-30,5623.89,5767.37,5402.62,5762.48,20,False,,True,Yahoo Finance ^GSPC,正式推出後
2024-10-31,2024-10-01,2024-10-31,2024-10-01,2024-10-31,5757.73,5878.46,5674.00,5705.45,23,False,,True,Yahoo Finance ^GSPC,正式推出後
2024-11-29,2024-11-01,2024-11-30,2024-11-01,2024-11-29,5723.22,6044.17,5696.51,6032.38,20,False,,True,Yahoo Finance ^GSPC,正式推出後
2024-12-31,2024-12-01,2024-12-31,2024-12-02,2024-12-31,6040.11,6099.97,5832.30,5881.63,21,False,,True,Yahoo Finance ^GSPC,正式推出後
2025-01-31,2025-01-01,2025-01-31,2025-01-02,2025-01-31,5903.26,6128.18,5773.31,6040.53,20,False,,True,Yahoo Finance ^GSPC,正式推出後
2025-02-28,2025-02-01,2025-02-28,2025-02-03,2025-02-28,5969.65,6147.43,5837.66,5954.50,19,False,,True,Yahoo Finance ^GSPC,正式推出後
2025-03-31,2025-03-01,2025-03-31,2025-03-03,2025-03-31,5968.33,5986.09,5488.73,5611.85,21,False,,True,Yahoo Finance ^GSPC,正式推出後
2025-04-30,2025-04-01,2025-04-30,2025-04-01,2025-04-30,5597.53,5695.31,4835.04,5569.06,21,False,,True,Yahoo Finance ^GSPC,正式推出後
2025-05-30,2025-05-01,2025-05-31,2025-05-01,2025-05-30,5625.14,5968.61,5578.64,5911.69,21,False,,True,Yahoo Finance ^GSPC,正式推出後
2025-06-30,2025-06-01,2025-06-30,2025-06-02,2025-06-30,5896.68,6215.08,5861.43,6204.95,20,False,,True,Yahoo Finance ^GSPC,正式推出後
2025-07-31,2025-07-01,2025-07-31,2025-07-01,2025-07-31,6187.25,6427.02,6177.97,6339.39,22,False,,True,Yahoo Finance ^GSPC,正式推出後
2025-08-29,2025-08-01,2025-08-31,2025-08-01,2025-08-29,6287.28,6508.23,6212.69,6460.26,21,False,,True,Yahoo Finance ^GSPC,正式推出後
2025-09-30,2025-09-01,2025-09-30,2025-09-02,2025-09-30,6401.51,6699.52,6360.58,6688.46,21,False,,True,Yahoo Finance ^GSPC,正式推出後
2025-10-31,2025-10-01,2025-10-31,2025-10-01,2025-10-31,6664.92,6920.34,6550.78,6840.20,23,False,,True,Yahoo Finance ^GSPC,正式推出後
2025-11-28,2025-11-01,2025-11-30,2025-11-03,2025-11-28,6882.32,6882.32,6521.92,6849.09,19,False,,True,Yahoo Finance ^GSPC,正式推出後
2025-12-31,2025-12-01,2025-12-31,2025-12-01,2025-12-31,6812.30,6945.77,6720.43,6845.50,22,False,,True,Yahoo Finance ^GSPC,正式推出後
2026-01-30,2026-01-01,2026-01-31,2026-01-02,2026-01-30,6878.11,7002.28,6789.05,6939.03,20,False,,True,Yahoo Finance ^GSPC,正式推出後
2026-02-27,2026-02-01,2026-02-28,2026-02-02,2026-02-27,6916.64,6993.48,6775.50,6878.88,19,False,,True,Yahoo Finance ^GSPC,正式推出後
2026-03-31,2026-03-01,2026-03-31,2026-03-02,2026-03-31,6824.36,6901.01,6316.91,6528.52,22,False,,True,Yahoo Finance ^GSPC,正式推出後
2026-04-30,2026-04-01,2026-04-30,2026-04-01,2026-04-30,6556.56,7219.83,6474.94,7209.01,21,False,,True,Yahoo Finance ^GSPC,正式推出後
2026-05-29,2026-05-01,2026-05-31,2026-05-01,2026-05-29,7234.54,7599.38,7174.12,7580.06,20,False,,True,Yahoo Finance ^GSPC,正式推出後
2026-06-30,2026-06-01,2026-06-30,2026-06-01,2026-06-30,7582.29,7620.90,7237.85,7499.36,21,False,,True,Yahoo Finance ^GSPC,正式推出後
2026-07-31,2026-07-01,2026-07-31,2026-07-01,2026-07-31,7478.84,7581.50,7313.92,7489.72,22,False,,True,Yahoo Finance ^GSPC,正式推出後
2026-08-31,2026-08-01,2026-08-31,2026-08-03,2026-08-31,7504.78,7816.70,7504.78,7686.14,21,False,,True,Yahoo Finance ^GSPC,正式推出後
2026-09-08,2026-09-01,2026-09-30,2026-09-01,2026-09-08,7635.47,7756.76,7611.20,7673.52,5,True,期間尚未結束／已截斷,True,Yahoo Finance ^GSPC,正式推出後
